tag	name	status	exit	realtime	cpus	disk	%cpu	%mem	peak_rss	peak_vmem	rchar	wchar
assembly_graph_after_simplification	GRAPHALIGNER (assembly_graph_after_simplification)	COMPLETED	0	263193	4	-	265.5	0.9	5123022848	11209785344	1607198927	941774329
assembly_graph_after_simplification	GRAPHALIGNER_OUTPUT_PROCESSING (assembly_graph_after_simplification)	COMPLETED	0	603485	1	-	100.1	0.0	112652288	5893521408	198569833793	9142892
assembly_graph_after_simplification	GFAKRAKEN2 (assembly_graph_after_simplification)	COMPLETED	0	2163223	12	-	15.8	18.8	102024597504	102561058816	102529484582	1156038521
assembly_graph_after_simplification	SUBGRAPH_EXTRACT (assembly_graph_after_simplification)	COMPLETED	0	2731265	1	-	38.3	0.1	875368448	6658121728	198558716119	195184573
assembly_graph_after_simplification	PATH_WALK (assembly_graph_after_simplification)	COMPLETED	0	18820	1	-	102.5	0.1	779067392	6581088256	540504122	1363155
assembly_graph_after_simplification	PATH_WALK (assembly_graph_after_simplification)	COMPLETED	0	19124	1	-	101.4	0.1	768389120	6567813120	541260156	6640
assembly_graph_after_simplification	PATH_WALK (assembly_graph_after_simplification)	COMPLETED	0	19158	1	-	104.8	0.1	767348736	6567399424	540590323	792922
assembly_graph_after_simplification	PATH_WALK (assembly_graph_after_simplification)	COMPLETED	0	19908	1	-	104.0	0.1	768643072	6567895040	541005152	4741
assembly_graph_after_simplification	PATH_WALK (assembly_graph_after_simplification)	COMPLETED	0	19775	1	-	102.0	0.1	769695744	6570164224	540278383	2758
assembly_graph_after_simplification	PATH_WALK (assembly_graph_after_simplification)	COMPLETED	0	19941	1	-	102.0	0.1	768073728	6567858176	541329754	122772
assembly_graph_after_simplification	PATH_WALK (assembly_graph_after_simplification)	COMPLETED	0	19834	1	-	103.4	0.1	771194880	6571036672	543372270	26849
assembly_graph_after_simplification	PATH_WALK (assembly_graph_after_simplification)	COMPLETED	0	20032	1	-	103.2	0.1	769646592	6570446848	540831939	5096948
assembly_graph_after_simplification	PATH_WALK (assembly_graph_after_simplification)	COMPLETED	0	20080	1	-	102.9	0.1	773812224	6572253184	541620411	1167263
assembly_graph_after_simplification	PATH_WALK (assembly_graph_after_simplification)	COMPLETED	0	20195	1	-	100.8	0.1	769843200	6569304064	540298573	4639
assembly_graph_after_simplification	PATH_WALK (assembly_graph_after_simplification)	COMPLETED	0	20589	1	-	101.4	0.1	770367488	6570369024	540546005	3197170
3000179inst1	MINIMAP_REDUNDANCY_REMOVER (3000179inst1)	COMPLETED	0	26	6	-	90.9	0.0	0	0	180779	282
assembly_graph_after_simplification	PATH_WALK (assembly_graph_after_simplification)	COMPLETED	0	22084	1	-	101.6	0.1	770863104	6570209280	540823612	12045668
3000181inst1	MINIMAP_REDUNDANCY_REMOVER (3000181inst1)	COMPLETED	0	2576	6	-	182.2	0.0	59076608	5829197824	18370995	113755
3000168inst1	MINIMAP_REDUNDANCY_REMOVER (3000168inst1)	COMPLETED	0	21	6	-	93.0	0.0	0	0	177250	282
3000508inst1	MINIMAP_REDUNDANCY_REMOVER (3000508inst1)	COMPLETED	0	4787	6	-	175.5	0.0	76644352	5850849280	22019537	647046
3000250inst1	MINIMAP_REDUNDANCY_REMOVER (3000250inst1)	COMPLETED	0	18	6	-	108.1	0.0	0	0	172589	283
3000375inst1	MINIMAP_REDUNDANCY_REMOVER (3000375inst1)	COMPLETED	0	1821	6	-	131.0	0.0	23265280	5782089728	15849130	74453
3000024inst1	MINIMAP_REDUNDANCY_REMOVER (3000024inst1)	COMPLETED	0	26	6	-	76.9	0.0	0	0	216006	282
3000186inst1	MINIMAP_REDUNDANCY_REMOVER (3000186inst1)	COMPLETED	0	47	6	-	49.5	0.0	0	0	177970	282
3000410inst1	MINIMAP_REDUNDANCY_REMOVER (3000410inst1)	COMPLETED	0	10431	6	-	198.9	0.0	78159872	5862830080	22999287	881983
assembly_graph_after_simplification	PATH_WALK (assembly_graph_after_simplification)	COMPLETED	0	23489	1	-	91.4	0.1	768118784	6570205184	540529144	10265567
assembly_graph_after_simplification	PATH_WALK (assembly_graph_after_simplification)	COMPLETED	0	25556	1	-	86.1	0.1	778194944	6581096448	540513751	4198031
assembly_graph_after_simplification	PATH_WALK (assembly_graph_after_simplification)	COMPLETED	0	23957	1	-	86.9	0.1	768724992	6569119744	540286875	3098
assembly_graph_after_simplification	PATH_WALK (assembly_graph_after_simplification)	COMPLETED	0	26071	1	-	78.9	0.1	768274432	6569127936	540385718	10014
assembly_graph_after_simplification	PATH_WALK (assembly_graph_after_simplification)	COMPLETED	0	25084	1	-	86.4	0.1	781905920	6582890496	541254274	213460
assembly_graph_after_simplification	PATH_WALK (assembly_graph_after_simplification)	COMPLETED	0	25158	1	-	82.1	0.1	779378688	6580326400	540783625	1377092
assembly_graph_after_simplification	PATH_WALK (assembly_graph_after_simplification)	COMPLETED	0	25997	1	-	80.1	0.1	769232896	6570672128	540899797	23099
assembly_graph_after_simplification	PATH_WALK (assembly_graph_after_simplification)	COMPLETED	0	26736	1	-	79.8	0.1	765784064	6567034880	540431495	1711727
assembly_graph_after_simplification	PATH_WALK (assembly_graph_after_simplification)	COMPLETED	0	27381	1	-	75.9	0.1	768696320	6569263104	540328923	11397
assembly_graph_after_simplification	PATH_WALK (assembly_graph_after_simplification)	COMPLETED	0	27358	1	-	73.5	0.1	768548864	6569177088	540411262	6352
assembly_graph_after_simplification	PATH_WALK (assembly_graph_after_simplification)	COMPLETED	0	28048	1	-	78.7	0.1	769576960	6571839488	541157508	1212388
assembly_graph_after_simplification	PATH_WALK (assembly_graph_after_simplification)	COMPLETED	0	32254	1	-	77.8	0.1	770215936	6572818432	544143251	17804094
3000237inst1	MINIMAP_REDUNDANCY_REMOVER (3000237inst1)	COMPLETED	0	37859	6	-	338.2	0.0	113020928	5837586432	34778189	3638540
assembly_graph_after_simplification	PATH_WALK (assembly_graph_after_simplification)	COMPLETED	0	25667	1	-	84.8	0.1	769409024	6569222144	540684321	21904515
assembly_graph_after_simplification	PATH_WALK (assembly_graph_after_simplification)	COMPLETED	0	22723	1	-	88.8	0.1	772907008	6571835392	542066538	18601067
assembly_graph_after_simplification	PATH_WALK (assembly_graph_after_simplification)	COMPLETED	0	27369	1	-	81.3	0.1	769781760	6570405888	540698109	98914
assembly_graph_after_simplification	PATH_WALK (assembly_graph_after_simplification)	COMPLETED	0	29198	1	-	77.1	0.1	770269184	6570172416	542746914	86290391
assembly_graph_after_simplification	PATH_WALK (assembly_graph_after_simplification)	COMPLETED	0	27030	1	-	77.5	0.1	768536576	6569242624	540258769	3662
assembly_graph_after_simplification	PATH_WALK (assembly_graph_after_simplification)	COMPLETED	0	27302	1	-	78.6	0.1	768335872	6569119744	540334881	16326
assembly_graph_after_simplification	PATH_WALK (assembly_graph_after_simplification)	COMPLETED	0	26573	1	-	80.6	0.1	770134016	6569238528	540534080	2680299
assembly_graph_after_simplification	PATH_WALK (assembly_graph_after_simplification)	COMPLETED	0	27678	1	-	79.5	0.1	769908736	6570209280	541694839	1540286
assembly_graph_after_simplification	PATH_WALK (assembly_graph_after_simplification)	COMPLETED	0	27124	1	-	78.3	0.1	770715648	6570311680	540474103	2821
assembly_graph_after_simplification	PATH_WALK (assembly_graph_after_simplification)	COMPLETED	0	23636	1	-	89.0	0.1	772972544	6571032576	541252201	816957
assembly_graph_after_simplification	PATH_WALK (assembly_graph_after_simplification)	COMPLETED	0	28463	1	-	77.8	0.1	766939136	6566395904	540958141	39105
assembly_graph_after_simplification	PATH_WALK (assembly_graph_after_simplification)	COMPLETED	0	25180	1	-	85.9	0.1	778833920	6581358592	540754907	398903
assembly_graph_after_simplification	PATH_WALK (assembly_graph_after_simplification)	COMPLETED	0	23738	1	-	91.8	0.1	770981888	6572113920	541408305	818933
assembly_graph_after_simplification	PATH_WALK (assembly_graph_after_simplification)	COMPLETED	0	24872	1	-	87.0	0.1	769372160	6570627072	540925523	6322843
assembly_graph_after_simplification	PATH_WALK (assembly_graph_after_simplification)	COMPLETED	0	23720	1	-	90.5	0.1	771579904	6571233280	542349353	54114
assembly_graph_after_simplification	PATH_WALK (assembly_graph_after_simplification)	COMPLETED	0	24394	1	-	88.9	0.1	770277376	6570545152	541774325	11843710
assembly_graph_after_simplification	PATH_WALK (assembly_graph_after_simplification)	COMPLETED	0	25550	1	-	85.9	0.1	781930496	6581473280	542106088	39469275
assembly_graph_after_simplification	PATH_WALK (assembly_graph_after_simplification)	COMPLETED	0	24466	1	-	87.1	0.1	769306624	6570295296	540393782	8280
assembly_graph_after_simplification	PATH_WALK (assembly_graph_after_simplification)	COMPLETED	0	22266	1	-	90.3	0.1	768892928	6570160128	540304674	4521
assembly_graph_after_simplification	PATH_WALK (assembly_graph_after_simplification)	COMPLETED	0	24028	1	-	91.0	0.1	774295552	6574362624	543602764	65679587
assembly_graph_after_simplification	PATH_WALK (assembly_graph_after_simplification)	COMPLETED	0	24431	1	-	89.2	0.1	769867776	6569279488	540529174	10265592
assembly_graph_after_simplification	PATH_WALK (assembly_graph_after_simplification)	COMPLETED	0	26555	1	-	83.5	0.1	770772992	6573621248	541810382	1394099
assembly_graph_after_simplification	PATH_WALK (assembly_graph_after_simplification)	COMPLETED	0	23467	1	-	92.0	0.1	766365696	6567243776	540583783	6044
assembly_graph_after_simplification	PATH_WALK (assembly_graph_after_simplification)	COMPLETED	0	24392	1	-	85.9	0.1	768069632	6567337984	540800513	13616898
3000074inst1	MINIMAP_REDUNDANCY_REMOVER (3000074inst1)	COMPLETED	0	93505	6	-	397.6	0.0	199335936	627724288	49852205	6279679
assembly_graph_after_simplification	PATH_WALK (assembly_graph_after_simplification)	COMPLETED	0	22281	1	-	97.8	0.1	769409024	6570323968	540527143	10265630
assembly_graph_after_simplification	PATH_WALK (assembly_graph_after_simplification)	COMPLETED	0	22277	1	-	101.6	0.1	769486848	6571499520	542586797	28757
assembly_graph_after_simplification	PATH_WALK (assembly_graph_after_simplification)	COMPLETED	0	20617	1	-	99.1	0.1	768909312	6569238528	540288629	2820
assembly_graph_after_simplification	PATH_WALK (assembly_graph_after_simplification)	COMPLETED	0	22089	1	-	96.8	0.1	767979520	6569246720	540331518	15005
assembly_graph_after_simplification	PATH_WALK (assembly_graph_after_simplification)	COMPLETED	0	21478	1	-	98.8	0.1	765935616	6567440384	540812125	78826
assembly_graph_after_simplification	PATH_WALK (assembly_graph_after_simplification)	COMPLETED	0	22603	1	-	94.6	0.1	767987712	6569197568	541325021	26373
assembly_graph_after_simplification	PATH_WALK (assembly_graph_after_simplification)	COMPLETED	0	22809	1	-	97.3	0.1	769306624	6570422272	540495595	2748
assembly_graph_after_simplification	PATH_WALK (assembly_graph_after_simplification)	COMPLETED	0	24181	1	-	100.5	0.1	769982464	6572949504	542205543	21566254
assembly_graph_after_simplification	PATH_WALK (assembly_graph_after_simplification)	COMPLETED	0	22902	1	-	98.7	0.1	774074368	6575648768	543798291	74877645
assembly_graph_after_simplification	PATH_WALK (assembly_graph_after_simplification)	COMPLETED	0	23842	1	-	92.5	0.1	770506752	6570209280	540749638	5997165
assembly_graph_after_simplification	PATH_WALK (assembly_graph_after_simplification)	COMPLETED	0	26894	1	-	95.9	0.1	771911680	6573514752	544203920	30358
assembly_graph_after_simplification	PATH_WALK (assembly_graph_after_simplification)	COMPLETED	0	27358	1	-	93.5	0.1	767983616	6570377216	544203902	30345
assembly_graph_after_simplification	PATH_WALK (assembly_graph_after_simplification)	COMPLETED	0	23753	1	-	88.7	0.1	768512000	6567280640	541601436	46197
assembly_graph_after_simplification	PATH_WALK (assembly_graph_after_simplification)	COMPLETED	0	26030	1	-	86.5	0.1	780365824	6578978816	540700475	9792195
assembly_graph_after_simplification	PATH_WALK (assembly_graph_after_simplification)	COMPLETED	0	23113	1	-	93.2	0.1	769392640	6569140224	540455925	4040467
assembly_graph_after_simplification	PATH_WALK (assembly_graph_after_simplification)	COMPLETED	0	28005	1	-	88.2	0.1	769220608	6569152512	544144373	17805215
assembly_graph_after_simplification	PATH_WALK (assembly_graph_after_simplification)	COMPLETED	0	23197	1	-	93.1	0.1	770949120	6570471424	540635084	12385406
assembly_graph_after_simplification	PATH_WALK (assembly_graph_after_simplification)	COMPLETED	0	25969	1	-	84.3	0.1	769155072	6570319872	540607519	13454384
assembly_graph_after_simplification	PATH_WALK (assembly_graph_after_simplification)	COMPLETED	0	25048	1	-	89.8	0.1	775241728	6575058944	543445258	57965169
assembly_graph_after_simplification	PATH_WALK (assembly_graph_after_simplification)	COMPLETED	0	22760	1	-	89.2	0.1	770711552	6570156032	540278954	3394
assembly_graph_after_simplification	PATH_WALK (assembly_graph_after_simplification)	COMPLETED	0	26202	1	-	84.9	0.1	780787712	6580002816	540772256	16433699
assembly_graph_after_simplification	PATH_WALK (assembly_graph_after_simplification)	COMPLETED	0	23361	1	-	90.0	0.1	768258048	6567776256	541271504	8284532
assembly_graph_after_simplification	PATH_WALK (assembly_graph_after_simplification)	COMPLETED	0	23332	1	-	92.0	0.1	769871872	6571225088	541651473	3027340
assembly_graph_after_simplification	PATH_WALK (assembly_graph_after_simplification)	COMPLETED	0	24756	1	-	89.5	0.1	773902336	6574006272	543443274	57965255
assembly_graph_after_simplification	PATH_WALK (assembly_graph_after_simplification)	COMPLETED	0	23174	1	-	99.5	0.1	773787648	6574006272	543445298	57965209
assembly_graph_after_simplification	PATH_WALK (assembly_graph_after_simplification)	COMPLETED	0	21941	1	-	99.1	0.1	768749568	6569680896	542003943	9474720
assembly_graph_after_simplification	PATH_WALK (assembly_graph_after_simplification)	COMPLETED	0	20552	1	-	101.5	0.1	770043904	6569234432	540267301	1944
assembly_graph_after_simplification	PATH_WALK (assembly_graph_after_simplification)	COMPLETED	0	21851	1	-	99.2	0.1	772034560	6571704320	542062425	18601094
assembly_graph_after_simplification	PATH_WALK (assembly_graph_after_simplification)	COMPLETED	0	22212	1	-	100.2	0.1	771158016	6573010944	542248128	44392762
assembly_graph_after_simplification	PATH_WALK (assembly_graph_after_simplification)	COMPLETED	0	20979	1	-	101.6	0.1	769835008	6569238528	540287249	5508
assembly_graph_after_simplification	PATH_WALK (assembly_graph_after_simplification)	COMPLETED	0	22524	1	-	99.0	0.1	769806336	6571724800	541778176	11845495
assembly_graph_after_simplification	PATH_WALK (assembly_graph_after_simplification)	COMPLETED	0	20875	1	-	100.9	0.1	768888832	6568062976	540288057	4253
assembly_graph_after_simplification	PATH_WALK (assembly_graph_after_simplification)	COMPLETED	0	21545	1	-	101.0	0.1	773009408	6572040192	541421574	216160
assembly_graph_after_simplification	PATH_WALK (assembly_graph_after_simplification)	COMPLETED	0	20971	1	-	99.8	0.1	768917504	6569238528	540298568	2519
assembly_graph_after_simplification	PATH_WALK (assembly_graph_after_simplification)	COMPLETED	0	21362	1	-	99.6	0.1	770121728	6570151936	540281957	2255
assembly_graph_after_simplification	PATH_WALK (assembly_graph_after_simplification)	COMPLETED	0	21782	1	-	100.6	0.1	769388544	6569603072	540937961	174305
assembly_graph_after_simplification	PATH_WALK (assembly_graph_after_simplification)	COMPLETED	0	21338	1	-	100.5	0.1	766464000	6567092224	540444800	2857
assembly_graph_after_simplification	PATH_WALK (assembly_graph_after_simplification)	COMPLETED	0	21704	1	-	98.6	0.1	768786432	6569148416	540527130	10265616
assembly_graph_after_simplification	PATH_WALK (assembly_graph_after_simplification)	COMPLETED	0	21562	1	-	99.5	0.1	769359872	6570598400	540681058	159072
assembly_graph_after_simplification	PATH_WALK (assembly_graph_after_simplification)	COMPLETED	0	22862	1	-	94.8	0.1	767963136	6569111552	540346883	5826
assembly_graph_after_simplification	PATH_WALK (assembly_graph_after_simplification)	COMPLETED	0	21200	1	-	100.2	0.1	768499712	6570283008	540292231	2400
assembly_graph_after_simplification	PATH_WALK (assembly_graph_after_simplification)	COMPLETED	0	21843	1	-	97.7	0.1	769884160	6569242624	540291007	3180
assembly_graph_after_simplification	PATH_WALK (assembly_graph_after_simplification)	COMPLETED	0	22623	1	-	98.7	0.1	769912832	6570029056	541257774	80268
assembly_graph_after_simplification	PATH_WALK (assembly_graph_after_simplification)	COMPLETED	0	21505	1	-	99.0	0.1	769814528	6570471424	543324737	1533029
assembly_graph_after_simplification	PATH_WALK (assembly_graph_after_simplification)	COMPLETED	0	21905	1	-	98.3	0.1	768487424	6569549824	543322642	1532998
assembly_graph_after_simplification	PATH_WALK (assembly_graph_after_simplification)	COMPLETED	0	21612	1	-	100.4	0.1	769540096	6570364928	540523593	7159105
assembly_graph_after_simplification	PATH_WALK (assembly_graph_after_simplification)	COMPLETED	0	22549	1	-	96.6	0.1	770428928	6571765760	542434141	234692
assembly_graph_after_simplification	PATH_WALK (assembly_graph_after_simplification)	COMPLETED	0	21893	1	-	99.9	0.1	770387968	6569152512	540561148	9220806
assembly_graph_after_simplification	PATH_WALK (assembly_graph_after_simplification)	COMPLETED	0	22229	1	-	101.1	0.1	774385664	6573924352	543738097	16733455
assembly_graph_after_simplification	PATH_WALK (assembly_graph_after_simplification)	COMPLETED	0	21477	1	-	101.4	0.1	771223552	6570311680	540563485	7698879
assembly_graph_after_simplification	PATH_WALK (assembly_graph_after_simplification)	COMPLETED	0	19899	1	-	101.2	0.1	769474560	6569390080	540419432	4331
assembly_graph_after_simplification	PATH_WALK (assembly_graph_after_simplification)	COMPLETED	0	20834	1	-	102.6	0.1	772816896	6571393024	541551018	31883
assembly_graph_after_simplification	PATH_WALK (assembly_graph_after_simplification)	COMPLETED	0	20941	1	-	102.6	0.1	769835008	6569697280	542043785	5765128
assembly_graph_after_simplification	PATH_WALK (assembly_graph_after_simplification)	COMPLETED	0	22947	1	-	101.0	0.1	770650112	6570512384	541029922	15117775
assembly_graph_after_simplification	PATH_WALK (assembly_graph_after_simplification)	COMPLETED	0	20617	1	-	101.6	0.1	770383872	6569455616	540593280	98969
assembly_graph_after_simplification	PATH_WALK (assembly_graph_after_simplification)	COMPLETED	0	20631	1	-	100.4	0.1	768954368	6569103360	540304501	2335
assembly_graph_after_simplification	PATH_WALK (assembly_graph_after_simplification)	COMPLETED	0	20530	1	-	101.8	0.1	769449984	6568202240	540294404	4510
assembly_graph_after_simplification	PATH_WALK (assembly_graph_after_simplification)	COMPLETED	0	20997	1	-	100.5	0.1	769077248	6570160128	540298237	2192
assembly_graph_after_simplification	PATH_WALK (assembly_graph_after_simplification)	COMPLETED	0	20553	1	-	103.5	0.1	769871872	6570377216	540573085	93250
assembly_graph_after_simplification	PATH_WALK (assembly_graph_after_simplification)	COMPLETED	0	21453	1	-	100.1	0.1	768868352	6569422848	543322559	1532915
3000516inst1	MINIMAP_REDUNDANCY_REMOVER (3000516inst1)	COMPLETED	0	120113	6	-	133.5	0.0	68206592	627724288	96840572	8503686
3000421inst1	MINIMAP_REDUNDANCY_REMOVER (3000421inst1)	COMPLETED	0	18	6	-	93.0	0.0	0	0	173305	282
3000206inst1	MINIMAP_REDUNDANCY_REMOVER (3000206inst1)	COMPLETED	0	171615	6	-	523.8	0.1	523751424	5800927232	61818110	5331594
assembly_graph_after_simplification	PATH_WALK (assembly_graph_after_simplification)	COMPLETED	0	20902	1	-	103.2	0.1	768262144	6569558016	540842356	76461
3000167inst1	MINIMAP_REDUNDANCY_REMOVER (3000167inst1)	COMPLETED	0	1544	6	-	163.7	0.0	26869760	5785841664	15117171	9643
3000174inst1	MINIMAP_REDUNDANCY_REMOVER (3000174inst1)	COMPLETED	0	2041	6	-	172.8	0.0	17039360	669687808	16204138	101693
assembly_graph_after_simplification	PATH_WALK (assembly_graph_after_simplification)	COMPLETED	0	20823	1	-	103.5	0.1	768151552	6569406464	540733527	541741
assembly_graph_after_simplification	PATH_WALK (assembly_graph_after_simplification)	COMPLETED	0	20602	1	-	102.2	0.1	768286720	6570299392	540326825	10317
assembly_graph_after_simplification	PATH_WALK (assembly_graph_after_simplification)	COMPLETED	0	19749	1	-	102.7	0.1	771317760	6570545152	540693740	32237
assembly_graph_after_simplification	PATH_WALK (assembly_graph_after_simplification)	COMPLETED	0	21877	1	-	103.6	0.1	772374528	6574080000	542137521	403325
assembly_graph_after_simplification	PATH_WALK (assembly_graph_after_simplification)	COMPLETED	0	20093	1	-	100.3	0.1	769449984	6570299392	540332845	18407
assembly_graph_after_simplification	PATH_WALK (assembly_graph_after_simplification)	COMPLETED	0	20536	1	-	98.9	0.1	771371008	6573338624	541490249	2098
3000790inst1	MINIMAP_REDUNDANCY_REMOVER (3000790inst1)	COMPLETED	0	30	6	-	64.3	0.0	0	0	206299	282
assembly_graph_after_simplification	PATH_WALK (assembly_graph_after_simplification)	COMPLETED	0	19821	1	-	102.0	0.1	769273856	6569107456	540318834	6463
assembly_graph_after_simplification	PATH_WALK (assembly_graph_after_simplification)	COMPLETED	0	20134	1	-	103.3	0.1	769937408	6569512960	540952679	474995
assembly_graph_after_simplification	PATH_WALK (assembly_graph_after_simplification)	COMPLETED	0	20556	1	-	102.9	0.1	766775296	6567669760	541101839	102316
3000027inst1	MINIMAP_REDUNDANCY_REMOVER (3000027inst1)	COMPLETED	0	210143	6	-	46.3	0.0	96677888	5894352896	264263327	25233591
3000343inst1	MINIMAP_REDUNDANCY_REMOVER (3000343inst1)	COMPLETED	0	3101	6	-	342.0	0.0	59260928	610971648	20815816	273525
assembly_graph_after_simplification	PATH_WALK (assembly_graph_after_simplification)	COMPLETED	0	20225	1	-	101.1	0.1	770064384	6571749376	542112355	2926995
assembly_graph_after_simplification	PATH_WALK (assembly_graph_after_simplification)	COMPLETED	0	19504	1	-	102.6	0.1	769687552	6570151936	540302851	2704
3000444inst1	MINIMAP_REDUNDANCY_REMOVER (3000444inst1)	COMPLETED	0	36	6	-	82.5	0.0	0	0	182742	282
3000194inst1	MINIMAP_REDUNDANCY_REMOVER (3000194inst1)	COMPLETED	0	30	6	-	71.4	0.0	0	0	179904	282
3000165inst1	MINIMAP_REDUNDANCY_REMOVER (3000165inst1)	COMPLETED	0	6979	6	-	298.7	0.0	58605568	610971648	21402531	1167603
assembly_graph_after_simplification	PATH_WALK (assembly_graph_after_simplification)	COMPLETED	0	24003	1	-	94.4	0.1	766984192	6566371328	540819670	143114
assembly_graph_after_simplification	PATH_WALK (assembly_graph_after_simplification)	COMPLETED	0	23592	1	-	90.5	0.1	767557632	6568194048	540142587	3586
3000518inst1	MINIMAP_REDUNDANCY_REMOVER (3000518inst1)	COMPLETED	0	21475	6	-	255.0	0.0	58175488	5818892288	29889010	2724126
assembly_graph_after_simplification	PATH_WALK (assembly_graph_after_simplification)	COMPLETED	0	24564	1	-	86.7	0.1	772190208	6573314048	541550087	47698
assembly_graph_after_simplification	PATH_WALK (assembly_graph_after_simplification)	COMPLETED	0	23766	1	-	89.4	0.1	770609152	6570782720	541163852	13001
assembly_graph_after_simplification	PATH_WALK (assembly_graph_after_simplification)	COMPLETED	0	24602	1	-	91.8	0.1	770662400	6573322240	541549899	47237
assembly_graph_after_simplification	PATH_WALK (assembly_graph_after_simplification)	COMPLETED	0	22306	1	-	92.0	0.1	768303104	6570295296	540302391	4303
assembly_graph_after_simplification	PATH_WALK (assembly_graph_after_simplification)	COMPLETED	0	24621	1	-	87.6	0.1	769339392	6569512960	540956920	315604
assembly_graph_after_simplification	PATH_WALK (assembly_graph_after_simplification)	COMPLETED	0	24150	1	-	90.7	0.1	767217664	6568067072	541446851	956500
assembly_graph_after_simplification	PATH_WALK (assembly_graph_after_simplification)	COMPLETED	0	24015	1	-	90.6	0.1	767655936	6567903232	541249641	150377
assembly_graph_after_simplification	PATH_WALK (assembly_graph_after_simplification)	COMPLETED	0	23583	1	-	88.4	0.1	768430080	6569103360	540325657	11215
assembly_graph_after_simplification	PATH_WALK (assembly_graph_after_simplification)	COMPLETED	0	25438	1	-	85.7	0.1	777310208	6578839552	540304451	4297
assembly_graph_after_simplification	PATH_WALK (assembly_graph_after_simplification)	COMPLETED	0	26752	1	-	82.0	0.1	767885312	6570708992	542459630	77276
assembly_graph_after_simplification	PATH_WALK (assembly_graph_after_simplification)	COMPLETED	0	25861	1	-	84.9	0.1	780738560	6582026240	541435286	22512
assembly_graph_after_simplification	PATH_WALK (assembly_graph_after_simplification)	COMPLETED	0	24023	1	-	83.2	0.1	769933312	6569115648	540287204	3409
assembly_graph_after_simplification	PATH_WALK (assembly_graph_after_simplification)	COMPLETED	0	24661	1	-	81.5	0.1	767725568	6570295296	540323073	10700
assembly_graph_after_simplification	PATH_WALK (assembly_graph_after_simplification)	COMPLETED	0	24022	1	-	83.9	0.1	769732608	6570393600	540538241	4750497
assembly_graph_after_simplification	PATH_WALK (assembly_graph_after_simplification)	COMPLETED	0	24969	1	-	83.8	0.1	767119360	6567481344	540866811	6841
assembly_graph_after_simplification	PATH_WALK (assembly_graph_after_simplification)	COMPLETED	0	25433	1	-	82.8	0.1	768401408	6570323968	540599665	3035
assembly_graph_after_simplification	PATH_WALK (assembly_graph_after_simplification)	COMPLETED	0	25640	1	-	89.1	0.1	771383296	6569164800	540707283	4708315
assembly_graph_after_simplification	PATH_WALK (assembly_graph_after_simplification)	COMPLETED	0	24688	1	-	83.5	0.1	769335296	6569259008	540472111	27176
assembly_graph_after_simplification	PATH_WALK (assembly_graph_after_simplification)	COMPLETED	0	23982	1	-	86.6	0.1	769986560	6570283008	540285884	2078
assembly_graph_after_simplification	PATH_WALK (assembly_graph_after_simplification)	COMPLETED	0	31587	1	-	65.8	0.1	780898304	6580359168	540733529	541744
assembly_graph_after_simplification	PATH_WALK (assembly_graph_after_simplification)	COMPLETED	0	34708	1	-	64.5	0.1	774332416	6573940736	543104153	39903423
assembly_graph_after_simplification	PATH_WALK (assembly_graph_after_simplification)	COMPLETED	0	35914	1	-	58.6	0.1	770969600	6570573824	540753345	2924
assembly_graph_after_simplification	PATH_WALK (assembly_graph_after_simplification)	COMPLETED	0	24831	1	-	89.5	0.1	765444096	6567714816	541112230	9140925
assembly_graph_after_simplification	PATH_WALK (assembly_graph_after_simplification)	COMPLETED	0	25664	1	-	89.4	0.1	784490496	6584258560	542697629	27654550
assembly_graph_after_simplification	PATH_WALK (assembly_graph_after_simplification)	COMPLETED	0	24127	1	-	89.5	0.1	767217664	6567485440	540870938	6828
assembly_graph_after_simplification	PATH_WALK (assembly_graph_after_simplification)	COMPLETED	0	24907	1	-	92.3	0.1	769548288	6572027904	541007389	16350
assembly_graph_after_simplification	PATH_WALK (assembly_graph_after_simplification)	COMPLETED	0	24240	1	-	89.2	0.1	769703936	6569246720	540283211	3545
assembly_graph_after_simplification	PATH_WALK (assembly_graph_after_simplification)	COMPLETED	0	25421	1	-	84.8	0.1	781762560	6584102912	541218728	77446
assembly_graph_after_simplification	PATH_WALK (assembly_graph_after_simplification)	COMPLETED	0	24872	1	-	90.2	0.1	769495040	6571483136	540760286	4690528
assembly_graph_after_simplification	PATH_WALK (assembly_graph_after_simplification)	COMPLETED	0	23153	1	-	91.7	0.1	769531904	6570221568	540390586	9189
assembly_graph_after_simplification	PATH_WALK (assembly_graph_after_simplification)	COMPLETED	0	23504	1	-	93.5	0.1	767373312	6567321600	540803956	134369
assembly_graph_after_simplification	PATH_WALK (assembly_graph_after_simplification)	COMPLETED	0	23651	1	-	91.1	0.1	768765952	6570283008	540232508	1892
assembly_graph_after_simplification	PATH_WALK (assembly_graph_after_simplification)	COMPLETED	0	24459	1	-	89.3	0.1	765997056	6568603648	542110279	2926989
assembly_graph_after_simplification	PATH_WALK (assembly_graph_after_simplification)	COMPLETED	0	37494	1	-	56.0	0.1	781774848	6581334016	540817612	143126
3000782inst1	MINIMAP_REDUNDANCY_REMOVER (3000782inst1)	COMPLETED	0	95782	6	-	399.0	0.2	932790272	1484836864	88536854	2189001
assembly_graph_after_simplification	PATH_WALK (assembly_graph_after_simplification)	COMPLETED	0	23668	1	-	92.2	0.1	769613824	6570180608	542474231	27491
assembly_graph_after_simplification	PATH_WALK (assembly_graph_after_simplification)	COMPLETED	0	23956	1	-	91.2	0.1	766656512	6568472576	542363481	307194
assembly_graph_after_simplification	PATH_WALK (assembly_graph_after_simplification)	COMPLETED	0	23282	1	-	92.7	0.1	770211840	6570496000	540647463	4403
assembly_graph_after_simplification	PATH_WALK (assembly_graph_after_simplification)	COMPLETED	0	23427	1	-	93.1	0.1	768458752	6569107456	540294580	2603
assembly_graph_after_simplification	PATH_WALK (assembly_graph_after_simplification)	COMPLETED	0	24120	1	-	92.1	0.1	773627904	6572478464	542903600	15682224
3000498inst1	MINIMAP_REDUNDANCY_REMOVER (3000498inst1)	COMPLETED	0	2084	6	-	97.1	0.0	17367040	5712887808	15571984	50851
assembly_graph_after_simplification	PATH_WALK (assembly_graph_after_simplification)	COMPLETED	0	24119	1	-	90.8	0.1	769908736	6569197568	540554317	2884834
assembly_graph_after_simplification	PATH_WALK (assembly_graph_after_simplification)	COMPLETED	0	23967	1	-	90.8	0.1	768909312	6571388928	541732701	6717547
assembly_graph_after_simplification	PATH_WALK (assembly_graph_after_simplification)	COMPLETED	0	24279	1	-	90.8	0.1	768159744	6568095744	541612709	2266283
assembly_graph_after_simplification	PATH_WALK (assembly_graph_after_simplification)	COMPLETED	0	22942	1	-	94.2	0.1	769204224	6570430464	540413110	6092
assembly_graph_after_simplification	PATH_WALK (assembly_graph_after_simplification)	COMPLETED	0	23913	1	-	92.1	0.1	771588096	6572646400	541798704	2347307
3000806inst1	MINIMAP_REDUNDANCY_REMOVER (3000806inst1)	COMPLETED	0	96272	6	-	345.4	0.2	975904768	1568186368	91699100	2190997
assembly_graph_after_simplification	PATH_WALK (assembly_graph_after_simplification)	COMPLETED	0	29140	1	-	72.1	0.1	770449408	6570450944	540504283	1363316
assembly_graph_after_simplification	PATH_WALK (assembly_graph_after_simplification)	COMPLETED	0	23684	1	-	93.0	0.1	773591040	6573346816	542550359	18670269
3000316inst1	MINIMAP_REDUNDANCY_REMOVER (3000316inst1)	COMPLETED	0	34	6	-	59.7	0.0	0	0	172581	282
3000191inst1	MINIMAP_REDUNDANCY_REMOVER (3000191inst1)	COMPLETED	0	36	6	-	41.2	0.0	0	0	199152	282
assembly_graph_after_simplification	PATH_WALK (assembly_graph_after_simplification)	COMPLETED	0	24888	1	-	90.5	0.1	773611520	6573338624	542552322	18670168
assembly_graph_after_simplification	PATH_WALK (assembly_graph_after_simplification)	COMPLETED	0	23969	1	-	91.5	0.1	766889984	6568067072	540290971	5151
assembly_graph_after_simplification	PATH_WALK (assembly_graph_after_simplification)	COMPLETED	0	23565	1	-	91.6	0.1	767389696	6567407616	540740540	117781
assembly_graph_after_simplification	PATH_WALK (assembly_graph_after_simplification)	COMPLETED	0	24678	1	-	91.3	0.1	767721472	6568038400	541455455	36759
assembly_graph_after_simplification	PATH_WALK (assembly_graph_after_simplification)	COMPLETED	0	24910	1	-	87.5	0.1	768536576	6570270720	540589617	4401115
assembly_graph_after_simplification	PATH_WALK (assembly_graph_after_simplification)	COMPLETED	0	25085	1	-	89.4	0.1	770027520	6571085824	541329381	1648672
assembly_graph_after_simplification	PATH_WALK (assembly_graph_after_simplification)	COMPLETED	0	24800	1	-	88.0	0.1	769957888	6571220992	541400590	653426
assembly_graph_after_simplification	PATH_WALK (assembly_graph_after_simplification)	COMPLETED	0	24767	1	-	89.8	0.1	770592768	6572675072	541997931	30488
assembly_graph_after_simplification	PATH_WALK (assembly_graph_after_simplification)	COMPLETED	0	24618	1	-	89.2	0.1	769568768	6570057728	541523340	1140543
assembly_graph_after_simplification	PATH_WALK (assembly_graph_after_simplification)	COMPLETED	0	26782	1	-	76.1	0.1	781008896	6581059584	540282750	5121
assembly_graph_after_simplification	PATH_WALK (assembly_graph_after_simplification)	COMPLETED	0	25061	1	-	85.3	0.1	771121152	6570622976	540838270	22462
assembly_graph_after_simplification	PATH_WALK (assembly_graph_after_simplification)	COMPLETED	0	25722	1	-	84.6	0.1	766849024	6567886848	541172621	525919
3000216inst1	MINIMAP_REDUNDANCY_REMOVER (3000216inst1)	COMPLETED	0	24103	6	-	325.6	0.0	115335168	669687808	32023104	2836229
assembly_graph_after_simplification	PATH_WALK (assembly_graph_after_simplification)	COMPLETED	0	25066	1	-	85.3	0.1	766889984	6566522880	540921614	1858157
assembly_graph_after_simplification	PATH_WALK (assembly_graph_after_simplification)	COMPLETED	0	25031	1	-	83.0	0.1	768479232	6569156608	540359900	84517
3000412inst1	MINIMAP_REDUNDANCY_REMOVER (3000412inst1)	COMPLETED	0	4981	6	-	285.4	0.0	57929728	611106816	22196118	582532
assembly_graph_after_simplification	PATH_WALK (assembly_graph_after_simplification)	COMPLETED	0	31322	1	-	70.4	0.1	780292096	6580125696	540600025	7258853
3000499inst1	MINIMAP_REDUNDANCY_REMOVER (3000499inst1)	COMPLETED	0	32	6	-	86.2	0.0	0	0	170743	282
assembly_graph_after_simplification	PATH_WALK (assembly_graph_after_simplification)	COMPLETED	0	28231	1	-	75.7	0.1	771362816	6569242624	540608241	3472590
assembly_graph_after_simplification	PATH_WALK (assembly_graph_after_simplification)	COMPLETED	0	25045	1	-	89.0	0.1	779718656	6581067776	540713482	10493114
assembly_graph_after_simplification	PATH_WALK (assembly_graph_after_simplification)	COMPLETED	0	29458	1	-	72.9	0.1	772440064	6573088768	542378034	469549
assembly_graph_after_simplification	PATH_WALK (assembly_graph_after_simplification)	COMPLETED	0	24451	1	-	89.3	0.1	769294336	6569172992	540568040	6357260
assembly_graph_after_simplification	PATH_WALK (assembly_graph_after_simplification)	COMPLETED	0	31915	1	-	69.1	0.1	769445888	6570196992	540489763	6818786
3000377inst1	MINIMAP_REDUNDANCY_REMOVER (3000377inst1)	COMPLETED	0	2017	6	-	164.0	0.0	44425216	611237888	18485527	173960
assembly_graph_after_simplification	PATH_WALK (assembly_graph_after_simplification)	COMPLETED	0	28593	1	-	75.1	0.1	769785856	6569406464	540638521	2806464
assembly_graph_after_simplification	PATH_WALK (assembly_graph_after_simplification)	COMPLETED	0	23471	1	-	92.1	0.1	769671168	6569848832	541174725	525954
3000190inst1	MINIMAP_REDUNDANCY_REMOVER (3000190inst1)	COMPLETED	0	1628	6	-	124.9	0.0	28459008	5788188672	15233149	16859
assembly_graph_after_simplification	PATH_WALK (assembly_graph_after_simplification)	COMPLETED	0	24347	1	-	90.2	0.1	770121728	6572068864	541207073	18237767
3000245inst1	MINIMAP_REDUNDANCY_REMOVER (3000245inst1)	COMPLETED	0	1711	6	-	134.0	0.0	3276800	10215424	16847218	172682
assembly_graph_after_simplification	PATH_WALK (assembly_graph_after_simplification)	COMPLETED	0	25310	1	-	85.9	0.1	780697600	6583058432	541466877	68293
3000379inst1	MINIMAP_REDUNDANCY_REMOVER (3000379inst1)	COMPLETED	0	2163	6	-	159.1	0.0	77180928	5849300992	18459144	136803
assembly_graph_after_simplification	PATH_WALK (assembly_graph_after_simplification)	COMPLETED	0	23627	1	-	93.7	0.1	765538304	6568046592	541468873	68223
assembly_graph_after_simplification	PATH_WALK (assembly_graph_after_simplification)	COMPLETED	0	24378	1	-	92.1	0.1	769310720	6569390080	542655672	14309500
assembly_graph_after_simplification	PATH_WALK (assembly_graph_after_simplification)	COMPLETED	0	23787	1	-	90.9	0.1	767377408	6567903232	541464721	68212
assembly_graph_after_simplification	PATH_WALK (assembly_graph_after_simplification)	COMPLETED	0	24814	1	-	90.2	0.1	771928064	6572646400	541805486	3713104
assembly_graph_after_simplification	PATH_WALK (assembly_graph_after_simplification)	COMPLETED	0	24981	1	-	81.5	0.1	769646592	6570287104	540293195	3299
assembly_graph_after_simplification	PATH_WALK (assembly_graph_after_simplification)	COMPLETED	0	24665	1	-	86.9	0.1	766484480	6568607744	542108292	2927072
assembly_graph_after_simplification	PATH_WALK (assembly_graph_after_simplification)	COMPLETED	0	32041	1	-	68.2	0.1	782323712	6583447552	541690660	5194298
assembly_graph_after_simplification	PATH_WALK (assembly_graph_after_simplification)	COMPLETED	0	31517	1	-	68.0	0.1	781500416	6582685696	542110276	2926986
assembly_graph_after_simplification	PATH_WALK (assembly_graph_after_simplification)	COMPLETED	0	23427	1	-	88.7	0.1	769675264	6569111552	540283037	3382
assembly_graph_after_simplification	PATH_WALK (assembly_graph_after_simplification)	COMPLETED	0	34037	1	-	64.0	0.1	773894144	6572601344	542903515	15682138
assembly_graph_after_simplification	PATH_WALK (assembly_graph_after_simplification)	COMPLETED	0	35104	1	-	62.7	0.1	769601536	6569328640	542553406	41311840
assembly_graph_after_simplification	PATH_WALK (assembly_graph_after_simplification)	COMPLETED	0	25660	1	-	82.8	0.1	782209024	6582071296	542459617	77264
assembly_graph_after_simplification	PATH_WALK (assembly_graph_after_simplification)	COMPLETED	0	33586	1	-	66.7	0.1	766509056	6568075264	541449508	957034
assembly_graph_after_simplification	PATH_WALK (assembly_graph_after_simplification)	COMPLETED	0	26590	1	-	79.7	0.1	781238272	6581403648	540695396	31819
assembly_graph_after_simplification	PATH_WALK (assembly_graph_after_simplification)	COMPLETED	0	28966	1	-	68.4	0.1	770498560	6569111552	540322667	10294
assembly_graph_after_simplification	PATH_WALK (assembly_graph_after_simplification)	COMPLETED	0	28707	1	-	73.4	0.1	769044480	6569111552	540346617	13384
assembly_graph_after_simplification	PATH_WALK (assembly_graph_after_simplification)	COMPLETED	0	26567	1	-	80.0	0.1	780238848	6582083584	541521627	218303
assembly_graph_after_simplification	PATH_WALK (assembly_graph_after_simplification)	COMPLETED	0	31512	1	-	67.9	0.1	771108864	6569422848	540686109	14015721
assembly_graph_after_simplification	PATH_WALK (assembly_graph_after_simplification)	COMPLETED	0	24572	1	-	84.2	0.1	770433024	6569447424	540565113	2483
assembly_graph_after_simplification	PATH_WALK (assembly_graph_after_simplification)	COMPLETED	0	30113	1	-	69.9	0.1	770584576	6568067072	540260886	3710
assembly_graph_after_simplification	PATH_WALK (assembly_graph_after_simplification)	COMPLETED	0	35436	1	-	59.7	0.1	767361024	6567804928	541129712	630059
assembly_graph_after_simplification	PATH_WALK (assembly_graph_after_simplification)	COMPLETED	0	32256	1	-	65.9	0.1	781103104	6581170176	540601015	6319545
assembly_graph_after_simplification	PATH_WALK (assembly_graph_after_simplification)	COMPLETED	0	27104	1	-	79.7	0.1	779628544	6581059584	540568658	2574549
assembly_graph_after_simplification	PATH_WALK (assembly_graph_after_simplification)	COMPLETED	0	34487	1	-	60.3	0.1	770498560	6570336256	540503951	3751817
assembly_graph_after_simplification	PATH_WALK (assembly_graph_after_simplification)	COMPLETED	0	30805	1	-	66.1	0.1	768380928	6569111552	540294328	2317
assembly_graph_after_simplification	PATH_WALK (assembly_graph_after_simplification)	COMPLETED	0	30032	1	-	73.2	0.1	773509120	6571298816	541741943	2877709
assembly_graph_after_simplification	PATH_WALK (assembly_graph_after_simplification)	COMPLETED	0	28571	1	-	73.9	0.1	765939712	6567243776	540567393	272263
assembly_graph_after_simplification	PATH_WALK (assembly_graph_after_simplification)	COMPLETED	0	28684	1	-	73.3	0.1	767123456	6567243776	540536852	6141
assembly_graph_after_simplification	PATH_WALK (assembly_graph_after_simplification)	COMPLETED	0	31088	1	-	69.0	0.1	780488704	6582538240	540945788	27530
assembly_graph_after_simplification	PATH_WALK (assembly_graph_after_simplification)	COMPLETED	0	32923	1	-	64.9	0.1	771899392	6570139648	541469289	154248
assembly_graph_after_simplification	PATH_WALK (assembly_graph_after_simplification)	COMPLETED	0	29727	1	-	73.7	0.1	773128192	6574518272	541580397	3164035
assembly_graph_after_simplification	PATH_WALK (assembly_graph_after_simplification)	COMPLETED	0	30718	1	-	67.2	0.1	769982464	6568189952	540298040	6099
assembly_graph_after_simplification	PATH_WALK (assembly_graph_after_simplification)	COMPLETED	0	30051	1	-	71.4	0.1	771756032	6570864640	540920533	580228
assembly_graph_after_simplification	PATH_WALK (assembly_graph_after_simplification)	COMPLETED	0	34949	1	-	62.2	0.1	773742592	6573129728	542347471	15005424
assembly_graph_after_simplification	PATH_WALK (assembly_graph_after_simplification)	COMPLETED	0	32023	1	-	69.1	0.1	773255168	6573031424	543157859	11034697
assembly_graph_after_simplification	PATH_WALK (assembly_graph_after_simplification)	COMPLETED	0	28665	1	-	76.7	0.1	771231744	6572277760	541592074	4178813
assembly_graph_after_simplification	PATH_WALK (assembly_graph_after_simplification)	COMPLETED	0	27522	1	-	75.0	0.1	770437120	6568079360	540350046	8987
assembly_graph_after_simplification	PATH_WALK (assembly_graph_after_simplification)	COMPLETED	0	28750	1	-	73.4	0.1	769626112	6570180608	541651477	3027344
assembly_graph_after_simplification	PATH_WALK (assembly_graph_after_simplification)	COMPLETED	0	27197	1	-	79.6	0.1	770732032	6571790336	542198659	2252127
3000491inst1	MINIMAP_REDUNDANCY_REMOVER (3000491inst1)	COMPLETED	0	102921	6	-	360.2	0.0	226488320	5871693824	53895744	5928102
assembly_graph_after_simplification	PATH_WALK (assembly_graph_after_simplification)	COMPLETED	0	27764	1	-	76.9	0.1	770580480	6570426368	540611232	1866430
assembly_graph_after_simplification	PATH_WALK (assembly_graph_after_simplification)	COMPLETED	0	27819	1	-	77.0	0.1	771805184	6572511232	541632842	866486
3000501inst1	MINIMAP_REDUNDANCY_REMOVER (3000501inst1)	COMPLETED	0	1284	6	-	147.3	0.0	27197440	5785985024	15284884	26668
assembly_graph_after_simplification	PATH_WALK (assembly_graph_after_simplification)	COMPLETED	0	30302	1	-	71.0	0.1	774152192	6573502464	542676037	7151518
assembly_graph_after_simplification	PATH_WALK (assembly_graph_after_simplification)	COMPLETED	0	28610	1	-	79.1	0.1	773517312	6572244992	542593162	77703950
assembly_graph_after_simplification	PATH_WALK (assembly_graph_after_simplification)	COMPLETED	0	26828	1	-	80.4	0.1	771178496	6571339776	541743622	2246885
assembly_graph_after_simplification	PATH_WALK (assembly_graph_after_simplification)	COMPLETED	0	26031	1	-	80.1	0.1	781266944	6581547008	540966492	567803
assembly_graph_after_simplification	PATH_WALK (assembly_graph_after_simplification)	COMPLETED	0	26050	1	-	80.8	0.1	780763136	6581706752	540989019	305330
assembly_graph_after_simplification	PATH_WALK (assembly_graph_after_simplification)	COMPLETED	0	26442	1	-	78.4	0.1	780193792	6580940800	540301187	3105
assembly_graph_after_simplification	PATH_WALK (assembly_graph_after_simplification)	COMPLETED	0	29757	1	-	70.5	0.1	767315968	6567567360	540859984	125065
assembly_graph_after_simplification	PATH_WALK (assembly_graph_after_simplification)	COMPLETED	0	25776	1	-	81.7	0.1	781123584	6581444608	540800326	458700
assembly_graph_after_simplification	PATH_WALK (assembly_graph_after_simplification)	COMPLETED	0	27026	1	-	81.6	0.1	784257024	6584684544	543108207	39903338
assembly_graph_after_simplification	PATH_WALK (assembly_graph_after_simplification)	COMPLETED	0	32557	1	-	67.6	0.1	785960960	6585929728	543338230	50369046
assembly_graph_after_simplification	PATH_WALK (assembly_graph_after_simplification)	COMPLETED	0	25830	1	-	80.2	0.1	780279808	6578888704	540147970	5790
assembly_graph_after_simplification	PATH_WALK (assembly_graph_after_simplification)	COMPLETED	0	24839	1	-	84.9	0.1	770691072	6569127936	540359500	16838
assembly_graph_after_simplification	PATH_WALK (assembly_graph_after_simplification)	COMPLETED	0	26400	1	-	79.0	0.1	780685312	6579896320	540327275	2557
assembly_graph_after_simplification	PATH_WALK (assembly_graph_after_simplification)	COMPLETED	0	34051	1	-	60.1	0.1	769425408	6569107456	540282394	2745
assembly_graph_after_simplification	PATH_WALK (assembly_graph_after_simplification)	COMPLETED	0	32786	1	-	66.5	0.1	780926976	6582222848	542554348	10909764
assembly_graph_after_simplification	PATH_WALK (assembly_graph_after_simplification)	COMPLETED	0	26987	1	-	78.0	0.1	778063872	6578974720	540284772	5071
assembly_graph_after_simplification	PATH_WALK (assembly_graph_after_simplification)	COMPLETED	0	23815	1	-	87.3	0.1	771330048	6568067072	540302230	2065
assembly_graph_after_simplification	PATH_WALK (assembly_graph_after_simplification)	COMPLETED	0	30351	1	-	66.8	0.1	768552960	6568054784	540244876	1983
assembly_graph_after_simplification	PATH_WALK (assembly_graph_after_simplification)	COMPLETED	0	29041	1	-	73.7	0.1	764563456	6567452672	540803990	134403
assembly_graph_after_simplification	PATH_WALK (assembly_graph_after_simplification)	COMPLETED	0	35932	1	-	58.1	0.1	768675840	6569250816	540287529	5807
assembly_graph_after_simplification	PATH_WALK (assembly_graph_after_simplification)	COMPLETED	0	25270	1	-	85.8	0.1	773292032	6572687360	543271520	7399916
assembly_graph_after_simplification	PATH_WALK (assembly_graph_after_simplification)	COMPLETED	0	38101	1	-	58.5	0.1	781664256	6582095872	540811086	10805580
assembly_graph_after_simplification	PATH_WALK (assembly_graph_after_simplification)	COMPLETED	0	27404	1	-	80.1	0.1	772841472	6572560384	543271499	7399895
assembly_graph_after_simplification	PATH_WALK (assembly_graph_after_simplification)	COMPLETED	0	34392	1	-	61.6	0.1	771723264	6571622400	541820891	15943
assembly_graph_after_simplification	PATH_WALK (assembly_graph_after_simplification)	COMPLETED	0	29313	1	-	69.7	0.1	769052672	6569238528	540303389	3238
assembly_graph_after_simplification	PATH_WALK (assembly_graph_after_simplification)	COMPLETED	0	23410	1	-	87.0	0.1	768110592	6570160128	540346861	5799
assembly_graph_after_simplification	PATH_WALK (assembly_graph_after_simplification)	COMPLETED	0	28980	1	-	68.2	0.1	770977792	6569271296	540161876	3237
assembly_graph_after_simplification	PATH_WALK (assembly_graph_after_simplification)	COMPLETED	0	24812	1	-	86.5	0.1	771563520	6571687936	541982602	8092
assembly_graph_after_simplification	PATH_WALK (assembly_graph_after_simplification)	COMPLETED	0	24262	1	-	88.1	0.1	769748992	6569312256	541546528	3870
assembly_graph_after_simplification	PATH_WALK (assembly_graph_after_simplification)	COMPLETED	0	24045	1	-	87.8	0.1	769454080	6569275392	540338890	23038
assembly_graph_after_simplification	PATH_WALK (assembly_graph_after_simplification)	COMPLETED	0	23533	1	-	90.4	0.1	769638400	6569250816	540282878	5247
assembly_graph_after_simplification	PATH_WALK (assembly_graph_after_simplification)	COMPLETED	0	23424	1	-	91.1	0.1	768806912	6569123840	540159831	3166
assembly_graph_after_simplification	PATH_WALK (assembly_graph_after_simplification)	COMPLETED	0	24753	1	-	89.3	0.1	772243456	6571823104	542475710	4276
assembly_graph_after_simplification	PATH_WALK (assembly_graph_after_simplification)	COMPLETED	0	23253	1	-	89.5	0.1	767680512	6569111552	540282258	2606
assembly_graph_after_simplification	PATH_WALK (assembly_graph_after_simplification)	COMPLETED	0	22497	1	-	93.5	0.1	769712128	6569123840	540341311	7641
assembly_graph_after_simplification	PATH_WALK (assembly_graph_after_simplification)	COMPLETED	0	23683	1	-	92.5	0.1	766869504	6567333888	542232439	1662610
assembly_graph_after_simplification	PATH_WALK (assembly_graph_after_simplification)	COMPLETED	0	23337	1	-	90.2	0.1	766885888	6569115648	540294344	2361
assembly_graph_after_simplification	PATH_WALK (assembly_graph_after_simplification)	COMPLETED	0	23436	1	-	93.4	0.1	773341184	6573453312	541699955	5859064
assembly_graph_after_simplification	PATH_WALK (assembly_graph_after_simplification)	COMPLETED	0	24487	1	-	91.0	0.1	769605632	6570647552	540780931	303659
assembly_graph_after_simplification	PATH_WALK (assembly_graph_after_simplification)	COMPLETED	0	24040	1	-	92.1	0.1	772993024	6572617728	541800353	153860
assembly_graph_after_simplification	PATH_WALK (assembly_graph_after_simplification)	COMPLETED	0	23498	1	-	90.3	0.1	771854336	6569590784	540813629	1986608
assembly_graph_after_simplification	PATH_WALK (assembly_graph_after_simplification)	COMPLETED	0	24302	1	-	88.4	0.1	770449408	6569369600	540537739	1455503
assembly_graph_after_simplification	PATH_WALK (assembly_graph_after_simplification)	COMPLETED	0	23742	1	-	92.1	0.1	773726208	6573121536	542347539	15005492
assembly_graph_after_simplification	PATH_WALK (assembly_graph_after_simplification)	COMPLETED	0	24871	1	-	88.2	0.1	769269760	6569345024	540659135	287676
assembly_graph_after_simplification	PATH_WALK (assembly_graph_after_simplification)	COMPLETED	0	24546	1	-	89.8	0.1	768630784	6569435136	541973072	2495491
assembly_graph_after_simplification	PATH_WALK (assembly_graph_after_simplification)	COMPLETED	0	23183	1	-	89.4	0.1	768913408	6570283008	540290335	2509
assembly_graph_after_simplification	PATH_WALK (assembly_graph_after_simplification)	COMPLETED	0	22996	1	-	90.9	0.1	767377408	6567649280	540986928	305308
assembly_graph_after_simplification	PATH_WALK (assembly_graph_after_simplification)	COMPLETED	0	24036	1	-	90.2	0.1	771145728	6572580864	541975119	2495467
assembly_graph_after_simplification	PATH_WALK (assembly_graph_after_simplification)	COMPLETED	0	24016	1	-	90.6	0.1	768659456	6570823680	541019154	154237
assembly_graph_after_simplification	PATH_WALK (assembly_graph_after_simplification)	COMPLETED	0	23701	1	-	88.5	0.1	769392640	6569111552	540321340	2819
assembly_graph_after_simplification	PATH_WALK (assembly_graph_after_simplification)	COMPLETED	0	23618	1	-	84.9	0.1	769597440	6569111552	540321325	2773
assembly_graph_after_simplification	PATH_WALK (assembly_graph_after_simplification)	COMPLETED	0	24298	1	-	90.0	0.1	770416640	6569590784	542990544	19896485
assembly_graph_after_simplification	PATH_WALK (assembly_graph_after_simplification)	COMPLETED	0	24323	1	-	83.4	0.1	769024000	6568062976	540323407	2790
assembly_graph_after_simplification	PATH_WALK (assembly_graph_after_simplification)	COMPLETED	0	23556	1	-	87.9	0.1	770707456	6568058880	540287669	3913
assembly_graph_after_simplification	PATH_WALK (assembly_graph_after_simplification)	COMPLETED	0	22018	1	-	90.0	0.1	768675840	6569111552	540285454	3729
3000263inst1	MINIMAP_REDUNDANCY_REMOVER (3000263inst1)	COMPLETED	0	410186	6	-	347.6	0.2	1037197312	5874507776	185746856	26442809
assembly_graph_after_simplification	PATH_WALK (assembly_graph_after_simplification)	COMPLETED	0	22211	1	-	89.5	0.1	769552384	6569537536	540764238	37567
assembly_graph_after_simplification	PATH_WALK (assembly_graph_after_simplification)	COMPLETED	0	23026	1	-	90.2	0.1	769228800	6570196992	540368408	33340
assembly_graph_after_simplification	PATH_WALK (assembly_graph_after_simplification)	COMPLETED	0	22486	1	-	90.9	0.1	768888832	6568067072	540277602	1976
assembly_graph_after_simplification	PATH_WALK (assembly_graph_after_simplification)	COMPLETED	0	23791	1	-	87.0	0.1	771993600	6570295296	540314071	5730
assembly_graph_after_simplification	PATH_WALK (assembly_graph_after_simplification)	COMPLETED	0	24493	1	-	86.3	0.1	779771904	6580928512	540296265	2285
assembly_graph_after_simplification	PATH_WALK (assembly_graph_after_simplification)	COMPLETED	0	21466	1	-	97.2	0.1	769019904	6570405888	540688049	282853
assembly_graph_after_simplification	PATH_WALK (assembly_graph_after_simplification)	COMPLETED	0	21366	1	-	97.5	0.1	765751296	6566072320	540500992	1232950
assembly_graph_after_simplification	PATH_WALK (assembly_graph_after_simplification)	COMPLETED	0	23383	1	-	95.1	0.1	767553536	6567243776	540813924	10814989
assembly_graph_after_simplification	PATH_WALK (assembly_graph_after_simplification)	COMPLETED	0	21851	1	-	99.4	0.1	769667072	6570287104	540293152	3252
3000812inst1	MINIMAP_REDUNDANCY_REMOVER (3000812inst1)	COMPLETED	0	146152	6	-	431.8	0.1	572846080	1114435584	65515881	3279949
assembly_graph_after_simplification	PATH_WALK (assembly_graph_after_simplification)	COMPLETED	0	20226	1	-	101.3	0.1	769028096	6569119744	540296207	6304
3000413inst1	MINIMAP_REDUNDANCY_REMOVER (3000413inst1)	COMPLETED	0	1229	6	-	206.3	0.0	26869760	5785952256	15110532	8204
assembly_graph_after_simplification	PATH_WALK (assembly_graph_after_simplification)	COMPLETED	0	20415	1	-	97.9	0.1	769490944	6568062976	540304892	2706
3000478inst1	MINIMAP_REDUNDANCY_REMOVER (3000478inst1)	COMPLETED	0	19	6	-	147.2	0.0	0	0	175953	283
assembly_graph_after_simplification	PATH_WALK (assembly_graph_after_simplification)	COMPLETED	0	19370	1	-	102.4	0.1	777560064	6579884032	540292867	2972
3000809inst1	MINIMAP_REDUNDANCY_REMOVER (3000809inst1)	COMPLETED	0	290099	6	-	573.1	0.5	2532478976	3287654400	177714694	4970919
3000025inst1	MINIMAP_REDUNDANCY_REMOVER (3000025inst1)	COMPLETED	0	343809	6	-	481.9	0.4	1975218176	5874180096	398749908	69737220
3000378inst1	MINIMAP_REDUNDANCY_REMOVER (3000378inst1)	COMPLETED	0	1882	6	-	327.6	0.0	62746624	5834575872	20795257	185699
3000502inst1	MINIMAP_REDUNDANCY_REMOVER (3000502inst1)	COMPLETED	0	12	6	-	146.8	0.0	0	0	179087	283
3000254inst1	MINIMAP_REDUNDANCY_REMOVER (3000254inst1)	COMPLETED	0	144874	6	-	576.4	0.1	524996608	963268608	61822242	5331586
3000198inst1	MINIMAP_REDUNDANCY_REMOVER (3000198inst1)	COMPLETED	0	158212	6	-	531.7	0.1	573906944	5871558656	86706235	9351914
3000501inst2	MINIMAP_REDUNDANCY_REMOVER (3000501inst2)	COMPLETED	0	16	6	-	96.0	0.0	0	0	217833	282
3000582inst1	MINIMAP_REDUNDANCY_REMOVER (3000582inst1)	COMPLETED	0	17	6	-	147.1	0.0	0	0	172034	283
3000462inst1	MINIMAP_REDUNDANCY_REMOVER (3000462inst1)	COMPLETED	0	19	6	-	136.1	0.0	0	0	193202	283
3000567inst1	MINIMAP_REDUNDANCY_REMOVER (3000567inst1)	COMPLETED	0	1002	6	-	259.1	0.0	31129600	5789216768	15409080	36634
3000501inst3	MINIMAP_REDUNDANCY_REMOVER (3000501inst3)	COMPLETED	0	19	6	-	132.5	0.0	0	0	216007	283
3000656inst1	MINIMAP_REDUNDANCY_REMOVER (3000656inst1)	COMPLETED	0	17	6	-	167.8	0.0	0	0	174812	283
3000833inst1	MINIMAP_REDUNDANCY_REMOVER (3000833inst1)	COMPLETED	0	150494	6	-	580.9	0.1	524341248	1097486336	61822247	5331592
3000535inst1	MINIMAP_REDUNDANCY_REMOVER (3000535inst1)	COMPLETED	0	130729	6	-	260.9	0.1	320131072	5874479104	191064889	27461790
3000149inst1	MINIMAP_REDUNDANCY_REMOVER (3000149inst1)	COMPLETED	0	998062	6	-	535.0	0.7	3987648512	4588371968	368846831	8297767
3001205inst1	MINIMAP_REDUNDANCY_REMOVER (3001205inst1)	COMPLETED	0	1161	6	-	238.0	0.0	23920640	5783494656	15234667	30168
3000589inst1	MINIMAP_REDUNDANCY_REMOVER (3000589inst1)	COMPLETED	0	1096	6	-	278.0	0.0	26542080	5785841664	15234672	30168
3000775inst1	MINIMAP_REDUNDANCY_REMOVER (3000775inst1)	COMPLETED	0	18	6	-	132.5	0.0	0	0	254289	283
3000676inst1	MINIMAP_REDUNDANCY_REMOVER (3000676inst1)	COMPLETED	0	99873	6	-	115.2	0.0	78831616	627724288	118467337	11786802
3000792inst1	MINIMAP_REDUNDANCY_REMOVER (3000792inst1)	COMPLETED	0	119145	6	-	177.0	0.0	138768384	627724288	136301147	16411936
3000794inst1	MINIMAP_REDUNDANCY_REMOVER (3000794inst1)	COMPLETED	0	44936	6	-	505.8	0.0	181608448	5782089728	40237539	4836215
3000781inst1	MINIMAP_REDUNDANCY_REMOVER (3000781inst1)	COMPLETED	0	64564	6	-	553.1	0.2	939773952	1484836864	88467222	2175670
3000796inst1	MINIMAP_REDUNDANCY_REMOVER (3000796inst1)	COMPLETED	0	99504	6	-	547.1	0.1	645128192	1173184512	71949759	5437890
3000795inst1	MINIMAP_REDUNDANCY_REMOVER (3000795inst1)	COMPLETED	0	109421	6	-	575.9	0.1	722743296	5788188672	73847325	4768658
3002165inst1	MINIMAP_REDUNDANCY_REMOVER (3002165inst1)	COMPLETED	0	18	6	-	131.6	0.0	0	0	175693	283
3000793inst1	MINIMAP_REDUNDANCY_REMOVER (3000793inst1)	COMPLETED	0	226954	6	-	313.0	0.0	247959552	5880418304	219934231	26944619
3000800inst1	MINIMAP_REDUNDANCY_REMOVER (3000800inst1)	COMPLETED	0	302822	6	-	578.5	0.5	2948608000	5863071744	254482497	6525226
3000805inst1	MINIMAP_REDUNDANCY_REMOVER (3000805inst1)	COMPLETED	0	3494	6	-	411.6	0.0	124227584	5789380608	27763996	536474
3000803inst1	MINIMAP_REDUNDANCY_REMOVER (3000803inst1)	COMPLETED	0	18514	6	-	539.7	0.1	457846784	1030643712	49600946	1370774
3000753inst1	MINIMAP_REDUNDANCY_REMOVER (3000753inst1)	COMPLETED	0	786852	6	-	588.2	0.7	3895119872	4537491456	322520526	7743308
3000804inst1	MINIMAP_REDUNDANCY_REMOVER (3000804inst1)	COMPLETED	0	14120	6	-	511.6	0.1	491810816	964018176	54492446	1500280
3002569inst1	MINIMAP_REDUNDANCY_REMOVER (3002569inst1)	COMPLETED	0	19	6	-	102.6	0.0	0	0	172905	283
3000807inst1	MINIMAP_REDUNDANCY_REMOVER (3000807inst1)	COMPLETED	0	56863	6	-	549.4	0.2	954990592	1500811264	91701174	2191001
3000801inst1	MINIMAP_REDUNDANCY_REMOVER (3000801inst1)	COMPLETED	0	313099	6	-	576.1	0.6	3315888128	5863673856	254480388	6525186
3000810inst1	MINIMAP_REDUNDANCY_REMOVER (3000810inst1)	COMPLETED	0	18	6	-	144.9	0.0	0	0	176475	283
3000802inst1	MINIMAP_REDUNDANCY_REMOVER (3000802inst1)	COMPLETED	0	315493	6	-	575.9	0.6	3048284160	3724300288	254480405	6525208
3000812inst2	MINIMAP_REDUNDANCY_REMOVER (3000812inst2)	COMPLETED	0	15	6	-	122.1	0.0	0	0	172416	283
3002580inst1	MINIMAP_REDUNDANCY_REMOVER (3002580inst1)	COMPLETED	0	2754	6	-	128.7	0.0	6553600	17219584	17005174	136547
3000823inst1	MINIMAP_REDUNDANCY_REMOVER (3000823inst1)	COMPLETED	0	18	6	-	128.2	0.0	0	0	173804	283
3000826inst1	MINIMAP_REDUNDANCY_REMOVER (3000826inst1)	COMPLETED	0	21	6	-	119.8	0.0	0	0	173442	283
3002601inst1	MINIMAP_REDUNDANCY_REMOVER (3002601inst1)	COMPLETED	0	2048	6	-	141.0	0.0	3276800	10215424	16302271	81050
3000830inst1	MINIMAP_REDUNDANCY_REMOVER (3000830inst1)	COMPLETED	0	14	6	-	142.9	0.0	0	0	174887	283
3000811inst1	MINIMAP_REDUNDANCY_REMOVER (3000811inst1)	COMPLETED	0	105133	6	-	573.8	0.1	563187712	1114435584	65415545	3246237
3000853inst1	MINIMAP_REDUNDANCY_REMOVER (3000853inst1)	COMPLETED	0	1393	6	-	202.9	0.0	3276800	10215424	15889540	78533
3000841inst1	MINIMAP_REDUNDANCY_REMOVER (3000841inst1)	COMPLETED	0	19	6	-	125.0	0.0	0	0	177540	283
3000856inst1	MINIMAP_REDUNDANCY_REMOVER (3000856inst1)	COMPLETED	0	18	6	-	131.6	0.0	0	0	173222	283
3000851inst1	MINIMAP_REDUNDANCY_REMOVER (3000851inst1)	COMPLETED	0	16	6	-	136.1	0.0	0	0	170472	283
3002626inst1	MINIMAP_REDUNDANCY_REMOVER (3002626inst1)	COMPLETED	0	1116	6	-	228.9	0.0	3276800	10215424	15505373	34901
3000873inst1	MINIMAP_REDUNDANCY_REMOVER (3000873inst1)	COMPLETED	0	3346	6	-	185.4	0.0	69607424	5843431424	22356959	490910
3000911inst1	MINIMAP_REDUNDANCY_REMOVER (3000911inst1)	COMPLETED	0	3260	6	-	192.3	0.0	77275136	5850771456	22356953	490910
3000832inst1	MINIMAP_REDUNDANCY_REMOVER (3000832inst1)	COMPLETED	0	151270	6	-	573.8	0.1	524668928	5840470016	61820174	5331588
3000858inst1	MINIMAP_REDUNDANCY_REMOVER (3000858inst1)	COMPLETED	0	2222	6	-	144.9	0.0	3276800	10215424	16827289	136002
3001216inst1	MINIMAP_REDUNDANCY_REMOVER (3001216inst1)	COMPLETED	0	70766	6	-	522.1	0.0	221159424	560615424	53245197	5317907
3000808inst1	MINIMAP_REDUNDANCY_REMOVER (3000808inst1)	COMPLETED	0	343351	6	-	582.7	0.5	2724704256	5800927232	197662107	5200364
3001364inst1	MINIMAP_REDUNDANCY_REMOVER (3001364inst1)	COMPLETED	0	60338	6	-	559.2	0.2	1052196864	1601798144	84952232	2926284
3001327inst1	MINIMAP_REDUNDANCY_REMOVER (3001327inst1)	COMPLETED	0	1001	6	-	306.7	0.0	3276800	10215424	15064119	2976
3002705inst1	MINIMAP_REDUNDANCY_REMOVER (3002705inst1)	COMPLETED	0	1058	6	-	273.7	0.0	3276800	10215424	15234080	22203
3001418inst1	MINIMAP_REDUNDANCY_REMOVER (3001418inst1)	COMPLETED	0	6649	6	-	405.6	0.0	260517888	5810192384	39682271	1051718
3001214inst1	MINIMAP_REDUNDANCY_REMOVER (3001214inst1)	COMPLETED	0	115126	6	-	214.6	0.0	134975488	5874270208	119470534	14953739
3001777inst1	MINIMAP_REDUNDANCY_REMOVER (3001777inst1)	COMPLETED	0	1180	6	-	272.5	0.0	3276800	10215424	15590553	50852
3001417inst1	MINIMAP_REDUNDANCY_REMOVER (3001417inst1)	COMPLETED	0	20	6	-	65.2	0.0	0	0	173391	282
3002079inst1	MINIMAP_REDUNDANCY_REMOVER (3002079inst1)	COMPLETED	0	16	6	-	122.1	0.0	0	0	176030	283
3002804inst1	MINIMAP_REDUNDANCY_REMOVER (3002804inst1)	COMPLETED	0	15	6	-	125.0	0.0	0	0	171061	283
3002274inst1	MINIMAP_REDUNDANCY_REMOVER (3002274inst1)	COMPLETED	0	2581	6	-	124.0	0.0	6553600	17154048	15947184	72144
3001866inst1	MINIMAP_REDUNDANCY_REMOVER (3001866inst1)	COMPLETED	0	3162	6	-	195.3	0.0	77242368	5850906624	22354888	490910
3001397inst1	MINIMAP_REDUNDANCY_REMOVER (3001397inst1)	COMPLETED	0	1719	6	-	185.7	0.0	6553600	17154048	15702475	49247
3001396inst1	MINIMAP_REDUNDANCY_REMOVER (3001396inst1)	COMPLETED	0	4306	6	-	177.6	0.0	63045632	5834866688	19023931	352804
3002894inst1	MINIMAP_REDUNDANCY_REMOVER (3002894inst1)	COMPLETED	0	14	6	-	134.5	0.0	0	0	186253	283
3002489inst1	MINIMAP_REDUNDANCY_REMOVER (3002489inst1)	COMPLETED	0	1261	6	-	265.5	0.0	3276800	10215424	15210168	17309
3002195inst1	MINIMAP_REDUNDANCY_REMOVER (3002195inst1)	COMPLETED	0	2789	6	-	190.9	0.0	23404544	669687808	17182957	180843
3002522inst1	MINIMAP_REDUNDANCY_REMOVER (3002522inst1)	COMPLETED	0	16	6	-	135.6	0.0	0	0	201869	283
3002331inst1	MINIMAP_REDUNDANCY_REMOVER (3002331inst1)	COMPLETED	0	14	6	-	100.0	0.0	0	0	172048	283
3002544inst1	MINIMAP_REDUNDANCY_REMOVER (3002544inst1)	COMPLETED	0	14	6	-	125.0	0.0	0	0	181378	283
3002577inst1	MINIMAP_REDUNDANCY_REMOVER (3002577inst1)	COMPLETED	0	3445	6	-	153.8	0.0	22159360	610971648	18114350	228618
3002897inst1	MINIMAP_REDUNDANCY_REMOVER (3002897inst1)	COMPLETED	0	1685	6	-	194.7	0.0	6553600	17162240	15530538	36032
3002985inst1	MINIMAP_REDUNDANCY_REMOVER (3002985inst1)	COMPLETED	0	2730	6	-	370.3	0.0	154443776	628424704	27588941	678599
3002525inst1	MINIMAP_REDUNDANCY_REMOVER (3002525inst1)	COMPLETED	0	15	6	-	121.2	0.0	0	0	171873	283
3001328inst1	MINIMAP_REDUNDANCY_REMOVER (3001328inst1)	COMPLETED	0	95835	6	-	187.5	0.0	129523712	560615424	106614977	11152042
3002605inst1	MINIMAP_REDUNDANCY_REMOVER (3002605inst1)	COMPLETED	0	2145	6	-	147.9	0.0	3276800	10215424	16327667	83842
3003026inst1	MINIMAP_REDUNDANCY_REMOVER (3003026inst1)	COMPLETED	0	16	6	-	130.1	0.0	0	0	173389	283
3002616inst1	MINIMAP_REDUNDANCY_REMOVER (3002616inst1)	COMPLETED	0	962	6	-	289.8	0.0	3276800	10215424	15109672	7980
3002607inst1	MINIMAP_REDUNDANCY_REMOVER (3002607inst1)	COMPLETED	0	2179	6	-	126.8	0.0	6553600	17154048	15484048	35648
3002639inst1	MINIMAP_REDUNDANCY_REMOVER (3002639inst1)	COMPLETED	0	17	6	-	123.1	0.0	0	0	173582	283
3002606inst1	MINIMAP_REDUNDANCY_REMOVER (3002606inst1)	COMPLETED	0	1434	6	-	206.4	0.0	3276800	10215424	15481979	35648
3002597inst1	MINIMAP_REDUNDANCY_REMOVER (3002597inst1)	COMPLETED	0	2151	6	-	250.3	0.0	24109056	669822976	19284780	153401
3002599inst1	MINIMAP_REDUNDANCY_REMOVER (3002599inst1)	COMPLETED	0	4045	6	-	106.0	0.0	13684736	661295104	17968933	202394
3002658inst1	MINIMAP_REDUNDANCY_REMOVER (3002658inst1)	COMPLETED	0	17	6	-	115.1	0.0	0	0	186144	283
3002628inst1	MINIMAP_REDUNDANCY_REMOVER (3002628inst1)	COMPLETED	0	1889	6	-	163.9	0.0	3276800	10215424	16146683	106847
3002660inst1	MINIMAP_REDUNDANCY_REMOVER (3002660inst1)	COMPLETED	0	17	6	-	166.7	0.0	0	0	173582	283
3003109inst1	MINIMAP_REDUNDANCY_REMOVER (3003109inst1)	COMPLETED	0	1094	6	-	299.6	0.0	3276800	10215424	15477214	33771
3002647inst1	MINIMAP_REDUNDANCY_REMOVER (3002647inst1)	COMPLETED	0	1067	6	-	317.7	0.0	3276800	10215424	15221718	21971
3003110inst1	MINIMAP_REDUNDANCY_REMOVER (3003110inst1)	COMPLETED	0	14	6	-	137.9	0.0	0	0	175171	283
3002638inst1	MINIMAP_REDUNDANCY_REMOVER (3002638inst1)	COMPLETED	0	14	6	-	100.0	0.0	0	0	187682	283
3003206inst1	MINIMAP_REDUNDANCY_REMOVER (3003206inst1)	COMPLETED	0	15	6	-	151.5	0.0	0	0	183180	283
3002629inst1	MINIMAP_REDUNDANCY_REMOVER (3002629inst1)	COMPLETED	0	15	6	-	137.9	0.0	0	0	172143	283
3003549inst1	MINIMAP_REDUNDANCY_REMOVER (3003549inst1)	COMPLETED	0	30744	6	-	447.4	0.0	164233216	560615424	40283337	3776972
3002700inst1	MINIMAP_REDUNDANCY_REMOVER (3002700inst1)	COMPLETED	0	1132	6	-	301.4	0.0	3276800	10215424	15210936	25937
3002674inst1	MINIMAP_REDUNDANCY_REMOVER (3002674inst1)	COMPLETED	0	14	6	-	148.1	0.0	0	0	170946	283
3002676inst1	MINIMAP_REDUNDANCY_REMOVER (3002676inst1)	COMPLETED	0	5974	6	-	122.7	0.0	77250560	5852938240	19026003	352804
3001329inst1	MINIMAP_REDUNDANCY_REMOVER (3001329inst1)	COMPLETED	0	230004	6	-	230.1	0.0	256200704	5874085888	198097803	20211931
3002683inst1	MINIMAP_REDUNDANCY_REMOVER (3002683inst1)	COMPLETED	0	16	6	-	115.1	0.0	0	0	173033	283
3002679inst1	MINIMAP_REDUNDANCY_REMOVER (3002679inst1)	COMPLETED	0	40082	6	-	558.9	0.1	508571648	1030512640	53078892	1513716
3002645inst1	MINIMAP_REDUNDANCY_REMOVER (3002645inst1)	COMPLETED	0	160568	6	-	582.3	0.4	2295488512	3086712832	177960417	3298640
3002836inst1	MINIMAP_REDUNDANCY_REMOVER (3002836inst1)	COMPLETED	0	17	6	-	110.5	0.0	0	0	183180	283
3002790inst1	MINIMAP_REDUNDANCY_REMOVER (3002790inst1)	COMPLETED	0	13	6	-	155.3	0.0	0	0	195676	283
3002788inst1	MINIMAP_REDUNDANCY_REMOVER (3002788inst1)	COMPLETED	0	16	6	-	133.3	0.0	0	0	174111	283
3002720inst1	MINIMAP_REDUNDANCY_REMOVER (3002720inst1)	COMPLETED	0	1386	6	-	244.5	0.0	6553600	17154048	15490464	35441
3002681inst1	MINIMAP_REDUNDANCY_REMOVER (3002681inst1)	COMPLETED	0	219564	6	-	38.3	0.0	85913600	5874638848	261796446	10492760
3002838inst1	MINIMAP_REDUNDANCY_REMOVER (3002838inst1)	COMPLETED	0	19	6	-	157.9	0.0	0	0	180825	283
3002848inst1	MINIMAP_REDUNDANCY_REMOVER (3002848inst1)	COMPLETED	0	1390	6	-	216.8	0.0	3276800	10215424	16025653	63438
3002859inst1	MINIMAP_REDUNDANCY_REMOVER (3002859inst1)	COMPLETED	0	19	6	-	122.0	0.0	0	0	171280	283
3003700inst1	MINIMAP_REDUNDANCY_REMOVER (3003700inst1)	COMPLETED	0	3477	6	-	302.9	0.0	146251776	5836103680	27588939	678599
3002854inst1	MINIMAP_REDUNDANCY_REMOVER (3002854inst1)	COMPLETED	0	2986	6	-	116.6	0.0	6553600	17215488	16329742	83842
3002867inst1	MINIMAP_REDUNDANCY_REMOVER (3002867inst1)	COMPLETED	0	17	6	-	139.9	0.0	0	0	220068	283
3002872inst1	MINIMAP_REDUNDANCY_REMOVER (3002872inst1)	COMPLETED	0	3733	6	-	113.5	0.0	18350080	610971648	17793117	220140
3002837inst1	MINIMAP_REDUNDANCY_REMOVER (3002837inst1)	COMPLETED	0	34436	6	-	348.3	0.0	119504896	560615424	45748243	2968166
3003009inst1	MINIMAP_REDUNDANCY_REMOVER (3003009inst1)	COMPLETED	0	16	6	-	115.1	0.0	0	0	176873	283
3002930inst1	MINIMAP_REDUNDANCY_REMOVER (3002930inst1)	COMPLETED	0	21	6	-	130.7	0.0	0	0	173451	283
3002986inst1	MINIMAP_REDUNDANCY_REMOVER (3002986inst1)	COMPLETED	0	29516	6	-	388.8	0.0	109658112	627724288	36330465	3644997
3003705inst1	MINIMAP_REDUNDANCY_REMOVER (3003705inst1)	COMPLETED	0	36800	6	-	542.0	0.1	769572864	1316593664	79821513	1931627
3003030inst1	MINIMAP_REDUNDANCY_REMOVER (3003030inst1)	COMPLETED	0	2362	6	-	360.6	0.0	109809664	669954048	24382090	270086
3003801inst1	MINIMAP_REDUNDANCY_REMOVER (3003801inst1)	COMPLETED	0	10535	6	-	481.0	0.0	266629120	5834575872	42993617	1009332
3003010inst1	MINIMAP_REDUNDANCY_REMOVER (3003010inst1)	COMPLETED	0	18	6	-	111.9	0.0	0	0	178596	283
3003031inst1	MINIMAP_REDUNDANCY_REMOVER (3003031inst1)	COMPLETED	0	2388	6	-	361.8	0.0	109785088	661856256	24713321	290346
3003838inst1	MINIMAP_REDUNDANCY_REMOVER (3003838inst1)	COMPLETED	0	4482	6	-	203.2	0.0	25997312	669687808	22019535	647046
3003583inst1	MINIMAP_REDUNDANCY_REMOVER (3003583inst1)	COMPLETED	0	142184	6	-	572.4	0.3	1384964096	2138677248	129571605	3671801
3003048inst1	MINIMAP_REDUNDANCY_REMOVER (3003048inst1)	COMPLETED	0	18	6	-	104.6	0.0	0	0	178066	283
3003037inst1	MINIMAP_REDUNDANCY_REMOVER (3003037inst1)	COMPLETED	0	1633	6	-	174.6	0.0	3276800	10215424	15900365	77296
3003923inst1	MINIMAP_REDUNDANCY_REMOVER (3003923inst1)	COMPLETED	0	17	6	-	113.5	0.0	0	0	235593	283
3003033inst1	MINIMAP_REDUNDANCY_REMOVER (3003033inst1)	COMPLETED	0	46179	6	-	561.8	0.2	1059418112	1601785856	91161580	1428688
3003034inst1	MINIMAP_REDUNDANCY_REMOVER (3003034inst1)	COMPLETED	0	45243	6	-	556.5	0.2	1059254272	1601785856	91157446	1428688
3003055inst2	MINIMAP_REDUNDANCY_REMOVER (3003055inst2)	COMPLETED	0	1676	6	-	241.9	0.0	34803712	669687808	17788801	130006
3003056inst1	MINIMAP_REDUNDANCY_REMOVER (3003056inst1)	COMPLETED	0	15	6	-	135.6	0.0	0	0	223075	283
3003055inst1	MINIMAP_REDUNDANCY_REMOVER (3003055inst1)	COMPLETED	0	6809	6	-	273.8	0.0	57282560	669687808	24398389	927729
3003093inst1	MINIMAP_REDUNDANCY_REMOVER (3003093inst1)	COMPLETED	0	15	6	-	100.8	0.0	0	0	177033	283
3003057inst1	MINIMAP_REDUNDANCY_REMOVER (3003057inst1)	COMPLETED	0	4145	6	-	259.0	0.0	46280704	610971648	21312715	577065
3003197inst1	MINIMAP_REDUNDANCY_REMOVER (3003197inst1)	COMPLETED	0	1224	6	-	244.7	0.0	3276800	10215424	15178444	11639
3004038inst1	MINIMAP_REDUNDANCY_REMOVER (3004038inst1)	COMPLETED	0	1407	6	-	225.6	0.0	28962816	544096256	17337978	186923
3003565inst1	MINIMAP_REDUNDANCY_REMOVER (3003565inst1)	COMPLETED	0	1300	6	-	225.7	0.0	3276800	10215424	15449484	44419
3003562inst1	MINIMAP_REDUNDANCY_REMOVER (3003562inst1)	COMPLETED	0	3036	6	-	357.6	0.0	85946368	5850853376	22762521	255528
3003952inst1	MINIMAP_REDUNDANCY_REMOVER (3003952inst1)	COMPLETED	0	33140	6	-	504.4	0.0	175149056	627724288	38620473	3881678
3004043inst1	MINIMAP_REDUNDANCY_REMOVER (3004043inst1)	COMPLETED	0	50068	6	-	376.7	0.0	110559232	623521792	48543769	5709956
3004074inst1	MINIMAP_REDUNDANCY_REMOVER (3004074inst1)	COMPLETED	0	1398	6	-	212.6	0.0	29499392	611237888	17373504	322121
3003548inst1	MINIMAP_REDUNDANCY_REMOVER (3003548inst1)	COMPLETED	0	75453	6	-	551.2	0.1	393150464	694833152	50905114	5237505
3003577inst1	MINIMAP_REDUNDANCY_REMOVER (3003577inst1)	COMPLETED	0	129329	6	-	232.5	0.0	243822592	627724288	128944205	16660483
3003550inst1	MINIMAP_REDUNDANCY_REMOVER (3003550inst1)	COMPLETED	0	13084	6	-	413.4	0.0	110997504	627724288	28657250	1561653
3003578inst1	MINIMAP_REDUNDANCY_REMOVER (3003578inst1)	COMPLETED	0	72126	6	-	545.6	0.1	352100352	627724288	48682129	4866073
3003682inst1	MINIMAP_REDUNDANCY_REMOVER (3003682inst1)	COMPLETED	0	993	6	-	364.4	0.0	28688384	544096256	17340053	186923
3003681inst1	MINIMAP_REDUNDANCY_REMOVER (3003681inst1)	COMPLETED	0	15	6	-	155.0	0.0	0	0	305866	283
3003679inst1	MINIMAP_REDUNDANCY_REMOVER (3003679inst1)	COMPLETED	0	29	6	-	86.0	0.0	0	0	305865	282
3003576inst1	MINIMAP_REDUNDANCY_REMOVER (3003576inst1)	COMPLETED	0	105251	6	-	195.6	0.0	174809088	627724288	101418875	11298062
3003680inst1	MINIMAP_REDUNDANCY_REMOVER (3003680inst1)	COMPLETED	0	17	6	-	130.7	0.0	0	0	301725	283
3003693inst1	MINIMAP_REDUNDANCY_REMOVER (3003693inst1)	COMPLETED	0	3769	6	-	384.7	0.0	146075648	628404224	30238871	362898
3004123inst1	MINIMAP_REDUNDANCY_REMOVER (3004123inst1)	COMPLETED	0	17	6	-	144.9	0.0	0	0	172217	283
3003699inst1	MINIMAP_REDUNDANCY_REMOVER (3003699inst1)	COMPLETED	0	3047	6	-	342.5	0.0	145596416	561315840	27586870	678599
3003692inst1	MINIMAP_REDUNDANCY_REMOVER (3003692inst1)	COMPLETED	0	5544	6	-	477.1	0.0	229429248	5834575872	36199885	415951
3003698inst1	MINIMAP_REDUNDANCY_REMOVER (3003698inst1)	COMPLETED	0	2973	6	-	340.5	0.0	146251776	561315840	27584804	678599
3004451inst1	MINIMAP_REDUNDANCY_REMOVER (3004451inst1)	COMPLETED	0	14	6	-	144.1	0.0	0	0	175177	283
3003645inst1	MINIMAP_REDUNDANCY_REMOVER (3003645inst1)	COMPLETED	0	54339	6	-	559.3	0.2	848707584	1433944064	74791864	2455398
3003704inst1	MINIMAP_REDUNDANCY_REMOVER (3003704inst1)	COMPLETED	0	36273	6	-	552.0	0.1	747798528	1291423744	79823589	1931629
3003741inst1	MINIMAP_REDUNDANCY_REMOVER (3003741inst1)	COMPLETED	0	1204	6	-	258.8	0.0	3276800	10215424	15477214	33771
3004191inst1	MINIMAP_REDUNDANCY_REMOVER (3004191inst1)	COMPLETED	0	2242	6	-	236.8	0.0	26251264	611106816	19286846	153401
3003718inst1	MINIMAP_REDUNDANCY_REMOVER (3003718inst1)	COMPLETED	0	1307	6	-	214.9	0.0	3276800	10215424	15212240	17309
3003748inst1	MINIMAP_REDUNDANCY_REMOVER (3003748inst1)	COMPLETED	0	16	6	-	148.1	0.0	0	0	188320	283
3003772inst1	MINIMAP_REDUNDANCY_REMOVER (3003772inst1)	COMPLETED	0	1118	6	-	231.6	0.0	3276800	10215424	15111119	9154
3004111inst1	MINIMAP_REDUNDANCY_REMOVER (3004111inst1)	COMPLETED	0	90693	6	-	577.0	0.2	1090949120	1668292608	90697959	2864336
3003746inst1	MINIMAP_REDUNDANCY_REMOVER (3003746inst1)	COMPLETED	0	1477	6	-	244.2	0.0	18022400	669687808	16222527	83939
3004608inst1	MINIMAP_REDUNDANCY_REMOVER (3004608inst1)	COMPLETED	0	18	6	-	135.1	0.0	0	0	169810	283
3003839inst1	MINIMAP_REDUNDANCY_REMOVER (3003839inst1)	COMPLETED	0	16	6	-	157.5	0.0	0	0	172580	283
3004651inst1	MINIMAP_REDUNDANCY_REMOVER (3004651inst1)	COMPLETED	0	1588	6	-	274.0	0.0	31711232	669822976	17861997	197877
3003730inst1	MINIMAP_REDUNDANCY_REMOVER (3003730inst1)	COMPLETED	0	89047	6	-	552.0	0.5	2826465280	3624251392	181807109	1612441
3003950inst1	MINIMAP_REDUNDANCY_REMOVER (3003950inst1)	COMPLETED	0	15897	6	-	371.2	0.0	109621248	661327872	30180807	2118301
3003841inst1	MINIMAP_REDUNDANCY_REMOVER (3003841inst1)	COMPLETED	0	80250	6	-	550.7	0.0	226037760	627724288	48301655	5029269
3004747inst1	MINIMAP_REDUNDANCY_REMOVER (3004747inst1)	COMPLETED	0	18	6	-	147.1	0.0	0	0	171174	283
3005010inst1	MINIMAP_REDUNDANCY_REMOVER (3005010inst1)	COMPLETED	0	10817	6	-	252.0	0.0	76210176	5862817792	31679598	1152084
3003955inst1	MINIMAP_REDUNDANCY_REMOVER (3003955inst1)	COMPLETED	0	1221	6	-	238.8	0.0	3276800	10215424	16452719	234947
3003955inst2	MINIMAP_REDUNDANCY_REMOVER (3003955inst2)	COMPLETED	0	18	6	-	158.9	0.0	0	0	180200	283
3004675inst1	MINIMAP_REDUNDANCY_REMOVER (3004675inst1)	COMPLETED	0	1159	6	-	219.8	0.0	3276800	10215424	15206566	16072
3004658inst1	MINIMAP_REDUNDANCY_REMOVER (3004658inst1)	COMPLETED	0	1458	6	-	227.7	0.0	3276800	10215424	15836201	78962
3003843inst1	MINIMAP_REDUNDANCY_REMOVER (3003843inst1)	COMPLETED	0	43926	6	-	444.9	0.0	117104640	5809053696	43001641	4948497
3003982inst1	MINIMAP_REDUNDANCY_REMOVER (3003982inst1)	COMPLETED	0	15	6	-	137.9	0.0	0	0	178470	283
3003961inst1	MINIMAP_REDUNDANCY_REMOVER (3003961inst1)	COMPLETED	0	9705	6	-	483.2	0.0	116662272	560615424	29629630	1506662
3004039inst1	MINIMAP_REDUNDANCY_REMOVER (3004039inst1)	COMPLETED	0	2556	6	-	307.0	0.0	57249792	5825794048	18447170	587519
3005063inst1	MINIMAP_REDUNDANCY_REMOVER (3005063inst1)	COMPLETED	0	39677	6	-	554.4	0.2	1014874112	5825794048	76422590	1474473
3004056inst1	MINIMAP_REDUNDANCY_REMOVER (3004056inst1)	COMPLETED	0	4697	6	-	434.8	0.0	162492416	5818626048	32126713	340142
3004766inst1	MINIMAP_REDUNDANCY_REMOVER (3004766inst1)	COMPLETED	0	16	6	-	115.1	0.0	0	0	179656	283
3003969inst1	MINIMAP_REDUNDANCY_REMOVER (3003969inst1)	COMPLETED	0	48375	6	-	558.7	0.1	512991232	1064345600	61482234	2270586
3004072inst1	MINIMAP_REDUNDANCY_REMOVER (3004072inst1)	COMPLETED	0	3197	6	-	405.1	0.0	123572224	5818486784	27763999	536474
3004073inst1	MINIMAP_REDUNDANCY_REMOVER (3004073inst1)	COMPLETED	0	2541	6	-	341.4	0.0	104624128	670105600	24654823	513117
3004075inst1	MINIMAP_REDUNDANCY_REMOVER (3004075inst1)	COMPLETED	0	1459	6	-	327.6	0.0	29184000	669822976	18804884	196359
3003770inst1	MINIMAP_REDUNDANCY_REMOVER (3003770inst1)	COMPLETED	0	189249	6	-	574.2	0.2	947224576	1517137920	78745000	6208184
3004054inst1	MINIMAP_REDUNDANCY_REMOVER (3004054inst1)	COMPLETED	0	9320	6	-	473.7	0.1	356081664	5843582976	44920997	1176472
3005069inst1	MINIMAP_REDUNDANCY_REMOVER (3005069inst1)	COMPLETED	0	4268	6	-	169.7	0.0	37011456	5798748160	24707124	524630
3004041inst1	MINIMAP_REDUNDANCY_REMOVER (3004041inst1)	COMPLETED	0	21574	6	-	189.1	0.0	78962688	5864722432	34441834	2922259
3005098inst1	MINIMAP_REDUNDANCY_REMOVER (3005098inst1)	COMPLETED	0	1324	6	-	278.7	0.0	35667968	611237888	17546709	165716
3005091inst1	MINIMAP_REDUNDANCY_REMOVER (3005091inst1)	COMPLETED	0	1023	6	-	317.5	0.0	3276800	10215424	16508224	170674
3005111inst1	MINIMAP_REDUNDANCY_REMOVER (3005111inst1)	COMPLETED	0	17	6	-	153.8	0.0	0	0	172236	283
3004103inst1	MINIMAP_REDUNDANCY_REMOVER (3004103inst1)	COMPLETED	0	1122	6	-	281.0	0.0	3276800	10215424	15612600	44212
3004122inst1	MINIMAP_REDUNDANCY_REMOVER (3004122inst1)	COMPLETED	0	1165	6	-	303.8	0.0	31285248	543965184	17013488	118612
3006719inst1	MINIMAP_REDUNDANCY_REMOVER (3006719inst1)	COMPLETED	0	201231	6	-	578.7	0.4	2251341824	3053174784	177958324	3298622
3004144inst1	MINIMAP_REDUNDANCY_REMOVER (3004144inst1)	COMPLETED	0	18	6	-	106.0	0.0	0	0	175949	283
3006225inst1	MINIMAP_REDUNDANCY_REMOVER (3006225inst1)	COMPLETED	0	18	6	-	130.7	0.0	0	0	201677	283
3006954inst1	MINIMAP_REDUNDANCY_REMOVER (3006954inst1)	COMPLETED	0	17	6	-	133.3	0.0	0	0	174161	283
3004143inst1	MINIMAP_REDUNDANCY_REMOVER (3004143inst1)	COMPLETED	0	16	6	-	122.1	0.0	0	0	172016	283
3004480inst1	MINIMAP_REDUNDANCY_REMOVER (3004480inst1)	COMPLETED	0	9679	6	-	436.8	0.1	741928960	1418915840	59622090	920396
3004517inst1	MINIMAP_REDUNDANCY_REMOVER (3004517inst1)	COMPLETED	0	17	6	-	139.9	0.0	0	0	175479	283
3007459inst1	MINIMAP_REDUNDANCY_REMOVER (3007459inst1)	COMPLETED	0	16	6	-	143.9	0.0	0	0	171190	283
3004359inst1	MINIMAP_REDUNDANCY_REMOVER (3004359inst1)	COMPLETED	0	17	6	-	134.2	0.0	0	0	171198	283
3004550inst1	MINIMAP_REDUNDANCY_REMOVER (3004550inst1)	COMPLETED	0	1931	6	-	135.2	0.0	3276800	10215424	16023583	63438
3004142inst1	MINIMAP_REDUNDANCY_REMOVER (3004142inst1)	COMPLETED	0	16	6	-	116.3	0.0	0	0	178333	283
3004580inst1	MINIMAP_REDUNDANCY_REMOVER (3004580inst1)	COMPLETED	0	14637	6	-	542.1	0.1	374419456	695271424	45744574	1033813
3004107inst1	MINIMAP_REDUNDANCY_REMOVER (3004107inst1)	COMPLETED	0	337747	6	-	577.7	0.4	2451075072	3195424768	226990798	9469328
3004583inst1	MINIMAP_REDUNDANCY_REMOVER (3004583inst1)	COMPLETED	0	14602	6	-	527.7	0.1	376655872	695271424	45744581	1033821
3004379inst1	MINIMAP_REDUNDANCY_REMOVER (3004379inst1)	COMPLETED	0	15	6	-	163.9	0.0	0	0	196998	283
3007659inst1	MINIMAP_REDUNDANCY_REMOVER (3007659inst1)	COMPLETED	0	18	6	-	138.9	0.0	0	0	174558	283
3008226inst1	MINIMAP_REDUNDANCY_REMOVER (3008226inst1)	COMPLETED	0	16	6	-	120.3	0.0	0	0	179608	283
3004600inst1	MINIMAP_REDUNDANCY_REMOVER (3004600inst1)	COMPLETED	0	15	6	-	134.5	0.0	0	0	175970	283
3008199inst1	MINIMAP_REDUNDANCY_REMOVER (3008199inst1)	COMPLETED	0	17	6	-	111.1	0.0	0	0	182554	283
3004656inst1	MINIMAP_REDUNDANCY_REMOVER (3004656inst1)	COMPLETED	0	1063	6	-	278.2	0.0	23592960	5783212032	15068524	2906
3008509inst1	MINIMAP_REDUNDANCY_REMOVER (3008509inst1)	COMPLETED	0	26	6	-	100.0	0.0	0	0	212285	283
3008735inst1	MINIMAP_REDUNDANCY_REMOVER (3008735inst1)	COMPLETED	0	18	6	-	115.1	0.0	0	0	175310	283
3004720inst1	MINIMAP_REDUNDANCY_REMOVER (3004720inst1)	COMPLETED	0	15	6	-	125.0	0.0	0	0	173900	283
3004826inst1	MINIMAP_REDUNDANCY_REMOVER (3004826inst1)	COMPLETED	0	17	6	-	157.5	0.0	0	0	177518	283
3004623inst1	MINIMAP_REDUNDANCY_REMOVER (3004623inst1)	COMPLETED	0	16	6	-	123.1	0.0	0	0	172364	283
3004683inst1	MINIMAP_REDUNDANCY_REMOVER (3004683inst1)	COMPLETED	0	1140	6	-	258.5	0.0	3276800	10215424	15109730	7385
3004588inst1	MINIMAP_REDUNDANCY_REMOVER (3004588inst1)	COMPLETED	0	4045	6	-	447.5	0.0	61083648	610971648	22285566	555330
3005035inst1	MINIMAP_REDUNDANCY_REMOVER (3005035inst1)	COMPLETED	0	20	6	-	92.0	0.0	0	0	169416	282
3005040inst1	MINIMAP_REDUNDANCY_REMOVER (3005040inst1)	COMPLETED	0	6792	6	-	471.8	0.1	298831872	561291264	38891744	425435
3005044inst1	MINIMAP_REDUNDANCY_REMOVER (3005044inst1)	COMPLETED	0	1189	6	-	311.7	0.0	3276800	10215424	16392003	84774
3005043inst1	MINIMAP_REDUNDANCY_REMOVER (3005043inst1)	COMPLETED	0	1938	6	-	184.5	0.0	3276800	10215424	16059707	91690
3005047inst1	MINIMAP_REDUNDANCY_REMOVER (3005047inst1)	COMPLETED	0	6941	6	-	299.8	0.0	68775936	5828112384	24259411	837605
3004290inst1	MINIMAP_REDUNDANCY_REMOVER (3004290inst1)	COMPLETED	0	160997	6	-	289.3	0.0	187064320	5874933760	153321896	18041542
3005059inst1	MINIMAP_REDUNDANCY_REMOVER (3005059inst1)	COMPLETED	0	4992	6	-	408.0	0.0	67698688	5840318464	22307869	1002051
3005053inst1	MINIMAP_REDUNDANCY_REMOVER (3005053inst1)	COMPLETED	0	1331	6	-	222.5	0.0	6553600	17305600	16346658	146486
3005067inst1	MINIMAP_REDUNDANCY_REMOVER (3005067inst1)	COMPLETED	0	3895	6	-	397.8	0.0	114069504	669822976	25566832	548575
3005085inst1	MINIMAP_REDUNDANCY_REMOVER (3005085inst1)	COMPLETED	0	15	6	-	125.0	0.0	0	0	171197	283
3005090inst1	MINIMAP_REDUNDANCY_REMOVER (3005090inst1)	COMPLETED	0	1445	6	-	224.8	0.0	3276800	10215424	16508224	170674
3005068inst1	MINIMAP_REDUNDANCY_REMOVER (3005068inst1)	COMPLETED	0	3568	6	-	428.8	0.0	115126272	5786456064	25564763	548575
3005323inst1	MINIMAP_REDUNDANCY_REMOVER (3005323inst1)	COMPLETED	0	1334	6	-	211.5	0.0	3276800	10215424	15942548	88719
3005096inst1	MINIMAP_REDUNDANCY_REMOVER (3005096inst1)	COMPLETED	0	17	6	-	133.3	0.0	0	0	171568	283
3005461inst1	MINIMAP_REDUNDANCY_REMOVER (3005461inst1)	COMPLETED	0	15	6	-	165.3	0.0	0	0	173743	283
3005064inst1	MINIMAP_REDUNDANCY_REMOVER (3005064inst1)	COMPLETED	0	38685	6	-	554.5	0.2	1020915712	5834731520	76418457	1474485
3005462inst1	MINIMAP_REDUNDANCY_REMOVER (3005462inst1)	COMPLETED	0	17	6	-	108.8	0.0	0	0	169608	283
3006853inst1	MINIMAP_REDUNDANCY_REMOVER (3006853inst1)	COMPLETED	0	17	6	-	109.6	0.0	0	0	175689	283
3006899inst1	MINIMAP_REDUNDANCY_REMOVER (3006899inst1)	COMPLETED	0	19	6	-	125.0	0.0	0	0	172412	283
3006987inst1	MINIMAP_REDUNDANCY_REMOVER (3006987inst1)	COMPLETED	0	19	6	-	129.0	0.0	0	0	239506	283
3007208inst1	MINIMAP_REDUNDANCY_REMOVER (3007208inst1)	COMPLETED	0	25	6	-	78.8	0.0	0	0	230921	282
3007431inst1	MINIMAP_REDUNDANCY_REMOVER (3007431inst1)	COMPLETED	0	24	6	-	92.2	0.0	0	0	171067	282
3007210inst1	MINIMAP_REDUNDANCY_REMOVER (3007210inst1)	COMPLETED	0	28	6	-	76.9	0.0	0	0	176356	282
3007371inst1	MINIMAP_REDUNDANCY_REMOVER (3007371inst1)	COMPLETED	0	18	6	-	132.5	0.0	0	0	171064	283
3007682inst1	MINIMAP_REDUNDANCY_REMOVER (3007682inst1)	COMPLETED	0	1267	6	-	245.9	0.0	3276800	10215424	16309423	111717
3007903inst1	MINIMAP_REDUNDANCY_REMOVER (3007903inst1)	COMPLETED	0	8675	6	-	336.8	0.0	60366848	5800927232	23683496	1731070
3005863inst1	MINIMAP_REDUNDANCY_REMOVER (3005863inst1)	COMPLETED	0	90595	6	-	561.7	0.2	1065160704	1584717824	99650515	4802624
3008462inst1	MINIMAP_REDUNDANCY_REMOVER (3008462inst1)	COMPLETED	0	19	6	-	126.6	0.0	0	0	170605	283
3008618inst1	MINIMAP_REDUNDANCY_REMOVER (3008618inst1)	COMPLETED	0	18	6	-	129.0	0.0	0	0	177278	283
3008648inst1	MINIMAP_REDUNDANCY_REMOVER (3008648inst1)	COMPLETED	0	16	6	-	146.0	0.0	0	0	173674	283
3009016inst1	MINIMAP_REDUNDANCY_REMOVER (3009016inst1)	COMPLETED	0	15	6	-	162.6	0.0	0	0	173811	283
3007438inst1	MINIMAP_REDUNDANCY_REMOVER (3007438inst1)	COMPLETED	0	157652	6	-	284.8	0.0	185655296	5874659328	153319806	18041516
3004077inst1	MINIMAP_REDUNDANCY_REMOVER (3004077inst1)	COMPLETED	0	810020	6	-	589.3	0.7	4078530560	4722368512	333466061	7372085
ww_fastpOut_reads_R	BWAMEM2 (ww_fastpOut_reads_R)	COMPLETED	0	2841289	12	-	1034.7	1.9	10548690944	14986625024	39029123533	29163116735
ww_fastpOut_reads_R	BAM_FILTER (ww_fastpOut_reads_R)	COMPLETED	0	5496181	1	-	95.9	0.0	167833600	6699667456	162170072013	734753053
ww_fastpOut_reads_R	PATH_READ_ALN_FILTER (ww_fastpOut_reads_R)	COMPLETED	0	1235982	1	-	28.1	0.0	95469568	5879459840	11339230290	606467295
ww_fastpOut_reads_R	MINIMAP_TRIM_PATHS (ww_fastpOut_reads_R)	COMPLETED	0	4533029	12	-	226.5	1.0	5593505792	9285545984	1257317741935	2842045238
ww_fastpOut_reads_R	BAKTA (ww_fastpOut_reads_R)	COMPLETED	0	146343	1	-	80.0	0.7	4007419904	17044926464	2986111692	22929859
ww_fastpOut_reads_R	BAKTA (ww_fastpOut_reads_R)	COMPLETED	0	170019	1	-	58.7	0.6	3389657088	17336143872	2053028539	1351594
ww_fastpOut_reads_R	BAKTA (ww_fastpOut_reads_R)	COMPLETED	0	182968	1	-	55.4	0.5	3579707392	16609665024	2052642925	1349639
ww_fastpOut_reads_R	BAKTA (ww_fastpOut_reads_R)	COMPLETED	0	184807	1	-	54.0	0.6	3283238912	16321597440	2053859161	1355110
ww_fastpOut_reads_R	BAKTA (ww_fastpOut_reads_R)	COMPLETED	0	188485	1	-	53.7	0.6	3316068352	17385840640	2053437132	1353239
ww_fastpOut_reads_R	BAKTA (ww_fastpOut_reads_R)	COMPLETED	0	187988	1	-	52.7	0.6	3321028608	59118252032	2052932009	1344751
ww_fastpOut_reads_R	BAKTA (ww_fastpOut_reads_R)	COMPLETED	0	189573	1	-	53.3	0.6	3338055680	16375791616	2052417470	1345501
ww_fastpOut_reads_R	BAKTA (ww_fastpOut_reads_R)	COMPLETED	0	187221	1	-	53.9	0.6	3378978816	16417460224	2052965142	1350052
ww_fastpOut_reads_R	BAKTA (ww_fastpOut_reads_R)	COMPLETED	0	193846	1	-	58.7	0.5	3018235904	15139684352	3088192896	25545378
ww_fastpOut_reads_R	BAKTA (ww_fastpOut_reads_R)	COMPLETED	0	194591	1	-	52.3	0.6	3376771072	16417357824	2053427761	1352075
ww_fastpOut_reads_R	BAKTA (ww_fastpOut_reads_R)	COMPLETED	0	195900	1	-	51.2	0.5	3217276928	16326438912	2052863872	1353199
ww_fastpOut_reads_R	BAKTA (ww_fastpOut_reads_R)	COMPLETED	0	199227	1	-	50.2	0.6	3317899264	16489238528	2052129714	1345463
ww_fastpOut_reads_R	BAKTA (ww_fastpOut_reads_R)	COMPLETED	0	202076	1	-	49.9	0.5	3305598976	16471363584	2053592011	1351853
ww_fastpOut_reads_R	BAKTA (ww_fastpOut_reads_R)	COMPLETED	0	209423	1	-	47.3	0.5	3293962240	16469168128	2052540765	1345036
ww_fastpOut_reads_R	BAKTA (ww_fastpOut_reads_R)	COMPLETED	0	209647	1	-	47.7	0.6	3402428416	16503562240	2052405567	1350146
ww_fastpOut_reads_R	BAKTA (ww_fastpOut_reads_R)	COMPLETED	0	213734	1	-	45.7	0.6	3264856064	16369496064	2052805358	1345650
ww_fastpOut_reads_R	BAKTA (ww_fastpOut_reads_R)	COMPLETED	0	213546	1	-	47.6	0.6	3267870720	16381865984	2053427831	1352276
ww_fastpOut_reads_R	BAKTA (ww_fastpOut_reads_R)	COMPLETED	0	217139	1	-	47.1	0.6	3494129664	50825703424	2052804292	1349566
ww_fastpOut_reads_R	BAKTA (ww_fastpOut_reads_R)	COMPLETED	0	219200	1	-	45.1	0.6	3154178048	16252424192	2053343671	1349785
ww_fastpOut_reads_R	BAKTA (ww_fastpOut_reads_R)	COMPLETED	0	221554	1	-	45.0	0.6	3339264000	16511696896	2053053725	1345285
ww_fastpOut_reads_R	BAKTA (ww_fastpOut_reads_R)	COMPLETED	0	220395	1	-	44.6	0.5	3086618624	16195543040	2052909713	1347660
ww_fastpOut_reads_R	BAKTA (ww_fastpOut_reads_R)	COMPLETED	0	221403	1	-	45.6	0.5	3381063680	25722908672	2052197967	1345458
ww_fastpOut_reads_R	BAKTA (ww_fastpOut_reads_R)	COMPLETED	0	219636	1	-	46.3	0.6	3293339648	16460554240	2053890262	1354976
ww_fastpOut_reads_R	BAKTA (ww_fastpOut_reads_R)	COMPLETED	0	224064	1	-	45.7	0.6	3540422656	16649699328	2052277902	1349720
ww_fastpOut_reads_R	BAKTA (ww_fastpOut_reads_R)	COMPLETED	0	225916	1	-	43.3	0.5	3282157568	17331163136	2052671164	1344374
ww_fastpOut_reads_R	BAKTA (ww_fastpOut_reads_R)	COMPLETED	0	226416	1	-	44.7	0.5	3284385792	16324673536	2053340245	1353259
ww_fastpOut_reads_R	BAKTA (ww_fastpOut_reads_R)	COMPLETED	0	228930	1	-	44.1	0.6	3388866560	34023411712	2053081580	1352714
ww_fastpOut_reads_R	BAKTA (ww_fastpOut_reads_R)	COMPLETED	0	231965	1	-	43.1	0.5	3113263104	16149585920	2053435764	1355148
ww_fastpOut_reads_R	BAKTA (ww_fastpOut_reads_R)	COMPLETED	0	231533	1	-	38.0	0.5	3041374208	15147159552	2044645785	1135215
ww_fastpOut_reads_R	BAKTA (ww_fastpOut_reads_R)	COMPLETED	0	234014	1	-	42.9	0.6	3375702016	16423030784	2053255423	1353014
ww_fastpOut_reads_R	BAKTA (ww_fastpOut_reads_R)	COMPLETED	0	233997	1	-	43.0	0.6	3206119424	16384397312	2053571906	1355289
ww_fastpOut_reads_R	BAKTA (ww_fastpOut_reads_R)	COMPLETED	0	233993	1	-	43.3	0.6	3391299584	17324945408	2052793006	1349747
ww_fastpOut_reads_R	BAKTA (ww_fastpOut_reads_R)	COMPLETED	0	235568	1	-	43.4	0.6	3385511936	16556154880	2052163791	1344767
ww_fastpOut_reads_R	BAKTA (ww_fastpOut_reads_R)	COMPLETED	0	234834	1	-	43.0	0.6	3217100800	16322342912	2052939201	1352466
ww_fastpOut_reads_R	BAKTA (ww_fastpOut_reads_R)	COMPLETED	0	236504	1	-	43.6	0.6	3369451520	16484507648	2053215568	1349647
ww_fastpOut_reads_R	BAKTA (ww_fastpOut_reads_R)	COMPLETED	0	239760	1	-	42.6	0.6	3469312000	16570707968	2052851700	1349963
ww_fastpOut_reads_R	BAKTA (ww_fastpOut_reads_R)	COMPLETED	0	242827	1	-	41.9	0.5	3151962112	16256548864	2053504191	1348039
ww_fastpOut_reads_R	BAKTA (ww_fastpOut_reads_R)	COMPLETED	0	245032	1	-	41.8	0.6	3341742080	16388837376	2053615148	1351976
ww_fastpOut_reads_R	BAKTA (ww_fastpOut_reads_R)	COMPLETED	0	247552	1	-	41.4	0.6	3215237120	16277000192	2053334450	1352163
ww_fastpOut_reads_R	BAKTA (ww_fastpOut_reads_R)	COMPLETED	0	251803	1	-	39.1	0.5	3096272896	16198279168	2053680748	1355478
ww_fastpOut_reads_R	BAKTA (ww_fastpOut_reads_R)	COMPLETED	0	142323	1	-	68.5	0.5	3381604352	16554033152	2053532678	1344520
ww_fastpOut_reads_R	BAKTA (ww_fastpOut_reads_R)	COMPLETED	0	137712	1	-	70.1	0.3	3042365440	14724112384	2053874341	1348179
ww_fastpOut_reads_R	BAKTA (ww_fastpOut_reads_R)	COMPLETED	0	180256	1	-	53.8	0.5	3012321280	42411925504	2053889299	1351222
ww_fastpOut_reads_R	BAKTA (ww_fastpOut_reads_R)	COMPLETED	0	160557	1	-	59.9	0.5	3013730304	16345788416	2053126146	1345061
ww_fastpOut_reads_R	BAKTA (ww_fastpOut_reads_R)	COMPLETED	0	182831	1	-	54.3	0.5	3123122176	16340512768	2053076010	1351522
ww_fastpOut_reads_R	BAKTA (ww_fastpOut_reads_R)	COMPLETED	0	197852	1	-	49.9	0.5	3041693696	16314171392	2053099697	1344861
ww_fastpOut_reads_R	BAKTA (ww_fastpOut_reads_R)	COMPLETED	0	196572	1	-	50.7	0.5	3299512320	16330186752	2052705947	1344740
ww_fastpOut_reads_R	BAKTA (ww_fastpOut_reads_R)	COMPLETED	0	193668	1	-	50.9	0.5	3229917184	59205132288	2052883797	1348079
ww_fastpOut_reads_R	BAKTA (ww_fastpOut_reads_R)	COMPLETED	0	208895	1	-	46.3	0.5	3018821632	34065747968	2057409311	1466784
ww_fastpOut_reads_R	BAKTA (ww_fastpOut_reads_R)	COMPLETED	0	175337	1	-	56.6	0.6	3345842176	17399382016	2053877210	1346720
ww_fastpOut_reads_R	BAKTA (ww_fastpOut_reads_R)	COMPLETED	0	187414	1	-	52.0	0.6	3308552192	17352716288	2053766684	1346796
ww_fastpOut_reads_R	BAKTA (ww_fastpOut_reads_R)	COMPLETED	0	218800	1	-	45.3	0.5	3130281984	17354993664	2052847116	1348327
ww_fastpOut_reads_R	BAKTA (ww_fastpOut_reads_R)	COMPLETED	0	182151	1	-	53.6	0.6	3397222400	16536072192	2053185689	1346527
ww_fastpOut_reads_R	BAKTA (ww_fastpOut_reads_R)	COMPLETED	0	181556	1	-	53.5	0.6	3308814336	16348962816	2053266605	1347100
ww_fastpOut_reads_R	BAKTA (ww_fastpOut_reads_R)	COMPLETED	0	185635	1	-	52.6	0.5	3330039808	16432893952	2053161030	1345142
ww_fastpOut_reads_R	BAKTA (ww_fastpOut_reads_R)	COMPLETED	0	180319	1	-	61.2	0.8	4891500544	18056376320	2055031806	3008768
ww_fastpOut_reads_R	BAKTA (ww_fastpOut_reads_R)	COMPLETED	0	183229	1	-	54.1	0.6	3249209344	16293109760	2052214629	1349109
ww_fastpOut_reads_R	BAKTA (ww_fastpOut_reads_R)	COMPLETED	0	205022	1	-	47.4	0.5	3115261952	16160477184	2053586501	1350468
ww_fastpOut_reads_R	BAKTA (ww_fastpOut_reads_R)	COMPLETED	0	179205	1	-	54.9	0.5	3201007616	17332506624	2053118200	1353005
ww_fastpOut_reads_R	BAKTA (ww_fastpOut_reads_R)	COMPLETED	0	226358	1	-	45.2	0.5	3313737728	16357830656	2052587111	1344612
ww_fastpOut_reads_R	BAKTA (ww_fastpOut_reads_R)	COMPLETED	0	171484	1	-	50.3	0.5	3014397952	15294578688	1720122099	1540208
ww_fastpOut_reads_R	BAKTA (ww_fastpOut_reads_R)	COMPLETED	0	185427	1	-	45.5	0.5	3041021952	16068648960	1705788537	1199831
ww_fastpOut_reads_R	BAKTA (ww_fastpOut_reads_R)	COMPLETED	0	225381	1	-	44.6	0.5	3140665344	16252100608	2053754505	1350252
ww_fastpOut_reads_R	BAKTA (ww_fastpOut_reads_R)	COMPLETED	0	216342	1	-	42.4	0.5	3043938304	15231852544	2056950072	1460643
ww_fastpOut_reads_R	BAKTA (ww_fastpOut_reads_R)	COMPLETED	0	190343	1	-	51.9	0.6	3398926336	16571379712	2053339494	1349498
ww_fastpOut_reads_R	BAKTA (ww_fastpOut_reads_R)	COMPLETED	0	219989	1	-	44.7	0.5	3268825088	16370585600	2053645055	1348051
ww_fastpOut_reads_R	BAKTA (ww_fastpOut_reads_R)	COMPLETED	0	201509	1	-	42.0	0.5	3045933056	15308980224	2036051275	1148983
ww_fastpOut_reads_R	BAKTA (ww_fastpOut_reads_R)	COMPLETED	0	226796	1	-	43.0	0.6	3245981696	16352522240	2052865495	1346886
ww_fastpOut_reads_R	BAKTA (ww_fastpOut_reads_R)	COMPLETED	0	218778	1	-	46.2	0.5	3143098368	16312397824	2053499151	1350603
ww_fastpOut_reads_R	BAKTA (ww_fastpOut_reads_R)	COMPLETED	0	209646	1	-	47.5	0.5	3322867712	17383628800	2053250291	1349737
ww_fastpOut_reads_R	BAKTA (ww_fastpOut_reads_R)	COMPLETED	0	204523	1	-	44.1	0.5	3045224448	15630393344	2048069909	1214285
ww_fastpOut_reads_R	BAKTA (ww_fastpOut_reads_R)	COMPLETED	0	243802	1	-	40.2	0.5	3153952768	16261652480	2053798624	1350238
ww_fastpOut_reads_R	BAKTA (ww_fastpOut_reads_R)	COMPLETED	0	228401	1	-	43.5	0.5	3206844416	16309682176	2053099436	1347627
ww_fastpOut_reads_R	BAKTA (ww_fastpOut_reads_R)	COMPLETED	0	216240	1	-	47.1	0.6	3287425024	34012860416	2053400057	1347320
ww_fastpOut_reads_R	BAKTA (ww_fastpOut_reads_R)	COMPLETED	0	232986	1	-	42.9	0.6	3367616512	17384501248	2053231441	1347620
ww_fastpOut_reads_R	BAKTA (ww_fastpOut_reads_R)	COMPLETED	0	239385	1	-	39.5	0.5	3016155136	15221047296	2050478040	1422500
ww_fastpOut_reads_R	BAKTA (ww_fastpOut_reads_R)	COMPLETED	0	241184	1	-	39.9	0.5	3098873856	16143200256	2052977439	1350039
ww_fastpOut_reads_R	BAKTA (ww_fastpOut_reads_R)	COMPLETED	0	226731	1	-	44.2	0.6	3551559680	16594018304	2052454297	1315850
ww_fastpOut_reads_R	BAKTA (ww_fastpOut_reads_R)	COMPLETED	0	227358	1	-	88.5	1.0	5569921024	18720911360	3682561428	41339440
ww_fastpOut_reads_R	BAKTA (ww_fastpOut_reads_R)	COMPLETED	0	229862	1	-	43.9	0.5	3542495232	16648450048	2052321782	1315811
ww_fastpOut_reads_R	BAKTA (ww_fastpOut_reads_R)	COMPLETED	0	125274	1	-	62.0	0.5	3012427776	15117893632	1707220462	1238593
ww_fastpOut_reads_R	BAKTA (ww_fastpOut_reads_R)	COMPLETED	0	146594	1	-	61.6	0.5	3014975488	15486492672	1724646342	3112046
ww_fastpOut_reads_R	BAKTA (ww_fastpOut_reads_R)	COMPLETED	0	97121	1	-	120.8	0.5	3046932480	14662426624	3045972540	24265114
ww_fastpOut_reads_R	BAKTA (ww_fastpOut_reads_R)	COMPLETED	0	186064	1	-	54.1	0.6	3310092288	42446168064	2051968905	1349467
ww_fastpOut_reads_R	BAKTA (ww_fastpOut_reads_R)	COMPLETED	0	170813	1	-	55.2	0.4	3016429568	15411007488	2057739094	1465905
ww_fastpOut_reads_R	BAKTA (ww_fastpOut_reads_R)	COMPLETED	0	150645	1	-	76.2	0.5	3015888896	117489545216	3046774349	24268012
ww_fastpOut_reads_R	BAKTA (ww_fastpOut_reads_R)	COMPLETED	0	191140	1	-	61.9	0.5	3103641600	16205119488	3091318697	25316791
ww_fastpOut_reads_R	BAKTA (ww_fastpOut_reads_R)	COMPLETED	0	163112	1	-	60.0	0.5	3121467392	16143622144	2054235781	1354248
ww_fastpOut_reads_R	BAKTA (ww_fastpOut_reads_R)	COMPLETED	0	175034	1	-	56.0	0.6	3266834432	16442449920	2053434413	1348430
ww_fastpOut_reads_R	BAKTA (ww_fastpOut_reads_R)	COMPLETED	0	207120	1	-	48.3	0.6	3508998144	17381175296	2052566352	1349026
ww_fastpOut_reads_R	BAKTA (ww_fastpOut_reads_R)	COMPLETED	0	163473	1	-	68.6	0.4	3017928704	15750131712	3044563819	24228539
ww_fastpOut_reads_R	BAKTA (ww_fastpOut_reads_R)	COMPLETED	0	215027	1	-	47.5	0.6	3552460800	16623923200	2053232273	1348924
ww_fastpOut_reads_R	BAKTA (ww_fastpOut_reads_R)	COMPLETED	0	203415	1	-	44.4	0.5	3043823616	15078440960	2055998793	3023262
ww_fastpOut_reads_R	BAKTA (ww_fastpOut_reads_R)	COMPLETED	0	210696	1	-	48.9	0.6	3400708096	16567230464	2053711957	1352217
ww_fastpOut_reads_R	BAKTA (ww_fastpOut_reads_R)	COMPLETED	0	191095	1	-	65.7	0.9	5119913984	18151063552	2986573985	22875586
ww_fastpOut_reads_R	BAKTA (ww_fastpOut_reads_R)	COMPLETED	0	185055	1	-	63.6	0.5	3016667136	17381675008	3134128666	26288758
ww_fastpOut_reads_R	BAKTA (ww_fastpOut_reads_R)	COMPLETED	0	170787	1	-	69.6	0.5	3018772480	16001626112	3089940897	25286084
ww_fastpOut_reads_R	BAKTA (ww_fastpOut_reads_R)	COMPLETED	0	197844	1	-	49.0	0.6	3163963392	84295106560	2053707824	1354711
ww_fastpOut_reads_R	BAKTA (ww_fastpOut_reads_R)	COMPLETED	0	166856	1	-	71.3	0.5	3122499584	16219246592	3047040197	24301750
ww_fastpOut_reads_R	BAKTA (ww_fastpOut_reads_R)	COMPLETED	0	198891	1	-	50.2	0.6	3398864896	50769612800	2053545961	1350954
ww_fastpOut_reads_R	BAKTA (ww_fastpOut_reads_R)	COMPLETED	0	210087	1	-	47.2	0.6	3510136832	16552284160	2053228751	1348757
ww_fastpOut_reads_R	BAKTA (ww_fastpOut_reads_R)	COMPLETED	0	185574	1	-	53.0	0.5	3047370752	14662885376	2053937705	1351141
ww_fastpOut_reads_R	BAKTA (ww_fastpOut_reads_R)	COMPLETED	0	208153	1	-	47.2	0.5	3111374848	17381609472	2053990653	1351839
ww_fastpOut_reads_R	BAKTA (ww_fastpOut_reads_R)	COMPLETED	0	200413	1	-	49.2	0.5	3266306048	16303161344	2053017118	1351407
ww_fastpOut_reads_R	BAKTA (ww_fastpOut_reads_R)	COMPLETED	0	218055	1	-	44.9	0.6	3335561216	16449802240	2053761580	1352476
ww_fastpOut_reads_R	BAKTA (ww_fastpOut_reads_R)	COMPLETED	0	170155	1	-	68.2	0.5	3017723904	15943303168	3045868303	24273521
ww_fastpOut_reads_R	BAKTA (ww_fastpOut_reads_R)	COMPLETED	0	170207	1	-	68.4	0.5	3019997184	17390415872	3045790556	24273487
ww_fastpOut_reads_R	BAKTA (ww_fastpOut_reads_R)	COMPLETED	0	208902	1	-	46.8	0.5	3016941568	42464677888	2053774054	1354844
ww_fastpOut_reads_R	BAKTA (ww_fastpOut_reads_R)	COMPLETED	0	172754	1	-	68.6	0.5	3140567040	25687048192	3090827633	25320542
ww_fastpOut_reads_R	BAKTA (ww_fastpOut_reads_R)	COMPLETED	0	211836	1	-	46.8	0.6	3342110720	16374099968	2053716117	1351249
ww_fastpOut_reads_R	BAKTA (ww_fastpOut_reads_R)	COMPLETED	0	190445	1	-	64.4	0.5	3160842240	25737117696	3091368625	25318322
ww_fastpOut_reads_R	BAKTA (ww_fastpOut_reads_R)	COMPLETED	0	217713	1	-	44.5	0.6	3269074944	16442818560	2053254772	1351355
ww_fastpOut_reads_R	BAKTA (ww_fastpOut_reads_R)	COMPLETED	0	198025	1	-	50.6	0.5	3226169344	16390795264	2053304736	1350788
ww_fastpOut_reads_R	BAKTA (ww_fastpOut_reads_R)	COMPLETED	0	218584	1	-	44.8	0.5	3233058816	17384747008	2053284184	1348696
ww_fastpOut_reads_R	BAKTA (ww_fastpOut_reads_R)	COMPLETED	0	167668	1	-	68.7	0.5	3048374272	15652585472	3044472497	24225428
ww_fastpOut_reads_R	BAKTA (ww_fastpOut_reads_R)	COMPLETED	0	194494	1	-	60.2	0.7	4117450752	17282686976	2939028265	21795950
ww_fastpOut_reads_R	BAKTA (ww_fastpOut_reads_R)	COMPLETED	0	229722	1	-	42.6	0.5	3174838272	16288407552	2053217470	1348031
ww_fastpOut_reads_R	BAKTA (ww_fastpOut_reads_R)	COMPLETED	0	193874	1	-	51.6	0.6	3347181568	16392953856	2052908905	1347056
ww_fastpOut_reads_R	BAKTA (ww_fastpOut_reads_R)	COMPLETED	0	222843	1	-	44.4	0.6	3369701376	17383714816	2054086821	1351345
ww_fastpOut_reads_R	BAKTA (ww_fastpOut_reads_R)	COMPLETED	0	217212	1	-	44.5	0.6	3306577920	16410775552	2053046234	1347732
ww_fastpOut_reads_R	BAKTA (ww_fastpOut_reads_R)	COMPLETED	0	195604	1	-	47.9	0.5	3044286464	15361052672	2058447840	1760547
ww_fastpOut_reads_R	BAKTA (ww_fastpOut_reads_R)	COMPLETED	0	224938	1	-	43.2	0.5	3211329536	16253505536	2052148332	1347418
ww_fastpOut_reads_R	BAKTA (ww_fastpOut_reads_R)	COMPLETED	0	253563	1	-	38.9	0.6	3171954688	16300597248	2052973432	1347317
ww_fastpOut_reads_R	BAKTA (ww_fastpOut_reads_R)	COMPLETED	0	218254	1	-	45.1	0.6	3351216128	16510504960	2052318743	1349720
ww_fastpOut_reads_R	BAKTA (ww_fastpOut_reads_R)	COMPLETED	0	149606	1	-	51.8	0.5	3042705408	15106650112	1711193779	1210430
ww_fastpOut_reads_R	BAKTA (ww_fastpOut_reads_R)	COMPLETED	0	222906	1	-	44.5	0.5	3381395456	17397501952	2052353345	1345480
ww_fastpOut_reads_R	BAKTA (ww_fastpOut_reads_R)	COMPLETED	0	197384	1	-	51.1	0.5	3307048960	16412614656	2052385741	1347678
ww_fastpOut_reads_R	BAKTA (ww_fastpOut_reads_R)	COMPLETED	0	144415	1	-	81.7	0.5	3046076416	15870570496	3134586768	26278767
ww_fastpOut_reads_R	BAKTA (ww_fastpOut_reads_R)	COMPLETED	0	199464	1	-	58.4	0.9	5920428032	19093233664	2054903859	1585639
ww_fastpOut_reads_R	BAKTA (ww_fastpOut_reads_R)	COMPLETED	0	174607	1	-	66.7	1.1	5882736640	18969059328	2055118840	1582940
ww_fastpOut_reads_R	BAKTA (ww_fastpOut_reads_R)	COMPLETED	0	157791	1	-	51.1	0.5	3014684672	15673622528	1708044694	1282003
ww_fastpOut_reads_R	BAKTA (ww_fastpOut_reads_R)	COMPLETED	0	166858	1	-	54.0	0.5	3018399744	15077785600	2054622121	1591435
ww_fastpOut_reads_R	BAKTA (ww_fastpOut_reads_R)	COMPLETED	0	166457	1	-	67.6	0.5	3045658624	15648727040	3045143664	24226273
ww_fastpOut_reads_R	BAKTA (ww_fastpOut_reads_R)	COMPLETED	0	197905	1	-	49.8	0.6	3184824320	16363864064	2053866068	1350490
ww_fastpOut_reads_R	BAKTA (ww_fastpOut_reads_R)	COMPLETED	0	172643	1	-	67.2	0.5	3045548032	15947943936	3046154033	24267059
ww_fastpOut_reads_R	BAKTA (ww_fastpOut_reads_R)	COMPLETED	0	164328	1	-	54.6	0.5	3014291456	15069126656	2054720685	1589610
ww_fastpOut_reads_R	BAKTA (ww_fastpOut_reads_R)	COMPLETED	0	177755	1	-	47.1	0.5	3014832128	15631060992	1713134033	1239070
ww_fastpOut_reads_R	BAKTA (ww_fastpOut_reads_R)	COMPLETED	0	178167	1	-	68.7	0.5	3157086208	16253501440	3047461269	24305569
ww_fastpOut_reads_R	BAKTA (ww_fastpOut_reads_R)	COMPLETED	0	203889	1	-	44.5	0.5	3016515584	17358426112	2055074370	1591131
ww_fastpOut_reads_R	BAKTA (ww_fastpOut_reads_R)	COMPLETED	0	180847	1	-	64.7	0.5	3018731520	34068434944	3090651759	25280249
ww_fastpOut_reads_R	BAKTA (ww_fastpOut_reads_R)	COMPLETED	0	198567	1	-	42.7	0.5	3043971072	15252656128	2028299413	2377405
ww_fastpOut_reads_R	BAKTA (ww_fastpOut_reads_R)	COMPLETED	0	205676	1	-	55.1	0.5	3016085504	15571075072	3045328558	24226633
ww_fastpOut_reads_R	BAKTA (ww_fastpOut_reads_R)	COMPLETED	0	204999	1	-	57.7	0.5	3042111488	50770808832	3134298072	26288784
ww_fastpOut_reads_R	BAKTA (ww_fastpOut_reads_R)	COMPLETED	0	194487	1	-	51.7	0.5	3020722176	15540039680	2851722003	19765199
ww_fastpOut_reads_R	BAKTA (ww_fastpOut_reads_R)	COMPLETED	0	175099	1	-	64.5	0.5	3017375744	15612100608	3045158472	24222189
ww_fastpOut_reads_R	BAKTA (ww_fastpOut_reads_R)	COMPLETED	0	217879	1	-	55.2	0.5	3016757248	50753277952	3134772101	26289454
ww_fastpOut_reads_R	BAKTA (ww_fastpOut_reads_R)	COMPLETED	0	191763	1	-	61.0	0.5	3045543936	17398124544	3046213151	24265358
ww_fastpOut_reads_R	BAKTA (ww_fastpOut_reads_R)	COMPLETED	0	185959	1	-	44.3	0.3	3015761920	17306128384	1719749925	1341827
ww_fastpOut_reads_R	BAKTA (ww_fastpOut_reads_R)	COMPLETED	0	236625	1	-	42.6	0.5	3042697216	59138527232	2053656989	1592119
ww_fastpOut_reads_R	BAKTA (ww_fastpOut_reads_R)	COMPLETED	0	221274	1	-	53.3	0.5	3047301120	17398304768	3133618386	26254117
ww_fastpOut_reads_R	BAKTA (ww_fastpOut_reads_R)	COMPLETED	0	216201	1	-	54.0	0.5	3021611008	59198480384	3133118524	26257732
ww_fastpOut_reads_R	BAKTA (ww_fastpOut_reads_R)	COMPLETED	0	207563	1	-	38.8	0.5	3019628544	15341088768	1715460319	1223516
ww_fastpOut_reads_R	BAKTA (ww_fastpOut_reads_R)	COMPLETED	0	215588	1	-	54.9	0.5	3046166528	15805313024	3134240000	26280351
ww_fastpOut_reads_R	BAKTA (ww_fastpOut_reads_R)	COMPLETED	0	184683	1	-	64.2	0.5	3042459648	42366156800	3133732780	26280073
ww_fastpOut_reads_R	BAKTA (ww_fastpOut_reads_R)	COMPLETED	0	231866	1	-	38.9	0.5	3014336512	15067652096	2054967494	1591490
ww_fastpOut_reads_R	BAKTA (ww_fastpOut_reads_R)	COMPLETED	0	227247	1	-	39.5	0.5	3017797632	15004205056	2054714678	1588995
ww_fastpOut_reads_R	BAKTA (ww_fastpOut_reads_R)	COMPLETED	0	229227	1	-	45.1	0.5	3060953088	16104804352	2058660133	1796738
ww_fastpOut_reads_R	BAKTA (ww_fastpOut_reads_R)	COMPLETED	0	255858	1	-	39.3	0.5	3015946240	15582646272	2048641520	1328212
ww_fastpOut_reads_R	BAKTA (ww_fastpOut_reads_R)	COMPLETED	0	221888	1	-	55.3	0.6	3188232192	16170790912	3135145551	26333461
ww_fastpOut_reads_R	BAKTA (ww_fastpOut_reads_R)	COMPLETED	0	238380	1	-	50.6	0.5	3044024320	17398722560	3090065207	25284511
ww_fastpOut_reads_R	BAKTA (ww_fastpOut_reads_R)	COMPLETED	0	144610	1	-	79.8	0.5	3042635776	92550283264	3133557978	26279607
ww_fastpOut_reads_R	BAKTA (ww_fastpOut_reads_R)	COMPLETED	0	145633	1	-	79.3	0.5	3018502144	15762309120	3134042610	26278976
ww_fastpOut_reads_R	BAKTA (ww_fastpOut_reads_R)	COMPLETED	0	200490	1	-	41.1	0.5	3014356992	15384621056	1716594490	1272390
ww_fastpOut_reads_R	BAKTA (ww_fastpOut_reads_R)	COMPLETED	0	179564	1	-	45.6	0.5	3043860480	15012540416	1719524100	1342433
ww_fastpOut_reads_R	BAKTA (ww_fastpOut_reads_R)	COMPLETED	0	255372	1	-	46.8	1.1	6108549120	19287486464	2054734984	1583359
ww_fastpOut_reads_R	BAKTA (ww_fastpOut_reads_R)	COMPLETED	0	192009	1	-	61.3	0.5	3040608256	15661326336	3045103565	24223409
ww_fastpOut_reads_R	BAKTA (ww_fastpOut_reads_R)	COMPLETED	0	209824	1	-	58.8	0.5	3242352640	67547734016	3091860120	25326548
ww_fastpOut_reads_R	BAKTA (ww_fastpOut_reads_R)	COMPLETED	0	171993	1	-	65.2	0.5	3020177408	17358434304	3044397871	24225462
ww_fastpOut_reads_R	BAKTA (ww_fastpOut_reads_R)	COMPLETED	0	165663	1	-	71.5	0.5	3046633472	16078913536	3090870800	25311059
ww_fastpOut_reads_R	BAKTA (ww_fastpOut_reads_R)	COMPLETED	0	179397	1	-	44.8	0.5	3020091392	15518982144	1714934224	1223391
ww_fastpOut_reads_R	BAKTA (ww_fastpOut_reads_R)	COMPLETED	0	264002	1	-	33.7	0.5	3016052736	17310134272	1716834021	1270886
ww_fastpOut_reads_R	BAKTA (ww_fastpOut_reads_R)	COMPLETED	0	209593	1	-	56.4	0.5	3015962624	15830081536	3090334730	25283008
ww_fastpOut_reads_R	BAKTA (ww_fastpOut_reads_R)	COMPLETED	0	179200	1	-	63.9	0.5	3016187904	15730569216	3089143229	25242670
ww_fastpOut_reads_R	BAKTA (ww_fastpOut_reads_R)	COMPLETED	0	227826	1	-	39.4	0.6	3273605120	16378990592	2037497733	1159411
ww_fastpOut_reads_R	BAKTA (ww_fastpOut_reads_R)	COMPLETED	0	177045	1	-	63.2	0.7	3842740224	16950546432	2807003564	18789381
ww_fastpOut_reads_R	BAKTA (ww_fastpOut_reads_R)	COMPLETED	0	219413	1	-	53.3	0.5	3021508608	34078576640	3133753154	26280636
ww_fastpOut_reads_R	BAKTA (ww_fastpOut_reads_R)	COMPLETED	0	214528	1	-	54.3	0.5	3017740288	16057008128	3045893308	24268565
ww_fastpOut_reads_R	BAKTA (ww_fastpOut_reads_R)	COMPLETED	0	209215	1	-	57.6	0.9	5168398336	18282487808	2851768706	19830509
ww_fastpOut_reads_R	BAKTA (ww_fastpOut_reads_R)	COMPLETED	0	237132	1	-	37.7	0.5	3018821632	15081435136	2054508044	1590686
ww_fastpOut_reads_R	BAKTA (ww_fastpOut_reads_R)	COMPLETED	0	186919	1	-	58.6	0.7	4194955264	17293086720	2763598477	17788966
ww_fastpOut_reads_R	BAKTA (ww_fastpOut_reads_R)	COMPLETED	0	223133	1	-	40.2	0.5	3018276864	15081349120	2054724130	1588511
ww_fastpOut_reads_R	BAKTA (ww_fastpOut_reads_R)	COMPLETED	0	255427	1	-	42.8	0.7	3924701184	59162251264	2065132184	1661517
ww_fastpOut_reads_R	BAKTA (ww_fastpOut_reads_R)	COMPLETED	0	272707	1	-	42.7	1.0	5645045760	18818244608	2054949967	1585293
ww_fastpOut_reads_R	BAKTA (ww_fastpOut_reads_R)	COMPLETED	0	178424	1	-	67.8	0.7	3852820480	50750967808	3169675973	27327452
ww_fastpOut_reads_R	BAKTA (ww_fastpOut_reads_R)	COMPLETED	0	227199	1	-	39.8	0.5	3020644352	15077720064	2054158055	1589291
ww_fastpOut_reads_R	BAKTA (ww_fastpOut_reads_R)	COMPLETED	0	200476	1	-	55.6	0.7	4111413248	17159720960	2851200678	19809115
ww_fastpOut_reads_R	BAKTA (ww_fastpOut_reads_R)	COMPLETED	0	191487	1	-	54.3	0.5	3017510912	15155933184	3031348334	24026662
ww_fastpOut_reads_R	BAKTA (ww_fastpOut_reads_R)	COMPLETED	0	208924	1	-	42.7	0.5	3018092544	15074131968	2055084192	1591709
ww_fastpOut_reads_R	BAKTA (ww_fastpOut_reads_R)	COMPLETED	0	253298	1	-	45.9	1.0	5824339968	18928029696	2055494628	1583273
ww_fastpOut_reads_R	BAKTA (ww_fastpOut_reads_R)	COMPLETED	0	232707	1	-	38.9	0.5	3018166272	15070625792	2054725567	1589116
ww_fastpOut_reads_R	BAKTA (ww_fastpOut_reads_R)	COMPLETED	0	260259	1	-	44.0	1.0	5702139904	18805891072	2055839006	1585622
ww_fastpOut_reads_R	BAKTA (ww_fastpOut_reads_R)	COMPLETED	0	158837	1	-	67.9	0.5	3017478144	15006744576	3040280542	24412586
ww_fastpOut_reads_R	BAKTA (ww_fastpOut_reads_R)	COMPLETED	0	208515	1	-	51.0	0.5	3017736192	15236812800	2987727614	23018222
ww_fastpOut_reads_R	BAKTA (ww_fastpOut_reads_R)	COMPLETED	0	213499	1	-	48.4	0.5	3015409664	15191003136	2942720810	21981562
ww_fastpOut_reads_R	BAKTA (ww_fastpOut_reads_R)	COMPLETED	0	263936	1	-	45.4	1.0	6103924736	19270311936	2055011040	1585799
ww_fastpOut_reads_R	BAKTA (ww_fastpOut_reads_R)	COMPLETED	0	169090	1	-	47.2	0.5	3046195200	15469469696	1715382916	1223523
ww_fastpOut_reads_R	BAKTA (ww_fastpOut_reads_R)	COMPLETED	0	270263	1	-	43.5	1.0	5826527232	18931806208	2055081839	1583777
ww_fastpOut_reads_R	BAKTA (ww_fastpOut_reads_R)	COMPLETED	0	274479	1	-	41.5	0.9	4950376448	17992302592	2055096151	3006386
ww_fastpOut_reads_R	BAKTA (ww_fastpOut_reads_R)	COMPLETED	0	238148	1	-	38.1	0.5	3018342400	15141986304	2054929547	1589810
ww_fastpOut_reads_R	BAKTA (ww_fastpOut_reads_R)	COMPLETED	0	193440	1	-	56.1	0.5	3019771904	67404976128	3084357412	25427965
ww_fastpOut_reads_R	BAKTA (ww_fastpOut_reads_R)	COMPLETED	0	168550	1	-	64.7	0.5	3017801728	15222075392	3128933289	26469491
ww_fastpOut_reads_R	BAKTA (ww_fastpOut_reads_R)	COMPLETED	0	189881	1	-	56.8	0.5	3019481088	15251529728	3120743272	26110393
ww_fastpOut_reads_R	BAKTA (ww_fastpOut_reads_R)	COMPLETED	0	228742	1	-	39.1	0.5	3015102464	15004151808	2054716881	1591207
ww_fastpOut_reads_R	BAKTA (ww_fastpOut_reads_R)	COMPLETED	0	161170	1	-	61.3	0.5	3045330944	15111372800	2853518170	19872690
ww_fastpOut_reads_R	BAKTA (ww_fastpOut_reads_R)	COMPLETED	0	184261	1	-	45.3	0.5	3043344384	34042048512	1716897863	1271819
ww_fastpOut_reads_R	BAKTA (ww_fastpOut_reads_R)	COMPLETED	0	261191	1	-	43.2	0.9	5226897408	18336321536	2054710004	1590450
ww_fastpOut_reads_R	BAKTA (ww_fastpOut_reads_R)	COMPLETED	0	220516	1	-	54.1	1.0	6121426944	25749184512	2054832363	1583534
ww_fastpOut_reads_R	BAKTA (ww_fastpOut_reads_R)	COMPLETED	0	185553	1	-	44.4	0.5	3018522624	15002091520	1718820660	1341747
ww_fastpOut_reads_R	BAKTA (ww_fastpOut_reads_R)	COMPLETED	0	225121	1	-	54.2	0.8	6060290048	19231051776	2055637648	1585073
ww_fastpOut_reads_R	BAKTA (ww_fastpOut_reads_R)	COMPLETED	0	191413	1	-	42.1	0.5	3016761344	15409864704	1715314540	1223422
ww_fastpOut_reads_R	BAKTA (ww_fastpOut_reads_R)	COMPLETED	0	176524	1	-	45.8	0.5	3047624704	15368097792	1716453806	1273176
ww_fastpOut_reads_R	BAKTA (ww_fastpOut_reads_R)	COMPLETED	0	133646	1	-	69.7	0.5	3042377728	15189360640	2470702349	18697431
ww_fastpOut_reads_R	BAKTA (ww_fastpOut_reads_R)	COMPLETED	0	276700	1	-	42.6	1.1	5907607552	19016187904	2055320272	1583983
ww_fastpOut_reads_R	BAKTA (ww_fastpOut_reads_R)	COMPLETED	0	141203	1	-	84.1	0.9	5236457472	18407141376	2808951647	18836883
ww_fastpOut_reads_R	BAKTA (ww_fastpOut_reads_R)	COMPLETED	0	204688	1	-	40.2	0.5	3015872512	15000891392	1718801039	1353309
ww_fastpOut_reads_R	BAKTA (ww_fastpOut_reads_R)	COMPLETED	0	178827	1	-	45.3	0.5	3045130240	15405076480	1716518848	1273959
ww_fastpOut_reads_R	BAKTA (ww_fastpOut_reads_R)	COMPLETED	0	165977	1	-	61.5	0.5	3019173888	15176650752	2987115803	22980962
ww_fastpOut_reads_R	BAKTA (ww_fastpOut_reads_R)	COMPLETED	0	144607	1	-	75.6	0.5	3020902400	15086432256	3086257466	25477841
ww_fastpOut_reads_R	BAKTA (ww_fastpOut_reads_R)	COMPLETED	0	161020	1	-	64.2	0.5	3043045376	84125306880	3076910085	25063581
ww_fastpOut_reads_R	BAKTA (ww_fastpOut_reads_R)	COMPLETED	0	177672	1	-	45.7	0.5	3017105408	15329280000	1715814450	1223519
ww_fastpOut_reads_R	BAKTA (ww_fastpOut_reads_R)	COMPLETED	0	204509	1	-	40.0	0.5	3043340288	25702772736	1716540144	1273079
ww_fastpOut_reads_R	BAKTA (ww_fastpOut_reads_R)	COMPLETED	0	198838	1	-	43.1	0.5	3019018240	25649250304	1717174023	1272357
ww_fastpOut_reads_R	BAKTA (ww_fastpOut_reads_R)	COMPLETED	0	206178	1	-	38.9	0.5	3016769536	15131770880	1718645097	1343255
ww_fastpOut_reads_R	BAKTA (ww_fastpOut_reads_R)	COMPLETED	0	198846	1	-	41.0	0.5	3039899648	15076880384	1718502439	1342465
ww_fastpOut_reads_R	BAKTA (ww_fastpOut_reads_R)	COMPLETED	0	182513	1	-	57.2	0.5	3015540736	15310888960	3076716183	25060176
ww_fastpOut_reads_R	BAKTA (ww_fastpOut_reads_R)	COMPLETED	0	186824	1	-	43.8	0.5	3045457920	15144062976	1719299244	1353964
ww_fastpOut_reads_R	BAKTA (ww_fastpOut_reads_R)	COMPLETED	0	222753	1	-	53.8	0.9	6200598528	19361570816	2055004763	1585364
ww_fastpOut_reads_R	BAKTA (ww_fastpOut_reads_R)	COMPLETED	0	209530	1	-	39.4	0.5	3014242304	15493840896	1716822311	1273781
ww_fastpOut_reads_R	BAKTA (ww_fastpOut_reads_R)	COMPLETED	0	217628	1	-	39.1	0.5	3042156544	15560425472	1717561497	1271607
ww_fastpOut_reads_R	BAKTA (ww_fastpOut_reads_R)	COMPLETED	0	185565	1	-	57.3	0.5	3019386880	67404713984	3122261020	26157571
ww_fastpOut_reads_R	BAKTA (ww_fastpOut_reads_R)	COMPLETED	0	190366	1	-	51.2	0.4	3014209536	17385603072	2808084193	18837281
ww_fastpOut_reads_R	BAKTA (ww_fastpOut_reads_R)	COMPLETED	0	147372	1	-	74.9	0.7	4055445504	34019594240	2808314521	18798651
ww_fastpOut_reads_R	BAKTA (ww_fastpOut_reads_R)	COMPLETED	0	205396	1	-	46.3	0.5	3041837056	15801856000	2054045928	1398873
ww_fastpOut_reads_R	BAKTA (ww_fastpOut_reads_R)	COMPLETED	0	150849	1	-	66.6	0.3	3019038720	15280201728	3029740050	23964725
ww_fastpOut_reads_R	BAKTA (ww_fastpOut_reads_R)	COMPLETED	0	180885	1	-	67.0	0.9	5363699712	59189174272	2807969035	18823453
ww_fastpOut_reads_R	BAKTA (ww_fastpOut_reads_R)	COMPLETED	0	161700	1	-	73.0	0.8	4934778880	18037538816	2851444402	19827212
ww_fastpOut_reads_R	BAKTA (ww_fastpOut_reads_R)	COMPLETED	0	187808	1	-	66.3	1.0	5728468992	18836246528	2809037940	18830756
ww_fastpOut_reads_R	BAKTA (ww_fastpOut_reads_R)	COMPLETED	0	179167	1	-	60.9	0.5	3017433088	15163305984	3130050916	26499576
ww_fastpOut_reads_R	BAKTA (ww_fastpOut_reads_R)	COMPLETED	0	175211	1	-	63.0	0.6	4355162112	17458708480	2763205237	17791901
ww_fastpOut_reads_R	BAKTA (ww_fastpOut_reads_R)	COMPLETED	0	235729	1	-	35.1	0.5	3015602176	17310101504	1718847827	1353094
ww_fastpOut_reads_R	BAKTA (ww_fastpOut_reads_R)	COMPLETED	0	162011	1	-	70.4	0.5	3485388800	16588201984	2993167993	23258833
ww_fastpOut_reads_R	BAKTA (ww_fastpOut_reads_R)	COMPLETED	0	176282	1	-	66.8	0.6	3501834240	16605437952	3169368470	27311810
ww_fastpOut_reads_R	BAKTA (ww_fastpOut_reads_R)	COMPLETED	0	192400	1	-	57.9	0.6	3249721344	42433257472	3036815157	24246041
ww_fastpOut_reads_R	BAKTA (ww_fastpOut_reads_R)	COMPLETED	0	197114	1	-	53.0	0.5	3016142848	15252086784	3029571049	23951339
ww_fastpOut_reads_R	BAKTA (ww_fastpOut_reads_R)	COMPLETED	0	163572	1	-	62.4	0.5	3016708096	34116022272	3031437173	24026959
ww_fastpOut_reads_R	BAKTA (ww_fastpOut_reads_R)	COMPLETED	0	184749	1	-	65.5	0.6	3725807616	50725703680	3169871042	27322896
ww_fastpOut_reads_R	BAKTA (ww_fastpOut_reads_R)	COMPLETED	0	162079	1	-	62.3	0.5	3019141120	15098937344	3030656605	23994149
ww_fastpOut_reads_R	BAKTA (ww_fastpOut_reads_R)	COMPLETED	0	181104	1	-	63.1	0.5	3396169728	17388183552	2993842641	23251427
ww_fastpOut_reads_R	BAKTA (ww_fastpOut_reads_R)	COMPLETED	0	232131	1	-	37.6	0.5	3044884480	15226904576	1722652000	1486601
ww_fastpOut_reads_R	BAKTA (ww_fastpOut_reads_R)	COMPLETED	0	195222	1	-	52.2	0.5	3044958208	15318450176	2987647298	23017264
ww_fastpOut_reads_R	BAKTA (ww_fastpOut_reads_R)	COMPLETED	0	266400	1	-	42.5	0.7	3942404096	17044594688	2065187563	1661430
ww_fastpOut_reads_R	BAKTA (ww_fastpOut_reads_R)	COMPLETED	0	188228	1	-	53.7	0.5	3017035776	15088308224	3030219865	23993538
ww_fastpOut_reads_R	BAKTA (ww_fastpOut_reads_R)	COMPLETED	0	185314	1	-	55.2	0.5	3017674752	59133485056	2942885345	21979611
ww_fastpOut_reads_R	BAKTA (ww_fastpOut_reads_R)	COMPLETED	0	196131	1	-	53.2	0.5	3018244096	42369204224	2988630479	23023239
ww_fastpOut_reads_R	BAKTA (ww_fastpOut_reads_R)	COMPLETED	0	162629	1	-	59.8	0.5	3015901184	17386438656	2897076884	20875224
ww_fastpOut_reads_R	BAKTA (ww_fastpOut_reads_R)	COMPLETED	0	186768	1	-	70.8	1.0	5670703104	25747460096	2996113142	23390770
ww_fastpOut_reads_R	BAKTA (ww_fastpOut_reads_R)	COMPLETED	0	159930	1	-	64.5	0.5	3015790592	25725313024	2943930604	21991888
ww_fastpOut_reads_R	BAKTA (ww_fastpOut_reads_R)	COMPLETED	0	164317	1	-	59.6	0.5	3018256384	34076868608	2853570218	19871435
ww_fastpOut_reads_R	BAKTA (ww_fastpOut_reads_R)	COMPLETED	0	173085	1	-	61.0	0.5	3016605696	15312723968	3120877353	26129038
ww_fastpOut_reads_R	BAKTA (ww_fastpOut_reads_R)	COMPLETED	0	168371	1	-	71.2	0.9	5165744128	18336292864	2808719163	18834642
ww_fastpOut_reads_R	BAKTA (ww_fastpOut_reads_R)	COMPLETED	0	174542	1	-	66.0	0.7	4634857472	34030538752	2852627095	19836764
ww_fastpOut_reads_R	BAKTA (ww_fastpOut_reads_R)	COMPLETED	0	169126	1	-	60.7	0.5	3016187904	15223320576	3030867707	23985663
ww_fastpOut_reads_R	BAKTA (ww_fastpOut_reads_R)	COMPLETED	0	194653	1	-	68.4	0.9	5533523968	18695524352	3041258465	24406716
ww_fastpOut_reads_R	BAKTA (ww_fastpOut_reads_R)	COMPLETED	0	205123	1	-	57.2	0.8	4813471744	17921388544	2853084968	19840994
ww_fastpOut_reads_R	BAKTA (ww_fastpOut_reads_R)	COMPLETED	0	190972	1	-	56.0	0.5	3016257536	15217307648	3129349274	26462747
ww_fastpOut_reads_R	BAKTA (ww_fastpOut_reads_R)	COMPLETED	0	202257	1	-	49.9	0.5	3015962624	15202381824	2897398347	20867586
ww_fastpOut_reads_R	BAKTA (ww_fastpOut_reads_R)	COMPLETED	0	171909	1	-	56.4	0.5	3042721792	15172198400	2854570022	19874688
ww_fastpOut_reads_R	BAKTA (ww_fastpOut_reads_R)	COMPLETED	0	187129	1	-	52.4	0.5	3018289152	15142371328	2898896964	20880567
ww_fastpOut_reads_R	BAKTA (ww_fastpOut_reads_R)	COMPLETED	0	170493	1	-	60.9	0.5	3017175040	15221043200	2988524478	23028818
ww_fastpOut_reads_R	BAKTA (ww_fastpOut_reads_R)	COMPLETED	0	212797	1	-	55.7	0.6	3662749696	34024476672	3038347776	24289457
ww_fastpOut_reads_R	BAKTA (ww_fastpOut_reads_R)	COMPLETED	0	182278	1	-	57.6	0.5	3017363456	15274582016	3033154169	24062256
ww_fastpOut_reads_R	BAKTA (ww_fastpOut_reads_R)	COMPLETED	0	194680	1	-	61.5	0.6	3849261056	42395484160	3038580637	24302356
ww_fastpOut_reads_R	BAKTA (ww_fastpOut_reads_R)	COMPLETED	0	217199	1	-	40.8	0.4	3044343808	15515217920	1724231745	3113265
ww_fastpOut_reads_R	BAKTA (ww_fastpOut_reads_R)	COMPLETED	0	195964	1	-	53.8	0.5	3020713984	34116063232	3076153106	25041351
ww_fastpOut_reads_R	BAKTA (ww_fastpOut_reads_R)	COMPLETED	0	176583	1	-	67.2	0.6	3538997248	16576339968	3171104120	27330701
ww_fastpOut_reads_R	BAKTA (ww_fastpOut_reads_R)	COMPLETED	0	253560	1	-	34.3	0.5	3016343552	17372819456	1721599240	1445609
ww_fastpOut_reads_R	BAKTA (ww_fastpOut_reads_R)	COMPLETED	0	228864	1	-	37.8	0.5	3016773632	33972310016	1723809760	3113024
ww_fastpOut_reads_R	BAKTA (ww_fastpOut_reads_R)	COMPLETED	0	191455	1	-	54.4	0.5	3018883072	15420841984	3033179675	24067078
ww_fastpOut_reads_R	BAKTA (ww_fastpOut_reads_R)	COMPLETED	0	165953	1	-	64.0	0.5	3042451456	15306522624	3033718335	24064960
ww_fastpOut_reads_R	BAKTA (ww_fastpOut_reads_R)	COMPLETED	0	181492	1	-	57.1	0.5	3020046336	15228231680	2988147334	23032537
ww_fastpOut_reads_R	BAKTA (ww_fastpOut_reads_R)	COMPLETED	0	208875	1	-	50.3	0.5	3021176832	17400340480	3032408207	24029683
ww_fastpOut_reads_R	BAKTA (ww_fastpOut_reads_R)	COMPLETED	0	227292	1	-	56.0	0.7	4060004352	17160273920	3126840299	26342823
ww_fastpOut_reads_R	BAKTA (ww_fastpOut_reads_R)	COMPLETED	0	155356	1	-	76.6	0.9	5002518528	18102460416	2853014114	19831512
ww_fastpOut_reads_R	BAKTA (ww_fastpOut_reads_R)	COMPLETED	0	186233	1	-	55.8	0.5	3018989568	25758085120	2988251081	22984416
ww_fastpOut_reads_R	BAKTA (ww_fastpOut_reads_R)	COMPLETED	0	204831	1	-	53.8	0.5	3045060608	67499638784	3041199014	24443650
ww_fastpOut_reads_R	BAKTA (ww_fastpOut_reads_R)	COMPLETED	0	196419	1	-	63.1	0.7	4177874944	17222049792	3171064948	27361935
ww_fastpOut_reads_R	BAKTA (ww_fastpOut_reads_R)	COMPLETED	0	190925	1	-	57.3	0.5	3041902592	42441601024	3033845005	24062356
ww_fastpOut_reads_R	BAKTA (ww_fastpOut_reads_R)	COMPLETED	0	185001	1	-	60.6	0.5	3016515584	15633723392	3122406603	26158840
ww_fastpOut_reads_R	BAKTA (ww_fastpOut_reads_R)	COMPLETED	0	158785	1	-	75.3	0.9	5134073856	18182578176	2809005027	18825647
ww_fastpOut_reads_R	BAKTA (ww_fastpOut_reads_R)	COMPLETED	0	191566	1	-	53.9	0.5	3018174464	15324839936	3033010144	24025220
ww_fastpOut_reads_R	BAKTA (ww_fastpOut_reads_R)	COMPLETED	0	238359	1	-	39.3	0.5	3013615616	15350788096	2056180950	1326633
ww_fastpOut_reads_R	BAKTA (ww_fastpOut_reads_R)	COMPLETED	0	192758	1	-	56.0	0.6	3831226368	16863539200	2807911039	18794419
ww_fastpOut_reads_R	BAKTA (ww_fastpOut_reads_R)	COMPLETED	0	208610	1	-	53.4	0.5	3046920192	15238770688	3085777151	25474241
ww_fastpOut_reads_R	BAKTA (ww_fastpOut_reads_R)	COMPLETED	0	195755	1	-	59.5	0.5	3016040448	17355726848	2764535365	17797594
ww_fastpOut_reads_R	BAKTA (ww_fastpOut_reads_R)	COMPLETED	0	149510	1	-	67.8	0.5	3018792960	34078416896	2986249528	22934258
ww_fastpOut_reads_R	BAKTA (ww_fastpOut_reads_R)	COMPLETED	0	216038	1	-	57.6	0.8	5165002752	34075156480	2852805953	19835100
ww_fastpOut_reads_R	BAKTA (ww_fastpOut_reads_R)	COMPLETED	0	185389	1	-	63.4	0.5	3321749504	42441760768	3037685170	24255071
ww_fastpOut_reads_R	BAKTA (ww_fastpOut_reads_R)	COMPLETED	0	200411	1	-	55.6	0.7	4110458880	17094791168	2764130133	17795600
ww_fastpOut_reads_R	BAKTA (ww_fastpOut_reads_R)	COMPLETED	0	189871	1	-	52.7	0.5	3015540736	15067017216	2942583692	21932562
ww_fastpOut_reads_R	BAKTA (ww_fastpOut_reads_R)	COMPLETED	0	222087	1	-	54.3	0.9	5234323456	42439737344	2896625413	20849672
ww_fastpOut_reads_R	BAKTA (ww_fastpOut_reads_R)	COMPLETED	0	205018	1	-	57.6	0.6	3668877312	42417885184	3125868813	26308973
ww_fastpOut_reads_R	BAKTA (ww_fastpOut_reads_R)	COMPLETED	0	208359	1	-	53.3	0.7	3799490560	17334546432	2808056787	18805296
ww_fastpOut_reads_R	BAKTA (ww_fastpOut_reads_R)	COMPLETED	0	217729	1	-	45.7	0.5	3018080256	42415509504	2853299285	19849899
ww_fastpOut_reads_R	BAKTA (ww_fastpOut_reads_R)	COMPLETED	0	206655	1	-	49.2	0.5	3021275136	17398784000	3032828979	24025912
ww_fastpOut_reads_R	BAKTA (ww_fastpOut_reads_R)	COMPLETED	0	208610	1	-	57.6	0.6	3735003136	34029555712	3169924026	27321604
ww_fastpOut_reads_R	BAKTA (ww_fastpOut_reads_R)	COMPLETED	0	216922	1	-	51.0	0.6	3910488064	16948645888	2808004133	18795743
ww_fastpOut_reads_R	BAKTA (ww_fastpOut_reads_R)	COMPLETED	0	219389	1	-	47.1	0.5	3018698752	17332711424	3032817071	24028207
ww_fastpOut_reads_R	BAKTA (ww_fastpOut_reads_R)	COMPLETED	0	192359	1	-	53.5	0.5	3015639040	15192465408	2944022459	21989941
ww_fastpOut_reads_R	BAKTA (ww_fastpOut_reads_R)	COMPLETED	0	183244	1	-	58.1	0.5	3021041664	15422500864	3122297572	26122221
ww_fastpOut_reads_R	BAKTA (ww_fastpOut_reads_R)	COMPLETED	0	184341	1	-	54.2	0.5	3015970816	15031787520	2854816837	19875713
ww_fastpOut_reads_R	BAKTA (ww_fastpOut_reads_R)	COMPLETED	0	220583	1	-	47.4	0.5	3014397952	17385512960	2988632229	23025264
ww_fastpOut_reads_R	BAKTA (ww_fastpOut_reads_R)	COMPLETED	0	172329	1	-	57.2	0.5	3047583744	67553415168	2898815843	20883561
ww_fastpOut_reads_R	BAKTA (ww_fastpOut_reads_R)	COMPLETED	0	199900	1	-	50.6	0.5	3019522048	59146612736	3031989102	24003703
ww_fastpOut_reads_R	BAKTA (ww_fastpOut_reads_R)	COMPLETED	0	198965	1	-	67.4	0.9	5614063616	18717978624	3041079487	24409675
ww_fastpOut_reads_R	BAKTA (ww_fastpOut_reads_R)	COMPLETED	0	219025	1	-	48.0	0.5	3018723328	67568652288	3032020132	24007567
ww_fastpOut_reads_R	BAKTA (ww_fastpOut_reads_R)	COMPLETED	0	207791	1	-	54.7	0.6	3346755584	16451530752	2993816099	23253566
ww_fastpOut_reads_R	BAKTA (ww_fastpOut_reads_R)	COMPLETED	0	188661	1	-	54.0	0.5	3020333056	15168196608	2987251895	22986344
ww_fastpOut_reads_R	BAKTA (ww_fastpOut_reads_R)	COMPLETED	0	321338	1	-	31.9	0.5	3043356672	15239057408	2057403992	1470920
ww_fastpOut_reads_R	BAKTA (ww_fastpOut_reads_R)	COMPLETED	0	194101	1	-	57.1	0.5	3019988992	15212900352	3085580577	25444708
ww_fastpOut_reads_R	BAKTA (ww_fastpOut_reads_R)	COMPLETED	0	183066	1	-	65.0	0.9	4979011584	42463719424	2853706296	19846190
ww_fastpOut_reads_R	BAKTA (ww_fastpOut_reads_R)	COMPLETED	0	179785	1	-	68.4	0.9	5490233344	59156877312	2809829447	18841361
ww_fastpOut_reads_R	BAKTA (ww_fastpOut_reads_R)	COMPLETED	0	183986	1	-	60.2	0.5	3046744064	15169626112	3129327106	26460668
ww_fastpOut_reads_R	BAKTA (ww_fastpOut_reads_R)	COMPLETED	0	201176	1	-	53.6	0.5	3021418496	15084765184	3085137073	25438807
ww_fastpOut_reads_R	BAKTA (ww_fastpOut_reads_R)	COMPLETED	0	206123	1	-	51.5	0.5	3015340032	15512702976	3122342762	26129793
ww_fastpOut_reads_R	BAKTA (ww_fastpOut_reads_R)	COMPLETED	0	194220	1	-	59.9	0.6	3541499904	16710754304	3039024999	24281253
ww_fastpOut_reads_R	BAKTA (ww_fastpOut_reads_R)	COMPLETED	0	208490	1	-	58.5	0.9	5311139840	42442706944	2809614699	18839435
ww_fastpOut_reads_R	BAKTA (ww_fastpOut_reads_R)	COMPLETED	0	212154	1	-	50.6	0.5	3020759040	17387687936	3040732517	24409748
ww_fastpOut_reads_R	BAKTA (ww_fastpOut_reads_R)	COMPLETED	0	202568	1	-	59.1	0.9	5115318272	18216824832	2853651988	19847864
ww_fastpOut_reads_R	BAKTA (ww_fastpOut_reads_R)	COMPLETED	0	182494	1	-	57.2	0.5	3015987200	15245312000	3077635841	25062211
ww_fastpOut_reads_R	BAKTA (ww_fastpOut_reads_R)	COMPLETED	0	197927	1	-	58.9	0.8	4370251776	17533689856	2897572946	20846190
ww_fastpOut_reads_R	BAKTA (ww_fastpOut_reads_R)	COMPLETED	0	200813	1	-	50.9	0.5	3017695232	34074169344	3031674715	23968392
ww_fastpOut_reads_R	BAKTA (ww_fastpOut_reads_R)	COMPLETED	0	201142	1	-	51.4	0.5	3017773056	15373582336	2988810924	23024341
ww_fastpOut_reads_R	BAKTA (ww_fastpOut_reads_R)	COMPLETED	0	221721	1	-	47.5	0.5	3020738560	50800340992	3077293517	25059862
ww_fastpOut_reads_R	BAKTA (ww_fastpOut_reads_R)	COMPLETED	0	231881	1	-	50.9	0.7	3683258368	17388691456	3038945361	24293916
ww_fastpOut_reads_R	BAKTA (ww_fastpOut_reads_R)	COMPLETED	0	220996	1	-	50.5	0.5	3017859072	59135807488	3086131468	25446841
ww_fastpOut_reads_R	BAKTA (ww_fastpOut_reads_R)	COMPLETED	0	209214	1	-	48.8	0.5	3044728832	92508332032	2987229986	22965169
ww_fastpOut_reads_R	BAKTA (ww_fastpOut_reads_R)	COMPLETED	0	170852	1	-	59.3	0.5	3019841536	15097421824	2987792092	22973549
ww_fastpOut_reads_R	BAKTA (ww_fastpOut_reads_R)	COMPLETED	0	237074	1	-	52.3	0.6	3779121152	25746141184	3171049386	27338132
ww_fastpOut_reads_R	BAKTA (ww_fastpOut_reads_R)	COMPLETED	0	247464	1	-	42.9	0.5	3014897664	15373586432	2989263127	23030185
ww_fastpOut_reads_R	BAKTA (ww_fastpOut_reads_R)	COMPLETED	0	173566	1	-	60.8	0.5	3020509184	15370776576	3033529546	24067805
ww_fastpOut_reads_R	BAKTA (ww_fastpOut_reads_R)	COMPLETED	0	185278	1	-	58.7	0.5	3020132352	67554430976	3167338320	27160227
ww_fastpOut_reads_R	BAKTA (ww_fastpOut_reads_R)	COMPLETED	0	183113	1	-	56.5	0.5	3019042816	15270268928	3032541136	24029574
ww_fastpOut_reads_R	BAKTA (ww_fastpOut_reads_R)	COMPLETED	0	181778	1	-	59.9	0.3	3022393344	59194093568	3086316494	25465435
ww_fastpOut_reads_R	BAKTA (ww_fastpOut_reads_R)	COMPLETED	0	183487	1	-	67.9	0.7	4272525312	17308246016	3171352901	27363121
ww_fastpOut_reads_R	BAKTA (ww_fastpOut_reads_R)	COMPLETED	0	174145	1	-	61.2	0.5	3020873728	15406665728	3078647950	25138173
ww_fastpOut_reads_R	BAKTA (ww_fastpOut_reads_R)	COMPLETED	0	189465	1	-	55.2	0.5	3018981376	15331696640	3033304052	24055163
ww_fastpOut_reads_R	BAKTA (ww_fastpOut_reads_R)	COMPLETED	0	180911	1	-	53.7	0.5	3016658944	15072452608	2808415431	18833757
ww_fastpOut_reads_R	BAKTA (ww_fastpOut_reads_R)	COMPLETED	0	195708	1	-	53.2	0.5	3019767808	34071089152	3032645923	24030050
ww_fastpOut_reads_R	BAKTA (ww_fastpOut_reads_R)	COMPLETED	0	202869	1	-	52.9	0.5	3017834496	15089213440	3130480498	26469666
ww_fastpOut_reads_R	BAKTA (ww_fastpOut_reads_R)	COMPLETED	0	195804	1	-	50.1	0.5	3018592256	15069343744	2854091707	19845604
ww_fastpOut_reads_R	BAKTA (ww_fastpOut_reads_R)	COMPLETED	0	198236	1	-	54.8	0.5	3022651392	42483822592	3130643686	26500641
ww_fastpOut_reads_R	BAKTA (ww_fastpOut_reads_R)	COMPLETED	0	220373	1	-	47.8	0.5	3014615040	15332896768	3032986030	24022586
ww_fastpOut_reads_R	BAKTA (ww_fastpOut_reads_R)	COMPLETED	0	214001	1	-	54.7	0.8	4526743552	17653600256	2897403085	20840905
ww_fastpOut_reads_R	BAKTA (ww_fastpOut_reads_R)	COMPLETED	0	219776	1	-	50.5	0.5	3021369344	17399042048	3130348441	26492566
ww_fastpOut_reads_R	BAKTA (ww_fastpOut_reads_R)	COMPLETED	0	192542	1	-	58.1	0.6	4017201152	17056522240	2853082939	19807745
ww_fastpOut_reads_R	BAKTA (ww_fastpOut_reads_R)	COMPLETED	0	231843	1	-	37.5	0.5	3045138432	42317205504	1723378155	1481743
ww_fastpOut_reads_R	BAKTA (ww_fastpOut_reads_R)	COMPLETED	0	209518	1	-	54.9	0.6	3268165632	34079879168	3037350364	24252062
ww_fastpOut_reads_R	BAKTA (ww_fastpOut_reads_R)	COMPLETED	0	229869	1	-	51.6	0.9	5040201728	59118829568	2852661727	19834412
ww_fastpOut_reads_R	BAKTA (ww_fastpOut_reads_R)	COMPLETED	0	254358	1	-	45.0	0.5	3013140480	17386041344	3123460322	26157800
ww_fastpOut_reads_R	BAKTA (ww_fastpOut_reads_R)	COMPLETED	0	209960	1	-	48.2	0.5	3019644928	15118540800	2942214530	21914702
ww_fastpOut_reads_R	BAKTA (ww_fastpOut_reads_R)	COMPLETED	0	238971	1	-	48.5	0.8	4253954048	17358348288	2851887961	19815112
ww_fastpOut_reads_R	BAKTA (ww_fastpOut_reads_R)	COMPLETED	0	252238	1	-	44.2	0.5	3019939840	67561009152	3041797397	24431536
ww_fastpOut_reads_R	BAKTA (ww_fastpOut_reads_R)	COMPLETED	0	199055	1	-	52.3	0.5	3047792640	17403801600	2988190296	23025720
ww_fastpOut_reads_R	BAKTA (ww_fastpOut_reads_R)	COMPLETED	0	209216	1	-	48.9	0.5	3017363456	15183986688	2986915173	22932689
ww_fastpOut_reads_R	BAKTA (ww_fastpOut_reads_R)	COMPLETED	0	243874	1	-	35.1	0.5	3043364864	15220383744	1723014123	1466105
ww_fastpOut_reads_R	BAKTA (ww_fastpOut_reads_R)	COMPLETED	0	200666	1	-	49.9	0.5	3020144640	15133122560	2987100764	22946806
ww_fastpOut_reads_R	BAKTA (ww_fastpOut_reads_R)	COMPLETED	0	223624	1	-	53.5	0.5	3888603136	16991760384	3125942372	26315236
ww_fastpOut_reads_R	BAKTA (ww_fastpOut_reads_R)	COMPLETED	0	259626	1	-	32.8	0.5	3012886528	15076921344	1720819871	1423121
ww_fastpOut_reads_R	BAKTA (ww_fastpOut_reads_R)	COMPLETED	0	246533	1	-	47.5	0.6	3234861056	16218677248	3038399599	24246393
ww_fastpOut_reads_R	BAKTA (ww_fastpOut_reads_R)	COMPLETED	0	239476	1	-	47.5	0.8	4368240640	17410162688	2763936632	17794606
ww_fastpOut_reads_R	BAKTA (ww_fastpOut_reads_R)	COMPLETED	0	147245	1	-	68.5	0.5	3017158656	17334341632	2986314438	22941446
ww_fastpOut_reads_R	BAKTA (ww_fastpOut_reads_R)	COMPLETED	0	172393	1	-	59.7	0.5	3041972224	15235137536	3031881969	24026055
ww_fastpOut_reads_R	BAKTA (ww_fastpOut_reads_R)	COMPLETED	0	260632	1	-	47.9	0.7	3821686784	16991879168	3170464264	27333672
ww_fastpOut_reads_R	BAKTA (ww_fastpOut_reads_R)	COMPLETED	0	219121	1	-	47.3	0.5	3016871936	75764699136	2987707066	23020417
ww_fastpOut_reads_R	BAKTA (ww_fastpOut_reads_R)	COMPLETED	0	181637	1	-	56.4	0.5	3043921920	15124914176	2943990544	21978934
ww_fastpOut_reads_R	BAKTA (ww_fastpOut_reads_R)	COMPLETED	0	187727	1	-	55.6	0.5	3043147776	15148662784	2943056817	21986491
ww_fastpOut_reads_R	BAKTA (ww_fastpOut_reads_R)	COMPLETED	0	219228	1	-	47.6	0.5	3015303168	15210676224	3032144527	24025820
ww_fastpOut_reads_R	BAKTA (ww_fastpOut_reads_R)	COMPLETED	0	235638	1	-	44.2	0.5	3014672384	59117002752	3032762825	24017961
ww_fastpOut_reads_R	BAKTA (ww_fastpOut_reads_R)	COMPLETED	0	185704	1	-	54.4	0.5	3016548352	17335586816	2988082286	22986558
ww_fastpOut_reads_R	BAKTA (ww_fastpOut_reads_R)	COMPLETED	0	183585	1	-	56.6	0.5	3015196672	15150075904	2987880322	22980229
ww_fastpOut_reads_R	BAKTA (ww_fastpOut_reads_R)	COMPLETED	0	180474	1	-	59.1	0.5	3043426304	15375339520	3120993770	26099904
ww_fastpOut_reads_R	BAKTA (ww_fastpOut_reads_R)	COMPLETED	0	198604	1	-	50.3	0.5	3014959104	15072092160	2897970433	20866770
ww_fastpOut_reads_R	BAKTA (ww_fastpOut_reads_R)	COMPLETED	0	221143	1	-	58.6	0.9	5130784768	18302791680	2996323956	23385929
ww_fastpOut_reads_R	BAKTA (ww_fastpOut_reads_R)	COMPLETED	0	204319	1	-	52.2	0.5	3046236160	92497661952	3122289007	26133616
ww_fastpOut_reads_R	BAKTA (ww_fastpOut_reads_R)	COMPLETED	0	234473	1	-	45.1	0.5	3019714560	25711190016	2986928340	22984931
ww_fastpOut_reads_R	BAKTA (ww_fastpOut_reads_R)	COMPLETED	0	238595	1	-	43.7	0.5	3046961152	15211008000	2943282281	21994805
ww_fastpOut_reads_R	BAKTA (ww_fastpOut_reads_R)	COMPLETED	0	218236	1	-	49.7	0.5	3047976960	84315303936	3077535863	25107968
ww_fastpOut_reads_R	BAKTA (ww_fastpOut_reads_R)	COMPLETED	0	266359	1	-	32.5	0.5	3043123200	15263748096	1722935917	1502204
ww_fastpOut_reads_R	BAKTA (ww_fastpOut_reads_R)	COMPLETED	0	220302	1	-	56.0	0.7	5400395776	18571464704	2898698034	20861718
ww_fastpOut_reads_R	BAKTA (ww_fastpOut_reads_R)	COMPLETED	0	226401	1	-	44.4	0.5	3016970240	34079928320	2898206462	20864206
ww_fastpOut_reads_R	BAKTA (ww_fastpOut_reads_R)	COMPLETED	0	277587	1	-	31.6	0.5	3014402048	17306497024	1723945911	1501100
ww_fastpOut_reads_R	BAKTA (ww_fastpOut_reads_R)	COMPLETED	0	193007	1	-	52.2	0.5	3020652544	34110410752	2944444411	21951122
ww_fastpOut_reads_R	BAKTA (ww_fastpOut_reads_R)	COMPLETED	0	206006	1	-	56.4	0.8	4434358272	17536032768	2853186762	19830447
ww_fastpOut_reads_R	BAKTA (ww_fastpOut_reads_R)	COMPLETED	0	191221	1	-	59.3	0.7	4101586944	17142124544	2939143405	21795776
ww_fastpOut_reads_R	BAKTA (ww_fastpOut_reads_R)	COMPLETED	0	213867	1	-	54.6	0.6	3510468608	16541630464	3039514773	24273823
ww_fastpOut_reads_R	BAKTA (ww_fastpOut_reads_R)	COMPLETED	0	197142	1	-	59.9	0.9	5067776000	18104459264	2809548891	18839234
ww_fastpOut_reads_R	BAKTA (ww_fastpOut_reads_R)	COMPLETED	0	228074	1	-	39.9	0.5	3046875136	15334834176	2057585675	1485195
ww_fastpOut_reads_R	BAKTA (ww_fastpOut_reads_R)	COMPLETED	0	235620	1	-	36.5	0.5	3017068544	17372475392	1722837484	1485455
ww_fastpOut_reads_R	BAKTA (ww_fastpOut_reads_R)	COMPLETED	0	240349	1	-	42.2	0.5	3016417280	15221886976	2898444530	20892235
ww_fastpOut_reads_R	BAKTA (ww_fastpOut_reads_R)	COMPLETED	0	251809	1	-	34.7	0.5	3045818368	15226859520	1720402332	1419747
ww_fastpOut_reads_R	BAKTA (ww_fastpOut_reads_R)	COMPLETED	0	187830	1	-	55.3	0.5	3020431360	42415063040	2988621505	23033321
ww_fastpOut_reads_R	BAKTA (ww_fastpOut_reads_R)	COMPLETED	0	212088	1	-	55.5	0.6	3591270400	17337364480	3038712282	24281865
ww_fastpOut_reads_R	BAKTA (ww_fastpOut_reads_R)	COMPLETED	0	237684	1	-	50.0	0.9	4967649280	18065739776	2853379154	19845714
ww_fastpOut_reads_R	BAKTA (ww_fastpOut_reads_R)	COMPLETED	0	217848	1	-	55.1	0.6	3788410880	17404669952	3038858098	24297875
ww_fastpOut_reads_R	BAKTA (ww_fastpOut_reads_R)	COMPLETED	0	210921	1	-	49.6	0.5	3023282176	15385800704	3034180489	24066644
ww_fastpOut_reads_R	BAKTA (ww_fastpOut_reads_R)	COMPLETED	0	254576	1	-	40.5	0.5	3021238272	15159930880	2898238992	20889824
ww_fastpOut_reads_R	BAKTA (ww_fastpOut_reads_R)	COMPLETED	0	208632	1	-	51.4	0.5	3018387456	15445516288	3033596756	24066763
ww_fastpOut_reads_R	BAKTA (ww_fastpOut_reads_R)	COMPLETED	0	197250	1	-	53.0	0.5	3021352960	17364545536	3033290383	24030711
ww_fastpOut_reads_R	BAKTA (ww_fastpOut_reads_R)	COMPLETED	0	211450	1	-	48.4	0.5	3044573184	15269851136	2989561199	23026879
ww_fastpOut_reads_R	BAKTA (ww_fastpOut_reads_R)	COMPLETED	0	230656	1	-	56.4	0.8	4354912256	17402781696	3171317611	27364094
ww_fastpOut_reads_R	BAKTA (ww_fastpOut_reads_R)	COMPLETED	0	219149	1	-	47.6	0.5	3016085504	17386528768	3033053048	24056320
ww_fastpOut_reads_R	BAKTA (ww_fastpOut_reads_R)	COMPLETED	0	199765	1	-	52.7	0.5	3044593664	34017103872	2988473272	23037329
ww_fastpOut_reads_R	BAKTA (ww_fastpOut_reads_R)	COMPLETED	0	206799	1	-	51.7	0.5	3019182080	17335242752	3041791795	24444899
ww_fastpOut_reads_R	BAKTA (ww_fastpOut_reads_R)	COMPLETED	0	184547	1	-	58.0	0.5	3020910592	34077638656	3078959519	25109336
ww_fastpOut_reads_R	BAKTA (ww_fastpOut_reads_R)	COMPLETED	0	206857	1	-	52.8	0.5	3021152256	17387028480	3086168846	25466626
ww_fastpOut_reads_R	BAKTA (ww_fastpOut_reads_R)	COMPLETED	0	190762	1	-	56.7	0.5	3017445376	15420084224	3122316999	26151205
ww_fastpOut_reads_R	BAKTA (ww_fastpOut_reads_R)	COMPLETED	0	195453	1	-	61.2	0.9	4991348736	67433058304	2897491121	20848110
ww_fastpOut_reads_R	BAKTA (ww_fastpOut_reads_R)	COMPLETED	0	205587	1	-	55.0	0.8	4406452224	59146842112	2808878178	18810905
ww_fastpOut_reads_R	BAKTA (ww_fastpOut_reads_R)	COMPLETED	0	201477	1	-	60.4	0.9	5357981696	18462212096	2853456185	19843088
ww_fastpOut_reads_R	BAKTA (ww_fastpOut_reads_R)	COMPLETED	0	264288	1	-	35.2	0.5	3041878016	15268360192	2056465118	3039053
ww_fastpOut_reads_R	BAKTA (ww_fastpOut_reads_R)	COMPLETED	0	198005	1	-	54.9	0.5	3020877824	42493063168	3086847379	25451789
ww_fastpOut_reads_R	BAKTA (ww_fastpOut_reads_R)	COMPLETED	0	249765	1	-	37.4	0.5	3043799040	15423696896	2056868952	1467855
ww_fastpOut_reads_R	BAKTA (ww_fastpOut_reads_R)	COMPLETED	0	162250	1	-	63.1	0.5	3017703424	42413600768	3032901401	24019227
ww_fastpOut_reads_R	BAKTA (ww_fastpOut_reads_R)	COMPLETED	0	167129	1	-	61.6	0.5	3019276288	15368220672	2989160700	23023417
ww_fastpOut_reads_R	BAKTA (ww_fastpOut_reads_R)	COMPLETED	0	184944	1	-	59.5	0.5	3017408512	15818256384	3161149173	26902026
ww_fastpOut_reads_R	BAKTA (ww_fastpOut_reads_R)	COMPLETED	0	209064	1	-	53.1	0.6	4276506624	17315188736	2809236684	18808234
ww_fastpOut_reads_R	BAKTA (ww_fastpOut_reads_R)	COMPLETED	0	236060	1	-	46.5	0.5	3017699328	25690746880	3130848540	26493588
ww_fastpOut_reads_R	BAKTA (ww_fastpOut_reads_R)	COMPLETED	0	206712	1	-	47.2	0.7	4662448128	17769738240	1716699159	2739775
ww_fastpOut_reads_R	BAKTA (ww_fastpOut_reads_R)	COMPLETED	0	181053	1	-	58.7	0.5	3043217408	15518265344	3122335627	26116162
ww_fastpOut_reads_R	BAKTA (ww_fastpOut_reads_R)	COMPLETED	0	243468	1	-	45.0	0.5	3019603968	92500086784	3042574819	24416156
ww_fastpOut_reads_R	BAKTA (ww_fastpOut_reads_R)	COMPLETED	0	214334	1	-	54.4	0.6	3343208448	16389099520	2994349992	23254757
ww_fastpOut_reads_R	BAKTA (ww_fastpOut_reads_R)	COMPLETED	0	218590	1	-	56.2	0.6	3639283712	17386164224	3170270692	27317513
ww_fastpOut_reads_R	BAKTA (ww_fastpOut_reads_R)	COMPLETED	0	171162	1	-	58.0	0.5	3019182080	15154991104	2854785874	19868285
ww_fastpOut_reads_R	BAKTA (ww_fastpOut_reads_R)	COMPLETED	0	185244	1	-	62.1	0.7	4359897088	17464414208	2853974836	19827669
ww_fastpOut_reads_R	BAKTA (ww_fastpOut_reads_R)	COMPLETED	0	249019	1	-	33.1	0.5	3041869824	15092584448	1721115954	1419746
ww_fastpOut_reads_R	BAKTA (ww_fastpOut_reads_R)	COMPLETED	0	259962	1	-	43.3	0.6	3829145600	59116335104	2853125105	19806681
ww_fastpOut_reads_R	BAKTA (ww_fastpOut_reads_R)	COMPLETED	0	172354	1	-	68.9	0.8	4915675136	18025353216	2854086023	19840962
ww_fastpOut_reads_R	BAKTA (ww_fastpOut_reads_R)	COMPLETED	0	224498	1	-	46.1	0.5	3018686464	15226155008	2988914728	23019086
ww_fastpOut_reads_R	BAKTA (ww_fastpOut_reads_R)	COMPLETED	0	225678	1	-	46.5	0.5	3018002432	42430787584	2943897405	21980077
ww_fastpOut_reads_R	BAKTA (ww_fastpOut_reads_R)	COMPLETED	0	206256	1	-	44.7	0.5	3045699584	17374343168	2056205628	1583791
ww_fastpOut_reads_R	BAKTA (ww_fastpOut_reads_R)	COMPLETED	0	219752	1	-	49.1	0.5	3018694656	15212318720	3085682023	25428960
ww_fastpOut_reads_R	BAKTA (ww_fastpOut_reads_R)	COMPLETED	0	251115	1	-	46.7	0.5	3047899136	15461892096	3228188527	28993079
ww_fastpOut_reads_R	BAKTA (ww_fastpOut_reads_R)	COMPLETED	0	255995	1	-	37.9	0.5	3044298752	15650127872	2056184749	1583969
ww_fastpOut_reads_R	BAKTA (ww_fastpOut_reads_R)	COMPLETED	0	222968	1	-	49.0	0.5	3017134080	15065919488	3041467868	24405475
ww_fastpOut_reads_R	BAKTA (ww_fastpOut_reads_R)	COMPLETED	0	238922	1	-	46.2	0.5	3042242560	15226740736	3085686867	25444189
ww_fastpOut_reads_R	BAKTA (ww_fastpOut_reads_R)	COMPLETED	0	205228	1	-	49.1	0.5	3016294400	17399820288	2854485154	19865770
ww_fastpOut_reads_R	BAKTA (ww_fastpOut_reads_R)	COMPLETED	0	236064	1	-	40.8	0.5	3014914048	15724077056	2056108918	1584340
ww_fastpOut_reads_R	BAKTA (ww_fastpOut_reads_R)	COMPLETED	0	240361	1	-	51.5	1.0	5433778176	18604572672	2810465202	18843082
ww_fastpOut_reads_R	BAKTA (ww_fastpOut_reads_R)	COMPLETED	0	245981	1	-	44.8	0.5	3043991552	17334325248	3129699964	26465017
ww_fastpOut_reads_R	BAKTA (ww_fastpOut_reads_R)	COMPLETED	0	243113	1	-	41.4	0.5	3019763712	101010735104	2899020675	20870312
ww_fastpOut_reads_R	BAKTA (ww_fastpOut_reads_R)	COMPLETED	0	259207	1	-	32.8	0.5	3015192576	15329300480	1722418075	1469704
ww_fastpOut_reads_R	BAKTA (ww_fastpOut_reads_R)	COMPLETED	0	265933	1	-	35.6	0.5	3016081408	15707840512	2056134436	1584402
ww_fastpOut_reads_R	BAKTA (ww_fastpOut_reads_R)	COMPLETED	0	153761	1	-	67.9	0.5	3015835648	14636896256	3034314041	24054455
ww_fastpOut_reads_R	BAKTA (ww_fastpOut_reads_R)	COMPLETED	0	224116	1	-	44.6	0.5	3019628544	15044812800	2943945110	21940126
ww_fastpOut_reads_R	BAKTA (ww_fastpOut_reads_R)	COMPLETED	0	246266	1	-	48.9	0.9	5142462464	18245722112	2809869426	18832525
ww_fastpOut_reads_R	BAKTA (ww_fastpOut_reads_R)	COMPLETED	0	220419	1	-	42.9	0.5	3017650176	17351012352	2056553465	1581631
ww_fastpOut_reads_R	BAKTA (ww_fastpOut_reads_R)	COMPLETED	0	171357	1	-	59.4	0.5	3046162432	15227117568	3033367498	24031744
ww_fastpOut_reads_R	BAKTA (ww_fastpOut_reads_R)	COMPLETED	0	231856	1	-	53.0	0.7	3689463808	50771378176	3215250374	28356541
ww_fastpOut_reads_R	BAKTA (ww_fastpOut_reads_R)	COMPLETED	0	231613	1	-	40.2	0.5	3015905280	15592566784	2056243320	1582194
ww_fastpOut_reads_R	BAKTA (ww_fastpOut_reads_R)	COMPLETED	0	154373	1	-	69.0	0.5	3017658368	14702383104	3079136599	25125053
ww_fastpOut_reads_R	BAKTA (ww_fastpOut_reads_R)	COMPLETED	0	226853	1	-	54.9	0.7	4038139904	17211854848	3215489344	28363930
ww_fastpOut_reads_R	BAKTA (ww_fastpOut_reads_R)	COMPLETED	0	174860	1	-	59.3	0.4	3045441536	42375372800	2988828101	23025676
ww_fastpOut_reads_R	BAKTA (ww_fastpOut_reads_R)	COMPLETED	0	206190	1	-	56.8	0.5	3018420224	50708754432	2995430284	23277850
ww_fastpOut_reads_R	BAKTA (ww_fastpOut_reads_R)	COMPLETED	0	194018	1	-	48.1	0.5	3042918400	17334521856	2056239062	1581355
ww_fastpOut_reads_R	BAKTA (ww_fastpOut_reads_R)	COMPLETED	0	181456	1	-	58.0	0.3	3017641984	15347322880	3033771735	24054679
ww_fastpOut_reads_R	BAKTA (ww_fastpOut_reads_R)	COMPLETED	0	270469	1	-	35.0	0.5	3044253696	17384570880	2056490287	1581608
ww_fastpOut_reads_R	BAKTA (ww_fastpOut_reads_R)	COMPLETED	0	308007	1	-	31.6	0.5	3044282368	15633711104	2055830949	1585104
ww_fastpOut_reads_R	BAKTA (ww_fastpOut_reads_R)	COMPLETED	0	212187	1	-	43.6	0.5	3019395072	17395265536	2056759780	1449385
ww_fastpOut_reads_R	BAKTA (ww_fastpOut_reads_R)	COMPLETED	0	194179	1	-	56.2	0.5	3021697024	15081934848	3086673150	25445000
ww_fastpOut_reads_R	BAKTA (ww_fastpOut_reads_R)	COMPLETED	0	196401	1	-	54.7	0.5	3044569088	15322222592	3034157451	24063055
ww_fastpOut_reads_R	BAKTA (ww_fastpOut_reads_R)	COMPLETED	0	184299	1	-	59.2	0.5	3046776832	17399189504	3086875249	25475516
ww_fastpOut_reads_R	BAKTA (ww_fastpOut_reads_R)	COMPLETED	0	195879	1	-	46.6	0.5	3042918400	15306948608	2055792522	1566538
ww_fastpOut_reads_R	BAKTA (ww_fastpOut_reads_R)	COMPLETED	0	220761	1	-	45.8	0.7	3749789696	16917078016	2052742341	1385786
ww_fastpOut_reads_R	BAKTA (ww_fastpOut_reads_R)	COMPLETED	0	223199	1	-	44.5	0.5	3059077120	16228917248	2057887636	1794960
ww_fastpOut_reads_R	BAKTA (ww_fastpOut_reads_R)	COMPLETED	0	209764	1	-	40.8	0.6	3315728384	16409681920	1704393563	1142693
ww_fastpOut_reads_R	BAKTA (ww_fastpOut_reads_R)	COMPLETED	0	224350	1	-	78.4	0.6	3748159488	16893079552	3582400806	38324099
ww_fastpOut_reads_R	BAKTA (ww_fastpOut_reads_R)	COMPLETED	0	168483	1	-	57.4	0.5	3049308160	15036530688	2764155253	17792052
ww_fastpOut_reads_R	BAKTA (ww_fastpOut_reads_R)	COMPLETED	0	191161	1	-	41.5	0.5	3039330304	15542222848	1712661532	1238054
ww_fastpOut_reads_R	BAKTA (ww_fastpOut_reads_R)	COMPLETED	0	219948	1	-	41.6	0.5	3040993280	15321518080	2055741131	1567022
ww_fastpOut_reads_R	BAKTA (ww_fastpOut_reads_R)	COMPLETED	0	204604	1	-	52.0	0.5	3018293248	15214747648	3078082885	25248799
ww_fastpOut_reads_R	BAKTA (ww_fastpOut_reads_R)	COMPLETED	0	232508	1	-	42.2	0.5	3042308096	15593672704	2055730275	1583676
ww_fastpOut_reads_R	BAKTA (ww_fastpOut_reads_R)	COMPLETED	0	245563	1	-	37.5	0.5	3041918976	15480262656	2055555877	1565348
ww_fastpOut_reads_R	BAKTA (ww_fastpOut_reads_R)	COMPLETED	0	247498	1	-	37.1	0.5	3045400576	134217031680	2055502136	1565421
ww_fastpOut_reads_R	BAKTA (ww_fastpOut_reads_R)	COMPLETED	0	204420	1	-	59.1	0.5	3019939840	17382051840	3269539335	29755566
ww_fastpOut_reads_R	BAKTA (ww_fastpOut_reads_R)	COMPLETED	0	269840	1	-	36.4	0.5	3040718848	59069153280	2056720735	1581922
ww_fastpOut_reads_R	BAKTA (ww_fastpOut_reads_R)	COMPLETED	0	211393	1	-	71.3	0.5	3048300544	42423472128	3477167535	35406622
ww_fastpOut_reads_R	BAKTA (ww_fastpOut_reads_R)	COMPLETED	0	213090	1	-	43.6	0.6	3456024576	16554352640	2046600520	1352344
ww_fastpOut_reads_R	BAKTA (ww_fastpOut_reads_R)	COMPLETED	0	222130	1	-	36.4	0.5	3040755712	15122567168	2039913530	1105178
ww_fastpOut_reads_R	BAKTA (ww_fastpOut_reads_R)	COMPLETED	0	207873	1	-	41.8	0.5	3039993856	15201628160	2042875013	1161096
ww_fastpOut_reads_R	BAKTA (ww_fastpOut_reads_R)	COMPLETED	0	222389	1	-	39.2	0.5	3013206016	15329099776	2045863138	1216063
ww_fastpOut_reads_R	BAKTA (ww_fastpOut_reads_R)	COMPLETED	0	188368	1	-	50.0	0.5	3043004416	15634145280	2056242806	1584606
ww_fastpOut_reads_R	BAKTA (ww_fastpOut_reads_R)	COMPLETED	0	231168	1	-	46.2	0.7	4834246656	17938399232	2051141034	1312978
ww_fastpOut_reads_R	BAKTA (ww_fastpOut_reads_R)	COMPLETED	0	233127	1	-	40.1	0.5	3013271552	42374692864	2055911211	1584742
ww_fastpOut_reads_R	BAKTA (ww_fastpOut_reads_R)	COMPLETED	0	189601	1	-	42.0	0.5	3018067968	15146053632	1715868635	1245118
ww_fastpOut_reads_R	BAKTA (ww_fastpOut_reads_R)	COMPLETED	0	204795	1	-	39.4	0.5	3015118848	15146094592	1716195211	1245032
ww_fastpOut_reads_R	BAKTA (ww_fastpOut_reads_R)	COMPLETED	0	209324	1	-	42.1	0.5	3045195776	15920238592	2041400251	1204218
ww_fastpOut_reads_R	BAKTA (ww_fastpOut_reads_R)	COMPLETED	0	208777	1	-	44.2	0.5	3018055680	15478276096	2055799446	1585315
ww_fastpOut_reads_R	BAKTA (ww_fastpOut_reads_R)	COMPLETED	0	194188	1	-	42.6	0.6	3339296768	16428208128	1702871478	1110775
ww_fastpOut_reads_R	BAKTA (ww_fastpOut_reads_R)	COMPLETED	0	209357	1	-	44.1	0.5	3018870784	15589146624	2056162018	1575206
ww_fastpOut_reads_R	BAKTA (ww_fastpOut_reads_R)	COMPLETED	0	175783	1	-	52.6	0.4	3045588992	15584071680	2056500124	1582272
ww_fastpOut_reads_R	BAKTA (ww_fastpOut_reads_R)	COMPLETED	0	215463	1	-	37.0	0.5	3016708096	15065714688	1715584138	1249906
ww_fastpOut_reads_R	BAKTA (ww_fastpOut_reads_R)	COMPLETED	0	225339	1	-	41.6	0.5	3047952384	59191730176	2056653745	1583598
ww_fastpOut_reads_R	BAKTA (ww_fastpOut_reads_R)	COMPLETED	0	224492	1	-	41.4	0.5	3020898304	75880914944	2056111435	1584570
ww_fastpOut_reads_R	BAKTA (ww_fastpOut_reads_R)	COMPLETED	0	237480	1	-	41.1	0.5	3013312512	15608754176	2056088144	1583596
ww_fastpOut_reads_R	BAKTA (ww_fastpOut_reads_R)	COMPLETED	0	221606	1	-	50.4	0.9	4929261568	18037354496	2054869228	3011195
ww_fastpOut_reads_R	BAKTA (ww_fastpOut_reads_R)	COMPLETED	0	188922	1	-	46.0	0.5	3044831232	15157583872	2050609718	1251628
ww_fastpOut_reads_R	BAKTA (ww_fastpOut_reads_R)	COMPLETED	0	193148	1	-	47.9	0.5	3045822464	15687725056	2056283727	1583295
ww_fastpOut_reads_R	BAKTA (ww_fastpOut_reads_R)	COMPLETED	0	224130	1	-	43.2	0.5	3043336192	15645413376	2055966891	1583241
ww_fastpOut_reads_R	BAKTA (ww_fastpOut_reads_R)	COMPLETED	0	222377	1	-	42.8	0.5	3040669696	15573655552	2056010511	1582997
ww_fastpOut_reads_R	BAKTA (ww_fastpOut_reads_R)	COMPLETED	0	193188	1	-	46.6	0.5	3045548032	15169171456	2050308211	1254701
ww_fastpOut_reads_R	BAKTA (ww_fastpOut_reads_R)	COMPLETED	0	233938	1	-	36.8	0.5	3045154816	15291838464	2050887095	1251400
ww_fastpOut_reads_R	BAKTA (ww_fastpOut_reads_R)	COMPLETED	0	229515	1	-	41.9	0.5	3015942144	15577260032	2055903561	1584087
ww_fastpOut_reads_R	BAKTA (ww_fastpOut_reads_R)	COMPLETED	0	213310	1	-	44.7	0.5	3017252864	15646969856	2056607756	1581315
ww_fastpOut_reads_R	BAKTA (ww_fastpOut_reads_R)	COMPLETED	0	200708	1	-	47.8	0.5	3044532224	15543144448	2056129022	1581429
ww_fastpOut_reads_R	BAKTA (ww_fastpOut_reads_R)	COMPLETED	0	213362	1	-	45.4	0.5	3043090432	15572652032	2055888971	1581949
ww_fastpOut_reads_R	BAKTA (ww_fastpOut_reads_R)	COMPLETED	0	226115	1	-	39.2	0.5	3043975168	15108149248	2050827736	1251882
ww_fastpOut_reads_R	BAKTA (ww_fastpOut_reads_R)	COMPLETED	0	190707	1	-	40.6	0.5	3015766016	14995587072	1705197858	1111543
ww_fastpOut_reads_R	BAKTA (ww_fastpOut_reads_R)	COMPLETED	0	210654	1	-	45.9	0.9	5306822656	18481012736	1704998777	1115262
ww_fastpOut_reads_R	BAKTA (ww_fastpOut_reads_R)	COMPLETED	0	216743	1	-	43.0	0.5	3019776000	25750667264	2056614527	1582812
ww_fastpOut_reads_R	BAKTA (ww_fastpOut_reads_R)	COMPLETED	0	193738	1	-	45.0	0.5	3042586624	15105269760	2027013486	1158507
ww_fastpOut_reads_R	BAKTA (ww_fastpOut_reads_R)	COMPLETED	0	220801	1	-	42.3	0.5	3044622336	17382313984	2056363348	1582996
ww_fastpOut_reads_R	BAKTA (ww_fastpOut_reads_R)	COMPLETED	0	178985	1	-	56.4	0.9	4905062400	17945706496	1720101556	1300277
ww_fastpOut_reads_R	BAKTA (ww_fastpOut_reads_R)	COMPLETED	0	236459	1	-	39.4	0.5	3018330112	15230439424	2058453990	1491341
ww_fastpOut_reads_R	BAKTA (ww_fastpOut_reads_R)	COMPLETED	0	222055	1	-	42.3	0.5	3044581376	15689199616	2055932755	1583739
ww_fastpOut_reads_R	BAKTA (ww_fastpOut_reads_R)	COMPLETED	0	221630	1	-	42.3	0.5	3018416128	15623503872	2056264576	1582566
ww_fastpOut_reads_R	BAKTA (ww_fastpOut_reads_R)	COMPLETED	0	185271	1	-	51.0	0.5	3043557376	15263485952	2055847822	1565799
ww_fastpOut_reads_R	BAKTA (ww_fastpOut_reads_R)	COMPLETED	0	221842	1	-	41.5	0.5	3017330688	15315869696	2055285002	1564938
ww_fastpOut_reads_R	BAKTA (ww_fastpOut_reads_R)	COMPLETED	0	250066	1	-	37.6	0.5	3043246080	15632924672	2056115309	1582715
ww_fastpOut_reads_R	BAKTA (ww_fastpOut_reads_R)	COMPLETED	0	212755	1	-	45.8	0.5	3013165056	15558541312	2056363991	1582626
ww_fastpOut_reads_R	BAKTA (ww_fastpOut_reads_R)	COMPLETED	0	192137	1	-	47.9	0.5	3016425472	15308668928	2054875820	1566072
ww_fastpOut_reads_R	BAKTA (ww_fastpOut_reads_R)	COMPLETED	0	202398	1	-	46.5	0.5	3044671488	15340621824	2055555041	1566277
ww_fastpOut_reads_R	BAKTA (ww_fastpOut_reads_R)	COMPLETED	0	171636	1	-	54.2	0.5	3015794688	15254851584	2055955274	1565209
ww_fastpOut_reads_R	BAKTA (ww_fastpOut_reads_R)	COMPLETED	0	233289	1	-	39.6	0.5	3018088448	15144923136	2055389152	1320748
ww_fastpOut_reads_R	BAKTA (ww_fastpOut_reads_R)	COMPLETED	0	193504	1	-	47.7	0.5	3042451456	15487143936	2056442986	1565782
ww_fastpOut_reads_R	BAKTA (ww_fastpOut_reads_R)	COMPLETED	0	193723	1	-	51.1	0.9	5050073088	18222776320	1715114075	1242581
ww_fastpOut_reads_R	BAKTA (ww_fastpOut_reads_R)	COMPLETED	0	138623	1	-	79.0	0.6	3793911808	16895463424	2850947482	19680180
ww_fastpOut_reads_R	BAKTA (ww_fastpOut_reads_R)	COMPLETED	0	175321	1	-	56.7	0.9	5064908800	84043591680	1715019279	1242524
ww_fastpOut_reads_R	BAKTA (ww_fastpOut_reads_R)	COMPLETED	0	198423	1	-	46.0	0.5	3045560320	15219179520	2055490424	1320930
ww_fastpOut_reads_R	BAKTA (ww_fastpOut_reads_R)	COMPLETED	0	207926	1	-	43.4	0.5	3042439168	15353778176	2055366889	1321035
ww_fastpOut_reads_R	BAKTA (ww_fastpOut_reads_R)	COMPLETED	0	174490	1	-	53.2	0.5	3043266560	15347781632	2056241374	1565231
ww_fastpOut_reads_R	BAKTA (ww_fastpOut_reads_R)	COMPLETED	0	192682	1	-	48.5	0.5	3046146048	15417901056	2055975576	1565711
ww_fastpOut_reads_R	BAKTA (ww_fastpOut_reads_R)	COMPLETED	0	208193	1	-	45.1	0.5	3041468416	34021773312	2055640790	1566642
ww_fastpOut_reads_R	BAKTA (ww_fastpOut_reads_R)	COMPLETED	0	193816	1	-	46.6	0.5	3045326848	17395195904	2055409900	1321205
ww_fastpOut_reads_R	BAKTA (ww_fastpOut_reads_R)	COMPLETED	0	190328	1	-	46.0	0.5	3043708928	15223181312	2050520001	1265617
ww_fastpOut_reads_R	BAKTA (ww_fastpOut_reads_R)	COMPLETED	0	157797	1	-	67.9	0.5	3044872192	34017185792	3041708781	24530882
ww_fastpOut_reads_R	BAKTA (ww_fastpOut_reads_R)	COMPLETED	0	195767	1	-	41.8	0.5	3015733248	15132930048	1720234172	1403173
ww_fastpOut_reads_R	BAKTA (ww_fastpOut_reads_R)	COMPLETED	0	187165	1	-	43.3	0.5	3011903488	15981412352	1703269052	1142432
ww_fastpOut_reads_R	BAKTA (ww_fastpOut_reads_R)	COMPLETED	0	223616	1	-	42.1	0.5	3013251072	15419977728	2055918279	1566294
ww_fastpOut_reads_R	BAKTA (ww_fastpOut_reads_R)	COMPLETED	0	230549	1	-	40.4	0.5	3041361920	15357530112	2055125373	1320430
ww_fastpOut_reads_R	BAKTA (ww_fastpOut_reads_R)	COMPLETED	0	205906	1	-	46.3	0.5	3042127872	15465926656	2054268131	1374720
ww_fastpOut_reads_R	BAKTA (ww_fastpOut_reads_R)	COMPLETED	0	192827	1	-	52.8	0.5	3046330368	16055066624	2058057225	1800546
ww_fastpOut_reads_R	BAKTA (ww_fastpOut_reads_R)	COMPLETED	0	138325	1	-	64.9	0.5	3044040704	15266304000	2515218083	19717098
ww_fastpOut_reads_R	BAKTA (ww_fastpOut_reads_R)	COMPLETED	0	169378	1	-	47.6	0.5	3015745536	15133560832	1716095995	1244634
ww_fastpOut_reads_R	BAKTA (ww_fastpOut_reads_R)	COMPLETED	0	215983	1	-	41.2	0.5	3019329536	15147094016	2055373596	1320663
ww_fastpOut_reads_R	BAKTA (ww_fastpOut_reads_R)	COMPLETED	0	188821	1	-	48.6	0.5	3042439168	17382342656	2055750494	1323693
ww_fastpOut_reads_R	BAKTA (ww_fastpOut_reads_R)	COMPLETED	0	196417	1	-	47.1	0.5	3016232960	14702182400	2056564655	3039544
ww_fastpOut_reads_R	BAKTA (ww_fastpOut_reads_R)	COMPLETED	0	187884	1	-	43.0	0.5	3041554432	15214743552	1715984935	1244602
ww_fastpOut_reads_R	BAKTA (ww_fastpOut_reads_R)	COMPLETED	0	179451	1	-	46.2	0.5	3041460224	15267995648	1715671719	1250215
ww_fastpOut_reads_R	BAKTA (ww_fastpOut_reads_R)	COMPLETED	0	198831	1	-	44.8	0.5	3043246080	15800975360	2047633161	1250738
ww_fastpOut_reads_R	BAKTA (ww_fastpOut_reads_R)	COMPLETED	0	195986	1	-	45.4	0.5	3045920768	15161028608	2056709339	1320804
ww_fastpOut_reads_R	BAKTA (ww_fastpOut_reads_R)	COMPLETED	0	190376	1	-	42.4	0.5	3041542144	15088820224	1715557566	1250149
ww_fastpOut_reads_R	BAKTA (ww_fastpOut_reads_R)	COMPLETED	0	220692	1	-	41.1	0.5	3044917248	42449100800	2050681908	1265761
ww_fastpOut_reads_R	BAKTA (ww_fastpOut_reads_R)	COMPLETED	0	167995	1	-	61.8	0.9	5065977856	18168360960	1719638764	1294325
ww_fastpOut_reads_R	BAKTA (ww_fastpOut_reads_R)	COMPLETED	0	205481	1	-	39.5	0.5	3016040448	15064969216	1715492723	1249724
ww_fastpOut_reads_R	BAKTA (ww_fastpOut_reads_R)	COMPLETED	0	192291	1	-	45.7	0.5	3043184640	15261229056	2050234760	1254755
ww_fastpOut_reads_R	BAKTA (ww_fastpOut_reads_R)	COMPLETED	0	181475	1	-	49.1	0.5	3013591040	15169019904	2050259802	1254178
ww_fastpOut_reads_R	BAKTA (ww_fastpOut_reads_R)	COMPLETED	0	166284	1	-	52.8	0.5	3019464704	15154647040	2050129194	1254211
ww_fastpOut_reads_R	BAKTA (ww_fastpOut_reads_R)	COMPLETED	0	196114	1	-	46.4	0.5	3043872768	15184371712	2050723101	1251971
ww_fastpOut_reads_R	BAKTA (ww_fastpOut_reads_R)	COMPLETED	0	170850	1	-	48.2	0.5	3016572928	15599357952	1712225418	2760149
ww_fastpOut_reads_R	BAKTA (ww_fastpOut_reads_R)	COMPLETED	0	197301	1	-	40.6	0.5	3044204544	15162331136	1715403869	1210388
ww_fastpOut_reads_R	BAKTA (ww_fastpOut_reads_R)	COMPLETED	0	164011	1	-	58.9	0.9	4918808576	18077577216	1713891780	1178376
ww_fastpOut_reads_R	BAKTA (ww_fastpOut_reads_R)	COMPLETED	0	199972	1	-	49.4	0.8	4579295232	18036477952	1713796081	1181420
ww_fastpOut_reads_R	BAKTA (ww_fastpOut_reads_R)	COMPLETED	0	193431	1	-	47.1	0.5	3042578432	15533518848	2051191567	1289365
ww_fastpOut_reads_R	BAKTA (ww_fastpOut_reads_R)	COMPLETED	0	216830	1	-	43.5	0.5	3013447680	15456227328	2055200824	1343935
ww_fastpOut_reads_R	BAKTA (ww_fastpOut_reads_R)	COMPLETED	0	188728	1	-	49.5	0.5	3012575232	42423427072	2050522389	1289296
ww_fastpOut_reads_R	BAKTA (ww_fastpOut_reads_R)	COMPLETED	0	188853	1	-	54.7	0.9	4991700992	18088517632	1719398425	1297350
ww_fastpOut_reads_R	BAKTA (ww_fastpOut_reads_R)	COMPLETED	0	185906	1	-	47.9	0.5	3016622080	34112462848	2050164836	1288923
ww_fastpOut_reads_R	BAKTA (ww_fastpOut_reads_R)	COMPLETED	0	196809	1	-	46.8	0.5	3016482816	15176712192	2054692707	1758215
ww_fastpOut_reads_R	BAKTA (ww_fastpOut_reads_R)	COMPLETED	0	196400	1	-	47.2	0.5	3043741696	15401017344	2055633788	1344199
ww_fastpOut_reads_R	BAKTA (ww_fastpOut_reads_R)	COMPLETED	0	182677	1	-	48.1	0.5	3045093376	15399067648	2050339957	1289241
ww_fastpOut_reads_R	BAKTA (ww_fastpOut_reads_R)	COMPLETED	0	191612	1	-	52.8	0.9	4886487040	18052509696	1720491137	1299984
ww_fastpOut_reads_R	BAKTA (ww_fastpOut_reads_R)	COMPLETED	0	175607	1	-	49.2	0.5	3043418112	15252692992	1722681752	1486664
ww_fastpOut_reads_R	BAKTA (ww_fastpOut_reads_R)	COMPLETED	0	185331	1	-	50.1	0.5	3015634944	15319228416	2054954210	1343976
ww_fastpOut_reads_R	BAKTA (ww_fastpOut_reads_R)	COMPLETED	0	166284	1	-	54.6	0.5	3042734080	15154491392	2055440604	1323885
ww_fastpOut_reads_R	BAKTA (ww_fastpOut_reads_R)	COMPLETED	0	197496	1	-	45.5	0.5	3044720640	15368065024	2050153382	1289055
ww_fastpOut_reads_R	BAKTA (ww_fastpOut_reads_R)	COMPLETED	0	213979	1	-	42.5	0.5	3044700160	15530549248	2055200893	1343597
ww_fastpOut_reads_R	BAKTA (ww_fastpOut_reads_R)	COMPLETED	0	149502	1	-	56.7	0.4	3042320384	15269982208	1722520524	1486630
ww_fastpOut_reads_R	BAKTA (ww_fastpOut_reads_R)	COMPLETED	0	205760	1	-	45.8	0.5	3042279424	15519866880	2055889751	1343674
ww_fastpOut_reads_R	BAKTA (ww_fastpOut_reads_R)	COMPLETED	0	181936	1	-	48.5	0.5	3043868672	84176998400	2050446201	1289076
ww_fastpOut_reads_R	BAKTA (ww_fastpOut_reads_R)	COMPLETED	0	187297	1	-	47.6	0.5	3016298496	17380028416	2050293894	1265896
ww_fastpOut_reads_R	BAKTA (ww_fastpOut_reads_R)	COMPLETED	0	198672	1	-	47.5	0.5	3043184640	17382363136	2055464073	1343727
ww_fastpOut_reads_R	BAKTA (ww_fastpOut_reads_R)	COMPLETED	0	205867	1	-	43.4	0.5	3017072640	84123611136	2050333619	1265894
ww_fastpOut_reads_R	BAKTA (ww_fastpOut_reads_R)	COMPLETED	0	189965	1	-	48.3	0.5	3044683776	17327493120	2055190797	1320998
ww_fastpOut_reads_R	BAKTA (ww_fastpOut_reads_R)	COMPLETED	0	197109	1	-	46.5	0.5	3044601856	17379418112	2055225800	1317972
ww_fastpOut_reads_R	BAKTA (ww_fastpOut_reads_R)	COMPLETED	0	175856	1	-	50.0	0.5	3045576704	15219318784	2050760513	1266044
ww_fastpOut_reads_R	BAKTA (ww_fastpOut_reads_R)	COMPLETED	0	226427	1	-	40.9	0.5	3017637888	67542523904	2055812580	1343764
ww_fastpOut_reads_R	BAKTA (ww_fastpOut_reads_R)	COMPLETED	0	203774	1	-	45.3	0.5	3040104448	17324126208	2055990003	1324020
ww_fastpOut_reads_R	BAKTA (ww_fastpOut_reads_R)	COMPLETED	0	192519	1	-	45.9	0.5	3015766016	15206629376	2050802201	1266102
ww_fastpOut_reads_R	BAKTA (ww_fastpOut_reads_R)	COMPLETED	0	199871	1	-	45.6	0.5	3044900864	15219183616	2055184822	1321035
ww_fastpOut_reads_R	BAKTA (ww_fastpOut_reads_R)	COMPLETED	0	190989	1	-	43.0	0.5	3013971968	15141810176	2034282642	1121176
ww_fastpOut_reads_R	BAKTA (ww_fastpOut_reads_R)	COMPLETED	0	204598	1	-	43.2	0.5	3016392704	15424344064	2050798058	1295748
ww_fastpOut_reads_R	BAKTA (ww_fastpOut_reads_R)	COMPLETED	0	183994	1	-	48.6	0.5	3043049472	15497125888	2051315618	1295913
ww_fastpOut_reads_R	BAKTA (ww_fastpOut_reads_R)	COMPLETED	0	223677	1	-	42.4	0.5	3043463168	15454785536	2055378111	1340779
ww_fastpOut_reads_R	BAKTA (ww_fastpOut_reads_R)	COMPLETED	0	226338	1	-	40.3	0.5	3016892416	50752643072	2055191590	1318091
ww_fastpOut_reads_R	BAKTA (ww_fastpOut_reads_R)	COMPLETED	0	206761	1	-	45.0	0.5	3012804608	15344418816	2055222788	1320584
ww_fastpOut_reads_R	BAKTA (ww_fastpOut_reads_R)	COMPLETED	0	215441	1	-	43.7	0.5	3042852864	15432462336	2054896017	1347902
ww_fastpOut_reads_R	BAKTA (ww_fastpOut_reads_R)	COMPLETED	0	224220	1	-	41.0	0.5	3043729408	15292542976	2055149161	1317617
ww_fastpOut_reads_R	BAKTA (ww_fastpOut_reads_R)	COMPLETED	0	238318	1	-	38.6	0.5	3041087488	15290290176	2054910206	1320604
ww_fastpOut_reads_R	BAKTA (ww_fastpOut_reads_R)	COMPLETED	0	211326	1	-	43.0	0.5	3045371904	17395884032	2054863321	1317723
ww_fastpOut_reads_R	BAKTA (ww_fastpOut_reads_R)	COMPLETED	0	233669	1	-	38.3	0.5	3040948224	15223193600	2050472200	1265491
ww_fastpOut_reads_R	BAKTA (ww_fastpOut_reads_R)	COMPLETED	0	245520	1	-	38.3	0.5	3040464896	25729245184	2055661920	1323487
ww_fastpOut_reads_R	BAKTA (ww_fastpOut_reads_R)	COMPLETED	0	192550	1	-	46.3	0.5	3042197504	15317532672	2051382618	1289062
ww_fastpOut_reads_R	BAKTA (ww_fastpOut_reads_R)	COMPLETED	0	205327	1	-	42.1	0.5	3017502720	15210233856	2050968459	1265666
ww_fastpOut_reads_R	BAKTA (ww_fastpOut_reads_R)	COMPLETED	0	217847	1	-	47.5	0.9	5049896960	18159009792	1720360655	1297557
ww_fastpOut_reads_R	BAKTA (ww_fastpOut_reads_R)	COMPLETED	0	246698	1	-	37.9	0.5	3042033664	15292055552	2055317425	1320716
ww_fastpOut_reads_R	BAKTA (ww_fastpOut_reads_R)	COMPLETED	0	197296	1	-	46.3	0.4	3044208640	92499509248	2055501239	1346812
ww_fastpOut_reads_R	BAKTA (ww_fastpOut_reads_R)	COMPLETED	0	193048	1	-	49.3	0.5	3041050624	59045113856	2054924447	1343845
ww_fastpOut_reads_R	BAKTA (ww_fastpOut_reads_R)	COMPLETED	0	202499	1	-	47.2	0.5	3041832960	15317217280	2055007132	1343942
ww_fastpOut_reads_R	BAKTA (ww_fastpOut_reads_R)	COMPLETED	0	200766	1	-	46.6	0.5	3015266304	34026196992	2056172725	1343989
ww_fastpOut_reads_R	BAKTA (ww_fastpOut_reads_R)	COMPLETED	0	174479	1	-	51.1	0.5	3042029568	17325854720	2050674522	1289053
ww_fastpOut_reads_R	BAKTA (ww_fastpOut_reads_R)	COMPLETED	0	209124	1	-	43.7	0.5	3047759872	15085121536	2056738024	3042591
ww_fastpOut_reads_R	BAKTA (ww_fastpOut_reads_R)	COMPLETED	0	192909	1	-	48.2	0.5	3042869248	15610920960	2055578949	1347543
ww_fastpOut_reads_R	BAKTA (ww_fastpOut_reads_R)	COMPLETED	0	193020	1	-	47.3	0.5	3042643968	25727418368	2055864337	1350672
ww_fastpOut_reads_R	BAKTA (ww_fastpOut_reads_R)	COMPLETED	0	189272	1	-	48.7	0.5	3041361920	25679552512	2055956217	1347006
ww_fastpOut_reads_R	BAKTA (ww_fastpOut_reads_R)	COMPLETED	0	191139	1	-	48.6	0.5	3017691136	15445700608	2055815642	1353640
ww_fastpOut_reads_R	BAKTA (ww_fastpOut_reads_R)	COMPLETED	0	175531	1	-	52.8	0.5	3043885056	15466422272	2055216114	1341090
ww_fastpOut_reads_R	BAKTA (ww_fastpOut_reads_R)	COMPLETED	0	180891	1	-	53.1	0.5	3044605952	15401918464	2055056368	1343518
ww_fastpOut_reads_R	BAKTA (ww_fastpOut_reads_R)	COMPLETED	0	206830	1	-	44.8	0.5	3041742848	15382040576	2055430568	1340994
ww_fastpOut_reads_R	BAKTA (ww_fastpOut_reads_R)	COMPLETED	0	165911	1	-	51.0	0.5	3447844864	16493920256	1704540347	1147659
ww_fastpOut_reads_R	BAKTA (ww_fastpOut_reads_R)	COMPLETED	0	198189	1	-	47.1	0.5	3041181696	15399301120	2055069456	1344089
ww_fastpOut_reads_R	BAKTA (ww_fastpOut_reads_R)	COMPLETED	0	170998	1	-	57.2	0.7	4894150656	17933520896	1715056590	1242113
ww_fastpOut_reads_R	BAKTA (ww_fastpOut_reads_R)	COMPLETED	0	217950	1	-	44.0	0.5	3015553024	15449833472	2055502895	1350524
ww_fastpOut_reads_R	BAKTA (ww_fastpOut_reads_R)	COMPLETED	0	200380	1	-	45.2	0.5	3044065280	15428452352	2055670648	1326685
ww_fastpOut_reads_R	BAKTA (ww_fastpOut_reads_R)	COMPLETED	0	168048	1	-	53.0	0.5	3014426624	15415771136	2050477576	1271964
ww_fastpOut_reads_R	BAKTA (ww_fastpOut_reads_R)	COMPLETED	0	168721	1	-	52.2	0.4	3015876608	50947940352	2050799894	1271877
ww_fastpOut_reads_R	BAKTA (ww_fastpOut_reads_R)	COMPLETED	0	185887	1	-	50.8	0.5	3013095424	15383519232	2055726545	1346651
ww_fastpOut_reads_R	BAKTA (ww_fastpOut_reads_R)	COMPLETED	0	194433	1	-	47.2	0.5	3014955008	15383650304	2050638377	1288789
ww_fastpOut_reads_R	BAKTA (ww_fastpOut_reads_R)	COMPLETED	0	204687	1	-	44.9	0.5	3018104832	84208373760	2055629800	1343700
ww_fastpOut_reads_R	BAKTA (ww_fastpOut_reads_R)	COMPLETED	0	189524	1	-	47.6	0.5	3014160384	15517741056	2050397637	1288748
ww_fastpOut_reads_R	BAKTA (ww_fastpOut_reads_R)	COMPLETED	0	166136	1	-	56.1	0.5	3045601280	15635513344	2056359585	1353762
ww_fastpOut_reads_R	BAKTA (ww_fastpOut_reads_R)	COMPLETED	0	159949	1	-	69.2	0.8	4928692224	17966510080	2054925971	3007393
ww_fastpOut_reads_R	BAKTA (ww_fastpOut_reads_R)	COMPLETED	0	177497	1	-	51.7	0.5	3014062080	15441813504	2050999289	1288917
ww_fastpOut_reads_R	BAKTA (ww_fastpOut_reads_R)	COMPLETED	0	211864	1	-	50.0	0.8	4912676864	18012688384	1719341193	1297047
ww_fastpOut_reads_R	BAKTA (ww_fastpOut_reads_R)	COMPLETED	0	205992	1	-	42.8	0.5	3040423936	15300337664	1722603078	1477308
ww_fastpOut_reads_R	BAKTA (ww_fastpOut_reads_R)	COMPLETED	0	157812	1	-	59.4	0.5	3041947648	15195414528	2058034772	1485622
ww_fastpOut_reads_R	BAKTA (ww_fastpOut_reads_R)	COMPLETED	0	240499	1	-	40.4	0.5	3043565568	15463313408	2055528922	1340729
ww_fastpOut_reads_R	BAKTA (ww_fastpOut_reads_R)	COMPLETED	0	208107	1	-	43.7	0.5	3042750464	67447062528	2050601514	1289056
ww_fastpOut_reads_R	BAKTA (ww_fastpOut_reads_R)	COMPLETED	0	195956	1	-	52.7	0.5	4877860864	84032974848	1719797545	1296697
ww_fastpOut_reads_R	BAKTA (ww_fastpOut_reads_R)	COMPLETED	0	221391	1	-	43.1	0.5	3041288192	67453640704	2055816102	1346811
ww_fastpOut_reads_R	BAKTA (ww_fastpOut_reads_R)	COMPLETED	0	225710	1	-	42.1	0.5	3043373056	15362859008	2055860551	1324041
ww_fastpOut_reads_R	BAKTA (ww_fastpOut_reads_R)	COMPLETED	0	176868	1	-	53.0	0.5	3018735616	34082705408	2056212835	1353449
ww_fastpOut_reads_R	BAKTA (ww_fastpOut_reads_R)	COMPLETED	0	186339	1	-	49.9	0.5	3043033088	15221567488	2055226758	1326523
ww_fastpOut_reads_R	BAKTA (ww_fastpOut_reads_R)	COMPLETED	0	230920	1	-	39.9	0.5	3047063552	75905740800	2055409296	1326884
ww_fastpOut_reads_R	BAKTA (ww_fastpOut_reads_R)	COMPLETED	0	221414	1	-	42.2	0.5	3044356096	15438282752	2050956032	1295652
ww_fastpOut_reads_R	BAKTA (ww_fastpOut_reads_R)	COMPLETED	0	204768	1	-	47.5	0.5	3040911360	17351323648	2055949737	1350905
ww_fastpOut_reads_R	BAKTA (ww_fastpOut_reads_R)	COMPLETED	0	188898	1	-	54.2	0.9	4841480192	25637994496	1719451806	1296940
ww_fastpOut_reads_R	BAKTA (ww_fastpOut_reads_R)	COMPLETED	0	174996	1	-	53.3	0.4	3015000064	17394700288	2055992683	1351080
ww_fastpOut_reads_R	BAKTA (ww_fastpOut_reads_R)	COMPLETED	0	201272	1	-	46.2	0.5	3013750784	25729036288	2055998497	1353910
ww_fastpOut_reads_R	BAKTA (ww_fastpOut_reads_R)	COMPLETED	0	212409	1	-	44.9	0.5	3039866880	15431852032	2056024854	1350759
ww_fastpOut_reads_R	BAKTA (ww_fastpOut_reads_R)	COMPLETED	0	170424	1	-	54.4	0.5	3014111232	15598104576	2056227988	1350387
ww_fastpOut_reads_R	BAKTA (ww_fastpOut_reads_R)	COMPLETED	0	232787	1	-	40.7	0.5	3043520512	15571107840	2055671336	1350581
ww_fastpOut_reads_R	BAKTA (ww_fastpOut_reads_R)	COMPLETED	0	219788	1	-	41.7	0.5	3043557376	15567921152	2050612230	1295995
ww_fastpOut_reads_R	BAKTA (ww_fastpOut_reads_R)	COMPLETED	0	238292	1	-	39.3	0.5	3014770688	50752389120	2055614231	1350664
ww_fastpOut_reads_R	BAKTA (ww_fastpOut_reads_R)	COMPLETED	0	224781	1	-	41.1	0.5	3012886528	15341633536	2055811979	1323609
ww_fastpOut_reads_R	BAKTA (ww_fastpOut_reads_R)	COMPLETED	0	235848	1	-	40.1	0.5	3043676160	15437840384	2054925642	1347807
ww_fastpOut_reads_R	BAKTA (ww_fastpOut_reads_R)	COMPLETED	0	169077	1	-	53.2	0.4	3042660352	15412637696	2051086516	1295591
ww_fastpOut_reads_R	BAKTA (ww_fastpOut_reads_R)	COMPLETED	0	210709	1	-	44.7	0.5	3042910208	15476690944	2055379782	1350310
ww_fastpOut_reads_R	BAKTA (ww_fastpOut_reads_R)	COMPLETED	0	176231	1	-	50.6	0.5	3015684096	15445536768	2051600996	1295602
ww_fastpOut_reads_R	BAKTA (ww_fastpOut_reads_R)	COMPLETED	0	181192	1	-	52.5	0.5	3041976320	15525376000	2055387704	1350463
ww_fastpOut_reads_R	BAKTA (ww_fastpOut_reads_R)	COMPLETED	0	155347	1	-	57.7	0.5	3015110656	17386315776	2050771704	1295765
ww_fastpOut_reads_R	BAKTA (ww_fastpOut_reads_R)	COMPLETED	0	197913	1	-	47.4	0.5	3042320384	15543676928	2050839023	1295558
ww_fastpOut_reads_R	BAKTA (ww_fastpOut_reads_R)	COMPLETED	0	245370	1	-	38.7	0.5	3043631104	15564218368	2055446438	1350853
ww_fastpOut_reads_R	BAKTA (ww_fastpOut_reads_R)	COMPLETED	0	207679	1	-	47.9	0.9	4883976192	17985363968	1715701792	1242166
ww_fastpOut_reads_R	BAKTA (ww_fastpOut_reads_R)	COMPLETED	0	158012	1	-	58.7	0.3	3046793216	14724104192	2056056333	1350817
ww_fastpOut_reads_R	BAKTA (ww_fastpOut_reads_R)	COMPLETED	0	234805	1	-	39.9	0.5	3013980160	50777260032	2051248267	1271518
ww_fastpOut_reads_R	BAKTA (ww_fastpOut_reads_R)	COMPLETED	0	175297	1	-	51.8	0.5	3043995648	15294234624	2055412254	1329640
ww_fastpOut_reads_R	BAKTA (ww_fastpOut_reads_R)	COMPLETED	0	213768	1	-	43.6	0.5	3041546240	15361343488	2055552831	1326821
ww_fastpOut_reads_R	BAKTA (ww_fastpOut_reads_R)	COMPLETED	0	185168	1	-	50.6	0.4	3043905536	15459713024	2055793644	1349662
ww_fastpOut_reads_R	BAKTA (ww_fastpOut_reads_R)	COMPLETED	0	219232	1	-	42.3	0.5	3019337728	17395642368	2055937762	1349953
ww_fastpOut_reads_R	BAKTA (ww_fastpOut_reads_R)	COMPLETED	0	265317	1	-	36.4	0.5	3041058816	15393406976	2055759010	1347621
ww_fastpOut_reads_R	BAKTA (ww_fastpOut_reads_R)	COMPLETED	0	197949	1	-	44.9	0.5	3039977472	15290310656	2050929133	1271929
ww_fastpOut_reads_R	BAKTA (ww_fastpOut_reads_R)	COMPLETED	0	199362	1	-	44.0	0.5	3043078144	15359131648	2050826908	1271779
ww_fastpOut_reads_R	BAKTA (ww_fastpOut_reads_R)	COMPLETED	0	215965	1	-	43.3	0.5	3014340608	15216160768	2055719061	1326896
ww_fastpOut_reads_R	BAKTA (ww_fastpOut_reads_R)	COMPLETED	0	212817	1	-	48.1	0.8	4936687616	25704943616	1720195372	1296737
ww_fastpOut_reads_R	BAKTA (ww_fastpOut_reads_R)	COMPLETED	0	191620	1	-	45.2	0.5	3043471360	15163019264	2050768801	1401139
ww_fastpOut_reads_R	BAKTA (ww_fastpOut_reads_R)	COMPLETED	0	178030	1	-	57.1	0.6	4879851520	17989386240	1720071588	1297102
ww_fastpOut_reads_R	BAKTA (ww_fastpOut_reads_R)	COMPLETED	0	201112	1	-	45.7	0.5	3043303424	15226646528	2056009740	1326846
ww_fastpOut_reads_R	BAKTA (ww_fastpOut_reads_R)	COMPLETED	0	228752	1	-	41.4	0.5	3040735232	15224930304	2055243779	1326728
ww_fastpOut_reads_R	BAKTA (ww_fastpOut_reads_R)	COMPLETED	0	242510	1	-	39.7	0.5	3039059968	15228739584	2055205256	1323757
ww_fastpOut_reads_R	BAKTA (ww_fastpOut_reads_R)	COMPLETED	0	237529	1	-	38.9	0.5	3041406976	15224664064	2056110407	1329731
ww_fastpOut_reads_R	BAKTA (ww_fastpOut_reads_R)	COMPLETED	0	180589	1	-	54.4	0.9	4936744960	18040049664	1714984375	1242200
ww_fastpOut_reads_R	BAKTA (ww_fastpOut_reads_R)	COMPLETED	0	187540	1	-	46.7	0.5	3042742272	15288180736	2051380310	1271463
ww_fastpOut_reads_R	BAKTA (ww_fastpOut_reads_R)	COMPLETED	0	210831	1	-	41.9	0.5	3044294656	15287201792	2050687151	1271368
ww_fastpOut_reads_R	BAKTA (ww_fastpOut_reads_R)	COMPLETED	0	216724	1	-	42.5	0.5	3041067008	15421292544	2055126368	1326271
ww_fastpOut_reads_R	BAKTA (ww_fastpOut_reads_R)	COMPLETED	0	207783	1	-	42.4	0.5	3016413184	15344279552	2050152945	1271413
ww_fastpOut_reads_R	BAKTA (ww_fastpOut_reads_R)	COMPLETED	0	225959	1	-	41.8	0.5	3041316864	17384525824	2056131201	1352583
ww_fastpOut_reads_R	BAKTA (ww_fastpOut_reads_R)	COMPLETED	0	212161	1	-	43.1	0.5	3043917824	17333743616	2055751864	1326568
ww_fastpOut_reads_R	BAKTA (ww_fastpOut_reads_R)	COMPLETED	0	232437	1	-	40.1	0.5	3040608256	15354310656	2055773203	1329356
ww_fastpOut_reads_R	BAKTA (ww_fastpOut_reads_R)	COMPLETED	0	235048	1	-	38.9	0.5	3046277120	15224795136	2054985302	1326495
ww_fastpOut_reads_R	BAKTA (ww_fastpOut_reads_R)	COMPLETED	0	223284	1	-	37.4	0.5	3040419840	15214309376	1721025973	1446769
ww_fastpOut_reads_R	BAKTA (ww_fastpOut_reads_R)	COMPLETED	0	238632	1	-	41.6	0.5	3040505856	15771815936	2055312498	1356488
ww_fastpOut_reads_R	BAKTA (ww_fastpOut_reads_R)	COMPLETED	0	212835	1	-	42.8	0.5	3017490432	15341129728	2055376743	1323657
ww_fastpOut_reads_R	BAKTA (ww_fastpOut_reads_R)	COMPLETED	0	221920	1	-	47.4	0.9	4896546816	18065199104	1719373295	1293824
ww_fastpOut_reads_R	BAKTA (ww_fastpOut_reads_R)	COMPLETED	0	214350	1	-	43.7	0.5	3016515584	17380646912	2055877104	1349669
ww_fastpOut_reads_R	BAKTA (ww_fastpOut_reads_R)	COMPLETED	0	217497	1	-	42.6	0.5	3014336512	84080947200	2055211818	1326435
ww_fastpOut_reads_R	BAKTA (ww_fastpOut_reads_R)	COMPLETED	0	232885	1	-	39.2	0.5	3045101568	15291351040	2055993944	1329597
ww_fastpOut_reads_R	BAKTA (ww_fastpOut_reads_R)	COMPLETED	0	208763	1	-	44.6	0.5	3042893824	84062228480	2055686719	1349855
ww_fastpOut_reads_R	BAKTA (ww_fastpOut_reads_R)	COMPLETED	0	196518	1	-	47.6	0.5	3043172352	15598047232	2050898190	1295021
ww_fastpOut_reads_R	BAKTA (ww_fastpOut_reads_R)	COMPLETED	0	205894	1	-	45.5	0.5	3014156288	17385320448	2056531302	1349919
ww_fastpOut_reads_R	BAKTA (ww_fastpOut_reads_R)	COMPLETED	0	220099	1	-	44.2	0.5	3041644544	15737876480	2056269471	1359400
ww_fastpOut_reads_R	BAKTA (ww_fastpOut_reads_R)	COMPLETED	0	206493	1	-	43.7	0.5	3042942976	17325101056	2056011839	1326718
ww_fastpOut_reads_R	BAKTA (ww_fastpOut_reads_R)	COMPLETED	0	226773	1	-	44.3	0.8	4948377600	17976344576	1720102937	1300115
ww_fastpOut_reads_R	BAKTA (ww_fastpOut_reads_R)	COMPLETED	0	232742	1	-	40.4	0.5	3014590464	15625953280	2056445881	1353588
ww_fastpOut_reads_R	BAKTA (ww_fastpOut_reads_R)	COMPLETED	0	231690	1	-	41.1	0.5	3041259520	15597924352	2056256290	1352716
ww_fastpOut_reads_R	BAKTA (ww_fastpOut_reads_R)	COMPLETED	0	228492	1	-	40.7	0.5	3039494144	15573938176	2051030016	1295113
ww_fastpOut_reads_R	BAKTA (ww_fastpOut_reads_R)	COMPLETED	0	236983	1	-	40.4	0.5	3041984512	15597916160	2055718773	1346739
ww_fastpOut_reads_R	BAKTA (ww_fastpOut_reads_R)	COMPLETED	0	174769	1	-	53.6	0.5	3016921088	15429058560	2055491047	1349904
ww_fastpOut_reads_R	BAKTA (ww_fastpOut_reads_R)	COMPLETED	0	189289	1	-	49.7	0.5	3043332096	42372239360	2055111787	1349904
ww_fastpOut_reads_R	BAKTA (ww_fastpOut_reads_R)	COMPLETED	0	190682	1	-	49.9	0.5	3041873920	17384857600	2055958509	1353335
ww_fastpOut_reads_R	BAKTA (ww_fastpOut_reads_R)	COMPLETED	0	189343	1	-	47.6	0.5	3043667968	17333964800	2055026464	3022544
ww_fastpOut_reads_R	BAKTA (ww_fastpOut_reads_R)	COMPLETED	0	191195	1	-	47.6	0.5	3044548608	15505408000	2050829016	1295129
ww_fastpOut_reads_R	BAKTA (ww_fastpOut_reads_R)	COMPLETED	0	194179	1	-	46.7	0.5	3040522240	34078068736	2050642426	1294983
ww_fastpOut_reads_R	BAKTA (ww_fastpOut_reads_R)	COMPLETED	0	192373	1	-	48.6	0.5	3045306368	15523684352	2056000000	1349624
ww_fastpOut_reads_R	BAKTA (ww_fastpOut_reads_R)	COMPLETED	0	194943	1	-	47.7	0.5	3043336192	17380798464	2055797820	1352473
ww_fastpOut_reads_R	BAKTA (ww_fastpOut_reads_R)	COMPLETED	0	205377	1	-	46.3	0.5	3043778560	15639625728	2055905573	1352850
ww_fastpOut_reads_R	BAKTA (ww_fastpOut_reads_R)	COMPLETED	0	196164	1	-	46.3	0.5	3045961728	15460491264	2051833057	1294464
ww_fastpOut_reads_R	BAKTA (ww_fastpOut_reads_R)	COMPLETED	0	189017	1	-	49.7	0.5	3043258368	15440117760	2055763280	1346946
ww_fastpOut_reads_R	BAKTA (ww_fastpOut_reads_R)	COMPLETED	0	221101	1	-	43.2	0.5	3043270656	34111578112	2055371840	1349201
ww_fastpOut_reads_R	BAKTA (ww_fastpOut_reads_R)	COMPLETED	0	226051	1	-	42.0	0.5	3046477824	67570954240	2056234359	1356271
ww_fastpOut_reads_R	BAKTA (ww_fastpOut_reads_R)	COMPLETED	0	168368	1	-	52.3	0.5	3015614464	15274393600	2050755497	1271726
ww_fastpOut_reads_R	BAKTA (ww_fastpOut_reads_R)	COMPLETED	0	183420	1	-	48.3	0.5	3017322496	15216177152	2051377066	1271922
ww_fastpOut_reads_R	BAKTA (ww_fastpOut_reads_R)	COMPLETED	0	231802	1	-	41.5	0.5	3040530432	15638691840	2056823422	1356540
ww_fastpOut_reads_R	BAKTA (ww_fastpOut_reads_R)	COMPLETED	0	209123	1	-	43.5	0.5	3042914304	84071157760	2050899159	1294639
ww_fastpOut_reads_R	BAKTA (ww_fastpOut_reads_R)	COMPLETED	0	172423	1	-	53.5	0.5	3016318976	84057927680	2051623220	1301473
ww_fastpOut_reads_R	BAKTA (ww_fastpOut_reads_R)	COMPLETED	0	171665	1	-	53.2	0.5	3018248192	15690121216	2051891702	1301719
ww_fastpOut_reads_R	BAKTA (ww_fastpOut_reads_R)	COMPLETED	0	186293	1	-	48.8	0.5	3045072896	15528882176	2050879892	1294670
ww_fastpOut_reads_R	BAKTA (ww_fastpOut_reads_R)	COMPLETED	0	198217	1	-	47.7	0.5	3013115904	15644938240	2055818738	1346716
ww_fastpOut_reads_R	BAKTA (ww_fastpOut_reads_R)	COMPLETED	0	209051	1	-	50.4	0.9	4940226560	18107154432	1719870729	1297113
ww_fastpOut_reads_R	BAKTA (ww_fastpOut_reads_R)	COMPLETED	0	200017	1	-	48.4	0.5	3014926336	15644987392	2055975581	1349736
ww_fastpOut_reads_R	BAKTA (ww_fastpOut_reads_R)	COMPLETED	0	231889	1	-	45.4	0.8	4918484992	34040479744	1719938517	1297248
ww_fastpOut_reads_R	BAKTA (ww_fastpOut_reads_R)	COMPLETED	0	219113	1	-	43.7	0.5	3039629312	15590432768	2055855880	1349513
ww_fastpOut_reads_R	BAKTA (ww_fastpOut_reads_R)	COMPLETED	0	231770	1	-	40.3	0.5	3014725632	17325600768	2056548330	1349529
ww_fastpOut_reads_R	BAKTA (ww_fastpOut_reads_R)	COMPLETED	0	229735	1	-	48.3	0.9	4936380416	17983746048	2055247551	3011563
ww_fastpOut_reads_R	BAKTA (ww_fastpOut_reads_R)	COMPLETED	0	201214	1	-	46.6	0.5	3046273024	25750290432	2051011925	1294877
ww_fastpOut_reads_R	BAKTA (ww_fastpOut_reads_R)	COMPLETED	0	208239	1	-	46.3	0.5	3041468416	15702843392	2056576830	1359679
ww_fastpOut_reads_R	BAKTA (ww_fastpOut_reads_R)	COMPLETED	0	203035	1	-	47.2	0.5	3042557952	75782041600	2056019356	1356630
ww_fastpOut_reads_R	BAKTA (ww_fastpOut_reads_R)	COMPLETED	0	208172	1	-	44.1	0.5	3045670912	75719962624	2055739203	1327322
ww_fastpOut_reads_R	BAKTA (ww_fastpOut_reads_R)	COMPLETED	0	218275	1	-	42.6	0.5	3046326272	15228936192	2055029189	1324248
ww_fastpOut_reads_R	BAKTA (ww_fastpOut_reads_R)	COMPLETED	0	245579	1	-	39.0	0.5	3014987776	15514288128	2055533312	1346453
ww_fastpOut_reads_R	BAKTA (ww_fastpOut_reads_R)	COMPLETED	0	229900	1	-	41.7	0.5	3039596544	15221694464	2055812737	1326687
ww_fastpOut_reads_R	BAKTA (ww_fastpOut_reads_R)	COMPLETED	0	229299	1	-	41.7	0.5	3042926592	134215782400	2055619229	1329809
ww_fastpOut_reads_R	BAKTA (ww_fastpOut_reads_R)	COMPLETED	0	232014	1	-	41.8	0.5	3038625792	15286702080	2055212924	1326721
ww_fastpOut_reads_R	BAKTA (ww_fastpOut_reads_R)	COMPLETED	0	236622	1	-	41.0	0.5	3014250496	75795218432	2055995457	1356805
ww_fastpOut_reads_R	BAKTA (ww_fastpOut_reads_R)	COMPLETED	0	187035	1	-	49.2	0.5	3038519296	15221673984	2050550489	1271862
ww_fastpOut_reads_R	BAKTA (ww_fastpOut_reads_R)	COMPLETED	0	236511	1	-	40.3	0.5	3042443264	25723408384	2055947572	1356598
ww_fastpOut_reads_R	BAKTA (ww_fastpOut_reads_R)	COMPLETED	0	175064	1	-	53.1	0.5	3041349632	42410369024	2051592138	1301888
ww_fastpOut_reads_R	BAKTA (ww_fastpOut_reads_R)	COMPLETED	0	211767	1	-	44.9	0.5	3042320384	17381003264	2056515816	1359855
ww_fastpOut_reads_R	BAKTA (ww_fastpOut_reads_R)	COMPLETED	0	222273	1	-	42.8	0.5	3041525760	15744778240	2055714897	1356745
ww_fastpOut_reads_R	BAKTA (ww_fastpOut_reads_R)	COMPLETED	0	176739	1	-	57.2	0.8	4940468224	18107027456	1715304482	1242174
ww_fastpOut_reads_R	BAKTA (ww_fastpOut_reads_R)	COMPLETED	0	193193	1	-	49.5	0.5	3039055872	15811756032	2051141125	1301729
ww_fastpOut_reads_R	BAKTA (ww_fastpOut_reads_R)	COMPLETED	0	193047	1	-	50.0	0.5	3043278848	34107531264	2055861550	1353703
ww_fastpOut_reads_R	BAKTA (ww_fastpOut_reads_R)	COMPLETED	0	184545	1	-	51.9	0.4	3042758656	15672193024	2056076271	1356272
ww_fastpOut_reads_R	BAKTA (ww_fastpOut_reads_R)	COMPLETED	0	219148	1	-	39.8	0.5	3018297344	25661329408	2050002410	1265445
ww_fastpOut_reads_R	BAKTA (ww_fastpOut_reads_R)	COMPLETED	0	220773	1	-	45.1	0.5	3041738752	25729396736	2056141906	1356201
ww_fastpOut_reads_R	BAKTA (ww_fastpOut_reads_R)	COMPLETED	0	230057	1	-	41.4	0.5	3044773888	67520700416	2056220298	1356897
ww_fastpOut_reads_R	BAKTA (ww_fastpOut_reads_R)	COMPLETED	0	237125	1	-	40.3	0.5	3038470144	15532486656	2055261004	1350009
ww_fastpOut_reads_R	BAKTA (ww_fastpOut_reads_R)	COMPLETED	0	202712	1	-	46.4	0.5	3046522880	15598047232	2055865754	1350179
ww_fastpOut_reads_R	BAKTA (ww_fastpOut_reads_R)	COMPLETED	0	226777	1	-	47.7	0.8	4564467712	17602936832	1725772913	1666126
ww_fastpOut_reads_R	BAKTA (ww_fastpOut_reads_R)	COMPLETED	0	182003	1	-	52.5	0.5	3018506240	17332686848	2056024914	1356381
ww_fastpOut_reads_R	BAKTA (ww_fastpOut_reads_R)	COMPLETED	0	193028	1	-	47.1	0.5	3042529280	15667634176	2051587031	1301027
ww_fastpOut_reads_R	BAKTA (ww_fastpOut_reads_R)	COMPLETED	0	199195	1	-	46.1	0.5	3045552128	17369239552	2052086597	1301314
ww_fastpOut_reads_R	BAKTA (ww_fastpOut_reads_R)	COMPLETED	0	204345	1	-	46.8	0.5	3044483072	17395130368	2056212590	1347108
ww_fastpOut_reads_R	BAKTA (ww_fastpOut_reads_R)	COMPLETED	0	199759	1	-	46.2	0.5	3017310208	15693082624	2051037405	1301533
ww_fastpOut_reads_R	BAKTA (ww_fastpOut_reads_R)	COMPLETED	0	189867	1	-	50.8	0.4	3041542144	15773048832	2055915965	1353464
ww_fastpOut_reads_R	BAKTA (ww_fastpOut_reads_R)	COMPLETED	0	230735	1	-	40.4	0.5	3042926592	50849751040	2055803116	1350042
ww_fastpOut_reads_R	BAKTA (ww_fastpOut_reads_R)	COMPLETED	0	208727	1	-	46.1	0.4	3043336192	59122368512	2054947783	1347266
ww_fastpOut_reads_R	BAKTA (ww_fastpOut_reads_R)	COMPLETED	0	219781	1	-	43.6	0.5	3014221824	15760228352	2055757635	1359389
ww_fastpOut_reads_R	BAKTA (ww_fastpOut_reads_R)	COMPLETED	0	219027	1	-	42.8	0.5	3041615872	15145308160	2055119061	3025943
ww_fastpOut_reads_R	BAKTA (ww_fastpOut_reads_R)	COMPLETED	0	221699	1	-	44.5	0.5	3039072256	15734616064	2055841932	1356528
ww_fastpOut_reads_R	BAKTA (ww_fastpOut_reads_R)	COMPLETED	0	219179	1	-	43.8	0.5	3041423360	15638695936	2051208270	1301382
ww_fastpOut_reads_R	BAKTA (ww_fastpOut_reads_R)	COMPLETED	0	221599	1	-	43.5	0.5	3015733248	15446315008	2055788592	1349727
ww_fastpOut_reads_R	BAKTA (ww_fastpOut_reads_R)	COMPLETED	0	178929	1	-	51.0	0.5	3044777984	15294107648	2055453968	1327136
ww_fastpOut_reads_R	BAKTA (ww_fastpOut_reads_R)	COMPLETED	0	226168	1	-	40.4	0.5	3043328000	15296897024	2055275403	1324070
ww_fastpOut_reads_R	BAKTA (ww_fastpOut_reads_R)	COMPLETED	0	171081	1	-	53.3	0.5	3013840896	15510765568	2050925020	1294955
ww_fastpOut_reads_R	BAKTA (ww_fastpOut_reads_R)	COMPLETED	0	212892	1	-	41.7	0.5	3044196352	15296618496	2050413428	1272086
ww_fastpOut_reads_R	BAKTA (ww_fastpOut_reads_R)	COMPLETED	0	229248	1	-	44.6	0.9	4929482752	17907322880	1719662446	1293954
ww_fastpOut_reads_R	BAKTA (ww_fastpOut_reads_R)	COMPLETED	0	234268	1	-	40.1	0.5	3040952320	15229313024	2055568751	1329995
ww_fastpOut_reads_R	BAKTA (ww_fastpOut_reads_R)	COMPLETED	0	242599	1	-	38.5	0.5	3040595968	15228436480	2055357715	1326976
ww_fastpOut_reads_R	BAKTA (ww_fastpOut_reads_R)	COMPLETED	0	206575	1	-	45.1	0.5	3043532800	15226507264	2055379084	1327050
ww_fastpOut_reads_R	BAKTA (ww_fastpOut_reads_R)	COMPLETED	0	222750	1	-	40.8	0.5	3044093952	15277490176	2056416454	3038791
ww_fastpOut_reads_R	BAKTA (ww_fastpOut_reads_R)	COMPLETED	0	169079	1	-	54.1	0.5	3042115584	15523446784	2050848033	1295160
ww_fastpOut_reads_R	BAKTA (ww_fastpOut_reads_R)	COMPLETED	0	201952	1	-	46.1	0.5	3044585472	15595610112	2056061126	1352810
ww_fastpOut_reads_R	BAKTA (ww_fastpOut_reads_R)	COMPLETED	0	231722	1	-	41.2	0.5	3017289728	15511134208	2055663529	1346750
ww_fastpOut_reads_R	BAKTA (ww_fastpOut_reads_R)	COMPLETED	0	193451	1	-	46.5	0.5	3013353472	15213449216	2050629205	1272228
ww_fastpOut_reads_R	BAKTA (ww_fastpOut_reads_R)	COMPLETED	0	174269	1	-	51.0	0.5	3017191424	17383239680	2050445619	1271720
ww_fastpOut_reads_R	BAKTA (ww_fastpOut_reads_R)	COMPLETED	0	250823	1	-	37.3	0.5	3013255168	25684439040	2055349734	1349795
ww_fastpOut_reads_R	BAKTA (ww_fastpOut_reads_R)	COMPLETED	0	224640	1	-	43.9	0.5	3044007936	15294103552	2055802157	1327002
ww_fastpOut_reads_R	BAKTA (ww_fastpOut_reads_R)	COMPLETED	0	201339	1	-	47.7	0.5	3015671808	17385009152	2055310875	1329778
ww_fastpOut_reads_R	BAKTA (ww_fastpOut_reads_R)	COMPLETED	0	174838	1	-	52.2	0.4	3043627008	42360258560	2054563342	1320402
ww_fastpOut_reads_R	BAKTA (ww_fastpOut_reads_R)	COMPLETED	0	209459	1	-	43.8	0.5	3040899072	15424405504	2050769096	1272234
ww_fastpOut_reads_R	BAKTA (ww_fastpOut_reads_R)	COMPLETED	0	204490	1	-	45.0	0.5	3042865152	42416414720	2055061335	1326680
ww_fastpOut_reads_R	BAKTA (ww_fastpOut_reads_R)	COMPLETED	0	222408	1	-	42.2	0.5	3042004992	15290322944	2055273120	1327203
ww_fastpOut_reads_R	BAKTA (ww_fastpOut_reads_R)	COMPLETED	0	173520	1	-	54.1	0.5	3014082560	25663873024	2055937750	1360065
ww_fastpOut_reads_R	BAKTA (ww_fastpOut_reads_R)	COMPLETED	0	173741	1	-	50.5	0.5	3044454400	15421050880	2050791198	1271840
ww_fastpOut_reads_R	BAKTA (ww_fastpOut_reads_R)	COMPLETED	0	208466	1	-	45.6	0.5	3041820672	15222005760	2055163055	1326874
ww_fastpOut_reads_R	BAKTA (ww_fastpOut_reads_R)	COMPLETED	0	194675	1	-	48.4	0.5	3013275648	15275569152	2055684869	1326842
ww_fastpOut_reads_R	BAKTA (ww_fastpOut_reads_R)	COMPLETED	0	201770	1	-	45.7	0.5	3046588416	15354187776	2055430359	1323859
ww_fastpOut_reads_R	BAKTA (ww_fastpOut_reads_R)	COMPLETED	0	196335	1	-	49.4	0.5	3041804288	15222226944	2055645663	1323881
ww_fastpOut_reads_R	BAKTA (ww_fastpOut_reads_R)	COMPLETED	0	192574	1	-	52.5	0.9	4886208512	17932898304	1720165795	1297160
ww_fastpOut_reads_R	BAKTA (ww_fastpOut_reads_R)	COMPLETED	0	193542	1	-	47.1	0.5	3040960512	15533072384	2050718275	1295230
ww_fastpOut_reads_R	BAKTA (ww_fastpOut_reads_R)	COMPLETED	0	208854	1	-	45.6	0.4	3014639616	15589158912	2055374204	1356342
ww_fastpOut_reads_R	BAKTA (ww_fastpOut_reads_R)	COMPLETED	0	196410	1	-	48.2	0.5	3044007936	17331113984	2055990900	1356479
ww_fastpOut_reads_R	BAKTA (ww_fastpOut_reads_R)	COMPLETED	0	208708	1	-	41.8	0.5	3018178560	34105344000	2050140446	1265444
ww_fastpOut_reads_R	BAKTA (ww_fastpOut_reads_R)	COMPLETED	0	230543	1	-	41.4	0.5	3041128448	15665029120	2055948739	1352924
ww_fastpOut_reads_R	BAKTA (ww_fastpOut_reads_R)	COMPLETED	0	196288	1	-	46.2	0.5	3042009088	15597891584	2051676694	1295130
ww_fastpOut_reads_R	BAKTA (ww_fastpOut_reads_R)	COMPLETED	0	204631	1	-	44.9	0.5	3044896768	17395433472	2055402553	1327024
ww_fastpOut_reads_R	BAKTA (ww_fastpOut_reads_R)	COMPLETED	0	213761	1	-	44.7	0.5	3018510336	15664988160	2056151203	1354041
ww_fastpOut_reads_R	BAKTA (ww_fastpOut_reads_R)	COMPLETED	0	210303	1	-	44.3	0.5	3015639040	15654821888	2056440724	1356651
ww_fastpOut_reads_R	BAKTA (ww_fastpOut_reads_R)	COMPLETED	0	204844	1	-	46.9	0.5	3013664768	15427858432	2056288029	1353201
ww_fastpOut_reads_R	BAKTA (ww_fastpOut_reads_R)	COMPLETED	0	210004	1	-	42.5	0.5	3015720960	15213899776	2054584226	1319919
ww_fastpOut_reads_R	BAKTA (ww_fastpOut_reads_R)	COMPLETED	0	192612	1	-	48.2	0.5	3043553280	15572520960	2055806685	1350290
ww_fastpOut_reads_R	BAKTA (ww_fastpOut_reads_R)	COMPLETED	0	212033	1	-	43.2	0.5	3040133120	15573450752	2051593937	1301627
ww_fastpOut_reads_R	BAKTA (ww_fastpOut_reads_R)	COMPLETED	0	170556	1	-	53.0	0.5	3017084928	15581462528	2051081215	1295034
ww_fastpOut_reads_R	BAKTA (ww_fastpOut_reads_R)	COMPLETED	0	203430	1	-	42.9	0.5	3015053312	15143165952	2050457756	1265296
ww_fastpOut_reads_R	BAKTA (ww_fastpOut_reads_R)	COMPLETED	0	195414	1	-	46.1	0.5	3043442688	25733586944	2051330392	1295354
ww_fastpOut_reads_R	BAKTA (ww_fastpOut_reads_R)	COMPLETED	0	133292	1	-	74.8	0.5	3043147776	25697775616	2895258287	20791739
ww_fastpOut_reads_R	BAKTA (ww_fastpOut_reads_R)	COMPLETED	0	189760	1	-	46.7	0.5	3047030784	15428317184	2050987911	1271230
ww_fastpOut_reads_R	BAKTA (ww_fastpOut_reads_R)	COMPLETED	0	203827	1	-	44.4	0.5	3041542144	25730998272	2050975724	1295326
ww_fastpOut_reads_R	BAKTA (ww_fastpOut_reads_R)	COMPLETED	0	174317	1	-	51.4	0.5	3041476608	15226458112	2054446827	1320440
ww_fastpOut_reads_R	BAKTA (ww_fastpOut_reads_R)	COMPLETED	0	157068	1	-	57.4	0.5	3040202752	15224848384	2055540520	1326516
ww_fastpOut_reads_R	BAKTA (ww_fastpOut_reads_R)	COMPLETED	0	221571	1	-	41.9	0.5	3042033664	15639625728	2056194529	1350332
ww_fastpOut_reads_R	BAKTA (ww_fastpOut_reads_R)	COMPLETED	0	205845	1	-	44.9	0.5	3044114432	15294230528	2055942451	1323399
ww_fastpOut_reads_R	BAKTA (ww_fastpOut_reads_R)	COMPLETED	0	168415	1	-	74.9	0.9	5333258240	18437058560	2986159599	22873769
ww_fastpOut_reads_R	BAKTA (ww_fastpOut_reads_R)	COMPLETED	0	219869	1	-	42.2	0.5	3041579008	15523684352	2056247922	1352686
ww_fastpOut_reads_R	BAKTA (ww_fastpOut_reads_R)	COMPLETED	0	235365	1	-	41.5	0.5	3039367168	15440146432	2055624082	1350060
ww_fastpOut_reads_R	BAKTA (ww_fastpOut_reads_R)	COMPLETED	0	226973	1	-	40.6	0.5	3013603328	15211991040	2056635343	1329335
ww_fastpOut_reads_R	BAKTA (ww_fastpOut_reads_R)	COMPLETED	0	158580	1	-	62.8	0.5	3019980800	16181460992	2057808226	1795202
ww_fastpOut_reads_R	BAKTA (ww_fastpOut_reads_R)	COMPLETED	0	214858	1	-	44.3	0.5	3043934208	15523684352	2055893346	1349635
ww_fastpOut_reads_R	BAKTA (ww_fastpOut_reads_R)	COMPLETED	0	197921	1	-	46.0	0.5	3041099776	15594151936	2050777376	1294979
ww_fastpOut_reads_R	BAKTA (ww_fastpOut_reads_R)	COMPLETED	0	211077	1	-	41.7	0.5	3040264192	15224811520	2050460370	1271384
ww_fastpOut_reads_R	BAKTA (ww_fastpOut_reads_R)	COMPLETED	0	213306	1	-	43.9	0.5	3041177600	15424380928	2055592075	1326337
ww_fastpOut_reads_R	BAKTA (ww_fastpOut_reads_R)	COMPLETED	0	201938	1	-	46.4	0.5	3043299328	15523319808	2056019101	1349967
ww_fastpOut_reads_R	BAKTA (ww_fastpOut_reads_R)	COMPLETED	0	192155	1	-	49.5	0.5	3042201600	15837069312	2056369676	1359978
ww_fastpOut_reads_R	BAKTA (ww_fastpOut_reads_R)	COMPLETED	0	216119	1	-	45.0	0.5	3042992128	15523446784	2055588776	1346934
ww_fastpOut_reads_R	BAKTA (ww_fastpOut_reads_R)	COMPLETED	0	195427	1	-	49.0	0.5	3046842368	34106306560	2056210548	1356732
ww_fastpOut_reads_R	BAKTA (ww_fastpOut_reads_R)	COMPLETED	0	180545	1	-	49.1	0.5	3015626752	34071232512	2049902441	1265605
ww_fastpOut_reads_R	BAKTA (ww_fastpOut_reads_R)	COMPLETED	0	203484	1	-	45.5	0.5	3042754560	15357292544	2055895043	1323566
ww_fastpOut_reads_R	BAKTA (ww_fastpOut_reads_R)	COMPLETED	0	187145	1	-	50.2	0.5	3011506176	15274393600	2056199685	1325987
ww_fastpOut_reads_R	BAKTA (ww_fastpOut_reads_R)	COMPLETED	0	203174	1	-	47.0	0.5	3045658624	117542359040	2056138663	1357076
ww_fastpOut_reads_R	BAKTA (ww_fastpOut_reads_R)	COMPLETED	0	204980	1	-	46.1	0.5	3042217984	15837065216	2051197372	1301685
ww_fastpOut_reads_R	BAKTA (ww_fastpOut_reads_R)	COMPLETED	0	167042	1	-	55.1	0.5	3046064128	25759531008	2054946951	1607622
ww_fastpOut_reads_R	BAKTA (ww_fastpOut_reads_R)	COMPLETED	0	170175	1	-	56.9	0.5	3041980416	15614140416	2056242597	1357104
ww_fastpOut_reads_R	BAKTA (ww_fastpOut_reads_R)	COMPLETED	0	185254	1	-	49.8	0.5	3045675008	15149146112	2057310214	3040510
ww_fastpOut_reads_R	BAKTA (ww_fastpOut_reads_R)	COMPLETED	0	194303	1	-	47.0	0.5	3042209792	17332334592	2050736780	1302070
ww_fastpOut_reads_R	BAKTA (ww_fastpOut_reads_R)	COMPLETED	0	214231	1	-	45.0	0.5	3039993856	17333514240	2055548129	1349971
ww_fastpOut_reads_R	BAKTA (ww_fastpOut_reads_R)	COMPLETED	0	169036	1	-	57.0	0.5	3046866944	67486601216	2055937181	1354066
ww_fastpOut_reads_R	BAKTA (ww_fastpOut_reads_R)	COMPLETED	0	174598	1	-	55.0	0.5	3042648064	15744643072	2056157641	1357161
ww_fastpOut_reads_R	BAKTA (ww_fastpOut_reads_R)	COMPLETED	0	193670	1	-	48.5	0.5	3043540992	15221731328	2056014827	1325936
ww_fastpOut_reads_R	BAKTA (ww_fastpOut_reads_R)	COMPLETED	0	194689	1	-	48.0	0.5	3041804288	17380806656	2056085927	1326219
ww_fastpOut_reads_R	BAKTA (ww_fastpOut_reads_R)	COMPLETED	0	172598	1	-	51.7	0.5	3042308096	34021314560	2051039384	1271641
ww_fastpOut_reads_R	BAKTA (ww_fastpOut_reads_R)	COMPLETED	0	186338	1	-	51.4	0.5	3041529856	15837069312	2055740707	1356999
ww_fastpOut_reads_R	BAKTA (ww_fastpOut_reads_R)	COMPLETED	0	196576	1	-	47.9	0.5	3013656576	15445196800	2055814553	1349752
ww_fastpOut_reads_R	BAKTA (ww_fastpOut_reads_R)	COMPLETED	0	221357	1	-	41.5	0.5	3043975168	15224418304	2051079816	1270937
ww_fastpOut_reads_R	BAKTA (ww_fastpOut_reads_R)	COMPLETED	0	202338	1	-	47.4	0.5	3044831232	15667503104	2056734512	1359646
ww_fastpOut_reads_R	BAKTA (ww_fastpOut_reads_R)	COMPLETED	0	185428	1	-	51.0	0.5	3039891456	15669764096	2051332030	1301633
ww_fastpOut_reads_R	BAKTA (ww_fastpOut_reads_R)	COMPLETED	0	215321	1	-	42.6	0.5	3042267136	50753118208	2051578899	1301907
ww_fastpOut_reads_R	BAKTA (ww_fastpOut_reads_R)	COMPLETED	0	225572	1	-	40.4	0.5	3042086912	15286697984	2051235362	1270998
ww_fastpOut_reads_R	BAKTA (ww_fastpOut_reads_R)	COMPLETED	0	204418	1	-	46.0	0.5	3040645120	15677538304	2056199593	1357123
ww_fastpOut_reads_R	BAKTA (ww_fastpOut_reads_R)	COMPLETED	0	205147	1	-	45.8	0.5	3042484224	15641251840	2056056474	1359757
ww_fastpOut_reads_R	BAKTA (ww_fastpOut_reads_R)	COMPLETED	0	205386	1	-	47.2	0.5	3041042432	15801851904	2055803348	1353545
ww_fastpOut_reads_R	BAKTA (ww_fastpOut_reads_R)	COMPLETED	0	238855	1	-	39.6	0.5	3010760704	84093972480	2055669928	1329622
ww_fastpOut_reads_R	BAKTA (ww_fastpOut_reads_R)	COMPLETED	0	223838	1	-	39.1	0.5	3042447360	25729912832	2051386444	1271729
ww_fastpOut_reads_R	BAKTA (ww_fastpOut_reads_R)	COMPLETED	0	230441	1	-	40.7	0.5	3041689600	17324617728	2050839433	1301487
ww_fastpOut_reads_R	BAKTA (ww_fastpOut_reads_R)	COMPLETED	0	212133	1	-	48.2	0.9	4883927040	17932902400	1715069497	1242400
ww_fastpOut_reads_R	BAKTA (ww_fastpOut_reads_R)	COMPLETED	0	222266	1	-	43.0	0.5	3014709248	15698055168	2055482365	1356565
ww_fastpOut_reads_R	BAKTA (ww_fastpOut_reads_R)	COMPLETED	0	204219	1	-	44.7	0.5	3015168000	15274393600	2050343553	1271216
ww_fastpOut_reads_R	BAKTA (ww_fastpOut_reads_R)	COMPLETED	0	218072	1	-	42.0	0.5	3042512896	15638822912	2051073137	1301847
ww_fastpOut_reads_R	BAKTA (ww_fastpOut_reads_R)	COMPLETED	0	242079	1	-	38.7	0.5	3015221248	84147220480	2051148981	1302175
ww_fastpOut_reads_R	BAKTA (ww_fastpOut_reads_R)	COMPLETED	0	209491	1	-	45.6	0.5	3042435072	15575261184	2055980724	1356675
ww_fastpOut_reads_R	BAKTA (ww_fastpOut_reads_R)	COMPLETED	0	232551	1	-	40.0	0.5	3041882112	15357423616	2055570383	1326808
ww_fastpOut_reads_R	BAKTA (ww_fastpOut_reads_R)	COMPLETED	0	177689	1	-	51.9	0.5	3042320384	15229001728	2055673482	1326353
ww_fastpOut_reads_R	BAKTA (ww_fastpOut_reads_R)	COMPLETED	0	178552	1	-	52.2	0.5	3043966976	17379774464	2055480709	1326362
ww_fastpOut_reads_R	BAKTA (ww_fastpOut_reads_R)	COMPLETED	0	191061	1	-	48.5	0.5	3039219712	15354314752	2055089305	1323211
ww_fastpOut_reads_R	BAKTA (ww_fastpOut_reads_R)	COMPLETED	0	193166	1	-	48.2	0.5	3040149504	15361212416	2055953471	1329319
ww_fastpOut_reads_R	BAKTA (ww_fastpOut_reads_R)	COMPLETED	0	229241	1	-	42.0	0.5	3039916032	17330966528	2056192415	1357021
ww_fastpOut_reads_R	BAKTA (ww_fastpOut_reads_R)	COMPLETED	0	215966	1	-	41.1	0.5	3014643712	15341629440	2049990732	1271339
ww_fastpOut_reads_R	BAKTA (ww_fastpOut_reads_R)	COMPLETED	0	223705	1	-	42.2	0.5	3042287616	17382989824	2055764383	1353850
ww_fastpOut_reads_R	BAKTA (ww_fastpOut_reads_R)	COMPLETED	0	187765	1	-	49.5	0.4	3042193408	15286702080	2055738624	1326127
ww_fastpOut_reads_R	BAKTA (ww_fastpOut_reads_R)	COMPLETED	0	174778	1	-	51.7	0.5	3014123520	15415640064	2056108420	1326475
ww_fastpOut_reads_R	BAKTA (ww_fastpOut_reads_R)	COMPLETED	0	174281	1	-	52.5	0.5	3015671808	15216005120	2055347227	1326722
ww_fastpOut_reads_R	BAKTA (ww_fastpOut_reads_R)	COMPLETED	0	159720	1	-	57.9	0.5	3044438016	15362621440	2055046193	1323760
ww_fastpOut_reads_R	BAKTA (ww_fastpOut_reads_R)	COMPLETED	0	181158	1	-	49.8	0.5	3044016128	15361216512	2055439897	1326725
ww_fastpOut_reads_R	BAKTA (ww_fastpOut_reads_R)	COMPLETED	0	201652	1	-	46.9	0.5	3015118848	50744934400	2055838793	1326075
ww_fastpOut_reads_R	BAKTA (ww_fastpOut_reads_R)	COMPLETED	0	206142	1	-	44.2	0.5	3015647232	42428170240	2055478259	1326516
ww_fastpOut_reads_R	BAKTA (ww_fastpOut_reads_R)	COMPLETED	0	198599	1	-	46.3	0.5	3042136064	15428452352	2055871242	1326584
ww_fastpOut_reads_R	BAKTA (ww_fastpOut_reads_R)	COMPLETED	0	199069	1	-	46.0	0.5	3043856384	15290179584	2055802509	1326462
ww_fastpOut_reads_R	BAKTA (ww_fastpOut_reads_R)	COMPLETED	0	203948	1	-	43.3	0.5	3043577856	25729421312	2050885898	1271394
ww_fastpOut_reads_R	BAKTA (ww_fastpOut_reads_R)	COMPLETED	0	206148	1	-	42.5	0.5	3042967552	15294103552	2050706002	1271547
ww_fastpOut_reads_R	BAKTA (ww_fastpOut_reads_R)	COMPLETED	0	178635	1	-	50.6	0.4	3016437760	15343448064	2055925103	1328942
ww_fastpOut_reads_R	BAKTA (ww_fastpOut_reads_R)	COMPLETED	0	203739	1	-	43.5	0.5	3017232384	15277457408	2051057766	1271469
ww_fastpOut_reads_R	BAKTA (ww_fastpOut_reads_R)	COMPLETED	0	155841	1	-	56.3	0.4	3043844096	15287189504	2050643352	1270955
ww_fastpOut_reads_R	BAKTA (ww_fastpOut_reads_R)	COMPLETED	0	163946	1	-	54.0	0.5	3041026048	15287070720	2050930210	1271006
ww_fastpOut_reads_R	BAKTA (ww_fastpOut_reads_R)	COMPLETED	0	235644	1	-	39.8	0.5	3042770944	15286837248	2055725912	1323373
ww_fastpOut_reads_R	BAKTA (ww_fastpOut_reads_R)	COMPLETED	0	218618	1	-	41.3	0.5	3017383936	17401995264	2049620535	1265005
ww_fastpOut_reads_R	BAKTA (ww_fastpOut_reads_R)	COMPLETED	0	193152	1	-	47.9	0.5	3044904960	15358853120	2055449705	1325909
ww_fastpOut_reads_R	BAKTA (ww_fastpOut_reads_R)	COMPLETED	0	214871	1	-	42.8	0.5	3013971968	17385586688	2050913209	1271804
ww_fastpOut_reads_R	BAKTA (ww_fastpOut_reads_R)	COMPLETED	0	184680	1	-	44.6	0.5	3039784960	15310487552	1715743456	1272900
ww_fastpOut_reads_R	BAKTA (ww_fastpOut_reads_R)	COMPLETED	0	215980	1	-	44.3	0.5	3041394688	17384869888	2056122770	1329326
ww_fastpOut_reads_R	BAKTA (ww_fastpOut_reads_R)	COMPLETED	0	175572	1	-	53.3	0.5	3041943552	15287070720	2055499292	1323454
ww_fastpOut_reads_R	BAKTA (ww_fastpOut_reads_R)	COMPLETED	0	247085	1	-	37.8	0.5	3046281216	15225741312	2056076319	1325743
ww_fastpOut_reads_R	BAKTA (ww_fastpOut_reads_R)	COMPLETED	0	172850	1	-	53.0	0.4	3040399360	17384574976	2056038163	1326736
ww_fastpOut_reads_R	BAKTA (ww_fastpOut_reads_R)	COMPLETED	0	212156	1	-	45.2	0.5	3041669120	42343649280	2055174885	1323169
ww_fastpOut_reads_R	BAKTA (ww_fastpOut_reads_R)	COMPLETED	0	201969	1	-	46.9	0.5	3041558528	15288565760	2055513283	1326525
ww_fastpOut_reads_R	BAKTA (ww_fastpOut_reads_R)	COMPLETED	0	207608	1	-	44.5	0.5	3044417536	50793009152	2056134045	1329301
ww_fastpOut_reads_R	BAKTA (ww_fastpOut_reads_R)	COMPLETED	0	210586	1	-	44.4	0.5	3043831808	15353815040	2055738115	1326237
ww_fastpOut_reads_R	BAKTA (ww_fastpOut_reads_R)	COMPLETED	0	178681	1	-	50.6	0.4	3045273600	50832781312	2051178612	1294822
ww_fastpOut_reads_R	BAKTA (ww_fastpOut_reads_R)	COMPLETED	0	206206	1	-	44.6	0.5	3013795840	15208652800	2055885798	1326279
ww_fastpOut_reads_R	BAKTA (ww_fastpOut_reads_R)	COMPLETED	0	213118	1	-	43.7	0.5	3043487744	15286702080	2055574322	1329532
ww_fastpOut_reads_R	BAKTA (ww_fastpOut_reads_R)	COMPLETED	0	196183	1	-	42.8	0.5	3044589568	15175688192	1720329509	1327908
ww_fastpOut_reads_R	BAKTA (ww_fastpOut_reads_R)	COMPLETED	0	228697	1	-	40.2	0.5	3017609216	17398857728	2054798107	1320212
ww_fastpOut_reads_R	BAKTA (ww_fastpOut_reads_R)	COMPLETED	0	209019	1	-	46.2	0.5	3040460800	15230164992	2056355320	1326513
ww_fastpOut_reads_R	BAKTA (ww_fastpOut_reads_R)	COMPLETED	0	179735	1	-	50.8	0.4	3043356672	15468478464	2051054425	1294737
ww_fastpOut_reads_R	BAKTA (ww_fastpOut_reads_R)	COMPLETED	0	200194	1	-	46.3	0.5	3042525184	15231647744	2055886306	1326502
ww_fastpOut_reads_R	BAKTA (ww_fastpOut_reads_R)	COMPLETED	0	158597	1	-	55.8	0.4	3013189632	17328386048	2049396134	1265182
ww_fastpOut_reads_R	BAKTA (ww_fastpOut_reads_R)	COMPLETED	0	228571	1	-	40.5	0.5	3016069120	15408234496	2055579285	1323164
ww_fastpOut_reads_R	BAKTA (ww_fastpOut_reads_R)	COMPLETED	0	235980	1	-	38.7	0.5	3015507968	34025230336	2055030793	1326378
ww_fastpOut_reads_R	BAKTA (ww_fastpOut_reads_R)	COMPLETED	0	215236	1	-	45.5	0.5	3040587776	15466672128	2056056579	1352614
ww_fastpOut_reads_R	BAKTA (ww_fastpOut_reads_R)	COMPLETED	0	196876	1	-	45.4	0.5	3044499456	15229272064	2050490900	1271565
ww_fastpOut_reads_R	BAKTA (ww_fastpOut_reads_R)	COMPLETED	0	231135	1	-	41.3	0.5	3044098048	15230967808	2055628258	1329425
ww_fastpOut_reads_R	BAKTA (ww_fastpOut_reads_R)	COMPLETED	0	158349	1	-	55.4	0.5	3015958528	15157055488	2050070997	1265121
ww_fastpOut_reads_R	BAKTA (ww_fastpOut_reads_R)	COMPLETED	0	186728	1	-	50.2	0.5	3015499776	15277457408	2055298936	1326528
ww_fastpOut_reads_R	BAKTA (ww_fastpOut_reads_R)	COMPLETED	0	180281	1	-	50.5	0.5	3013705728	17384394752	2056175407	1329166
ww_fastpOut_reads_R	BAKTA (ww_fastpOut_reads_R)	COMPLETED	0	216154	1	-	42.8	0.5	3016491008	17382096896	2055503938	1323575
ww_fastpOut_reads_R	BAKTA (ww_fastpOut_reads_R)	COMPLETED	0	198342	1	-	47.2	0.5	3045593088	15639629824	2056282918	1349727
ww_fastpOut_reads_R	BAKTA (ww_fastpOut_reads_R)	COMPLETED	0	230437	1	-	41.2	0.5	3016814592	25726943232	2055581823	1326602
ww_fastpOut_reads_R	BAKTA (ww_fastpOut_reads_R)	COMPLETED	0	202817	1	-	45.3	0.5	3043512320	15572520960	2050565722	1294870
ww_fastpOut_reads_R	BAKTA (ww_fastpOut_reads_R)	COMPLETED	0	197386	1	-	46.9	0.5	3040382976	15290183680	2055580542	1323806
ww_fastpOut_reads_R	BAKTA (ww_fastpOut_reads_R)	COMPLETED	0	191342	1	-	47.8	0.5	3014057984	15274524672	2055240101	1326183
ww_fastpOut_reads_R	BAKTA (ww_fastpOut_reads_R)	COMPLETED	0	186802	1	-	48.4	0.5	3042451456	15590924288	2050839513	1294520
ww_fastpOut_reads_R	BAKTA (ww_fastpOut_reads_R)	COMPLETED	0	200969	1	-	45.5	0.5	3043094528	15442386944	2055908998	1349975
ww_fastpOut_reads_R	BAKTA (ww_fastpOut_reads_R)	COMPLETED	0	215607	1	-	40.3	0.5	3042357248	15226114048	2051036804	1271667
ww_fastpOut_reads_R	BAKTA (ww_fastpOut_reads_R)	COMPLETED	0	206510	1	-	45.1	0.5	3042574336	15590899712	2056345655	1349455
ww_fastpOut_reads_R	BAKTA (ww_fastpOut_reads_R)	COMPLETED	0	241042	1	-	37.8	0.5	3017703424	25708883968	2055669803	1326577
ww_fastpOut_reads_R	BAKTA (ww_fastpOut_reads_R)	COMPLETED	0	172221	1	-	51.2	0.5	3044220928	15286845440	2051169712	1271333
ww_fastpOut_reads_R	BAKTA (ww_fastpOut_reads_R)	COMPLETED	0	198802	1	-	45.0	0.5	3043160064	15593218048	2051048844	1294439
ww_fastpOut_reads_R	BAKTA (ww_fastpOut_reads_R)	COMPLETED	0	214156	1	-	42.8	0.5	3043450880	15287201792	2055314809	1326008
ww_fastpOut_reads_R	BAKTA (ww_fastpOut_reads_R)	COMPLETED	0	174312	1	-	52.2	0.5	3044483072	15590428672	2051266714	1294604
ww_fastpOut_reads_R	BAKTA (ww_fastpOut_reads_R)	COMPLETED	0	186344	1	-	51.0	0.5	3042586624	15590428672	2055974496	1349294
ww_fastpOut_reads_R	BAKTA (ww_fastpOut_reads_R)	COMPLETED	0	164360	1	-	55.3	0.5	3046350848	17399963648	2051793630	1301605
ww_fastpOut_reads_R	BAKTA (ww_fastpOut_reads_R)	COMPLETED	0	218758	1	-	42.6	0.5	3043770368	25756123136	2055579391	1326314
ww_fastpOut_reads_R	BAKTA (ww_fastpOut_reads_R)	COMPLETED	0	187516	1	-	45.7	0.5	3041615872	15110594560	1720411518	1327759
ww_fastpOut_reads_R	BAKTA (ww_fastpOut_reads_R)	COMPLETED	0	190107	1	-	46.3	0.5	3016835072	15276736512	2050534207	1271291
ww_fastpOut_reads_R	BAKTA (ww_fastpOut_reads_R)	COMPLETED	0	186121	1	-	44.8	0.5	3042471936	59037614080	1720759519	1327403
ww_fastpOut_reads_R	BAKTA (ww_fastpOut_reads_R)	COMPLETED	0	183170	1	-	51.0	0.5	3045883904	15774031872	2056421188	1356571
ww_fastpOut_reads_R	BAKTA (ww_fastpOut_reads_R)	COMPLETED	0	248447	1	-	37.6	0.5	3016327168	84235460608	2055835501	1329258
ww_fastpOut_reads_R	BAKTA (ww_fastpOut_reads_R)	COMPLETED	0	212842	1	-	46.9	0.5	3042635776	16106278912	2058045210	1789052
ww_fastpOut_reads_R	BAKTA (ww_fastpOut_reads_R)	COMPLETED	0	236508	1	-	39.8	0.5	3045621760	15657533440	2055625343	1346457
ww_fastpOut_reads_R	BAKTA (ww_fastpOut_reads_R)	COMPLETED	0	200944	1	-	45.5	0.5	3044212736	34064412672	2051147158	1301594
ww_fastpOut_reads_R	BAKTA (ww_fastpOut_reads_R)	COMPLETED	0	214646	1	-	44.4	0.5	3043115008	15837065216	2056176433	1359347
ww_fastpOut_reads_R	BAKTA (ww_fastpOut_reads_R)	COMPLETED	0	219474	1	-	42.5	0.5	3014959104	15350800384	2056227493	1329585
ww_fastpOut_reads_R	BAKTA (ww_fastpOut_reads_R)	COMPLETED	0	210713	1	-	42.1	0.5	3017256960	15415644160	2050426205	1271630
ww_fastpOut_reads_R	BAKTA (ww_fastpOut_reads_R)	COMPLETED	0	169068	1	-	47.5	0.5	3042922496	15107887104	1715256682	1272551
ww_fastpOut_reads_R	BAKTA (ww_fastpOut_reads_R)	COMPLETED	0	217790	1	-	44.2	0.5	3039948800	15677677568	2055869457	1356381
ww_fastpOut_reads_R	BAKTA (ww_fastpOut_reads_R)	COMPLETED	0	201961	1	-	47.6	0.5	3044417536	15769956352	2055952901	1353466
ww_fastpOut_reads_R	BAKTA (ww_fastpOut_reads_R)	COMPLETED	0	210490	1	-	43.5	0.5	3045433344	15744774144	2051477052	1301679
ww_fastpOut_reads_R	BAKTA (ww_fastpOut_reads_R)	COMPLETED	0	197559	1	-	47.6	0.5	3041386496	25751941120	2055319548	1329765
ww_fastpOut_reads_R	BAKTA (ww_fastpOut_reads_R)	COMPLETED	0	214533	1	-	43.2	0.5	3040944128	15290314752	2055354389	1326613
ww_fastpOut_reads_R	BAKTA (ww_fastpOut_reads_R)	COMPLETED	0	173090	1	-	54.6	0.5	3043168256	15667638272	2056208772	1359016
ww_fastpOut_reads_R	BAKTA (ww_fastpOut_reads_R)	COMPLETED	0	153922	1	-	52.4	0.5	3042758656	15242948608	1715795063	1272461
ww_fastpOut_reads_R	BAKTA (ww_fastpOut_reads_R)	COMPLETED	0	217222	1	-	44.0	0.5	3017035776	17383227392	2055825822	1356580
ww_fastpOut_reads_R	BAKTA (ww_fastpOut_reads_R)	COMPLETED	0	219978	1	-	44.6	0.5	3045228544	15616217088	2056219950	1359562
ww_fastpOut_reads_R	BAKTA (ww_fastpOut_reads_R)	COMPLETED	0	173787	1	-	46.5	0.5	3013636096	17370132480	1715187306	1273003
ww_fastpOut_reads_R	BAKTA (ww_fastpOut_reads_R)	COMPLETED	0	182800	1	-	51.6	0.5	3042684928	15669649408	2051286210	1301241
ww_fastpOut_reads_R	BAKTA (ww_fastpOut_reads_R)	COMPLETED	0	167228	1	-	56.8	0.5	3043033088	15773048832	2055981750	1359267
ww_fastpOut_reads_R	BAKTA (ww_fastpOut_reads_R)	COMPLETED	0	180771	1	-	51.2	0.5	3012894720	15347773440	2055785361	1326749
ww_fastpOut_reads_R	BAKTA (ww_fastpOut_reads_R)	COMPLETED	0	172607	1	-	53.2	0.5	3044134912	84281896960	2056050599	1326214
ww_fastpOut_reads_R	BAKTA (ww_fastpOut_reads_R)	COMPLETED	0	186678	1	-	47.6	0.5	3040235520	15357292544	2051198319	1271807
ww_fastpOut_reads_R	BAKTA (ww_fastpOut_reads_R)	COMPLETED	0	160952	1	-	54.9	0.5	3043446784	15287062528	2050910257	1271457
ww_fastpOut_reads_R	BAKTA (ww_fastpOut_reads_R)	COMPLETED	0	209817	1	-	48.2	0.5	3040325632	15801847808	2056283846	1356100
ww_fastpOut_reads_R	BAKTA (ww_fastpOut_reads_R)	COMPLETED	0	212776	1	-	43.7	0.5	3045081088	15360004096	2055581411	1323870
ww_fastpOut_reads_R	BAKTA (ww_fastpOut_reads_R)	COMPLETED	0	160106	1	-	55.4	0.5	3017220096	15408238592	2051162734	1271635
ww_fastpOut_reads_R	BAKTA (ww_fastpOut_reads_R)	COMPLETED	0	169917	1	-	53.4	0.5	3048476672	59129585664	2055825124	1326539
ww_fastpOut_reads_R	BAKTA (ww_fastpOut_reads_R)	COMPLETED	0	207895	1	-	46.2	0.5	3042209792	15638691840	2051227937	1301405
ww_fastpOut_reads_R	BAKTA (ww_fastpOut_reads_R)	COMPLETED	0	215885	1	-	43.9	0.5	3014492160	42430541824	2056035429	1356432
ww_fastpOut_reads_R	BAKTA (ww_fastpOut_reads_R)	COMPLETED	0	178254	1	-	50.9	0.5	3015143424	34076708864	2050478147	1272053
ww_fastpOut_reads_R	BAKTA (ww_fastpOut_reads_R)	COMPLETED	0	196272	1	-	45.6	0.5	3043565568	67550318592	2051190484	1271350
ww_fastpOut_reads_R	BAKTA (ww_fastpOut_reads_R)	COMPLETED	0	198616	1	-	46.1	0.5	3042447360	17381601280	2055599280	1326850
ww_fastpOut_reads_R	BAKTA (ww_fastpOut_reads_R)	COMPLETED	0	219432	1	-	39.6	0.5	3042607104	15107579904	1719640244	1327481
ww_fastpOut_reads_R	BAKTA (ww_fastpOut_reads_R)	COMPLETED	0	193083	1	-	47.0	0.5	3040862208	15230746624	2050499807	1271971
ww_fastpOut_reads_R	BAKTA (ww_fastpOut_reads_R)	COMPLETED	0	196428	1	-	49.3	0.5	3041062912	15465893888	2055960063	1349540
ww_fastpOut_reads_R	BAKTA (ww_fastpOut_reads_R)	COMPLETED	0	202400	1	-	46.5	0.5	3040026624	15292186624	2055750229	1327184
ww_fastpOut_reads_R	BAKTA (ww_fastpOut_reads_R)	COMPLETED	0	189351	1	-	49.6	0.5	3044917248	15469219840	2056159537	1349782
ww_fastpOut_reads_R	BAKTA (ww_fastpOut_reads_R)	COMPLETED	0	210986	1	-	44.5	0.5	3041628160	15353810944	2056097737	1323494
ww_fastpOut_reads_R	BAKTA (ww_fastpOut_reads_R)	COMPLETED	0	189470	1	-	49.5	0.5	3040919552	15572500480	2055902583	1352844
ww_fastpOut_reads_R	BAKTA (ww_fastpOut_reads_R)	COMPLETED	0	221682	1	-	41.5	0.5	3043975168	17364848640	2051002374	1271393
ww_fastpOut_reads_R	BAKTA (ww_fastpOut_reads_R)	COMPLETED	0	179949	1	-	53.1	0.5	3041771520	15657910272	2055880097	1349163
ww_fastpOut_reads_R	BAKTA (ww_fastpOut_reads_R)	COMPLETED	0	170932	1	-	48.2	0.5	3042308096	15175819264	1715332708	1273069
ww_fastpOut_reads_R	BAKTA (ww_fastpOut_reads_R)	COMPLETED	0	196317	1	-	40.9	0.5	3041820672	50703994880	1715761158	1273128
ww_fastpOut_reads_R	BAKTA (ww_fastpOut_reads_R)	COMPLETED	0	191547	1	-	47.4	0.5	3042967552	15574364160	2051266209	1294875
ww_fastpOut_reads_R	BAKTA (ww_fastpOut_reads_R)	COMPLETED	0	195323	1	-	47.4	0.5	3013492736	17341534208	2055691896	1329767
ww_fastpOut_reads_R	BAKTA (ww_fastpOut_reads_R)	COMPLETED	0	229127	1	-	41.4	0.5	3041128448	15505416192	2056300082	1349607
ww_fastpOut_reads_R	BAKTA (ww_fastpOut_reads_R)	COMPLETED	0	241208	1	-	40.0	0.5	3044147200	15598051328	2055162060	1349401
ww_fastpOut_reads_R	BAKTA (ww_fastpOut_reads_R)	COMPLETED	0	214168	1	-	44.0	0.5	3015532544	67375353856	2055660310	1349216
ww_fastpOut_reads_R	BAKTA (ww_fastpOut_reads_R)	COMPLETED	0	196622	1	-	42.2	0.5	3040509952	15108476928	1715512523	1272728
ww_fastpOut_reads_R	BAKTA (ww_fastpOut_reads_R)	COMPLETED	0	165772	1	-	56.6	0.5	3016347648	15577743360	2056336370	1349745
ww_fastpOut_reads_R	BAKTA (ww_fastpOut_reads_R)	COMPLETED	0	221810	1	-	42.8	0.5	3042803712	15506972672	2055859334	1346795
ww_fastpOut_reads_R	BAKTA (ww_fastpOut_reads_R)	COMPLETED	0	209695	1	-	45.0	0.5	3041103872	25687044096	2055631182	1346436
ww_fastpOut_reads_R	BAKTA (ww_fastpOut_reads_R)	COMPLETED	0	198310	1	-	48.3	0.5	3040239616	15523446784	2056445189	1352624
ww_fastpOut_reads_R	BAKTA (ww_fastpOut_reads_R)	COMPLETED	0	238465	1	-	40.3	0.5	3044024320	15468482560	2055798553	1346785
ww_fastpOut_reads_R	BAKTA (ww_fastpOut_reads_R)	COMPLETED	0	220676	1	-	42.1	0.5	3041779712	15523688448	2055681238	1352276
ww_fastpOut_reads_R	BAKTA (ww_fastpOut_reads_R)	COMPLETED	0	186230	1	-	50.8	0.5	3014746112	14637260800	2055672545	1349501
ww_fastpOut_reads_R	BAKTA (ww_fastpOut_reads_R)	COMPLETED	0	242360	1	-	39.2	0.5	3040362496	15222484992	2056383506	1329513
ww_fastpOut_reads_R	BAKTA (ww_fastpOut_reads_R)	COMPLETED	0	178225	1	-	51.4	0.5	3043119104	15590420480	2050502342	1294729
ww_fastpOut_reads_R	BAKTA (ww_fastpOut_reads_R)	COMPLETED	0	209529	1	-	41.9	0.5	3043741696	15222296576	2050340432	1271636
ww_fastpOut_reads_R	BAKTA (ww_fastpOut_reads_R)	COMPLETED	0	193851	1	-	49.0	0.5	3018907648	15273971712	2055532488	1327007
ww_fastpOut_reads_R	BAKTA (ww_fastpOut_reads_R)	COMPLETED	0	177496	1	-	53.2	0.5	3044044800	15747190784	2056051474	1356795
ww_fastpOut_reads_R	BAKTA (ww_fastpOut_reads_R)	COMPLETED	0	167465	1	-	55.6	0.5	3044356096	17395904512	2051532881	1301800
ww_fastpOut_reads_R	BAKTA (ww_fastpOut_reads_R)	COMPLETED	0	189187	1	-	50.6	0.5	3044818944	15601328128	2055154571	1349885
ww_fastpOut_reads_R	BAKTA (ww_fastpOut_reads_R)	COMPLETED	0	217229	1	-	42.4	0.5	3044990976	17326190592	2055662571	1323638
ww_fastpOut_reads_R	BAKTA (ww_fastpOut_reads_R)	COMPLETED	0	213082	1	-	44.7	0.5	3017232384	15693852672	2056110162	1356330
ww_fastpOut_reads_R	BAKTA (ww_fastpOut_reads_R)	COMPLETED	0	255133	1	-	37.0	0.5	3039072256	15222026240	2055270790	1326677
ww_fastpOut_reads_R	BAKTA (ww_fastpOut_reads_R)	COMPLETED	0	230216	1	-	41.9	0.5	3045621760	67534659584	2055504194	1356483
ww_fastpOut_reads_R	BAKTA (ww_fastpOut_reads_R)	COMPLETED	0	201627	1	-	48.1	0.5	3035852800	84155244544	2056113460	1356213
ww_fastpOut_reads_R	BAKTA (ww_fastpOut_reads_R)	COMPLETED	0	222030	1	-	43.6	0.5	3012612096	15588794368	2055377403	1356127
ww_fastpOut_reads_R	BAKTA (ww_fastpOut_reads_R)	COMPLETED	0	227862	1	-	41.3	0.5	3042910208	15442198528	2055971571	1349919
ww_fastpOut_reads_R	BAKTA (ww_fastpOut_reads_R)	COMPLETED	0	175781	1	-	54.6	0.5	3041890304	34065731584	2056010164	1353107
ww_fastpOut_reads_R	BAKTA (ww_fastpOut_reads_R)	COMPLETED	0	225621	1	-	41.5	0.5	3014541312	15626948608	2050887547	1295162
ww_fastpOut_reads_R	BAKTA (ww_fastpOut_reads_R)	COMPLETED	0	217265	1	-	41.7	0.5	3042963456	15737659392	2051137905	1301229
ww_fastpOut_reads_R	BAKTA (ww_fastpOut_reads_R)	COMPLETED	0	177308	1	-	53.4	0.5	3015368704	42352865280	2056495284	1352655
ww_fastpOut_reads_R	BAKTA (ww_fastpOut_reads_R)	COMPLETED	0	183896	1	-	52.2	0.5	3041906688	15577038848	2055224358	1347115
ww_fastpOut_reads_R	BAKTA (ww_fastpOut_reads_R)	COMPLETED	0	194296	1	-	49.6	0.5	3015376896	15626133504	2056382423	1356093
ww_fastpOut_reads_R	BAKTA (ww_fastpOut_reads_R)	COMPLETED	0	166908	1	-	59.5	0.9	4890288128	18067070976	1714673297	1242297
ww_fastpOut_reads_R	BAKTA (ww_fastpOut_reads_R)	COMPLETED	0	184299	1	-	61.7	1.0	5524434944	18628829184	2053445448	1684280
ww_fastpOut_reads_R	BAKTA (ww_fastpOut_reads_R)	COMPLETED	0	185034	1	-	51.0	0.5	3016740864	17383776256	2055841368	1349578
ww_fastpOut_reads_R	BAKTA (ww_fastpOut_reads_R)	COMPLETED	0	210939	1	-	43.4	0.5	3043786752	15638695936	2051003590	1301354
ww_fastpOut_reads_R	BAKTA (ww_fastpOut_reads_R)	COMPLETED	0	182789	1	-	48.4	0.5	3018407936	15412965376	1723902586	1497403
ww_fastpOut_reads_R	BAKTA (ww_fastpOut_reads_R)	COMPLETED	0	205545	1	-	46.1	0.5	3042082816	15594323968	2055418638	1349298
ww_fastpOut_reads_R	BAKTA (ww_fastpOut_reads_R)	COMPLETED	0	184735	1	-	50.2	0.5	3013541888	15344746496	2055873609	1327020
ww_fastpOut_reads_R	BAKTA (ww_fastpOut_reads_R)	COMPLETED	0	180743	1	-	50.9	0.5	3044876288	15773454336	2051102618	1301886
ww_fastpOut_reads_R	BAKTA (ww_fastpOut_reads_R)	COMPLETED	0	192040	1	-	50.1	0.5	3045249024	15837069312	2056149761	1356818
ww_fastpOut_reads_R	BAKTA (ww_fastpOut_reads_R)	COMPLETED	0	206985	1	-	43.9	0.5	3018391552	67539943424	2054540886	1314340
ww_fastpOut_reads_R	BAKTA (ww_fastpOut_reads_R)	COMPLETED	0	236917	1	-	40.0	0.5	3045789696	15705808896	2056485899	1356359
ww_fastpOut_reads_R	BAKTA (ww_fastpOut_reads_R)	COMPLETED	0	192674	1	-	49.5	0.5	3044413440	15837196288	2056671116	1359644
ww_fastpOut_reads_R	BAKTA (ww_fastpOut_reads_R)	COMPLETED	0	201628	1	-	45.4	0.5	3043606528	15357431808	2055302602	1327014
ww_fastpOut_reads_R	BAKTA (ww_fastpOut_reads_R)	COMPLETED	0	236032	1	-	41.8	0.5	3043405824	17325682688	2056020366	1353282
ww_fastpOut_reads_R	BAKTA (ww_fastpOut_reads_R)	COMPLETED	0	168460	1	-	48.4	0.5	3013754880	42368110592	1715835772	1272786
ww_fastpOut_reads_R	BAKTA (ww_fastpOut_reads_R)	COMPLETED	0	167100	1	-	52.8	0.5	3013881856	15284764672	2050457946	1259311
ww_fastpOut_reads_R	BAKTA (ww_fastpOut_reads_R)	COMPLETED	0	226732	1	-	40.0	0.5	3042127872	59169488896	2056050878	1329955
ww_fastpOut_reads_R	BAKTA (ww_fastpOut_reads_R)	COMPLETED	0	197725	1	-	47.0	0.5	3044327424	15357292544	2056214262	1330077
ww_fastpOut_reads_R	BAKTA (ww_fastpOut_reads_R)	COMPLETED	0	218241	1	-	41.5	0.5	3045089280	15361212416	2055412710	1327103
ww_fastpOut_reads_R	BAKTA (ww_fastpOut_reads_R)	COMPLETED	0	217328	1	-	43.4	0.5	3040894976	15458041856	2050891723	1294933
ww_fastpOut_reads_R	BAKTA (ww_fastpOut_reads_R)	COMPLETED	0	218098	1	-	44.1	0.5	3040055296	15837061120	2051322761	1301833
ww_fastpOut_reads_R	BAKTA (ww_fastpOut_reads_R)	COMPLETED	0	238579	1	-	38.7	0.5	3043381248	15229751296	2055719183	1324002
ww_fastpOut_reads_R	BAKTA (ww_fastpOut_reads_R)	COMPLETED	0	214148	1	-	41.7	0.5	3017453568	42466586624	2051235258	1272046
ww_fastpOut_reads_R	BAKTA (ww_fastpOut_reads_R)	COMPLETED	0	228964	1	-	38.2	0.5	3044818944	15357292544	2050635761	1272160
ww_fastpOut_reads_R	BAKTA (ww_fastpOut_reads_R)	COMPLETED	0	131372	1	-	72.5	0.5	3016441856	15146926080	2762152632	17669939
ww_fastpOut_reads_R	BAKTA (ww_fastpOut_reads_R)	COMPLETED	0	162761	1	-	54.1	0.5	3042299904	15287074816	2050512386	1271625
ww_fastpOut_reads_R	BAKTA (ww_fastpOut_reads_R)	COMPLETED	0	232702	1	-	44.4	0.7	4108783616	17144786944	2053438122	1563005
ww_fastpOut_reads_R	BAKTA (ww_fastpOut_reads_R)	COMPLETED	0	221795	1	-	44.1	0.5	3040178176	15704522752	2056710966	1356765
ww_fastpOut_reads_R	BAKTA (ww_fastpOut_reads_R)	COMPLETED	0	202825	1	-	47.6	0.5	3039473664	15612375040	2056108154	1356844
ww_fastpOut_reads_R	BAKTA (ww_fastpOut_reads_R)	COMPLETED	0	168726	1	-	54.5	0.5	3043885056	15605882880	2051852836	1301450
ww_fastpOut_reads_R	BAKTA (ww_fastpOut_reads_R)	COMPLETED	0	242037	1	-	39.5	0.5	3038707712	17328336896	2055267983	1324112
ww_fastpOut_reads_R	BAKTA (ww_fastpOut_reads_R)	COMPLETED	0	219812	1	-	41.9	0.5	3044048896	15287209984	2054646924	1326569
ww_fastpOut_reads_R	BAKTA (ww_fastpOut_reads_R)	COMPLETED	0	186771	1	-	49.1	0.5	3043446784	17324453888	2055314130	1323582
ww_fastpOut_reads_R	BAKTA (ww_fastpOut_reads_R)	COMPLETED	0	205320	1	-	44.6	0.5	3042193408	15287205888	2055750225	1326477
ww_fastpOut_reads_R	BAKTA (ww_fastpOut_reads_R)	COMPLETED	0	216267	1	-	44.1	0.5	3013214208	15799209984	2056065459	1353861
ww_fastpOut_reads_R	BAKTA (ww_fastpOut_reads_R)	COMPLETED	0	216398	1	-	45.0	0.5	3013431296	17332277248	2055604460	1356188
ww_fastpOut_reads_R	BAKTA (ww_fastpOut_reads_R)	COMPLETED	0	200183	1	-	45.4	0.5	3044773888	15223488512	2055649473	1326755
ww_fastpOut_reads_R	BAKTA (ww_fastpOut_reads_R)	COMPLETED	0	190527	1	-	46.7	0.5	3041546240	15420919808	2050747462	1271811
ww_fastpOut_reads_R	BAKTA (ww_fastpOut_reads_R)	COMPLETED	0	201011	1	-	48.8	0.5	3014189056	15590080512	2055504690	1356385
ww_fastpOut_reads_R	BAKTA (ww_fastpOut_reads_R)	COMPLETED	0	220456	1	-	40.5	0.5	3038564352	15223066624	2050559856	1271566
ww_fastpOut_reads_R	BAKTA (ww_fastpOut_reads_R)	COMPLETED	0	168666	1	-	53.4	0.5	3042828288	15530811392	2050887267	1295085
ww_fastpOut_reads_R	BAKTA (ww_fastpOut_reads_R)	COMPLETED	0	112446	1	-	78.2	0.5	3043876864	15189229568	2515029675	19717513
ww_fastpOut_reads_R	BAKTA (ww_fastpOut_reads_R)	COMPLETED	0	187731	1	-	51.0	0.5	3040657408	15573716992	2056077320	1356572
ww_fastpOut_reads_R	BAKTA (ww_fastpOut_reads_R)	COMPLETED	0	179444	1	-	50.5	0.5	3041660928	15530807296	2050901871	1295074
ww_fastpOut_reads_R	BAKTA (ww_fastpOut_reads_R)	COMPLETED	0	196143	1	-	46.0	0.5	3047223296	17354485760	2054878306	1317265
ww_fastpOut_reads_R	BAKTA (ww_fastpOut_reads_R)	COMPLETED	0	219501	1	-	42.0	0.5	3015528448	15275950080	2054902793	1326545
ww_fastpOut_reads_R	BAKTA (ww_fastpOut_reads_R)	COMPLETED	0	172559	1	-	63.7	0.5	3044167680	15463555072	3037763895	24553486
ww_fastpOut_reads_R	BAKTA (ww_fastpOut_reads_R)	COMPLETED	0	227138	1	-	41.8	0.5	3043659776	15597920256	2055683405	1352917
ww_fastpOut_reads_R	BAKTA (ww_fastpOut_reads_R)	COMPLETED	0	186395	1	-	47.7	0.5	3040854016	34021462016	2050890606	1271195
ww_fastpOut_reads_R	BAKTA (ww_fastpOut_reads_R)	COMPLETED	0	187998	1	-	50.2	0.5	3015372800	75803041792	2055829005	1350127
ww_fastpOut_reads_R	BAKTA (ww_fastpOut_reads_R)	COMPLETED	0	179161	1	-	49.8	0.5	3042066432	15098023936	2054634582	1311388
ww_fastpOut_reads_R	BAKTA (ww_fastpOut_reads_R)	COMPLETED	0	190612	1	-	47.4	0.5	3039592448	75851825152	2051333041	1271289
ww_fastpOut_reads_R	BAKTA (ww_fastpOut_reads_R)	COMPLETED	0	175133	1	-	50.3	0.5	3042209792	15290183680	2051408152	1271451
ww_fastpOut_reads_R	BAKTA (ww_fastpOut_reads_R)	COMPLETED	0	201419	1	-	46.7	0.5	3043336192	15639633920	2050846271	1295185
ww_fastpOut_reads_R	BAKTA (ww_fastpOut_reads_R)	COMPLETED	0	208104	1	-	45.0	0.5	3013517312	15518085120	2055951301	1350090
ww_fastpOut_reads_R	BAKTA (ww_fastpOut_reads_R)	COMPLETED	0	205850	1	-	44.8	0.5	3014856704	15216877568	2056280556	1329092
ww_fastpOut_reads_R	BAKTA (ww_fastpOut_reads_R)	COMPLETED	0	201591	1	-	47.0	0.5	3016536064	15627075584	2055617482	1350375
ww_fastpOut_reads_R	BAKTA (ww_fastpOut_reads_R)	COMPLETED	0	213362	1	-	45.0	0.5	3041779712	50703781888	2056109091	1349795
ww_fastpOut_reads_R	BAKTA (ww_fastpOut_reads_R)	COMPLETED	0	209072	1	-	44.7	0.5	3016515584	15559843840	2055634373	1353060
ww_fastpOut_reads_R	BAKTA (ww_fastpOut_reads_R)	COMPLETED	0	174261	1	-	52.4	0.5	3047563264	15523692544	2050999269	1294922
ww_fastpOut_reads_R	BAKTA (ww_fastpOut_reads_R)	COMPLETED	0	224646	1	-	42.3	0.5	3016765440	15453638656	2055630093	1346791
ww_fastpOut_reads_R	BAKTA (ww_fastpOut_reads_R)	COMPLETED	0	210975	1	-	43.2	0.4	3016429568	59111346176	2054881820	1313930
ww_fastpOut_reads_R	BAKTA (ww_fastpOut_reads_R)	COMPLETED	0	207903	1	-	43.4	0.5	3042291712	15523819520	2051354481	1294694
ww_fastpOut_reads_R	BAKTA (ww_fastpOut_reads_R)	COMPLETED	0	223950	1	-	41.9	0.5	3041878016	15590924288	2055838844	1349504
ww_fastpOut_reads_R	BAKTA (ww_fastpOut_reads_R)	COMPLETED	0	151366	1	-	53.8	0.5	3016466432	15076810752	1720343408	1422164
ww_fastpOut_reads_R	BAKTA (ww_fastpOut_reads_R)	COMPLETED	0	206104	1	-	44.2	0.5	3017920512	15582359552	2050407491	1294925
ww_fastpOut_reads_R	BAKTA (ww_fastpOut_reads_R)	COMPLETED	0	213493	1	-	43.9	0.5	3043336192	15657533440	2055378910	1349638
ww_fastpOut_reads_R	BAKTA (ww_fastpOut_reads_R)	COMPLETED	0	234463	1	-	39.9	0.5	3041673216	15523815424	2056188003	1349793
ww_fastpOut_reads_R	BAKTA (ww_fastpOut_reads_R)	COMPLETED	0	167556	1	-	54.9	0.5	3014742016	15091970048	2055968765	1317518
ww_fastpOut_reads_R	BAKTA (ww_fastpOut_reads_R)	COMPLETED	0	230045	1	-	41.2	0.5	3041030144	15458828288	2055192564	1346732
ww_fastpOut_reads_R	BAKTA (ww_fastpOut_reads_R)	COMPLETED	0	230100	1	-	42.6	0.5	3041497088	25751650304	2055244965	1352732
ww_fastpOut_reads_R	BAKTA (ww_fastpOut_reads_R)	COMPLETED	0	168675	1	-	54.2	0.5	3042406400	15223627776	2056043929	1325766
ww_fastpOut_reads_R	BAKTA (ww_fastpOut_reads_R)	COMPLETED	0	199716	1	-	47.8	0.5	3042603008	15523315712	2055763602	1349901
ww_fastpOut_reads_R	BAKTA (ww_fastpOut_reads_R)	COMPLETED	0	192837	1	-	50.2	0.5	3040432128	42421227520	2055843851	1356539
ww_fastpOut_reads_R	BAKTA (ww_fastpOut_reads_R)	COMPLETED	0	240054	1	-	37.3	0.5	3041021952	15354179584	2051046210	1270923
ww_fastpOut_reads_R	BAKTA (ww_fastpOut_reads_R)	COMPLETED	0	207202	1	-	46.4	0.5	3039653888	15769948160	2055606785	1353693
ww_fastpOut_reads_R	BAKTA (ww_fastpOut_reads_R)	COMPLETED	0	193376	1	-	46.0	0.5	3046006784	17385660416	2051287113	1270968
ww_fastpOut_reads_R	BAKTA (ww_fastpOut_reads_R)	COMPLETED	0	228801	1	-	42.7	0.5	3040292864	15592763392	2055743343	1346891
ww_fastpOut_reads_R	BAKTA (ww_fastpOut_reads_R)	COMPLETED	0	216156	1	-	44.7	0.5	3013226496	42360479744	2055873218	1359879
ww_fastpOut_reads_R	BAKTA (ww_fastpOut_reads_R)	COMPLETED	0	189577	1	-	48.5	0.5	3042013184	15677546496	2051110826	1301934
ww_fastpOut_reads_R	BAKTA (ww_fastpOut_reads_R)	COMPLETED	0	208677	1	-	43.2	0.5	3043250176	67374829568	2055911492	1446598
ww_fastpOut_reads_R	BAKTA (ww_fastpOut_reads_R)	COMPLETED	0	201679	1	-	46.1	0.5	3018088448	15799078912	2051259827	1301884
ww_fastpOut_reads_R	BAKTA (ww_fastpOut_reads_R)	COMPLETED	0	181244	1	-	51.6	0.4	3042676736	15612751872	2056036834	1356967
ww_fastpOut_reads_R	BAKTA (ww_fastpOut_reads_R)	COMPLETED	0	222223	1	-	43.0	0.5	3040694272	15613915136	2055854189	1356618
ww_fastpOut_reads_R	BAKTA (ww_fastpOut_reads_R)	COMPLETED	0	189846	1	-	44.2	0.5	3043266560	15148503040	1721900373	1456345
ww_fastpOut_reads_R	BAKTA (ww_fastpOut_reads_R)	COMPLETED	0	211475	1	-	43.3	0.5	3013070848	15288041472	2054933495	1314120
ww_fastpOut_reads_R	BAKTA (ww_fastpOut_reads_R)	COMPLETED	0	176632	1	-	49.5	0.5	3041497088	15297630208	2050176084	1259156
ww_fastpOut_reads_R	BAKTA (ww_fastpOut_reads_R)	COMPLETED	0	210404	1	-	43.8	0.5	3040727040	15228698624	2055500889	1326244
ww_fastpOut_reads_R	BAKTA (ww_fastpOut_reads_R)	COMPLETED	0	202435	1	-	47.8	0.5	3042480128	15667634176	2055929324	1359219
ww_fastpOut_reads_R	BAKTA (ww_fastpOut_reads_R)	COMPLETED	0	183406	1	-	47.4	0.5	3044564992	25754505216	2051028216	1271567
ww_fastpOut_reads_R	BAKTA (ww_fastpOut_reads_R)	COMPLETED	0	177974	1	-	52.7	0.4	3041685504	15573565440	2056493333	1359406
ww_fastpOut_reads_R	BAKTA (ww_fastpOut_reads_R)	COMPLETED	0	196069	1	-	44.8	0.5	3039735808	34068598784	2050899576	1271487
ww_fastpOut_reads_R	BAKTA (ww_fastpOut_reads_R)	COMPLETED	0	206810	1	-	45.0	0.5	3042770944	15670419456	2051087877	1301523
ww_fastpOut_reads_R	BAKTA (ww_fastpOut_reads_R)	COMPLETED	0	194161	1	-	49.5	0.5	3045617664	25713627136	2056590969	1356357
ww_fastpOut_reads_R	BAKTA (ww_fastpOut_reads_R)	COMPLETED	0	206192	1	-	44.9	0.5	3042787328	15357296640	2055723630	1326552
ww_fastpOut_reads_R	BAKTA (ww_fastpOut_reads_R)	COMPLETED	0	203773	1	-	44.9	0.5	3015528448	15277498368	2055852644	1326685
ww_fastpOut_reads_R	BAKTA (ww_fastpOut_reads_R)	COMPLETED	0	218324	1	-	43.5	0.5	3016306688	15654825984	2056451722	1356410
ww_fastpOut_reads_R	BAKTA (ww_fastpOut_reads_R)	COMPLETED	0	211385	1	-	41.6	0.5	3044397056	15424405504	2050649743	1271693
ww_fastpOut_reads_R	BAKTA (ww_fastpOut_reads_R)	COMPLETED	0	171020	1	-	54.2	0.5	3042410496	15420919808	2055617070	1326077
ww_fastpOut_reads_R	BAKTA (ww_fastpOut_reads_R)	COMPLETED	0	181727	1	-	50.2	0.5	3014987776	15626018816	2051761161	1301590
ww_fastpOut_reads_R	BAKTA (ww_fastpOut_reads_R)	COMPLETED	0	200410	1	-	46.7	0.5	3013627904	15560200192	2051488538	1301687
ww_fastpOut_reads_R	BAKTA (ww_fastpOut_reads_R)	COMPLETED	0	179607	1	-	48.2	0.5	3041492992	15100563456	2050375831	1259403
ww_fastpOut_reads_R	BAKTA (ww_fastpOut_reads_R)	COMPLETED	0	208299	1	-	44.4	0.5	3041329152	15222087680	2055088226	1323069
ww_fastpOut_reads_R	BAKTA (ww_fastpOut_reads_R)	COMPLETED	0	191603	1	-	47.3	0.5	3043229696	17330515968	2054207341	1314465
ww_fastpOut_reads_R	BAKTA (ww_fastpOut_reads_R)	COMPLETED	0	240082	1	-	41.5	0.5	3039645696	15667499008	2055782590	1353354
ww_fastpOut_reads_R	BAKTA (ww_fastpOut_reads_R)	COMPLETED	0	248634	1	-	38.3	0.5	3014643712	15560790016	2055980087	1356513
ww_fastpOut_reads_R	BAKTA (ww_fastpOut_reads_R)	COMPLETED	0	204548	1	-	46.3	0.5	3043069952	15294238720	2055428406	1326129
ww_fastpOut_reads_R	BAKTA (ww_fastpOut_reads_R)	COMPLETED	0	194426	1	-	47.5	0.5	3016187904	15209283584	2055859587	1326206
ww_fastpOut_reads_R	BAKTA (ww_fastpOut_reads_R)	COMPLETED	0	190952	1	-	48.8	0.5	3043131392	15294107648	2055730451	1325995
ww_fastpOut_reads_R	BAKTA (ww_fastpOut_reads_R)	COMPLETED	0	195934	1	-	46.7	0.5	3041869824	15221022720	2055845753	1326335
ww_fastpOut_reads_R	BAKTA (ww_fastpOut_reads_R)	COMPLETED	0	200005	1	-	49.2	0.5	3043381248	15575670784	2055733290	1353565
ww_fastpOut_reads_R	BAKTA (ww_fastpOut_reads_R)	COMPLETED	0	177054	1	-	49.4	0.5	3045416960	15233609728	2049720544	1259377
ww_fastpOut_reads_R	BAKTA (ww_fastpOut_reads_R)	COMPLETED	0	197180	1	-	47.3	0.5	3046608896	15224287232	2055840827	1323258
ww_fastpOut_reads_R	BAKTA (ww_fastpOut_reads_R)	COMPLETED	0	174268	1	-	52.1	0.4	3042770944	15225614336	2055957822	1326336
ww_fastpOut_reads_R	BAKTA (ww_fastpOut_reads_R)	COMPLETED	0	157151	1	-	56.2	0.5	3014496256	15212937216	2051048969	1271419
ww_fastpOut_reads_R	BAKTA (ww_fastpOut_reads_R)	COMPLETED	0	196229	1	-	46.4	0.5	3043057664	15294107648	2055293861	1326356
ww_fastpOut_reads_R	BAKTA (ww_fastpOut_reads_R)	COMPLETED	0	183434	1	-	50.4	0.5	3045609472	42465501184	2055615062	1326259
ww_fastpOut_reads_R	BAKTA (ww_fastpOut_reads_R)	COMPLETED	0	170294	1	-	53.5	0.5	3041865728	15098466304	2054714612	1313854
ww_fastpOut_reads_R	BAKTA (ww_fastpOut_reads_R)	COMPLETED	0	194172	1	-	48.8	0.5	3042795520	15290187776	2055903099	1329397
ww_fastpOut_reads_R	BAKTA (ww_fastpOut_reads_R)	COMPLETED	0	175532	1	-	52.7	0.5	3044855808	15227461632	2055807495	1323446
ww_fastpOut_reads_R	BAKTA (ww_fastpOut_reads_R)	COMPLETED	0	186533	1	-	47.5	0.5	3043635200	83974123520	1724383790	3115053
ww_fastpOut_reads_R	BAKTA (ww_fastpOut_reads_R)	COMPLETED	0	221646	1	-	43.1	0.5	3039166464	92447662080	2055806875	1323187
ww_fastpOut_reads_R	BAKTA (ww_fastpOut_reads_R)	COMPLETED	0	201578	1	-	44.2	0.5	3043135488	15163293696	2049562295	1258803
ww_fastpOut_reads_R	BAKTA (ww_fastpOut_reads_R)	COMPLETED	0	191170	1	-	46.2	0.5	3012345856	25676357632	2049830830	1259005
ww_fastpOut_reads_R	BAKTA (ww_fastpOut_reads_R)	COMPLETED	0	196128	1	-	46.9	0.5	3041665024	15290179584	2056105660	1326409
ww_fastpOut_reads_R	BAKTA (ww_fastpOut_reads_R)	COMPLETED	0	169435	1	-	54.3	0.5	3040501760	15287074816	2055698553	1325881
ww_fastpOut_reads_R	BAKTA (ww_fastpOut_reads_R)	COMPLETED	0	170326	1	-	52.5	0.5	3041423360	15222452224	2050581471	1270862
ww_fastpOut_reads_R	BAKTA (ww_fastpOut_reads_R)	COMPLETED	0	202093	1	-	45.9	0.5	3012182016	25680699392	2055638731	1325785
ww_fastpOut_reads_R	BAKTA (ww_fastpOut_reads_R)	COMPLETED	0	176056	1	-	50.7	0.5	3044495360	34079641600	2050236145	1282440
ww_fastpOut_reads_R	BAKTA (ww_fastpOut_reads_R)	COMPLETED	0	206441	1	-	44.7	0.5	3040104448	17325682688	2056003705	1328819
ww_fastpOut_reads_R	BAKTA (ww_fastpOut_reads_R)	COMPLETED	0	182756	1	-	50.5	0.5	3044851712	15290175488	2055799128	1325973
ww_fastpOut_reads_R	BAKTA (ww_fastpOut_reads_R)	COMPLETED	0	174153	1	-	50.6	0.5	3039547392	15300780032	2050382606	1282563
ww_fastpOut_reads_R	BAKTA (ww_fastpOut_reads_R)	COMPLETED	0	199162	1	-	52.3	0.9	4897263616	42314383360	1719652925	1297426
ww_fastpOut_reads_R	BAKTA (ww_fastpOut_reads_R)	COMPLETED	0	161529	1	-	55.1	0.4	3014782976	15281520640	2051106130	1271526
ww_fastpOut_reads_R	BAKTA (ww_fastpOut_reads_R)	COMPLETED	0	219183	1	-	42.3	0.5	3042394112	25677156352	2055738541	1326013
ww_fastpOut_reads_R	BAKTA (ww_fastpOut_reads_R)	COMPLETED	0	209700	1	-	42.2	0.5	3042201600	15421046784	2051949383	1270998
ww_fastpOut_reads_R	BAKTA (ww_fastpOut_reads_R)	COMPLETED	0	212830	1	-	41.5	0.5	3014705152	15219548160	2049785903	1282150
ww_fastpOut_reads_R	BAKTA (ww_fastpOut_reads_R)	COMPLETED	0	190875	1	-	46.7	0.5	3014995968	15353114624	2050906177	1281998
ww_fastpOut_reads_R	BAKTA (ww_fastpOut_reads_R)	COMPLETED	0	257955	1	-	34.9	0.5	3041181696	17328287744	2054824632	1314153
ww_fastpOut_reads_R	BAKTA (ww_fastpOut_reads_R)	COMPLETED	0	197950	1	-	53.1	0.7	4019023872	17143316480	2053741378	1563028
ww_fastpOut_reads_R	BAKTA (ww_fastpOut_reads_R)	COMPLETED	0	189213	1	-	46.7	0.5	3041062912	17328377856	2049951476	1289186
ww_fastpOut_reads_R	BAKTA (ww_fastpOut_reads_R)	COMPLETED	0	212121	1	-	43.0	0.5	3041779712	15353810944	2055395384	1323031
ww_fastpOut_reads_R	BAKTA (ww_fastpOut_reads_R)	COMPLETED	0	231000	1	-	39.4	0.5	3014606848	34074714112	2055849264	1328992
ww_fastpOut_reads_R	BAKTA (ww_fastpOut_reads_R)	COMPLETED	0	152741	1	-	74.3	0.5	3018031104	15068528640	3181409147	27796628
ww_fastpOut_reads_R	BAKTA (ww_fastpOut_reads_R)	COMPLETED	0	189574	1	-	47.9	0.5	3040894976	15228399616	2055669414	1326437
ww_fastpOut_reads_R	BAKTA (ww_fastpOut_reads_R)	COMPLETED	0	180453	1	-	51.4	0.5	3042054144	25666330624	2055183703	1343716
ww_fastpOut_reads_R	BAKTA (ww_fastpOut_reads_R)	COMPLETED	0	218637	1	-	41.2	0.5	3012968448	15408377856	2056438404	1326165
ww_fastpOut_reads_R	BAKTA (ww_fastpOut_reads_R)	COMPLETED	0	220284	1	-	41.5	0.5	3043528704	34071490560	2055972461	1329451
ww_fastpOut_reads_R	BAKTA (ww_fastpOut_reads_R)	COMPLETED	0	192719	1	-	47.0	0.5	3043958784	15269642240	2055169903	1344218
ww_fastpOut_reads_R	BAKTA (ww_fastpOut_reads_R)	COMPLETED	0	198655	1	-	46.4	0.5	3040571392	15424401408	2056106821	1329495
ww_fastpOut_reads_R	BAKTA (ww_fastpOut_reads_R)	COMPLETED	0	213652	1	-	52.4	0.9	4880347136	17991708672	2054274964	3009016
ww_fastpOut_reads_R	BAKTA (ww_fastpOut_reads_R)	COMPLETED	0	195644	1	-	45.7	0.5	3042009088	17326632960	2051270725	1421418
ww_fastpOut_reads_R	BAKTA (ww_fastpOut_reads_R)	COMPLETED	0	223770	1	-	41.3	0.5	3046002688	17357434880	2055354823	1323357
ww_fastpOut_reads_R	BAKTA (ww_fastpOut_reads_R)	COMPLETED	0	215477	1	-	42.9	0.5	3041083392	15359279104	2055606862	1326504
ww_fastpOut_reads_R	BAKTA (ww_fastpOut_reads_R)	COMPLETED	0	209551	1	-	46.5	0.5	3043635200	15770861568	2057388835	1699793
ww_fastpOut_reads_R	BAKTA (ww_fastpOut_reads_R)	COMPLETED	0	178520	1	-	51.3	0.5	3043442688	15222009856	2055256201	1325931
ww_fastpOut_reads_R	BAKTA (ww_fastpOut_reads_R)	COMPLETED	0	221282	1	-	41.4	0.5	3040997376	50744729600	2055682016	1326525
ww_fastpOut_reads_R	BAKTA (ww_fastpOut_reads_R)	COMPLETED	0	204868	1	-	42.4	0.5	3041730560	15101837312	2050288805	1421597
ww_fastpOut_reads_R	BAKTA (ww_fastpOut_reads_R)	COMPLETED	0	215572	1	-	42.1	0.5	3019599872	15277641728	2055567935	1323607
ww_fastpOut_reads_R	BAKTA (ww_fastpOut_reads_R)	COMPLETED	0	195245	1	-	46.0	0.5	3043094528	15222308864	2050853483	1271140
ww_fastpOut_reads_R	BAKTA (ww_fastpOut_reads_R)	COMPLETED	0	189286	1	-	48.2	0.5	3042463744	15287201792	2055888349	1326188
ww_fastpOut_reads_R	BAKTA (ww_fastpOut_reads_R)	COMPLETED	0	228900	1	-	40.4	0.5	3042508800	50783158272	2055693742	1329001
ww_fastpOut_reads_R	BAKTA (ww_fastpOut_reads_R)	COMPLETED	0	185404	1	-	47.2	0.5	3020095488	17396830208	2050045602	1271111
ww_fastpOut_reads_R	BAKTA (ww_fastpOut_reads_R)	COMPLETED	0	210919	1	-	41.9	0.5	3041726464	50768224256	2050638080	1421610
ww_fastpOut_reads_R	BAKTA (ww_fastpOut_reads_R)	COMPLETED	0	208921	1	-	42.7	0.5	3046277120	15166623744	2050703843	1421521
ww_fastpOut_reads_R	BAKTA (ww_fastpOut_reads_R)	COMPLETED	0	227606	1	-	40.4	0.5	3015356416	15209549824	2055287182	1326050
ww_fastpOut_reads_R	BAKTA (ww_fastpOut_reads_R)	COMPLETED	0	195901	1	-	46.1	0.5	3041427456	15286837248	2056105198	1329250
ww_fastpOut_reads_R	BAKTA (ww_fastpOut_reads_R)	COMPLETED	0	207937	1	-	44.0	0.5	3040813056	15166623744	2050805907	1421687
ww_fastpOut_reads_R	BAKTA (ww_fastpOut_reads_R)	COMPLETED	0	208554	1	-	43.1	0.5	3016167424	15159201792	2050563672	1421879
ww_fastpOut_reads_R	BAKTA (ww_fastpOut_reads_R)	COMPLETED	0	194514	1	-	45.1	0.5	3041730560	15221612544	2050876902	1271299
ww_fastpOut_reads_R	BAKTA (ww_fastpOut_reads_R)	COMPLETED	0	227799	1	-	39.5	0.5	3045322752	42482757632	2050678067	1421932
ww_fastpOut_reads_R	BAKTA (ww_fastpOut_reads_R)	COMPLETED	0	207924	1	-	43.8	0.5	3040010240	67444310016	2050550289	1271326
ww_fastpOut_reads_R	BAKTA (ww_fastpOut_reads_R)	COMPLETED	0	179220	1	-	48.3	0.5	3045744640	15166640128	2050903414	1421762
ww_fastpOut_reads_R	BAKTA (ww_fastpOut_reads_R)	COMPLETED	0	178253	1	-	48.3	0.5	3017228288	15217852416	2049820329	1258947
ww_fastpOut_reads_R	BAKTA (ww_fastpOut_reads_R)	COMPLETED	0	184123	1	-	49.2	0.5	3043749888	15099011072	2054925179	1317060
ww_fastpOut_reads_R	BAKTA (ww_fastpOut_reads_R)	COMPLETED	0	214527	1	-	41.1	0.5	3042430976	15102099456	2050484245	1421609
ww_fastpOut_reads_R	BAKTA (ww_fastpOut_reads_R)	COMPLETED	0	196110	1	-	45.1	0.5	3044880384	15102455808	2055413738	1314702
ww_fastpOut_reads_R	BAKTA (ww_fastpOut_reads_R)	COMPLETED	0	200474	1	-	45.1	0.5	3042914304	15166631936	2054687179	1311306
ww_fastpOut_reads_R	BAKTA (ww_fastpOut_reads_R)	COMPLETED	0	205099	1	-	44.1	0.5	3040768000	15078166528	2056086852	3023244
ww_fastpOut_reads_R	BAKTA (ww_fastpOut_reads_R)	COMPLETED	0	201542	1	-	42.9	0.5	3046129664	15300751360	2050349698	1259030
ww_fastpOut_reads_R	BAKTA (ww_fastpOut_reads_R)	COMPLETED	0	178948	1	-	49.2	0.4	3044446208	15103320064	2050738018	1422479
ww_fastpOut_reads_R	BAKTA (ww_fastpOut_reads_R)	COMPLETED	0	199949	1	-	44.3	0.5	3045556224	15357452288	2050258882	1282421
ww_fastpOut_reads_R	BAKTA (ww_fastpOut_reads_R)	COMPLETED	0	211611	1	-	43.4	0.5	3043770368	15103283200	2054948206	1314091
ww_fastpOut_reads_R	BAKTA (ww_fastpOut_reads_R)	COMPLETED	0	213777	1	-	42.2	0.5	3043831808	15102025728	2054934968	1313871
ww_fastpOut_reads_R	BAKTA (ww_fastpOut_reads_R)	COMPLETED	0	220174	1	-	42.6	0.5	3013824512	17354444800	2055087445	1317113
ww_fastpOut_reads_R	BAKTA (ww_fastpOut_reads_R)	COMPLETED	0	219898	1	-	41.9	0.5	3043598336	34066096128	2055014752	1314215
ww_fastpOut_reads_R	BAKTA (ww_fastpOut_reads_R)	COMPLETED	0	210987	1	-	43.5	0.5	3043028992	34014433280	2054256690	1311067
ww_fastpOut_reads_R	BAKTA (ww_fastpOut_reads_R)	COMPLETED	0	209235	1	-	42.7	0.5	3046375424	17358204928	2051134167	1421672
ww_fastpOut_reads_R	BAKTA (ww_fastpOut_reads_R)	COMPLETED	0	214814	1	-	43.1	0.5	3013009408	42424721408	2054502140	1337252
ww_fastpOut_reads_R	BAKTA (ww_fastpOut_reads_R)	COMPLETED	0	246421	1	-	37.1	0.5	3046334464	15166623744	2050017828	1421786
ww_fastpOut_reads_R	BAKTA (ww_fastpOut_reads_R)	COMPLETED	0	215292	1	-	47.5	0.8	5070897152	18235461632	1720021036	1300383
ww_fastpOut_reads_R	BAKTA (ww_fastpOut_reads_R)	COMPLETED	0	186168	1	-	47.0	0.5	3044659200	17328410624	2050247783	1282236
ww_fastpOut_reads_R	BAKTA (ww_fastpOut_reads_R)	COMPLETED	0	222504	1	-	39.5	0.5	3043467264	15101521920	2050836407	1422093
ww_fastpOut_reads_R	BAKTA (ww_fastpOut_reads_R)	COMPLETED	0	213371	1	-	42.8	0.5	3016896512	15287963648	2054860627	1337259
ww_fastpOut_reads_R	BAKTA (ww_fastpOut_reads_R)	COMPLETED	0	228129	1	-	39.9	0.5	3041509376	15367753728	2050608855	1282668
ww_fastpOut_reads_R	BAKTA (ww_fastpOut_reads_R)	COMPLETED	0	213145	1	-	41.1	0.5	3043299328	75696369664	2050696974	1422192
ww_fastpOut_reads_R	BAKTA (ww_fastpOut_reads_R)	COMPLETED	0	234355	1	-	38.6	0.5	3041673216	15301390336	2054573181	1336955
ww_fastpOut_reads_R	BAKTA (ww_fastpOut_reads_R)	COMPLETED	0	217451	1	-	42.5	0.5	3044655104	15491809280	2054505219	1337056
ww_fastpOut_reads_R	BAKTA (ww_fastpOut_reads_R)	COMPLETED	0	188349	1	-	47.2	0.5	3044536320	15364485120	2050523281	1289404
ww_fastpOut_reads_R	BAKTA (ww_fastpOut_reads_R)	COMPLETED	0	253716	1	-	36.1	0.5	3041705984	84113670144	2050576833	1422068
ww_fastpOut_reads_R	BAKTA (ww_fastpOut_reads_R)	COMPLETED	0	208713	1	-	43.0	0.5	3014189056	59065012224	2050694888	1422242
ww_fastpOut_reads_R	BAKTA (ww_fastpOut_reads_R)	COMPLETED	0	208987	1	-	44.6	0.5	3043807232	17396912128	2050253163	1282261
ww_fastpOut_reads_R	BAKTA (ww_fastpOut_reads_R)	COMPLETED	0	229572	1	-	39.2	0.5	3044880384	59060654080	2050806302	1422072
ww_fastpOut_reads_R	BAKTA (ww_fastpOut_reads_R)	COMPLETED	0	202838	1	-	43.8	0.5	3016359936	17385336832	2050540520	1422269
ww_fastpOut_reads_R	BAKTA (ww_fastpOut_reads_R)	COMPLETED	0	217390	1	-	41.2	0.5	3016331264	59052310528	2050405390	1422490
ww_fastpOut_reads_R	BAKTA (ww_fastpOut_reads_R)	COMPLETED	0	172676	1	-	67.5	0.5	3116351488	16223756288	3123455132	26866504
ww_fastpOut_reads_R	BAKTA (ww_fastpOut_reads_R)	COMPLETED	0	201825	1	-	43.5	0.5	3042750464	25677082624	2050874366	1289364
ww_fastpOut_reads_R	BAKTA (ww_fastpOut_reads_R)	COMPLETED	0	204640	1	-	42.9	0.5	3042770944	59092692992	2050422113	1289445
ww_fastpOut_reads_R	BAKTA (ww_fastpOut_reads_R)	COMPLETED	0	170548	1	-	71.2	0.5	3047251968	34017939456	3321167624	31246612
ww_fastpOut_reads_R	BAKTA (ww_fastpOut_reads_R)	COMPLETED	0	228037	1	-	40.6	0.5	3046719488	15301902336	2055544732	1343959
ww_fastpOut_reads_R	BAKTA (ww_fastpOut_reads_R)	COMPLETED	0	200074	1	-	76.8	0.5	3051675648	15595356160	3618157820	39386638
ww_fastpOut_reads_R	BAKTA (ww_fastpOut_reads_R)	COMPLETED	0	162308	1	-	54.2	0.5	3043971072	42346864640	2051026420	1421639
ww_fastpOut_reads_R	BAKTA (ww_fastpOut_reads_R)	COMPLETED	0	174811	1	-	49.2	0.5	3045679104	17400131584	2050778825	1421730
ww_fastpOut_reads_R	BAKTA (ww_fastpOut_reads_R)	COMPLETED	0	177599	1	-	49.1	0.5	3044302848	42406875136	2050745087	1422633
ww_fastpOut_reads_R	BAKTA (ww_fastpOut_reads_R)	COMPLETED	0	158036	1	-	56.2	0.5	3019100160	17332826112	2050405084	1421523
ww_fastpOut_reads_R	BAKTA (ww_fastpOut_reads_R)	COMPLETED	0	179710	1	-	48.0	0.5	3043848192	15166623744	2050711281	1423004
ww_fastpOut_reads_R	BAKTA (ww_fastpOut_reads_R)	COMPLETED	0	195770	1	-	45.8	0.5	3040608256	15235489792	2050568789	1422510
ww_fastpOut_reads_R	BAKTA (ww_fastpOut_reads_R)	COMPLETED	0	191637	1	-	46.1	0.5	3043500032	15169044480	2050482213	1421453
ww_fastpOut_reads_R	BAKTA (ww_fastpOut_reads_R)	COMPLETED	0	178017	1	-	50.0	0.5	3014615040	17332416512	2050605637	1422329
ww_fastpOut_reads_R	BAKTA (ww_fastpOut_reads_R)	COMPLETED	0	222363	1	-	39.0	0.5	3040997376	15999090688	1712977885	1163382
ww_fastpOut_reads_R	BAKTA (ww_fastpOut_reads_R)	COMPLETED	0	208197	1	-	42.9	0.5	3042480128	15103291392	2050383335	1421444
ww_fastpOut_reads_R	BAKTA (ww_fastpOut_reads_R)	COMPLETED	0	202249	1	-	44.6	0.5	3014594560	15153938432	2051052966	1421400
ww_fastpOut_reads_R	BAKTA (ww_fastpOut_reads_R)	COMPLETED	0	207035	1	-	45.0	0.5	3043934208	15301017600	2057059134	1753101
ww_fastpOut_reads_R	BAKTA (ww_fastpOut_reads_R)	COMPLETED	0	214700	1	-	42.2	0.5	3041693696	34068000768	2051021740	1421700
ww_fastpOut_reads_R	BAKTA (ww_fastpOut_reads_R)	COMPLETED	0	210285	1	-	42.2	0.5	3046084608	17352585216	2050605497	1421567
ww_fastpOut_reads_R	BAKTA (ww_fastpOut_reads_R)	COMPLETED	0	223085	1	-	39.9	0.5	3045142528	34066632704	2050716519	1423133
ww_fastpOut_reads_R	BAKTA (ww_fastpOut_reads_R)	COMPLETED	0	217145	1	-	42.7	0.5	3015065600	42356797440	2050567583	1422201
ww_fastpOut_reads_R	BAKTA (ww_fastpOut_reads_R)	COMPLETED	0	205207	1	-	46.0	0.4	3043807232	92485988352	2057302890	1760889
ww_fastpOut_reads_R	BAKTA (ww_fastpOut_reads_R)	COMPLETED	0	213701	1	-	44.9	0.5	3042861056	15360339968	2056498594	1758221
ww_fastpOut_reads_R	BAKTA (ww_fastpOut_reads_R)	COMPLETED	0	225187	1	-	38.8	0.5	3017781248	67439038464	2050159584	1421845
ww_fastpOut_reads_R	BAKTA (ww_fastpOut_reads_R)	COMPLETED	0	182430	1	-	47.8	0.5	3040956416	15102111744	2050533076	1421651
ww_fastpOut_reads_R	BAKTA (ww_fastpOut_reads_R)	COMPLETED	0	218196	1	-	41.2	0.5	3040821248	42372055040	2050025709	1421881
ww_fastpOut_reads_R	BAKTA (ww_fastpOut_reads_R)	COMPLETED	0	215499	1	-	40.6	0.5	3042672640	15104741376	2050091077	1421754
ww_fastpOut_reads_R	BAKTA (ww_fastpOut_reads_R)	COMPLETED	0	186393	1	-	48.6	0.5	3040628736	15452590080	1724595277	3110831
ww_fastpOut_reads_R	BAKTA (ww_fastpOut_reads_R)	COMPLETED	0	172445	1	-	51.5	0.5	3044794368	15233732608	2051326506	1422281
ww_fastpOut_reads_R	BAKTA (ww_fastpOut_reads_R)	COMPLETED	0	219508	1	-	43.1	0.5	3013775360	15344013312	2057680276	1760521
ww_fastpOut_reads_R	BAKTA (ww_fastpOut_reads_R)	COMPLETED	0	181843	1	-	51.9	0.5	3043930112	15507091456	2058012223	1759085
ww_fastpOut_reads_R	BAKTA (ww_fastpOut_reads_R)	COMPLETED	0	192155	1	-	46.4	0.5	3018645504	67535642624	2051429501	1421876
ww_fastpOut_reads_R	BAKTA (ww_fastpOut_reads_R)	COMPLETED	0	182534	1	-	47.8	0.4	3043663872	67406909440	2050010884	1422155
ww_fastpOut_reads_R	BAKTA (ww_fastpOut_reads_R)	COMPLETED	0	207634	1	-	43.9	0.5	3043753984	17395290112	2050968078	1421773
ww_fastpOut_reads_R	BAKTA (ww_fastpOut_reads_R)	COMPLETED	0	185620	1	-	47.6	0.5	3043270656	25667141632	2050744840	1421884
ww_fastpOut_reads_R	BAKTA (ww_fastpOut_reads_R)	COMPLETED	0	198580	1	-	45.1	0.5	3043266560	34067714048	2051290151	1422156
ww_fastpOut_reads_R	BAKTA (ww_fastpOut_reads_R)	COMPLETED	0	189090	1	-	51.0	0.5	3042291712	17383923712	2057010490	1759325
ww_fastpOut_reads_R	BAKTA (ww_fastpOut_reads_R)	COMPLETED	0	203735	1	-	43.2	0.5	3042152448	15102959616	2050083005	1422017
ww_fastpOut_reads_R	BAKTA (ww_fastpOut_reads_R)	COMPLETED	0	210445	1	-	42.5	0.5	3041501184	15300710400	2050498210	1422414
ww_fastpOut_reads_R	BAKTA (ww_fastpOut_reads_R)	COMPLETED	0	196300	1	-	44.6	0.5	3019501568	15153807360	2050215808	1422302
ww_fastpOut_reads_R	BAKTA (ww_fastpOut_reads_R)	COMPLETED	0	211843	1	-	41.6	0.5	3045568512	15166492672	2050932887	1421938
ww_fastpOut_reads_R	BAKTA (ww_fastpOut_reads_R)	COMPLETED	0	228764	1	-	42.7	0.5	3040944128	15431118848	2057373598	1758690
ww_fastpOut_reads_R	BAKTA (ww_fastpOut_reads_R)	COMPLETED	0	208069	1	-	46.9	0.5	3017297920	15256862720	2056508747	1743883
ww_fastpOut_reads_R	BAKTA (ww_fastpOut_reads_R)	COMPLETED	0	169936	1	-	52.1	0.5	3040632832	17384792064	2050893522	1422826
ww_fastpOut_reads_R	BAKTA (ww_fastpOut_reads_R)	COMPLETED	0	199418	1	-	45.4	0.5	3042234368	15300706304	2050754002	1421972
ww_fastpOut_reads_R	BAKTA (ww_fastpOut_reads_R)	COMPLETED	0	192013	1	-	49.0	0.5	3045969920	15280619520	2056645577	1744103
ww_fastpOut_reads_R	BAKTA (ww_fastpOut_reads_R)	COMPLETED	0	226057	1	-	41.7	0.5	3016908800	15351787520	2057790134	1752445
ww_fastpOut_reads_R	BAKTA (ww_fastpOut_reads_R)	COMPLETED	0	218552	1	-	43.1	0.5	3041230848	17333301248	2056951140	1744528
ww_fastpOut_reads_R	BAKTA (ww_fastpOut_reads_R)	COMPLETED	0	161280	1	-	57.6	0.5	3046727680	15337508864	2056688675	1744117
ww_fastpOut_reads_R	BAKTA (ww_fastpOut_reads_R)	COMPLETED	0	228707	1	-	38.6	0.5	3015839744	42385162240	2050760088	1422179
ww_fastpOut_reads_R	BAKTA (ww_fastpOut_reads_R)	COMPLETED	0	153477	1	-	60.3	0.5	3016335360	17326092288	2056673941	1749539
ww_fastpOut_reads_R	BAKTA (ww_fastpOut_reads_R)	COMPLETED	0	230215	1	-	39.2	0.5	3043725312	15169372160	2050388328	1422594
ww_fastpOut_reads_R	BAKTA (ww_fastpOut_reads_R)	COMPLETED	0	240824	1	-	37.7	0.5	3014021120	15223070720	2050562639	1421997
ww_fastpOut_reads_R	BAKTA (ww_fastpOut_reads_R)	COMPLETED	0	204535	1	-	44.2	0.5	3041030144	15166640128	2050844168	1422831
ww_fastpOut_reads_R	BAKTA (ww_fastpOut_reads_R)	COMPLETED	0	176238	1	-	52.4	0.5	3019993088	100994809856	2056902222	1743372
ww_fastpOut_reads_R	BAKTA (ww_fastpOut_reads_R)	COMPLETED	0	163623	1	-	53.4	0.5	3044839424	15104905216	2050664490	1422424
ww_fastpOut_reads_R	BAKTA (ww_fastpOut_reads_R)	COMPLETED	0	191615	1	-	47.8	0.5	3048013824	59133779968	2056172035	1744153
ww_fastpOut_reads_R	BAKTA (ww_fastpOut_reads_R)	COMPLETED	0	234410	1	-	38.2	0.5	3044417536	15166623744	2049761998	1422454
ww_fastpOut_reads_R	BAKTA (ww_fastpOut_reads_R)	COMPLETED	0	194356	1	-	47.5	0.5	3042480128	15341121536	2056501578	1743679
ww_fastpOut_reads_R	BAKTA (ww_fastpOut_reads_R)	COMPLETED	0	185246	1	-	47.9	0.5	3014135808	92513648640	2051075878	1422546
ww_fastpOut_reads_R	BAKTA (ww_fastpOut_reads_R)	COMPLETED	0	183635	1	-	50.6	0.5	3043381248	15333613568	2057436891	1751092
ww_fastpOut_reads_R	BAKTA (ww_fastpOut_reads_R)	COMPLETED	0	233352	1	-	39.4	0.4	3046612992	50778624000	2055955830	1743905
ww_fastpOut_reads_R	BAKTA (ww_fastpOut_reads_R)	COMPLETED	0	237687	1	-	40.5	0.5	3041525760	15268691968	2057485801	1751537
ww_fastpOut_reads_R	BAKTA (ww_fastpOut_reads_R)	COMPLETED	0	171184	1	-	51.4	0.5	3039952896	15166492672	2050711239	1422501
ww_fastpOut_reads_R	BAKTA (ww_fastpOut_reads_R)	COMPLETED	0	166193	1	-	52.9	0.5	3015606272	15153807360	2050815251	1423055
ww_fastpOut_reads_R	BAKTA (ww_fastpOut_reads_R)	COMPLETED	0	177137	1	-	50.2	0.5	3042926592	15171891200	2050857129	1422193
ww_fastpOut_reads_R	BAKTA (ww_fastpOut_reads_R)	COMPLETED	0	213601	1	-	45.7	0.5	3043438592	15346356224	2057167145	1750196
ww_fastpOut_reads_R	BAKTA (ww_fastpOut_reads_R)	COMPLETED	0	247885	1	-	35.6	0.5	3042111488	15166492672	2050374441	1422392
ww_fastpOut_reads_R	BAKTA (ww_fastpOut_reads_R)	COMPLETED	0	191576	1	-	48.3	0.5	3013341184	15337893888	2057661659	1752547
ww_fastpOut_reads_R	BAKTA (ww_fastpOut_reads_R)	COMPLETED	0	199994	1	-	45.6	0.5	3043774464	15166623744	2050747626	1422244
ww_fastpOut_reads_R	BAKTA (ww_fastpOut_reads_R)	COMPLETED	0	225088	1	-	41.3	0.5	3043119104	15484080128	2056756738	1749874
ww_fastpOut_reads_R	BAKTA (ww_fastpOut_reads_R)	COMPLETED	0	215764	1	-	40.3	0.5	3040342016	15101362176	2050721872	1422204
ww_fastpOut_reads_R	BAKTA (ww_fastpOut_reads_R)	COMPLETED	0	227202	1	-	43.4	0.5	3038212096	16146010112	2057791314	1794642
ww_fastpOut_reads_R	BAKTA (ww_fastpOut_reads_R)	COMPLETED	0	189687	1	-	48.9	0.5	3020300288	15494402048	2056913082	1753061
ww_fastpOut_reads_R	BAKTA (ww_fastpOut_reads_R)	COMPLETED	0	213534	1	-	44.1	0.5	3042770944	25711669248	2057257922	1749835
ww_fastpOut_reads_R	BAKTA (ww_fastpOut_reads_R)	COMPLETED	0	215210	1	-	44.4	0.5	3014463488	15261757440	2058027696	1760322
ww_fastpOut_reads_R	BAKTA (ww_fastpOut_reads_R)	COMPLETED	0	194485	1	-	47.3	0.5	3043962880	42357510144	2056151289	1744096
ww_fastpOut_reads_R	BAKTA (ww_fastpOut_reads_R)	COMPLETED	0	212167	1	-	42.1	0.5	3039707136	25665372160	2051388033	1422785
ww_fastpOut_reads_R	BAKTA (ww_fastpOut_reads_R)	COMPLETED	0	200408	1	-	46.7	0.5	3044319232	75792220160	2057414327	1758430
ww_fastpOut_reads_R	BAKTA (ww_fastpOut_reads_R)	COMPLETED	0	221605	1	-	42.5	0.5	3044282368	34109652992	2056660330	1744457
ww_fastpOut_reads_R	BAKTA (ww_fastpOut_reads_R)	COMPLETED	0	217845	1	-	42.1	0.5	3018690560	15331139584	2056624122	1744072
ww_fastpOut_reads_R	BAKTA (ww_fastpOut_reads_R)	COMPLETED	0	217724	1	-	42.1	0.5	3042213888	15443197952	2056450555	1753351
ww_fastpOut_reads_R	BAKTA (ww_fastpOut_reads_R)	COMPLETED	0	220005	1	-	42.5	0.5	3018960896	17395597312	2057120977	1752677
ww_fastpOut_reads_R	BAKTA (ww_fastpOut_reads_R)	COMPLETED	0	216355	1	-	43.1	0.4	3016208384	15478222848	2057206521	1758584
ww_fastpOut_reads_R	BAKTA (ww_fastpOut_reads_R)	COMPLETED	0	188447	1	-	48.7	0.5	3046133760	15476449280	2056623613	1743635
ww_fastpOut_reads_R	BAKTA (ww_fastpOut_reads_R)	COMPLETED	0	197789	1	-	48.0	0.5	3045916672	15276777472	2056598355	1749459
ww_fastpOut_reads_R	BAKTA (ww_fastpOut_reads_R)	COMPLETED	0	193507	1	-	47.9	0.4	3044732928	15428300800	2057130621	1752767
ww_fastpOut_reads_R	BAKTA (ww_fastpOut_reads_R)	COMPLETED	0	211450	1	-	44.7	0.5	3039293440	15073492992	2056453938	3040655
ww_fastpOut_reads_R	BAKTA (ww_fastpOut_reads_R)	COMPLETED	0	201071	1	-	47.0	0.5	3041058816	17385017344	2057347831	1759153
ww_fastpOut_reads_R	BAKTA (ww_fastpOut_reads_R)	COMPLETED	0	240410	1	-	38.4	0.5	3044536320	15467470848	2056418371	1743382
ww_fastpOut_reads_R	BAKTA (ww_fastpOut_reads_R)	COMPLETED	0	223067	1	-	43.7	0.5	3041513472	17379934208	2056669177	1758776
ww_fastpOut_reads_R	BAKTA (ww_fastpOut_reads_R)	COMPLETED	0	191594	1	-	49.7	0.5	3017125888	15337254912	2056586447	1750254
ww_fastpOut_reads_R	BAKTA (ww_fastpOut_reads_R)	COMPLETED	0	199273	1	-	48.0	0.5	3041988608	25680248832	2057452924	1761497
ww_fastpOut_reads_R	BAKTA (ww_fastpOut_reads_R)	COMPLETED	0	209390	1	-	44.9	0.5	3045998592	15498235904	2057518874	1758978
ww_fastpOut_reads_R	BAKTA (ww_fastpOut_reads_R)	COMPLETED	0	211710	1	-	43.6	0.5	3045076992	15363883008	2057804064	1761083
ww_fastpOut_reads_R	BAKTA (ww_fastpOut_reads_R)	COMPLETED	0	186471	1	-	50.5	0.4	3042521088	15307808768	2057514855	1761088
ww_fastpOut_reads_R	BAKTA (ww_fastpOut_reads_R)	COMPLETED	0	230208	1	-	41.9	0.5	3017244672	15418441728	2056794673	1759356
ww_fastpOut_reads_R	BAKTA (ww_fastpOut_reads_R)	COMPLETED	0	190064	1	-	48.7	0.5	3043471360	15439974400	2057685500	1758740
ww_fastpOut_reads_R	BAKTA (ww_fastpOut_reads_R)	COMPLETED	0	236056	1	-	40.7	0.5	3041431552	15338385408	2056675865	1751597
ww_fastpOut_reads_R	BAKTA (ww_fastpOut_reads_R)	COMPLETED	0	217681	1	-	42.6	0.5	3040415744	34026082304	2057073764	1758933
ww_fastpOut_reads_R	BAKTA (ww_fastpOut_reads_R)	COMPLETED	0	214165	1	-	43.9	0.5	3047030784	15289888768	2056100846	1750198
ww_fastpOut_reads_R	BAKTA (ww_fastpOut_reads_R)	COMPLETED	0	181050	1	-	52.5	0.5	3017084928	17398796288	2057116028	1751817
ww_fastpOut_reads_R	BAKTA (ww_fastpOut_reads_R)	COMPLETED	0	174039	1	-	53.8	0.5	3041247232	15401771008	2056637624	1743564
ww_fastpOut_reads_R	BAKTA (ww_fastpOut_reads_R)	COMPLETED	0	205343	1	-	47.0	0.5	3042668544	17382051840	2057314940	1761429
ww_fastpOut_reads_R	BAKTA (ww_fastpOut_reads_R)	COMPLETED	0	144316	1	-	71.9	0.5	3018354688	34030522368	3118815811	25953736
ww_fastpOut_reads_R	BAKTA (ww_fastpOut_reads_R)	COMPLETED	0	188862	1	-	49.2	0.5	3044519936	15346139136	2056735862	1744361
ww_fastpOut_reads_R	BAKTA (ww_fastpOut_reads_R)	COMPLETED	0	190887	1	-	50.3	0.5	3046326272	15333609472	2057069573	1749675
ww_fastpOut_reads_R	BAKTA (ww_fastpOut_reads_R)	COMPLETED	0	141951	1	-	72.1	0.5	3020304384	15064731648	3074865579	24939338
ww_fastpOut_reads_R	BAKTA (ww_fastpOut_reads_R)	COMPLETED	0	188024	1	-	49.9	0.4	3043336192	15473913856	2057274610	1758075
ww_fastpOut_reads_R	BAKTA (ww_fastpOut_reads_R)	COMPLETED	0	200602	1	-	47.0	0.5	3042095104	15417901056	2056902750	1749592
ww_fastpOut_reads_R	BAKTA (ww_fastpOut_reads_R)	COMPLETED	0	179943	1	-	52.0	0.5	3044630528	15277973504	2057394493	1759941
ww_fastpOut_reads_R	BAKTA (ww_fastpOut_reads_R)	COMPLETED	0	187517	1	-	49.9	0.5	3045355520	15337885696	2056967519	1749255
ww_fastpOut_reads_R	BAKTA (ww_fastpOut_reads_R)	COMPLETED	0	207921	1	-	45.8	0.5	3017211904	15256432640	2056900621	1744498
ww_fastpOut_reads_R	BAKTA (ww_fastpOut_reads_R)	COMPLETED	0	209402	1	-	46.8	0.5	3041542144	15269347328	2056936812	1749050
ww_fastpOut_reads_R	BAKTA (ww_fastpOut_reads_R)	COMPLETED	0	195208	1	-	49.3	0.5	3040595968	15273521152	2056629318	1743676
ww_fastpOut_reads_R	BAKTA (ww_fastpOut_reads_R)	COMPLETED	0	217992	1	-	43.8	0.5	3012997120	15472324608	2057221860	1751770
ww_fastpOut_reads_R	BAKTA (ww_fastpOut_reads_R)	COMPLETED	0	188506	1	-	50.1	0.5	3017543680	15276154880	2057620003	1758611
ww_fastpOut_reads_R	BAKTA (ww_fastpOut_reads_R)	COMPLETED	0	201610	1	-	47.0	0.5	3016798208	15400660992	2057269561	1749899
ww_fastpOut_reads_R	BAKTA (ww_fastpOut_reads_R)	COMPLETED	0	201272	1	-	47.2	0.5	3040657408	25726922752	2057083541	1743078
ww_fastpOut_reads_R	BAKTA (ww_fastpOut_reads_R)	COMPLETED	0	203210	1	-	45.2	0.5	3044970496	15412310016	2056570967	1744700
ww_fastpOut_reads_R	BAKTA (ww_fastpOut_reads_R)	COMPLETED	0	211960	1	-	43.6	0.5	3042967552	15353278464	2056708032	1749741
ww_fastpOut_reads_R	BAKTA (ww_fastpOut_reads_R)	COMPLETED	0	196791	1	-	47.9	0.5	3042349056	50772434944	2056578406	1745062
ww_fastpOut_reads_R	BAKTA (ww_fastpOut_reads_R)	COMPLETED	0	173449	1	-	60.3	0.5	3045351424	15074488320	3075461256	24939294
ww_fastpOut_reads_R	BAKTA (ww_fastpOut_reads_R)	COMPLETED	0	201731	1	-	47.2	0.5	3043430400	15281463296	2057051696	1749804
ww_fastpOut_reads_R	BAKTA (ww_fastpOut_reads_R)	COMPLETED	0	212643	1	-	44.7	0.5	3042246656	50777214976	2056701280	1743644
ww_fastpOut_reads_R	BAKTA (ww_fastpOut_reads_R)	COMPLETED	0	235094	1	-	39.7	0.5	3042889728	17380667392	2056479491	1744225
ww_fastpOut_reads_R	BAKTA (ww_fastpOut_reads_R)	COMPLETED	0	217761	1	-	42.7	0.5	3046981632	15475204096	2056576248	1744516
ww_fastpOut_reads_R	BAKTA (ww_fastpOut_reads_R)	COMPLETED	0	211644	1	-	44.2	0.5	3043282944	15400849408	2056827240	1749751
ww_fastpOut_reads_R	BAKTA (ww_fastpOut_reads_R)	COMPLETED	0	180481	1	-	51.7	0.4	3043389440	15480442880	2057206154	1750507
ww_fastpOut_reads_R	BAKTA (ww_fastpOut_reads_R)	COMPLETED	0	206730	1	-	46.0	0.5	3044462592	15404756992	2057496164	1752210
ww_fastpOut_reads_R	BAKTA (ww_fastpOut_reads_R)	COMPLETED	0	230591	1	-	41.6	0.5	3043631104	25679560704	2057571772	1758285
ww_fastpOut_reads_R	BAKTA (ww_fastpOut_reads_R)	COMPLETED	0	176305	1	-	53.6	0.5	3042578432	15346356224	2057230175	1749636
ww_fastpOut_reads_R	BAKTA (ww_fastpOut_reads_R)	COMPLETED	0	231483	1	-	41.6	0.5	3047809024	15333621760	2057118447	1750128
ww_fastpOut_reads_R	BAKTA (ww_fastpOut_reads_R)	COMPLETED	0	207664	1	-	48.7	0.6	3550212096	16729255936	2051639858	1315116
ww_fastpOut_reads_R	BAKTA (ww_fastpOut_reads_R)	COMPLETED	0	222242	1	-	43.5	0.5	3040309248	15281414144	2057418268	1752220
ww_fastpOut_reads_R	BAKTA (ww_fastpOut_reads_R)	COMPLETED	0	157693	1	-	58.0	0.5	3043872768	15271485440	2056583846	1743543
ww_fastpOut_reads_R	BAKTA (ww_fastpOut_reads_R)	COMPLETED	0	170707	1	-	55.7	0.5	3040141312	15285202944	2056910062	1749595
ww_fastpOut_reads_R	BAKTA (ww_fastpOut_reads_R)	COMPLETED	0	204575	1	-	48.8	0.5	3042074624	15349125120	2056978207	1752738
ww_fastpOut_reads_R	BAKTA (ww_fastpOut_reads_R)	COMPLETED	0	210809	1	-	43.7	0.5	3041259520	17387929600	2055712062	1620550
ww_fastpOut_reads_R	BAKTA (ww_fastpOut_reads_R)	COMPLETED	0	220812	1	-	42.4	0.5	3041529856	67429650432	2057360868	1751862
ww_fastpOut_reads_R	BAKTA (ww_fastpOut_reads_R)	COMPLETED	0	228104	1	-	43.6	0.5	3043037184	15416832000	2057417495	1750203
ww_fastpOut_reads_R	BAKTA (ww_fastpOut_reads_R)	COMPLETED	0	211980	1	-	45.3	0.5	3042349056	15349719040	2056971501	1752649
ww_fastpOut_reads_R	BAKTA (ww_fastpOut_reads_R)	COMPLETED	0	214108	1	-	43.8	0.5	3014180864	15177605120	2055450382	1619721
ww_fastpOut_reads_R	BAKTA (ww_fastpOut_reads_R)	COMPLETED	0	179593	1	-	52.2	0.5	3014778880	15471259648	2057422747	1750128
ww_fastpOut_reads_R	BAKTA (ww_fastpOut_reads_R)	COMPLETED	0	186193	1	-	51.1	0.5	3042607104	15349714944	2056630685	1752291
ww_fastpOut_reads_R	BAKTA (ww_fastpOut_reads_R)	COMPLETED	0	229923	1	-	42.1	0.5	3043119104	15349846016	2057069555	1752175
ww_fastpOut_reads_R	BAKTA (ww_fastpOut_reads_R)	COMPLETED	0	181492	1	-	51.9	0.5	3016634368	92482650112	2056408563	1743902
ww_fastpOut_reads_R	BAKTA (ww_fastpOut_reads_R)	COMPLETED	0	157497	1	-	57.8	0.5	3043295232	15410982912	2056161740	1744860
ww_fastpOut_reads_R	BAKTA (ww_fastpOut_reads_R)	COMPLETED	0	173941	1	-	54.7	0.5	3039653888	17383702528	2057938586	1757791
ww_fastpOut_reads_R	BAKTA (ww_fastpOut_reads_R)	COMPLETED	0	226967	1	-	41.5	0.5	3013046272	15337033728	2056859991	1751781
ww_fastpOut_reads_R	BAKTA (ww_fastpOut_reads_R)	COMPLETED	0	178816	1	-	51.8	0.5	3044638720	17399308288	2056871604	1743949
ww_fastpOut_reads_R	BAKTA (ww_fastpOut_reads_R)	COMPLETED	0	171378	1	-	54.8	0.5	3044888576	15343730688	2056269656	1745104
ww_fastpOut_reads_R	BAKTA (ww_fastpOut_reads_R)	COMPLETED	0	203169	1	-	45.7	0.5	3043459072	17394995200	2056397960	1744454
ww_fastpOut_reads_R	BAKTA (ww_fastpOut_reads_R)	COMPLETED	0	171789	1	-	53.6	0.5	3043602432	42425892864	2056186101	1743773
ww_fastpOut_reads_R	BAKTA (ww_fastpOut_reads_R)	COMPLETED	0	181105	1	-	51.4	0.5	3045343232	42482917376	2056506974	1744020
ww_fastpOut_reads_R	BAKTA (ww_fastpOut_reads_R)	COMPLETED	0	182896	1	-	53.8	0.5	3041017856	15338254336	2056716633	1749340
ww_fastpOut_reads_R	BAKTA (ww_fastpOut_reads_R)	COMPLETED	0	251667	1	-	36.6	0.5	3015946240	59043119104	2056557925	1744120
ww_fastpOut_reads_R	BAKTA (ww_fastpOut_reads_R)	COMPLETED	0	207834	1	-	44.7	0.5	3019329536	15341498368	2057050759	1758206
ww_fastpOut_reads_R	BAKTA (ww_fastpOut_reads_R)	COMPLETED	0	179151	1	-	52.2	0.5	3042480128	15473909760	2058087256	1757845
ww_fastpOut_reads_R	BAKTA (ww_fastpOut_reads_R)	COMPLETED	0	223471	1	-	41.1	0.5	3043246080	15283347456	2056495412	1744902
ww_fastpOut_reads_R	BAKTA (ww_fastpOut_reads_R)	COMPLETED	0	240497	1	-	38.9	0.5	3248627712	142780256256	2057196893	1742981
ww_fastpOut_reads_R	BAKTA (ww_fastpOut_reads_R)	COMPLETED	0	206397	1	-	45.2	0.5	3044601856	25665982464	2056968905	1749012
ww_fastpOut_reads_R	BAKTA (ww_fastpOut_reads_R)	COMPLETED	0	242895	1	-	41.5	0.5	3015094272	15262396416	2056292878	1749691
ww_fastpOut_reads_R	BAKTA (ww_fastpOut_reads_R)	COMPLETED	0	189222	1	-	48.8	0.5	3040309248	125842673664	2056881739	1749695
ww_fastpOut_reads_R	BAKTA (ww_fastpOut_reads_R)	COMPLETED	0	219660	1	-	43.4	0.5	3014901760	15325704192	2056403223	1749551
ww_fastpOut_reads_R	BAKTA (ww_fastpOut_reads_R)	COMPLETED	0	230111	1	-	40.2	0.5	3044003840	67536592896	2057150366	1751143
ww_fastpOut_reads_R	BAKTA (ww_fastpOut_reads_R)	COMPLETED	0	195159	1	-	48.1	0.4	3041845248	15350927360	2057737015	1749914
ww_fastpOut_reads_R	BAKTA (ww_fastpOut_reads_R)	COMPLETED	0	218154	1	-	42.7	0.5	3015532544	15394996224	2057200051	1751764
ww_fastpOut_reads_R	BAKTA (ww_fastpOut_reads_R)	COMPLETED	0	220638	1	-	42.3	0.5	3017560064	15471996928	2057451611	1758433
ww_fastpOut_reads_R	BAKTA (ww_fastpOut_reads_R)	COMPLETED	0	236261	1	-	42.0	0.5	3015008256	67571191808	2057643923	1752065
ww_fastpOut_reads_R	BAKTA (ww_fastpOut_reads_R)	COMPLETED	0	205060	1	-	47.1	0.5	3043577856	17382354944	2057143571	1752647
ww_fastpOut_reads_R	BAKTA (ww_fastpOut_reads_R)	COMPLETED	0	232782	1	-	41.1	0.5	3042279424	17384292352	2056664264	1752737
ww_fastpOut_reads_R	BAKTA (ww_fastpOut_reads_R)	COMPLETED	0	254887	1	-	38.0	0.5	3043893248	15286308864	2056868383	1749974
ww_fastpOut_reads_R	BAKTA (ww_fastpOut_reads_R)	COMPLETED	0	251077	1	-	39.3	0.5	3043155968	15347314688	2056633413	1750714
ww_fastpOut_reads_R	BAKTA (ww_fastpOut_reads_R)	COMPLETED	0	231084	1	-	41.2	0.5	3041480704	15350796288	2057172413	1752111
ww_fastpOut_reads_R	BAKTA (ww_fastpOut_reads_R)	COMPLETED	0	240591	1	-	39.9	0.5	3014660096	15468847104	2057589784	1749863
ww_fastpOut_reads_R	BAKTA (ww_fastpOut_reads_R)	COMPLETED	0	232892	1	-	39.3	0.5	3045527552	15414423552	2056843531	1750375
ww_fastpOut_reads_R	BAKTA (ww_fastpOut_reads_R)	COMPLETED	0	188467	1	-	49.4	0.4	3045343232	15417565184	2057735226	1760518
ww_fastpOut_reads_R	BAKTA (ww_fastpOut_reads_R)	COMPLETED	0	236923	1	-	39.9	0.5	3041222656	17382002688	2056673629	1750416
ww_fastpOut_reads_R	BAKTA (ww_fastpOut_reads_R)	COMPLETED	0	191785	1	-	48.6	0.5	3044990976	15337504768	2056412075	1744555
ww_fastpOut_reads_R	BAKTA (ww_fastpOut_reads_R)	COMPLETED	0	192025	1	-	48.6	0.5	3015409664	15328948224	2057163502	1753274
ww_fastpOut_reads_R	BAKTA (ww_fastpOut_reads_R)	COMPLETED	0	195264	1	-	47.8	0.5	3043852288	15414824960	2056636046	1744693
ww_fastpOut_reads_R	BAKTA (ww_fastpOut_reads_R)	COMPLETED	0	197478	1	-	46.8	0.5	3045158912	15395704832	2056641584	1744000
ww_fastpOut_reads_R	BAKTA (ww_fastpOut_reads_R)	COMPLETED	0	209582	1	-	44.3	0.5	3017760768	15453507584	2057019483	1744127
ww_fastpOut_reads_R	BAKTA (ww_fastpOut_reads_R)	COMPLETED	0	237845	1	-	41.8	0.5	3042816000	42416496640	2056883156	1750726
ww_fastpOut_reads_R	BAKTA (ww_fastpOut_reads_R)	COMPLETED	0	187196	1	-	51.4	0.5	3040870400	15361052672	2057714659	1758444
ww_fastpOut_reads_R	BAKTA (ww_fastpOut_reads_R)	COMPLETED	0	251091	1	-	37.7	0.5	3015004160	15265193984	2056185832	1745053
ww_fastpOut_reads_R	BAKTA (ww_fastpOut_reads_R)	COMPLETED	0	199620	1	-	46.1	0.5	3042816000	15400718336	2056672627	1749542
ww_fastpOut_reads_R	BAKTA (ww_fastpOut_reads_R)	COMPLETED	0	219982	1	-	42.5	0.5	3018006528	15266766848	2056859212	1744219
ww_fastpOut_reads_R	BAKTA (ww_fastpOut_reads_R)	COMPLETED	0	200988	1	-	46.1	0.5	3044442112	17383477248	2057037671	1752794
ww_fastpOut_reads_R	BAKTA (ww_fastpOut_reads_R)	COMPLETED	0	198755	1	-	46.6	0.5	3043676160	15420465152	2056979781	1752470
ww_fastpOut_reads_R	BAKTA (ww_fastpOut_reads_R)	COMPLETED	0	199107	1	-	46.2	0.5	3017191424	15351308288	2057414664	1752300
ww_fastpOut_reads_R	BAKTA (ww_fastpOut_reads_R)	COMPLETED	0	153894	1	-	67.6	0.5	3042418688	15138623488	3075341262	24939339
ww_fastpOut_reads_R	BAKTA (ww_fastpOut_reads_R)	COMPLETED	0	216684	1	-	43.1	0.5	3043037184	15400722432	2057569671	1751739
ww_fastpOut_reads_R	BAKTA (ww_fastpOut_reads_R)	COMPLETED	0	211423	1	-	44.7	0.5	3040296960	25668812800	2057584041	1752378
ww_fastpOut_reads_R	BAKTA (ww_fastpOut_reads_R)	COMPLETED	0	181997	1	-	51.6	0.5	3017777152	25722765312	2056954427	1752927
ww_fastpOut_reads_R	BAKTA (ww_fastpOut_reads_R)	COMPLETED	0	183079	1	-	51.0	0.5	3015811072	15485571072	2056887656	1752584
ww_fastpOut_reads_R	BAKTA (ww_fastpOut_reads_R)	COMPLETED	0	233869	1	-	41.0	0.5	3046006784	15339851776	2057054731	1749943
ww_fastpOut_reads_R	BAKTA (ww_fastpOut_reads_R)	COMPLETED	0	201032	1	-	47.1	0.5	3040976896	15363850240	2057024581	1751973
ww_fastpOut_reads_R	BAKTA (ww_fastpOut_reads_R)	COMPLETED	0	199441	1	-	48.1	0.5	3047706624	15350460416	2057348921	1758885
ww_fastpOut_reads_R	BAKTA (ww_fastpOut_reads_R)	COMPLETED	0	225513	1	-	43.1	0.5	3015622656	15467765760	2056551299	1750687
ww_fastpOut_reads_R	BAKTA (ww_fastpOut_reads_R)	COMPLETED	0	218167	1	-	42.3	0.5	3043250176	15308775424	2056716627	1752855
ww_fastpOut_reads_R	BAKTA (ww_fastpOut_reads_R)	COMPLETED	0	208383	1	-	45.1	0.5	3016663040	25731317760	2057211278	1752533
ww_fastpOut_reads_R	BAKTA (ww_fastpOut_reads_R)	COMPLETED	0	208903	1	-	45.8	0.5	3016851456	15333679104	2056814669	1750275
ww_fastpOut_reads_R	BAKTA (ww_fastpOut_reads_R)	COMPLETED	0	219997	1	-	43.0	0.5	3044892672	15346225152	2056970028	1750043
ww_fastpOut_reads_R	BAKTA (ww_fastpOut_reads_R)	COMPLETED	0	226939	1	-	41.7	0.5	3042541568	15416823808	2057041095	1750363
ww_fastpOut_reads_R	BAKTA (ww_fastpOut_reads_R)	COMPLETED	0	208351	1	-	47.7	0.5	3064922112	16166703104	2057702244	1789038
ww_fastpOut_reads_R	BAKTA (ww_fastpOut_reads_R)	COMPLETED	0	213170	1	-	46.1	0.5	3042062336	16097484800	2058009175	1788529
ww_fastpOut_reads_R	BAKTA (ww_fastpOut_reads_R)	COMPLETED	0	212689	1	-	46.1	0.5	3018702848	42441191424	2056876448	1750563
ww_fastpOut_reads_R	BAKTA (ww_fastpOut_reads_R)	COMPLETED	0	233305	1	-	39.9	0.5	3018641408	15416090624	2057800830	1757666
ww_fastpOut_reads_R	BAKTA (ww_fastpOut_reads_R)	COMPLETED	0	195332	1	-	47.1	0.5	3043569664	15338602496	2056350831	1744534
ww_fastpOut_reads_R	BAKTA (ww_fastpOut_reads_R)	COMPLETED	0	222976	1	-	42.0	0.5	3040256000	15480455168	2057286876	1752299
ww_fastpOut_reads_R	BAKTA (ww_fastpOut_reads_R)	COMPLETED	0	187589	1	-	49.1	0.5	3016769536	15399911424	2056663216	1744545
ww_fastpOut_reads_R	BAKTA (ww_fastpOut_reads_R)	COMPLETED	0	216191	1	-	42.4	0.5	3016257536	15199715328	2056609379	1448718
ww_fastpOut_reads_R	BAKTA (ww_fastpOut_reads_R)	COMPLETED	0	206427	1	-	48.5	0.5	3037716480	16077897728	2057957051	1788626
ww_fastpOut_reads_R	BAKTA (ww_fastpOut_reads_R)	COMPLETED	0	212956	1	-	44.4	0.5	3043721216	34073600000	2056863462	1744506
ww_fastpOut_reads_R	BAKTA (ww_fastpOut_reads_R)	COMPLETED	0	218878	1	-	43.1	0.5	3043909632	25678872576	2057347760	1750303
ww_fastpOut_reads_R	BAKTA (ww_fastpOut_reads_R)	COMPLETED	0	215428	1	-	43.4	0.5	3044536320	15269998592	2056837725	1743630
ww_fastpOut_reads_R	BAKTA (ww_fastpOut_reads_R)	COMPLETED	0	191560	1	-	49.0	0.4	3043237888	15274016768	2056885001	1752182
ww_fastpOut_reads_R	BAKTA (ww_fastpOut_reads_R)	COMPLETED	0	270410	1	-	37.7	0.6	3253571584	16317550592	2055083709	1373543
ww_fastpOut_reads_R	BAKTA (ww_fastpOut_reads_R)	COMPLETED	0	231647	1	-	40.4	0.5	3015024640	15463620608	2056971811	1744165
ww_fastpOut_reads_R	BAKTA (ww_fastpOut_reads_R)	COMPLETED	0	231557	1	-	43.2	0.5	3075043328	34079715328	2058332477	1788596
ww_fastpOut_reads_R	BAKTA (ww_fastpOut_reads_R)	COMPLETED	0	232070	1	-	40.7	0.5	3017539584	15392071680	2056440626	1743944
ww_fastpOut_reads_R	BAKTA (ww_fastpOut_reads_R)	COMPLETED	0	239668	1	-	39.3	0.5	3018801152	34086227968	2056729783	1744662
ww_fastpOut_reads_R	BAKTA (ww_fastpOut_reads_R)	COMPLETED	0	216575	1	-	43.4	0.5	3042852864	15405363200	2056913874	1749930
ww_fastpOut_reads_R	BAKTA (ww_fastpOut_reads_R)	COMPLETED	0	223301	1	-	43.0	0.5	3015684096	15394811904	2056520674	1750136
ww_fastpOut_reads_R	BAKTA (ww_fastpOut_reads_R)	COMPLETED	0	263434	1	-	36.8	0.5	3042308096	50717421568	2057715781	1760880
ww_fastpOut_reads_R	BAKTA (ww_fastpOut_reads_R)	COMPLETED	0	238693	1	-	39.0	0.5	3044646912	34071392256	2056856701	1744220
ww_fastpOut_reads_R	BAKTA (ww_fastpOut_reads_R)	COMPLETED	0	239483	1	-	42.6	0.5	3020333056	16165572608	2058468867	1794192
ww_fastpOut_reads_R	BAKTA (ww_fastpOut_reads_R)	COMPLETED	0	222369	1	-	42.3	0.5	3016773632	15325569024	2056964668	1749760
ww_fastpOut_reads_R	BAKTA (ww_fastpOut_reads_R)	COMPLETED	0	212319	1	-	44.1	0.5	3043479552	15416569856	2056796016	1752343
ww_fastpOut_reads_R	BAKTA (ww_fastpOut_reads_R)	COMPLETED	0	229492	1	-	43.7	0.5	3041017856	15431127040	2057176598	1758904
ww_fastpOut_reads_R	BAKTA (ww_fastpOut_reads_R)	COMPLETED	0	198475	1	-	51.1	0.5	3031322624	16142643200	2058480634	1796806
ww_fastpOut_reads_R	BAKTA (ww_fastpOut_reads_R)	COMPLETED	0	229183	1	-	40.5	0.5	3019558912	15273914368	2056516013	1750524
ww_fastpOut_reads_R	BAKTA (ww_fastpOut_reads_R)	COMPLETED	0	186664	1	-	49.1	0.5	3017203712	15341211648	2056677327	1750301
ww_fastpOut_reads_R	BAKTA (ww_fastpOut_reads_R)	COMPLETED	0	192660	1	-	48.4	0.5	3044671488	15353339904	2056861216	1750060
ww_fastpOut_reads_R	BAKTA (ww_fastpOut_reads_R)	COMPLETED	0	204060	1	-	46.0	0.5	3043659776	15481528320	2056601846	1750154
ww_fastpOut_reads_R	BAKTA (ww_fastpOut_reads_R)	COMPLETED	0	205749	1	-	45.9	0.4	3044732928	15364018176	2057627657	1760985
ww_fastpOut_reads_R	BAKTA (ww_fastpOut_reads_R)	COMPLETED	0	220769	1	-	45.8	0.5	3058622464	16164155392	2058164862	1794743
ww_fastpOut_reads_R	BAKTA (ww_fastpOut_reads_R)	COMPLETED	0	233771	1	-	43.1	0.5	3033247744	34014285824	2058725999	1796376
ww_fastpOut_reads_R	BAKTA (ww_fastpOut_reads_R)	COMPLETED	0	180537	1	-	52.9	0.5	3041439744	25728135168	2057484536	1758566
ww_fastpOut_reads_R	BAKTA (ww_fastpOut_reads_R)	COMPLETED	0	220376	1	-	43.5	0.5	3038306304	15485014016	2056930449	1752339
ww_fastpOut_reads_R	BAKTA (ww_fastpOut_reads_R)	COMPLETED	0	176506	1	-	54.0	0.5	3018371072	34089701376	2057663519	1760846
ww_fastpOut_reads_R	BAKTA (ww_fastpOut_reads_R)	COMPLETED	0	214301	1	-	47.2	0.5	3065659392	92581543936	2058271005	1796394
ww_fastpOut_reads_R	BAKTA (ww_fastpOut_reads_R)	COMPLETED	0	226183	1	-	45.3	0.5	3048198144	16097046528	2058516768	1796785
ww_fastpOut_reads_R	BAKTA (ww_fastpOut_reads_R)	COMPLETED	0	212153	1	-	46.4	0.5	3041595392	17329508352	2057712055	1758807
ww_fastpOut_reads_R	BAKTA (ww_fastpOut_reads_R)	COMPLETED	0	176594	1	-	47.1	0.5	3041718272	15109705728	1721137774	1440884
ww_fastpOut_reads_R	BAKTA (ww_fastpOut_reads_R)	COMPLETED	0	189605	1	-	49.1	0.5	3017297920	67453652992	2057911667	1758240
ww_fastpOut_reads_R	BAKTA (ww_fastpOut_reads_R)	COMPLETED	0	197369	1	-	49.8	0.5	3045163008	16172724224	2058027927	1788531
ww_fastpOut_reads_R	BAKTA (ww_fastpOut_reads_R)	COMPLETED	0	199720	1	-	49.9	0.5	3057733632	16163926016	2057990090	1789033
ww_fastpOut_reads_R	BAKTA (ww_fastpOut_reads_R)	COMPLETED	0	194859	1	-	48.1	0.5	3043123200	17384189952	2056775767	1753362
ww_fastpOut_reads_R	BAKTA (ww_fastpOut_reads_R)	COMPLETED	0	204931	1	-	47.1	0.5	3015331840	15409553408	2056560318	1753040
ww_fastpOut_reads_R	BAKTA (ww_fastpOut_reads_R)	COMPLETED	0	202888	1	-	49.3	0.5	3068182528	42416431104	2058098725	1788632
ww_fastpOut_reads_R	BAKTA (ww_fastpOut_reads_R)	COMPLETED	0	212884	1	-	46.2	0.5	3039318016	16149307392	2057773872	1788624
ww_fastpOut_reads_R	BAKTA (ww_fastpOut_reads_R)	COMPLETED	0	221624	1	-	41.7	0.5	3039232000	15134420992	2056354981	3042125
ww_fastpOut_reads_R	BAKTA (ww_fastpOut_reads_R)	COMPLETED	0	216178	1	-	45.6	0.5	3020558336	16116105216	2057399401	1788043
ww_fastpOut_reads_R	BAKTA (ww_fastpOut_reads_R)	COMPLETED	0	236848	1	-	40.4	0.5	3013734400	15411363840	2057260578	1753336
ww_fastpOut_reads_R	BAKTA (ww_fastpOut_reads_R)	COMPLETED	0	217718	1	-	43.1	0.5	3043319808	42473099264	2057165979	1753005
ww_fastpOut_reads_R	BAKTA (ww_fastpOut_reads_R)	COMPLETED	0	215508	1	-	42.7	0.5	3042066432	42427236352	2056255534	3043669
ww_fastpOut_reads_R	BAKTA (ww_fastpOut_reads_R)	COMPLETED	0	238110	1	-	42.2	0.5	3072794624	16252567552	2057527179	1788157
ww_fastpOut_reads_R	BAKTA (ww_fastpOut_reads_R)	COMPLETED	0	216735	1	-	44.1	0.5	3043250176	15356551168	2057476495	1758362
ww_fastpOut_reads_R	BAKTA (ww_fastpOut_reads_R)	COMPLETED	0	178111	1	-	55.3	0.5	3021807616	16192376832	2058396397	1794371
ww_fastpOut_reads_R	BAKTA (ww_fastpOut_reads_R)	COMPLETED	0	211606	1	-	43.7	0.5	3019833344	15343869952	2057597109	1758076
ww_fastpOut_reads_R	BAKTA (ww_fastpOut_reads_R)	COMPLETED	0	236833	1	-	40.8	0.5	3041878016	15276990464	2057348776	1752964
ww_fastpOut_reads_R	BAKTA (ww_fastpOut_reads_R)	COMPLETED	0	232335	1	-	42.0	0.5	3014782976	17333145600	2056728456	1757966
ww_fastpOut_reads_R	BAKTA (ww_fastpOut_reads_R)	COMPLETED	0	219843	1	-	45.1	0.5	3057516544	16196579328	2057715195	1789081
ww_fastpOut_reads_R	BAKTA (ww_fastpOut_reads_R)	COMPLETED	0	215778	1	-	43.8	0.5	3016445952	15250239488	2055192302	1606130
ww_fastpOut_reads_R	BAKTA (ww_fastpOut_reads_R)	COMPLETED	0	242365	1	-	39.7	0.5	3042795520	15359102976	2057180637	1760398
ww_fastpOut_reads_R	BAKTA (ww_fastpOut_reads_R)	COMPLETED	0	212257	1	-	47.8	0.5	3024752640	50720280576	2058233898	1788731
ww_fastpOut_reads_R	BAKTA (ww_fastpOut_reads_R)	COMPLETED	0	201932	1	-	49.4	0.5	3017015296	16129265664	2059048763	1796442
ww_fastpOut_reads_R	BAKTA (ww_fastpOut_reads_R)	COMPLETED	0	230264	1	-	41.0	0.5	3016413184	15411118080	2057693086	1760011
ww_fastpOut_reads_R	BAKTA (ww_fastpOut_reads_R)	COMPLETED	0	237100	1	-	43.7	0.5	3044220928	17401192448	2058459834	1794534
ww_fastpOut_reads_R	BAKTA (ww_fastpOut_reads_R)	COMPLETED	0	204862	1	-	44.6	0.5	3042553856	14724120576	2056814589	1491817
ww_fastpOut_reads_R	BAKTA (ww_fastpOut_reads_R)	COMPLETED	0	201774	1	-	49.2	0.5	3017318400	16030277632	2058486783	1787674
ww_fastpOut_reads_R	BAKTA (ww_fastpOut_reads_R)	COMPLETED	0	178932	1	-	55.8	0.5	3020398592	16037171200	2058143008	1794368
ww_fastpOut_reads_R	BAKTA (ww_fastpOut_reads_R)	COMPLETED	0	228034	1	-	44.7	0.5	3017752576	42483826688	2058333940	1788276
ww_fastpOut_reads_R	BAKTA (ww_fastpOut_reads_R)	COMPLETED	0	262202	1	-	39.5	0.5	3013611520	16085831680	2058403396	1788147
ww_fastpOut_reads_R	BAKTA (ww_fastpOut_reads_R)	COMPLETED	0	178326	1	-	55.7	0.5	3041902592	16076267520	2058415648	1794525
ww_fastpOut_reads_R	BAKTA (ww_fastpOut_reads_R)	COMPLETED	0	196808	1	-	50.0	0.5	3042500608	16045539328	2057355523	1788073
ww_fastpOut_reads_R	BAKTA (ww_fastpOut_reads_R)	COMPLETED	0	176361	1	-	55.7	0.5	3045486592	16091959296	2058271577	1788612
ww_fastpOut_reads_R	BAKTA (ww_fastpOut_reads_R)	COMPLETED	0	215679	1	-	44.0	0.5	3041054720	15363887104	2056840653	1758666
ww_fastpOut_reads_R	BAKTA (ww_fastpOut_reads_R)	COMPLETED	0	258418	1	-	40.0	0.5	3052216320	16156868608	2058397634	1788647
ww_fastpOut_reads_R	BAKTA (ww_fastpOut_reads_R)	COMPLETED	0	182744	1	-	54.2	0.5	3017592832	16035405824	2058518624	1793651
ww_fastpOut_reads_R	BAKTA (ww_fastpOut_reads_R)	COMPLETED	0	224031	1	-	42.1	0.5	3044171776	25678151680	2057759948	1760609
ww_fastpOut_reads_R	BAKTA (ww_fastpOut_reads_R)	COMPLETED	0	197375	1	-	51.9	0.5	3016142848	16146399232	2058410382	1788192
ww_fastpOut_reads_R	BAKTA (ww_fastpOut_reads_R)	COMPLETED	0	180426	1	-	56.0	0.5	3066204160	17384710144	2057895695	1788253
ww_fastpOut_reads_R	BAKTA (ww_fastpOut_reads_R)	COMPLETED	0	166741	1	-	77.2	1.0	5620514816	18791231488	3030541740	23889397
ww_fastpOut_reads_R	BAKTA (ww_fastpOut_reads_R)	COMPLETED	0	190795	1	-	51.7	0.5	3017981952	16028364800	2057846898	1788790
ww_fastpOut_reads_R	BAKTA (ww_fastpOut_reads_R)	COMPLETED	0	216309	1	-	45.9	0.5	3013828608	16100229120	2058836349	1793840
ww_fastpOut_reads_R	BAKTA (ww_fastpOut_reads_R)	COMPLETED	0	213505	1	-	47.1	0.5	3017199616	16099635200	2057802915	1788127
ww_fastpOut_reads_R	BAKTA (ww_fastpOut_reads_R)	COMPLETED	0	197527	1	-	51.3	0.5	3042066432	16112996352	2058146878	1794022
ww_fastpOut_reads_R	BAKTA (ww_fastpOut_reads_R)	COMPLETED	0	207737	1	-	48.8	0.5	3016548352	59108196352	2058611009	1796225
ww_fastpOut_reads_R	BAKTA (ww_fastpOut_reads_R)	COMPLETED	0	191904	1	-	48.8	0.5	3042582528	17324650496	2057255349	1753250
ww_fastpOut_reads_R	BAKTA (ww_fastpOut_reads_R)	COMPLETED	0	213122	1	-	46.8	0.5	3016658944	16034177024	2058629634	1795829
ww_fastpOut_reads_R	BAKTA (ww_fastpOut_reads_R)	COMPLETED	0	199753	1	-	47.0	0.5	3042004992	15376445440	2057224333	1758597
ww_fastpOut_reads_R	BAKTA (ww_fastpOut_reads_R)	COMPLETED	0	169751	1	-	58.1	0.5	3017379840	16113459200	2058681383	1794647
ww_fastpOut_reads_R	BAKTA (ww_fastpOut_reads_R)	COMPLETED	0	164309	1	-	60.5	0.5	3015921664	16107491328	2059102944	1794271
ww_fastpOut_reads_R	BAKTA (ww_fastpOut_reads_R)	COMPLETED	0	189558	1	-	52.5	0.5	3013574656	16072343552	2058873032	1794368
ww_fastpOut_reads_R	BAKTA (ww_fastpOut_reads_R)	COMPLETED	0	198266	1	-	52.3	0.5	3056824320	16091463680	2059007432	1794818
ww_fastpOut_reads_R	BAKTA (ww_fastpOut_reads_R)	COMPLETED	0	200218	1	-	51.0	0.5	3015049216	16108163072	2058242508	1788739
ww_fastpOut_reads_R	BAKTA (ww_fastpOut_reads_R)	COMPLETED	0	184741	1	-	54.8	0.5	3059867648	16167321600	2059046010	1794535
ww_fastpOut_reads_R	BAKTA (ww_fastpOut_reads_R)	COMPLETED	0	213090	1	-	47.5	0.5	3033677824	16075747328	2058131210	1794161
ww_fastpOut_reads_R	BAKTA (ww_fastpOut_reads_R)	COMPLETED	0	209198	1	-	49.1	0.5	3013750784	16041054208	2058051330	1788293
ww_fastpOut_reads_R	BAKTA (ww_fastpOut_reads_R)	COMPLETED	0	187808	1	-	55.2	0.5	3053940736	16099393536	2058907409	1794152
ww_fastpOut_reads_R	BAKTA (ww_fastpOut_reads_R)	COMPLETED	0	173486	1	-	51.5	0.5	3042926592	15083917312	2054789534	1419503
ww_fastpOut_reads_R	BAKTA (ww_fastpOut_reads_R)	COMPLETED	0	187325	1	-	53.2	0.5	3042934784	16004517888	2058505489	1789115
ww_fastpOut_reads_R	BAKTA (ww_fastpOut_reads_R)	COMPLETED	0	197715	1	-	52.0	0.5	3012669440	16032358400	2058299753	1794323
ww_fastpOut_reads_R	BAKTA (ww_fastpOut_reads_R)	COMPLETED	0	195934	1	-	51.5	0.5	3013726208	25727963136	2058338377	1788747
ww_fastpOut_reads_R	BAKTA (ww_fastpOut_reads_R)	COMPLETED	0	190170	1	-	53.8	0.5	3044814848	16012128256	2058195567	1794830
ww_fastpOut_reads_R	BAKTA (ww_fastpOut_reads_R)	COMPLETED	0	199184	1	-	50.4	0.5	3024498688	16130437120	2058152998	1794234
ww_fastpOut_reads_R	BAKTA (ww_fastpOut_reads_R)	COMPLETED	0	207019	1	-	49.8	0.5	3013668864	15998504960	2058988020	1794640
ww_fastpOut_reads_R	BAKTA (ww_fastpOut_reads_R)	COMPLETED	0	157990	1	-	62.8	0.5	3018256384	16118214656	2057337867	1788630
ww_fastpOut_reads_R	BAKTA (ww_fastpOut_reads_R)	COMPLETED	0	177985	1	-	55.4	0.5	3015630848	16097034240	2058040469	1788811
ww_fastpOut_reads_R	BAKTA (ww_fastpOut_reads_R)	COMPLETED	0	202256	1	-	46.8	0.5	3044548608	17396301824	2057625286	1758289
ww_fastpOut_reads_R	BAKTA (ww_fastpOut_reads_R)	COMPLETED	0	207016	1	-	48.3	0.5	3023785984	16135278592	2058291229	1794451
ww_fastpOut_reads_R	BAKTA (ww_fastpOut_reads_R)	COMPLETED	0	190447	1	-	52.2	0.5	3013857280	16011038720	2057918285	1788266
ww_fastpOut_reads_R	BAKTA (ww_fastpOut_reads_R)	COMPLETED	0	236534	1	-	40.7	0.5	3011584000	15428898816	2057234222	1758860
ww_fastpOut_reads_R	BAKTA (ww_fastpOut_reads_R)	COMPLETED	0	206000	1	-	48.0	0.5	3046002688	16049360896	2057963122	1788602
ww_fastpOut_reads_R	BAKTA (ww_fastpOut_reads_R)	COMPLETED	0	234728	1	-	43.4	0.5	3044691968	34114711552	2058492307	1787655
ww_fastpOut_reads_R	BAKTA (ww_fastpOut_reads_R)	COMPLETED	0	234227	1	-	43.3	0.5	3042705408	17325666304	2057828113	1788143
ww_fastpOut_reads_R	BAKTA (ww_fastpOut_reads_R)	COMPLETED	0	185890	1	-	54.5	0.5	3016458240	16002424832	2058017826	1788782
ww_fastpOut_reads_R	BAKTA (ww_fastpOut_reads_R)	COMPLETED	0	189175	1	-	52.0	0.5	3015577600	15989374976	2057877530	1787764
ww_fastpOut_reads_R	BAKTA (ww_fastpOut_reads_R)	COMPLETED	0	196614	1	-	51.6	0.5	3018866688	16034746368	2058331351	1794225
ww_fastpOut_reads_R	BAKTA (ww_fastpOut_reads_R)	COMPLETED	0	198306	1	-	51.8	0.5	3017007104	16034754560	2058318177	1796236
ww_fastpOut_reads_R	BAKTA (ww_fastpOut_reads_R)	COMPLETED	0	209426	1	-	48.7	0.5	3016638464	16034889728	2057589990	1793992
ww_fastpOut_reads_R	BAKTA (ww_fastpOut_reads_R)	COMPLETED	0	170351	1	-	58.4	0.5	3015811072	16038080512	2058671279	1793883
ww_fastpOut_reads_R	BAKTA (ww_fastpOut_reads_R)	COMPLETED	0	185543	1	-	54.7	0.5	3017093120	59116584960	2058660875	1793680
ww_fastpOut_reads_R	BAKTA (ww_fastpOut_reads_R)	COMPLETED	0	175556	1	-	56.6	0.5	3017359360	16040108032	2058882953	1794112
ww_fastpOut_reads_R	BAKTA (ww_fastpOut_reads_R)	COMPLETED	0	166645	1	-	59.8	0.5	3043733504	17326084096	2059490588	1795839
ww_fastpOut_reads_R	BAKTA (ww_fastpOut_reads_R)	COMPLETED	0	205821	1	-	49.0	0.5	3014688768	42417967104	2057716394	1788400
ww_fastpOut_reads_R	BAKTA (ww_fastpOut_reads_R)	COMPLETED	0	190016	1	-	52.2	0.5	3017867264	16039981056	2058450128	1795941
ww_fastpOut_reads_R	BAKTA (ww_fastpOut_reads_R)	COMPLETED	0	205325	1	-	45.3	0.5	3047497728	15369076736	2057699920	1758561
ww_fastpOut_reads_R	BAKTA (ww_fastpOut_reads_R)	COMPLETED	0	207060	1	-	49.9	0.5	3020193792	16125267968	2058336826	1794775
ww_fastpOut_reads_R	BAKTA (ww_fastpOut_reads_R)	COMPLETED	0	185717	1	-	53.9	0.5	3014946816	14638878720	2058761536	1794484
ww_fastpOut_reads_R	BAKTA (ww_fastpOut_reads_R)	COMPLETED	0	222525	1	-	47.4	0.5	3041169408	17385435136	2058412091	1796828
ww_fastpOut_reads_R	BAKTA (ww_fastpOut_reads_R)	COMPLETED	0	200651	1	-	50.2	0.5	3017076736	16096706560	2058093860	1794814
ww_fastpOut_reads_R	BAKTA (ww_fastpOut_reads_R)	COMPLETED	0	194227	1	-	52.8	0.5	3066527744	75902918656	2058172927	1794654
ww_fastpOut_reads_R	BAKTA (ww_fastpOut_reads_R)	COMPLETED	0	209633	1	-	48.7	0.5	3016495104	16029601792	2058235629	1796437
ww_fastpOut_reads_R	BAKTA (ww_fastpOut_reads_R)	COMPLETED	0	205955	1	-	50.7	0.5	3017453568	16096706560	2058693567	1796829
ww_fastpOut_reads_R	BAKTA (ww_fastpOut_reads_R)	COMPLETED	0	224062	1	-	43.9	0.5	3021021184	17332465664	2058719651	1794128
ww_fastpOut_reads_R	BAKTA (ww_fastpOut_reads_R)	COMPLETED	0	196029	1	-	49.7	0.5	3017121792	16029732864	2058191025	1794459
ww_fastpOut_reads_R	BAKTA (ww_fastpOut_reads_R)	COMPLETED	0	224371	1	-	42.1	0.5	3043848192	15308357632	2057491291	1758459
ww_fastpOut_reads_R	BAKTA (ww_fastpOut_reads_R)	COMPLETED	0	222068	1	-	46.5	0.5	3058442240	34077143040	2058376793	1794117
ww_fastpOut_reads_R	BAKTA (ww_fastpOut_reads_R)	COMPLETED	0	224216	1	-	45.3	0.5	3052232704	17381507072	2058418620	1796713
ww_fastpOut_reads_R	BAKTA (ww_fastpOut_reads_R)	COMPLETED	0	193854	1	-	50.8	0.5	3061960704	16234799104	2059097903	1796324
ww_fastpOut_reads_R	BAKTA (ww_fastpOut_reads_R)	COMPLETED	0	206927	1	-	49.0	0.5	3045666816	50856292352	2058349661	1789193
ww_fastpOut_reads_R	BAKTA (ww_fastpOut_reads_R)	COMPLETED	0	179885	1	-	55.3	0.5	3019292672	16185528320	2057936194	1789191
ww_fastpOut_reads_R	BAKTA (ww_fastpOut_reads_R)	COMPLETED	0	183844	1	-	51.6	0.5	3015995392	15363166208	2057365732	1760625
ww_fastpOut_reads_R	BAKTA (ww_fastpOut_reads_R)	COMPLETED	0	184201	1	-	53.7	0.5	3038380032	16204349440	2057933942	1794251
ww_fastpOut_reads_R	BAKTA (ww_fastpOut_reads_R)	COMPLETED	0	186292	1	-	53.4	0.5	3042484224	17383010304	2058196634	1788958
ww_fastpOut_reads_R	BAKTA (ww_fastpOut_reads_R)	COMPLETED	0	182353	1	-	53.8	0.5	3011891200	15962259456	2058381967	1787776
ww_fastpOut_reads_R	BAKTA (ww_fastpOut_reads_R)	COMPLETED	0	192183	1	-	51.5	0.5	3018010624	16118415360	2057944082	1788725
ww_fastpOut_reads_R	BAKTA (ww_fastpOut_reads_R)	COMPLETED	0	191338	1	-	52.2	0.5	3044651008	16217387008	2058455271	1789470
ww_fastpOut_reads_R	BAKTA (ww_fastpOut_reads_R)	COMPLETED	0	192486	1	-	51.5	0.5	3018313728	17324937216	2057763053	1788398
ww_fastpOut_reads_R	BAKTA (ww_fastpOut_reads_R)	COMPLETED	0	176386	1	-	53.6	0.5	3019292672	15585464320	2051633994	1501072
ww_fastpOut_reads_R	BAKTA (ww_fastpOut_reads_R)	COMPLETED	0	192648	1	-	52.1	0.5	3086774272	16189431808	2058532467	1789016
ww_fastpOut_reads_R	BAKTA (ww_fastpOut_reads_R)	COMPLETED	0	236906	1	-	43.6	0.5	3048935424	16217022464	2058136776	1796827
ww_fastpOut_reads_R	BAKTA (ww_fastpOut_reads_R)	COMPLETED	0	185900	1	-	52.7	0.5	3049156608	16214405120	2058226382	1788740
ww_fastpOut_reads_R	BAKTA (ww_fastpOut_reads_R)	COMPLETED	0	210599	1	-	48.0	0.5	3018002432	16047583232	2058131276	1788484
ww_fastpOut_reads_R	BAKTA (ww_fastpOut_reads_R)	COMPLETED	0	178217	1	-	55.5	0.5	3016396800	16093970432	2058305187	1789051
ww_fastpOut_reads_R	BAKTA (ww_fastpOut_reads_R)	COMPLETED	0	208803	1	-	47.2	0.5	3041640448	75745714176	2058496604	1794049
ww_fastpOut_reads_R	BAKTA (ww_fastpOut_reads_R)	COMPLETED	0	194005	1	-	51.8	0.5	3042037760	16069148672	2058625787	1788052
ww_fastpOut_reads_R	BAKTA (ww_fastpOut_reads_R)	COMPLETED	0	173590	1	-	58.0	0.5	3019055104	42453401600	2058040879	1793945
ww_fastpOut_reads_R	BAKTA (ww_fastpOut_reads_R)	COMPLETED	0	175481	1	-	56.4	0.5	3074965504	50806919168	2058744313	1788669
ww_fastpOut_reads_R	BAKTA (ww_fastpOut_reads_R)	COMPLETED	0	194117	1	-	52.9	0.5	3015544832	15964545024	2058594975	1794333
ww_fastpOut_reads_R	BAKTA (ww_fastpOut_reads_R)	COMPLETED	0	195338	1	-	49.1	0.5	3042328576	17382211584	2056438795	1753278
ww_fastpOut_reads_R	BAKTA (ww_fastpOut_reads_R)	COMPLETED	0	143204	1	-	63.6	0.5	3045335040	15670571008	2047051895	1276999
ww_fastpOut_reads_R	BAKTA (ww_fastpOut_reads_R)	COMPLETED	0	201324	1	-	49.2	0.5	3018104832	16003588096	2057577199	1788319
ww_fastpOut_reads_R	BAKTA (ww_fastpOut_reads_R)	COMPLETED	0	214110	1	-	46.1	0.5	3018625024	16126562304	2058900420	1794337
ww_fastpOut_reads_R	BAKTA (ww_fastpOut_reads_R)	COMPLETED	0	223192	1	-	45.5	0.5	3015159808	16163696640	2058730007	1795867
ww_fastpOut_reads_R	BAKTA (ww_fastpOut_reads_R)	COMPLETED	0	184873	1	-	53.4	0.5	3014934528	15965016064	2057936190	1793762
ww_fastpOut_reads_R	BAKTA (ww_fastpOut_reads_R)	COMPLETED	0	185639	1	-	54.7	0.5	3085242368	16254881792	2058979768	1788954
ww_fastpOut_reads_R	BAKTA (ww_fastpOut_reads_R)	COMPLETED	0	176218	1	-	56.9	0.5	3042660352	17386606592	2058596517	1796492
ww_fastpOut_reads_R	BAKTA (ww_fastpOut_reads_R)	COMPLETED	0	145572	1	-	67.9	0.5	3095789568	16200134656	2058390955	1795018
ww_fastpOut_reads_R	BAKTA (ww_fastpOut_reads_R)	COMPLETED	0	190833	1	-	52.8	0.5	3081060352	16170098688	2058765552	1794857
ww_fastpOut_reads_R	BAKTA (ww_fastpOut_reads_R)	COMPLETED	0	195325	1	-	53.4	0.5	3012501504	16107491328	2058297263	1797012
ww_fastpOut_reads_R	BAKTA (ww_fastpOut_reads_R)	COMPLETED	0	188812	1	-	55.9	0.5	3044073472	59154022400	2057985297	1794869
ww_fastpOut_reads_R	BAKTA (ww_fastpOut_reads_R)	COMPLETED	0	189872	1	-	52.9	0.5	3491028992	159288348672	2058684502	1794531
ww_fastpOut_reads_R	BAKTA (ww_fastpOut_reads_R)	COMPLETED	0	206054	1	-	50.3	0.5	3015544832	59104411648	2058365899	1794049
ww_fastpOut_reads_R	BAKTA (ww_fastpOut_reads_R)	COMPLETED	0	199457	1	-	51.1	0.5	3081531392	16157425664	2058975953	1794484
ww_fastpOut_reads_R	BAKTA (ww_fastpOut_reads_R)	COMPLETED	0	192839	1	-	52.5	0.5	3095568384	16199663616	2058885129	1794475
ww_fastpOut_reads_R	BAKTA (ww_fastpOut_reads_R)	COMPLETED	0	186045	1	-	51.7	0.5	3043581952	15309320192	2057414861	1760957
ww_fastpOut_reads_R	BAKTA (ww_fastpOut_reads_R)	COMPLETED	0	194303	1	-	53.9	0.5	3016183808	16174473216	2059373250	1796481
ww_fastpOut_reads_R	BAKTA (ww_fastpOut_reads_R)	COMPLETED	0	179094	1	-	56.1	0.5	3032834048	16139436032	2058305188	1788922
ww_fastpOut_reads_R	BAKTA (ww_fastpOut_reads_R)	COMPLETED	0	191789	1	-	53.8	0.5	3068985344	16170229760	2059083663	1797191
ww_fastpOut_reads_R	BAKTA (ww_fastpOut_reads_R)	COMPLETED	0	150975	1	-	65.4	0.5	3020177408	67450138624	2058355140	1788182
ww_fastpOut_reads_R	BAKTA (ww_fastpOut_reads_R)	COMPLETED	0	172097	1	-	58.4	0.5	3025055744	16133853184	2058073045	1788447
ww_fastpOut_reads_R	BAKTA (ww_fastpOut_reads_R)	COMPLETED	0	210993	1	-	47.2	0.5	3079188480	16109289472	2058272332	1789444
ww_fastpOut_reads_R	BAKTA (ww_fastpOut_reads_R)	COMPLETED	0	224921	1	-	45.7	0.5	3031420928	34073448448	2058881373	1796818
ww_fastpOut_reads_R	BAKTA (ww_fastpOut_reads_R)	COMPLETED	0	229631	1	-	44.8	0.5	3089010688	16263667712	2058483199	1795005
ww_fastpOut_reads_R	BAKTA (ww_fastpOut_reads_R)	COMPLETED	0	210371	1	-	48.6	0.5	3016802304	16002469888	2058686401	1788006
ww_fastpOut_reads_R	BAKTA (ww_fastpOut_reads_R)	COMPLETED	0	220122	1	-	46.5	0.5	3025469440	16069246976	2058705582	1788532
ww_fastpOut_reads_R	BAKTA (ww_fastpOut_reads_R)	COMPLETED	0	222349	1	-	46.6	0.5	3017043968	17351741440	2058448692	1796438
ww_fastpOut_reads_R	BAKTA (ww_fastpOut_reads_R)	COMPLETED	0	223602	1	-	44.6	0.5	3062005760	16104742912	2058044409	1789431
ww_fastpOut_reads_R	BAKTA (ww_fastpOut_reads_R)	COMPLETED	0	178436	1	-	59.8	0.5	3048386560	15677874176	3160596794	26893053
ww_fastpOut_reads_R	BAKTA (ww_fastpOut_reads_R)	COMPLETED	0	202436	1	-	50.0	0.5	3014549504	16066498560	2057780052	1789149
ww_fastpOut_reads_R	BAKTA (ww_fastpOut_reads_R)	COMPLETED	0	202217	1	-	49.1	0.5	3058966528	16096632832	2058004987	1789004
ww_fastpOut_reads_R	BAKTA (ww_fastpOut_reads_R)	COMPLETED	0	213091	1	-	46.7	0.5	3051016192	16158838784	2058164502	1789111
ww_fastpOut_reads_R	BAKTA (ww_fastpOut_reads_R)	COMPLETED	0	209284	1	-	47.1	0.5	3016196096	16093077504	2057788575	1789117
ww_fastpOut_reads_R	BAKTA (ww_fastpOut_reads_R)	COMPLETED	0	207145	1	-	46.1	0.5	3041296384	15372742656	2057048402	1758260
ww_fastpOut_reads_R	BAKTA (ww_fastpOut_reads_R)	COMPLETED	0	208662	1	-	48.9	0.5	3038121984	16145121280	2058806998	1794515
ww_fastpOut_reads_R	BAKTA (ww_fastpOut_reads_R)	COMPLETED	0	219665	1	-	45.6	0.5	3015532544	50721927168	2058064383	1788249
ww_fastpOut_reads_R	BAKTA (ww_fastpOut_reads_R)	COMPLETED	0	200391	1	-	51.4	0.5	3014406144	17386008576	2057563412	1788676
ww_fastpOut_reads_R	BAKTA (ww_fastpOut_reads_R)	COMPLETED	0	216523	1	-	48.1	0.5	3060629504	16101179392	2057766990	1795104
ww_fastpOut_reads_R	BAKTA (ww_fastpOut_reads_R)	COMPLETED	0	209649	1	-	48.5	0.5	3041603584	16055033856	2058386997	1794305
ww_fastpOut_reads_R	BAKTA (ww_fastpOut_reads_R)	COMPLETED	0	168464	1	-	59.2	0.5	3013865472	42417016832	2057692177	1794642
ww_fastpOut_reads_R	BAKTA (ww_fastpOut_reads_R)	COMPLETED	0	185285	1	-	55.6	0.5	3048329216	16098754560	2058730114	1797170
ww_fastpOut_reads_R	BAKTA (ww_fastpOut_reads_R)	COMPLETED	0	203901	1	-	50.0	0.5	3014098944	34074841088	2058517072	1796328
ww_fastpOut_reads_R	BAKTA (ww_fastpOut_reads_R)	COMPLETED	0	245254	1	-	40.9	0.5	3015966720	16114458624	2057409034	1788735
ww_fastpOut_reads_R	BAKTA (ww_fastpOut_reads_R)	COMPLETED	0	227398	1	-	42.8	0.5	3056955392	25734168576	2057522925	1788298
ww_fastpOut_reads_R	BAKTA (ww_fastpOut_reads_R)	COMPLETED	0	206821	1	-	49.5	0.5	3015806976	16174190592	2058815006	1793845
ww_fastpOut_reads_R	BAKTA (ww_fastpOut_reads_R)	COMPLETED	0	190512	1	-	52.8	0.5	3040796672	16098750464	2058527887	1796709
ww_fastpOut_reads_R	BAKTA (ww_fastpOut_reads_R)	COMPLETED	0	199985	1	-	50.5	0.5	3011768320	16174321664	2058187192	1793667
ww_fastpOut_reads_R	BAKTA (ww_fastpOut_reads_R)	COMPLETED	0	203825	1	-	50.7	0.5	3017621504	15965523968	2058617913	1794205
ww_fastpOut_reads_R	BAKTA (ww_fastpOut_reads_R)	COMPLETED	0	177604	1	-	56.6	0.5	3050692608	16153141248	2058301889	1794570
ww_fastpOut_reads_R	BAKTA (ww_fastpOut_reads_R)	COMPLETED	0	192803	1	-	52.4	0.5	3068473344	16170479616	2058660696	1794489
ww_fastpOut_reads_R	BAKTA (ww_fastpOut_reads_R)	COMPLETED	0	187402	1	-	54.8	0.5	3041685504	16109408256	2058087557	1797084
ww_fastpOut_reads_R	BAKTA (ww_fastpOut_reads_R)	COMPLETED	0	195994	1	-	52.2	0.5	3086487552	16256438272	2058114674	1795034
ww_fastpOut_reads_R	BAKTA (ww_fastpOut_reads_R)	COMPLETED	0	172229	1	-	57.8	0.5	3055075328	16122179584	2058183560	1789445
ww_fastpOut_reads_R	BAKTA (ww_fastpOut_reads_R)	COMPLETED	0	199933	1	-	49.6	0.5	3043459072	42379464704	2058314959	1789561
ww_fastpOut_reads_R	BAKTA (ww_fastpOut_reads_R)	COMPLETED	0	200616	1	-	47.6	0.5	3042177024	15350398976	2056920213	1752941
ww_fastpOut_reads_R	BAKTA (ww_fastpOut_reads_R)	COMPLETED	0	211587	1	-	48.6	0.5	3015929856	16007172096	2058473492	1794412
ww_fastpOut_reads_R	BAKTA (ww_fastpOut_reads_R)	COMPLETED	0	213970	1	-	48.7	0.5	3022483456	16139169792	2058058709	1794821
ww_fastpOut_reads_R	BAKTA (ww_fastpOut_reads_R)	COMPLETED	0	208085	1	-	48.6	0.5	3030626304	16137383936	2058325890	1796400
ww_fastpOut_reads_R	BAKTA (ww_fastpOut_reads_R)	COMPLETED	0	195734	1	-	51.5	0.5	3014746112	15993454592	2058260440	1788113
ww_fastpOut_reads_R	BAKTA (ww_fastpOut_reads_R)	COMPLETED	0	200363	1	-	49.8	0.5	3066167296	16175181824	2057929058	1789501
ww_fastpOut_reads_R	BAKTA (ww_fastpOut_reads_R)	COMPLETED	0	185766	1	-	47.9	0.5	3021332480	75682603008	1724231333	3110183
ww_fastpOut_reads_R	BAKTA (ww_fastpOut_reads_R)	COMPLETED	0	216481	1	-	46.5	0.5	3016069120	50832187392	2058818008	1788575
ww_fastpOut_reads_R	BAKTA (ww_fastpOut_reads_R)	COMPLETED	0	170519	1	-	57.8	0.5	3024674816	16190427136	2058432194	1794469
ww_fastpOut_reads_R	BAKTA (ww_fastpOut_reads_R)	COMPLETED	0	195340	1	-	52.2	0.5	3031691264	16019746816	2058713444	1789023
ww_fastpOut_reads_R	BAKTA (ww_fastpOut_reads_R)	COMPLETED	0	203029	1	-	50.4	0.5	3079151616	59159670784	2058689085	1788618
ww_fastpOut_reads_R	BAKTA (ww_fastpOut_reads_R)	COMPLETED	0	195190	1	-	52.8	0.5	3044237312	16134352896	2059244773	1796575
ww_fastpOut_reads_R	BAKTA (ww_fastpOut_reads_R)	COMPLETED	0	196868	1	-	52.4	0.5	3019644928	17396359168	2058633553	1794175
ww_fastpOut_reads_R	BAKTA (ww_fastpOut_reads_R)	COMPLETED	0	193670	1	-	51.8	0.5	3016974336	16123314176	2058648787	1794070
ww_fastpOut_reads_R	BAKTA (ww_fastpOut_reads_R)	COMPLETED	0	170493	1	-	58.7	0.5	3015761920	16121815040	2059489294	1796198
ww_fastpOut_reads_R	BAKTA (ww_fastpOut_reads_R)	COMPLETED	0	208208	1	-	49.3	0.5	3072278528	16240791552	2057992938	1789053
ww_fastpOut_reads_R	BAKTA (ww_fastpOut_reads_R)	COMPLETED	0	196778	1	-	51.5	0.5	3044634624	16068874240	2058920042	1796288
ww_fastpOut_reads_R	BAKTA (ww_fastpOut_reads_R)	COMPLETED	0	199537	1	-	51.3	0.5	3019554816	16054571008	2058896331	1794574
ww_fastpOut_reads_R	BAKTA (ww_fastpOut_reads_R)	COMPLETED	0	172759	1	-	53.7	0.5	3020513280	15321747456	2056985240	1752939
ww_fastpOut_reads_R	BAKTA (ww_fastpOut_reads_R)	COMPLETED	0	173491	1	-	58.2	0.5	3094917120	16133431296	2058365205	1794681
ww_fastpOut_reads_R	BAKTA (ww_fastpOut_reads_R)	COMPLETED	0	195053	1	-	51.2	0.5	3043876864	16157417472	2058641127	1794660
ww_fastpOut_reads_R	BAKTA (ww_fastpOut_reads_R)	COMPLETED	0	191076	1	-	53.7	0.5	3094556672	117702336512	2058957979	1797133
ww_fastpOut_reads_R	BAKTA (ww_fastpOut_reads_R)	COMPLETED	0	213896	1	-	48.3	0.5	3044179968	17381486592	2058551513	1797262
ww_fastpOut_reads_R	BAKTA (ww_fastpOut_reads_R)	COMPLETED	0	177523	1	-	56.0	0.5	3033288704	16132411392	2058926735	1796957
ww_fastpOut_reads_R	BAKTA (ww_fastpOut_reads_R)	COMPLETED	0	185989	1	-	54.4	0.5	3081293824	25731846144	2058628149	1789076
ww_fastpOut_reads_R	BAKTA (ww_fastpOut_reads_R)	COMPLETED	0	219176	1	-	47.5	0.5	3070291968	16237330432	2058440838	1795128
ww_fastpOut_reads_R	BAKTA (ww_fastpOut_reads_R)	COMPLETED	0	171998	1	-	57.3	0.5	3044929536	16091824128	2058372960	1788701
ww_fastpOut_reads_R	BAKTA (ww_fastpOut_reads_R)	COMPLETED	0	213136	1	-	48.9	0.5	3074564096	16141991936	2058424735	1796682
ww_fastpOut_reads_R	BAKTA (ww_fastpOut_reads_R)	COMPLETED	0	205690	1	-	46.8	0.5	3017703424	59158896640	2056837807	1753832
ww_fastpOut_reads_R	BAKTA (ww_fastpOut_reads_R)	COMPLETED	0	174320	1	-	54.1	0.5	3039735808	15417815040	2056931618	1753413
ww_fastpOut_reads_R	BAKTA (ww_fastpOut_reads_R)	COMPLETED	0	190783	1	-	52.4	0.5	3016040448	16102547456	2058016335	1794848
ww_fastpOut_reads_R	BAKTA (ww_fastpOut_reads_R)	COMPLETED	0	173364	1	-	57.8	0.5	3071913984	17401176064	2058648903	1794941
ww_fastpOut_reads_R	BAKTA (ww_fastpOut_reads_R)	COMPLETED	0	172207	1	-	58.5	0.5	3016454144	17333637120	2058312102	1789047
ww_fastpOut_reads_R	BAKTA (ww_fastpOut_reads_R)	COMPLETED	0	203823	1	-	45.8	0.5	3042435072	15409319936	2057145155	1753563
ww_fastpOut_reads_R	BAKTA (ww_fastpOut_reads_R)	COMPLETED	0	229604	1	-	44.0	0.5	3056549888	16224665600	2058978005	1796743
ww_fastpOut_reads_R	BAKTA (ww_fastpOut_reads_R)	COMPLETED	0	190318	1	-	54.2	0.5	3018141696	16073777152	2058961108	1796550
ww_fastpOut_reads_R	BAKTA (ww_fastpOut_reads_R)	COMPLETED	0	193489	1	-	52.4	0.5	3040186368	16140931072	2058489687	1789150
ww_fastpOut_reads_R	BAKTA (ww_fastpOut_reads_R)	COMPLETED	0	169519	1	-	58.9	0.5	3015307264	16093605888	2058545710	1788645
ww_fastpOut_reads_R	BAKTA (ww_fastpOut_reads_R)	COMPLETED	0	155763	1	-	63.6	0.5	3022901248	16067166208	2058016705	1788752
ww_fastpOut_reads_R	BAKTA (ww_fastpOut_reads_R)	COMPLETED	0	179329	1	-	57.8	0.5	3040636928	16086441984	2057834048	1794367
ww_fastpOut_reads_R	BAKTA (ww_fastpOut_reads_R)	COMPLETED	0	173306	1	-	58.1	0.5	3038810112	16140881920	2058721589	1794166
ww_fastpOut_reads_R	BAKTA (ww_fastpOut_reads_R)	COMPLETED	0	193736	1	-	52.2	0.5	3035922432	16076632064	2059023841	1793935
ww_fastpOut_reads_R	BAKTA (ww_fastpOut_reads_R)	COMPLETED	0	190732	1	-	53.5	0.5	3029970944	16134045696	2057275638	1789158
ww_fastpOut_reads_R	BAKTA (ww_fastpOut_reads_R)	COMPLETED	0	182215	1	-	54.9	0.5	3020726272	25753141248	2058782448	1796179
ww_fastpOut_reads_R	BAKTA (ww_fastpOut_reads_R)	COMPLETED	0	176771	1	-	53.3	0.5	3181989888	142720221184	2057190365	1753838
ww_fastpOut_reads_R	BAKTA (ww_fastpOut_reads_R)	COMPLETED	0	175466	1	-	57.0	0.5	3017809920	42433511424	2058301365	1794397
ww_fastpOut_reads_R	BAKTA (ww_fastpOut_reads_R)	COMPLETED	0	166151	1	-	60.2	0.5	3015467008	17385271296	2058803047	1794701
ww_fastpOut_reads_R	BAKTA (ww_fastpOut_reads_R)	COMPLETED	0	157335	1	-	64.5	0.5	3013959680	50769514496	2895812431	20792781
ww_fastpOut_reads_R	BAKTA (ww_fastpOut_reads_R)	COMPLETED	0	196895	1	-	50.9	0.5	3079639040	17385021440	2058830258	1794882
ww_fastpOut_reads_R	BAKTA (ww_fastpOut_reads_R)	COMPLETED	0	206241	1	-	50.4	0.5	3017908224	16077176832	2058802505	1796649
ww_fastpOut_reads_R	BAKTA (ww_fastpOut_reads_R)	COMPLETED	0	180163	1	-	55.6	0.5	3071176704	16179306496	2058216721	1794736
ww_fastpOut_reads_R	BAKTA (ww_fastpOut_reads_R)	COMPLETED	0	207657	1	-	48.3	0.5	3029798912	16071815168	2058232464	1788648
ww_fastpOut_reads_R	BAKTA (ww_fastpOut_reads_R)	COMPLETED	0	226588	1	-	41.5	0.5	3043401728	15350710272	2057478949	1752985
ww_fastpOut_reads_R	BAKTA (ww_fastpOut_reads_R)	COMPLETED	0	204798	1	-	49.2	0.5	3074138112	16243625984	2058181189	1794671
ww_fastpOut_reads_R	BAKTA (ww_fastpOut_reads_R)	COMPLETED	0	208027	1	-	48.9	0.5	3019530240	17326542848	2058059917	1795170
ww_fastpOut_reads_R	BAKTA (ww_fastpOut_reads_R)	COMPLETED	0	211300	1	-	47.4	0.5	3040993280	17396547584	2058201523	1794285
ww_fastpOut_reads_R	BAKTA (ww_fastpOut_reads_R)	COMPLETED	0	187166	1	-	53.2	0.5	3027472384	16009433088	2058920687	1796819
ww_fastpOut_reads_R	BAKTA (ww_fastpOut_reads_R)	COMPLETED	0	201123	1	-	50.7	0.5	3015049216	16006823936	2058457027	1797213
ww_fastpOut_reads_R	BAKTA (ww_fastpOut_reads_R)	COMPLETED	0	176123	1	-	58.4	0.5	3045003264	16032075776	2058921290	1797147
ww_fastpOut_reads_R	BAKTA (ww_fastpOut_reads_R)	COMPLETED	0	224454	1	-	44.3	0.5	3017203712	16109404160	2058949134	1796672
ww_fastpOut_reads_R	BAKTA (ww_fastpOut_reads_R)	COMPLETED	0	191371	1	-	52.2	0.5	3077169152	16111529984	2059237045	1794387
ww_fastpOut_reads_R	BAKTA (ww_fastpOut_reads_R)	COMPLETED	0	199698	1	-	51.0	0.5	3048194048	17395572736	2058603975	1795111
ww_fastpOut_reads_R	BAKTA (ww_fastpOut_reads_R)	COMPLETED	0	183753	1	-	54.2	0.5	3028795392	16071180288	2057840082	1789097
ww_fastpOut_reads_R	BAKTA (ww_fastpOut_reads_R)	COMPLETED	0	230380	1	-	41.7	0.5	3015348224	15404818432	2057119667	1753407
ww_fastpOut_reads_R	BAKTA (ww_fastpOut_reads_R)	COMPLETED	0	178186	1	-	52.2	0.5	3044761600	25766928384	2057409673	1753014
ww_fastpOut_reads_R	BAKTA (ww_fastpOut_reads_R)	COMPLETED	0	179220	1	-	51.7	0.5	3041591296	15019003904	2054486336	1421553
ww_fastpOut_reads_R	BAKTA (ww_fastpOut_reads_R)	COMPLETED	0	173059	1	-	53.7	0.5	3043397632	15346860032	2057159123	1752759
ww_fastpOut_reads_R	BAKTA (ww_fastpOut_reads_R)	COMPLETED	0	187844	1	-	52.7	0.5	3023171584	16125349888	2058162803	1788491
ww_fastpOut_reads_R	BAKTA (ww_fastpOut_reads_R)	COMPLETED	0	238204	1	-	42.8	0.5	3015225344	16120176640	2058589904	1788966
ww_fastpOut_reads_R	BAKTA (ww_fastpOut_reads_R)	COMPLETED	0	212058	1	-	47.0	0.5	3052326912	16215056384	2058899912	1794499
ww_fastpOut_reads_R	BAKTA (ww_fastpOut_reads_R)	COMPLETED	0	184341	1	-	54.4	0.5	3025973248	16132796416	2057969454	1795122
ww_fastpOut_reads_R	BAKTA (ww_fastpOut_reads_R)	COMPLETED	0	184924	1	-	53.4	0.5	3033112576	16132018176	2058113963	1794015
ww_fastpOut_reads_R	BAKTA (ww_fastpOut_reads_R)	COMPLETED	0	217793	1	-	45.9	0.5	3019042816	16192520192	2058157364	1789162
ww_fastpOut_reads_R	BAKTA (ww_fastpOut_reads_R)	COMPLETED	0	200253	1	-	49.6	0.5	3047329792	16215846912	2057865011	1788736
ww_fastpOut_reads_R	BAKTA (ww_fastpOut_reads_R)	COMPLETED	0	231492	1	-	44.4	0.5	3029229568	16095535104	2058285200	1789099
ww_fastpOut_reads_R	BAKTA (ww_fastpOut_reads_R)	COMPLETED	0	164193	1	-	59.3	0.5	3016044544	50754039808	2058046238	1794668
ww_fastpOut_reads_R	BAKTA (ww_fastpOut_reads_R)	COMPLETED	0	200121	1	-	50.7	0.5	3032633344	25711927296	2058426229	1795046
ww_fastpOut_reads_R	BAKTA (ww_fastpOut_reads_R)	COMPLETED	0	187300	1	-	49.0	0.5	3042103296	15342387200	2057041477	1758497
ww_fastpOut_reads_R	BAKTA (ww_fastpOut_reads_R)	COMPLETED	0	171314	1	-	58.1	0.5	3014983680	34072346624	2058328612	1800231
ww_fastpOut_reads_R	BAKTA (ww_fastpOut_reads_R)	COMPLETED	0	177096	1	-	57.1	0.5	3018477568	16060514304	2058458181	1794699
ww_fastpOut_reads_R	BAKTA (ww_fastpOut_reads_R)	COMPLETED	0	202845	1	-	49.3	0.5	3043635200	16043360256	2057877654	1788667
ww_fastpOut_reads_R	BAKTA (ww_fastpOut_reads_R)	COMPLETED	0	174183	1	-	56.8	0.4	3044200448	16199159808	2058522811	1799845
ww_fastpOut_reads_R	BAKTA (ww_fastpOut_reads_R)	COMPLETED	0	173696	1	-	52.2	0.5	3016720384	15088021504	2057064837	3039260
ww_fastpOut_reads_R	BAKTA (ww_fastpOut_reads_R)	COMPLETED	0	194750	1	-	52.4	0.5	3039473664	16213594112	2057821616	1794599
ww_fastpOut_reads_R	BAKTA (ww_fastpOut_reads_R)	COMPLETED	0	188971	1	-	52.9	0.5	3046342656	16016654336	2058024931	1795020
ww_fastpOut_reads_R	BAKTA (ww_fastpOut_reads_R)	COMPLETED	0	214979	1	-	46.0	0.5	3018969088	92497215488	2058646735	1794254
ww_fastpOut_reads_R	BAKTA (ww_fastpOut_reads_R)	COMPLETED	0	198345	1	-	50.2	0.5	3017777152	16119513088	2058292266	1800065
ww_fastpOut_reads_R	BAKTA (ww_fastpOut_reads_R)	COMPLETED	0	207776	1	-	49.5	0.5	3044413440	16068874240	2058474194	1796654
ww_fastpOut_reads_R	BAKTA (ww_fastpOut_reads_R)	COMPLETED	0	170719	1	-	58.4	0.5	3016704000	16001863680	2058204784	1794807
ww_fastpOut_reads_R	BAKTA (ww_fastpOut_reads_R)	COMPLETED	0	190823	1	-	52.4	0.5	3015659520	15991025664	2058843852	1802579
ww_fastpOut_reads_R	BAKTA (ww_fastpOut_reads_R)	COMPLETED	0	223903	1	-	41.7	0.5	3040878592	15282384896	2057119287	1752424
ww_fastpOut_reads_R	BAKTA (ww_fastpOut_reads_R)	COMPLETED	0	160663	1	-	55.4	0.5	3043901440	15230287872	2052275016	1266072
ww_fastpOut_reads_R	BAKTA (ww_fastpOut_reads_R)	COMPLETED	0	189236	1	-	46.1	0.5	3015364608	15005880320	2050029631	1400817
ww_fastpOut_reads_R	BAKTA (ww_fastpOut_reads_R)	COMPLETED	0	232953	1	-	42.9	0.5	3041595392	16069476352	2058972978	1800791
ww_fastpOut_reads_R	BAKTA (ww_fastpOut_reads_R)	COMPLETED	0	228831	1	-	44.3	0.5	3021398016	16056393728	2058412276	1802972
ww_fastpOut_reads_R	BAKTA (ww_fastpOut_reads_R)	COMPLETED	0	212161	1	-	48.1	0.5	3047206912	16148332544	2058303869	1800717
ww_fastpOut_reads_R	BAKTA (ww_fastpOut_reads_R)	COMPLETED	0	232742	1	-	44.2	0.5	3043000320	16145080320	2058306093	1795163
ww_fastpOut_reads_R	BAKTA (ww_fastpOut_reads_R)	COMPLETED	0	221502	1	-	47.3	0.5	3021856768	16070479872	2058304258	1794567
ww_fastpOut_reads_R	BAKTA (ww_fastpOut_reads_R)	COMPLETED	0	216454	1	-	47.6	0.5	3049246720	42424930304	2059011168	1802932
ww_fastpOut_reads_R	BAKTA (ww_fastpOut_reads_R)	COMPLETED	0	176474	1	-	58.0	0.5	3016740864	16006545408	2058035718	1800635
ww_fastpOut_reads_R	BAKTA (ww_fastpOut_reads_R)	COMPLETED	0	173845	1	-	56.9	0.5	3016142848	25687228416	2057796563	1795492
ww_fastpOut_reads_R	BAKTA (ww_fastpOut_reads_R)	COMPLETED	0	178335	1	-	55.1	0.5	3055890432	16161148928	2057705158	1795493
ww_fastpOut_reads_R	BAKTA (ww_fastpOut_reads_R)	COMPLETED	0	199540	1	-	49.5	0.5	3066454016	16236773376	2058997305	1794600
ww_fastpOut_reads_R	BAKTA (ww_fastpOut_reads_R)	COMPLETED	0	200512	1	-	51.1	0.5	3017990144	75781050368	2058372580	1797232
ww_fastpOut_reads_R	BAKTA (ww_fastpOut_reads_R)	COMPLETED	0	210374	1	-	48.1	0.5	3064877056	50751209472	2058707619	1795209
ww_fastpOut_reads_R	BAKTA (ww_fastpOut_reads_R)	COMPLETED	0	213259	1	-	47.6	0.5	3028226048	16202772480	2058728285	1800373
ww_fastpOut_reads_R	BAKTA (ww_fastpOut_reads_R)	COMPLETED	0	182896	1	-	54.5	0.5	3044835328	17385381888	2057907059	1794066
ww_fastpOut_reads_R	BAKTA (ww_fastpOut_reads_R)	COMPLETED	0	176818	1	-	55.8	0.5	3031879680	16066711552	2057930335	1789638
ww_fastpOut_reads_R	BAKTA (ww_fastpOut_reads_R)	COMPLETED	0	178786	1	-	56.3	0.5	3050688512	17326583808	2058274870	1788189
ww_fastpOut_reads_R	BAKTA (ww_fastpOut_reads_R)	COMPLETED	0	194550	1	-	51.2	0.5	3017932800	16000704512	2058222689	1789246
ww_fastpOut_reads_R	BAKTA (ww_fastpOut_reads_R)	COMPLETED	0	198511	1	-	50.4	0.5	3042643968	16216039424	2057923359	1794416
ww_fastpOut_reads_R	BAKTA (ww_fastpOut_reads_R)	COMPLETED	0	197942	1	-	50.4	0.5	3041378304	67414315008	2057905553	1788711
ww_fastpOut_reads_R	BAKTA (ww_fastpOut_reads_R)	COMPLETED	0	168017	1	-	54.8	0.5	3042783232	15413972992	2057573523	1752307
ww_fastpOut_reads_R	BAKTA (ww_fastpOut_reads_R)	COMPLETED	0	184321	1	-	54.5	0.5	3035725824	42357817344	2058319194	1788591
ww_fastpOut_reads_R	BAKTA (ww_fastpOut_reads_R)	COMPLETED	0	136263	1	-	65.4	0.5	3044458496	15322611712	2470385222	18698165
ww_fastpOut_reads_R	BAKTA (ww_fastpOut_reads_R)	COMPLETED	0	181910	1	-	54.5	0.5	3064188928	16161677312	2057842461	1794654
ww_fastpOut_reads_R	BAKTA (ww_fastpOut_reads_R)	COMPLETED	0	209215	1	-	49.1	0.5	3034718208	16142839808	2057951547	1789574
ww_fastpOut_reads_R	BAKTA (ww_fastpOut_reads_R)	COMPLETED	0	163529	1	-	61.5	0.3	3023007744	16126423040	2058017890	1800098
ww_fastpOut_reads_R	BAKTA (ww_fastpOut_reads_R)	COMPLETED	0	183270	1	-	53.5	0.5	3018354688	75918012416	2057637733	1789084
ww_fastpOut_reads_R	BAKTA (ww_fastpOut_reads_R)	COMPLETED	0	250072	1	-	41.8	0.5	3029323776	16070631424	2058324388	1802593
ww_fastpOut_reads_R	BAKTA (ww_fastpOut_reads_R)	COMPLETED	0	189605	1	-	53.7	0.5	3017588736	16013348864	2058336899	1794693
ww_fastpOut_reads_R	BAKTA (ww_fastpOut_reads_R)	COMPLETED	0	164094	1	-	60.1	0.5	3044638720	16084611072	2058092478	1794954
ww_fastpOut_reads_R	BAKTA (ww_fastpOut_reads_R)	COMPLETED	0	208808	1	-	49.1	0.5	3044458496	50720280576	2058302660	1802525
ww_fastpOut_reads_R	BAKTA (ww_fastpOut_reads_R)	COMPLETED	0	154992	1	-	60.8	0.5	3015221248	15348494336	2056676771	1753373
ww_fastpOut_reads_R	BAKTA (ww_fastpOut_reads_R)	COMPLETED	0	190916	1	-	49.5	0.5	3041226752	17333563392	2058040909	1758363
ww_fastpOut_reads_R	BAKTA (ww_fastpOut_reads_R)	COMPLETED	0	180769	1	-	56.7	0.5	3036123136	17385234432	2058375522	1796322
ww_fastpOut_reads_R	BAKTA (ww_fastpOut_reads_R)	COMPLETED	0	169783	1	-	58.8	0.5	3015864320	16080842752	2058749408	1794976
ww_fastpOut_reads_R	BAKTA (ww_fastpOut_reads_R)	COMPLETED	0	203457	1	-	50.5	0.5	3190325248	142573297664	2058163954	1803095
ww_fastpOut_reads_R	BAKTA (ww_fastpOut_reads_R)	COMPLETED	0	218706	1	-	46.4	0.5	3036098560	16211259392	2058526692	1794048
ww_fastpOut_reads_R	BAKTA (ww_fastpOut_reads_R)	COMPLETED	0	164156	1	-	61.1	0.5	3062525952	25721810944	2058275728	1794737
ww_fastpOut_reads_R	BAKTA (ww_fastpOut_reads_R)	COMPLETED	0	202200	1	-	49.8	0.5	3017117696	16191528960	2057854327	1800437
ww_fastpOut_reads_R	BAKTA (ww_fastpOut_reads_R)	COMPLETED	0	175482	1	-	57.6	0.5	3015708672	16123957248	2057781815	1794943
ww_fastpOut_reads_R	BAKTA (ww_fastpOut_reads_R)	COMPLETED	0	191872	1	-	53.6	0.5	3057582080	16158285824	2058293082	1800965
ww_fastpOut_reads_R	BAKTA (ww_fastpOut_reads_R)	COMPLETED	0	196935	1	-	50.3	0.5	3035492352	16139046912	2058074869	1794602
ww_fastpOut_reads_R	BAKTA (ww_fastpOut_reads_R)	COMPLETED	0	188922	1	-	54.8	0.5	3041120256	16020844544	2058702838	1794759
ww_fastpOut_reads_R	BAKTA (ww_fastpOut_reads_R)	COMPLETED	0	179052	1	-	56.4	0.5	3046715392	16084598784	2058502761	1796736
ww_fastpOut_reads_R	BAKTA (ww_fastpOut_reads_R)	COMPLETED	0	184176	1	-	54.9	0.5	3014811648	16054132736	2058693016	1794469
ww_fastpOut_reads_R	BAKTA (ww_fastpOut_reads_R)	COMPLETED	0	180959	1	-	55.6	0.5	3016429568	16059674624	2058267607	1795483
ww_fastpOut_reads_R	BAKTA (ww_fastpOut_reads_R)	COMPLETED	0	194020	1	-	53.2	0.5	3041595392	16085942272	2058257186	1802614
ww_fastpOut_reads_R	BAKTA (ww_fastpOut_reads_R)	COMPLETED	0	198934	1	-	50.3	0.5	3028086784	16073273344	2058506726	1800416
ww_fastpOut_reads_R	BAKTA (ww_fastpOut_reads_R)	COMPLETED	0	195079	1	-	51.5	0.5	3015274496	16073842688	2057957417	1795031
ww_fastpOut_reads_R	BAKTA (ww_fastpOut_reads_R)	COMPLETED	0	173885	1	-	57.5	0.5	3020460032	16061407232	2057531292	1795581
ww_fastpOut_reads_R	BAKTA (ww_fastpOut_reads_R)	COMPLETED	0	192255	1	-	52.2	0.5	3046944768	16147746816	2058366876	1794486
ww_fastpOut_reads_R	BAKTA (ww_fastpOut_reads_R)	COMPLETED	0	200316	1	-	51.1	0.5	3036311552	16140943360	2058267129	1795478
ww_fastpOut_reads_R	BAKTA (ww_fastpOut_reads_R)	COMPLETED	0	183370	1	-	53.0	0.5	3045081088	15473786880	2057031252	1758855
ww_fastpOut_reads_R	BAKTA (ww_fastpOut_reads_R)	COMPLETED	0	189890	1	-	53.7	0.5	3019980800	15991189504	2059079449	1802421
ww_fastpOut_reads_R	BAKTA (ww_fastpOut_reads_R)	COMPLETED	0	177051	1	-	57.9	0.5	3040366592	42376024064	2058183270	1800610
ww_fastpOut_reads_R	BAKTA (ww_fastpOut_reads_R)	COMPLETED	0	194403	1	-	52.8	0.5	3015516160	16186482688	2057916801	1800566
ww_fastpOut_reads_R	BAKTA (ww_fastpOut_reads_R)	COMPLETED	0	192236	1	-	52.2	0.5	3031433216	16079249408	2057970680	1795046
ww_fastpOut_reads_R	BAKTA (ww_fastpOut_reads_R)	COMPLETED	0	175396	1	-	57.6	0.5	3040759808	16122097664	2057900361	1800216
ww_fastpOut_reads_R	BAKTA (ww_fastpOut_reads_R)	COMPLETED	0	199632	1	-	50.5	0.5	3016003584	34070523904	2057801456	1794462
ww_fastpOut_reads_R	BAKTA (ww_fastpOut_reads_R)	COMPLETED	0	192889	1	-	51.7	0.5	3014299648	17385332736	2058596930	1800731
ww_fastpOut_reads_R	BAKTA (ww_fastpOut_reads_R)	COMPLETED	0	202684	1	-	49.5	0.5	3017515008	16186609664	2058547067	1802084
ww_fastpOut_reads_R	BAKTA (ww_fastpOut_reads_R)	COMPLETED	0	201760	1	-	50.8	0.5	3013791744	16054513664	2058511510	1801209
ww_fastpOut_reads_R	BAKTA (ww_fastpOut_reads_R)	COMPLETED	0	188467	1	-	53.1	0.5	3013001216	16054513664	2058415329	1800527
ww_fastpOut_reads_R	BAKTA (ww_fastpOut_reads_R)	COMPLETED	0	184035	1	-	54.7	0.5	3021942784	50796662784	2058100202	1794947
ww_fastpOut_reads_R	BAKTA (ww_fastpOut_reads_R)	COMPLETED	0	197521	1	-	48.7	0.5	3042238464	100771713024	2057912151	1760932
ww_fastpOut_reads_R	BAKTA (ww_fastpOut_reads_R)	COMPLETED	0	204864	1	-	50.7	0.5	3017101312	16068554752	2058721644	1800933
ww_fastpOut_reads_R	BAKTA (ww_fastpOut_reads_R)	COMPLETED	0	197192	1	-	51.0	0.5	3043737600	17404329984	2057497744	1795067
ww_fastpOut_reads_R	BAKTA (ww_fastpOut_reads_R)	COMPLETED	0	197528	1	-	50.0	0.5	3016671232	15998251008	2057911852	1795089
ww_fastpOut_reads_R	BAKTA (ww_fastpOut_reads_R)	COMPLETED	0	200208	1	-	49.4	0.5	3014561792	16058572800	2057779832	1794496
ww_fastpOut_reads_R	BAKTA (ww_fastpOut_reads_R)	COMPLETED	0	214636	1	-	44.5	0.5	3015692288	15471992832	2057524473	1759286
ww_fastpOut_reads_R	BAKTA (ww_fastpOut_reads_R)	COMPLETED	0	185401	1	-	55.0	0.5	3031613440	17384644608	2058044338	1795017
ww_fastpOut_reads_R	BAKTA (ww_fastpOut_reads_R)	COMPLETED	0	235164	1	-	43.5	0.5	3017900032	16042090496	2057657008	1801129
ww_fastpOut_reads_R	BAKTA (ww_fastpOut_reads_R)	COMPLETED	0	166941	1	-	60.2	0.5	3016810496	17372237824	2059009138	1799897
ww_fastpOut_reads_R	BAKTA (ww_fastpOut_reads_R)	COMPLETED	0	197972	1	-	47.0	0.5	3019190272	15393996800	2057454722	1758144
ww_fastpOut_reads_R	BAKTA (ww_fastpOut_reads_R)	COMPLETED	0	148554	1	-	63.7	0.5	3041685504	15484317696	2471318696	18725834
ww_fastpOut_reads_R	BAKTA (ww_fastpOut_reads_R)	COMPLETED	0	202203	1	-	49.7	0.5	3042258944	16219906048	2058034837	1794649
ww_fastpOut_reads_R	BAKTA (ww_fastpOut_reads_R)	COMPLETED	0	199510	1	-	52.5	0.5	3026927616	16191066112	2058837194	1800489
ww_fastpOut_reads_R	BAKTA (ww_fastpOut_reads_R)	COMPLETED	0	190427	1	-	52.7	0.5	3013513216	16057303040	2058378557	1800837
ww_fastpOut_reads_R	BAKTA (ww_fastpOut_reads_R)	COMPLETED	0	196965	1	-	50.8	0.5	3017367552	16190341120	2058347014	1800713
ww_fastpOut_reads_R	BAKTA (ww_fastpOut_reads_R)	COMPLETED	0	190066	1	-	52.4	0.5	3047784448	84226166784	2058806784	1794597
ww_fastpOut_reads_R	BAKTA (ww_fastpOut_reads_R)	COMPLETED	0	195676	1	-	52.1	0.5	3022946304	17395204096	2058360857	1801054
ww_fastpOut_reads_R	BAKTA (ww_fastpOut_reads_R)	COMPLETED	0	215157	1	-	46.7	0.5	3016232960	16062791680	2058286132	1800189
ww_fastpOut_reads_R	BAKTA (ww_fastpOut_reads_R)	COMPLETED	0	200099	1	-	50.0	0.5	3018526720	25667874816	2058567064	1802071
ww_fastpOut_reads_R	BAKTA (ww_fastpOut_reads_R)	COMPLETED	0	208137	1	-	48.3	0.5	3018502144	16060190720	2058361035	1800620
ww_fastpOut_reads_R	BAKTA (ww_fastpOut_reads_R)	COMPLETED	0	184214	1	-	53.4	0.5	3016499200	16068116480	2057587686	1794696
ww_fastpOut_reads_R	BAKTA (ww_fastpOut_reads_R)	COMPLETED	0	136752	1	-	75.8	0.5	3020660736	15059496960	3074844377	24939089
ww_fastpOut_reads_R	BAKTA (ww_fastpOut_reads_R)	COMPLETED	0	208176	1	-	48.9	0.5	3018633216	16124284928	2057920313	1802623
ww_fastpOut_reads_R	BAKTA (ww_fastpOut_reads_R)	COMPLETED	0	202130	1	-	48.5	0.5	3012677632	15273095168	2057285388	1758687
ww_fastpOut_reads_R	BAKTA (ww_fastpOut_reads_R)	COMPLETED	0	222054	1	-	45.2	0.5	3043860480	16146845696	2057628694	1794452
ww_fastpOut_reads_R	BAKTA (ww_fastpOut_reads_R)	COMPLETED	0	206528	1	-	48.9	0.5	3041570816	16145260544	2058007068	1800707
ww_fastpOut_reads_R	BAKTA (ww_fastpOut_reads_R)	COMPLETED	0	174882	1	-	50.0	0.5	3044777984	33986236416	1724874905	3113525
ww_fastpOut_reads_R	BAKTA (ww_fastpOut_reads_R)	COMPLETED	0	178289	1	-	52.6	0.4	3041144832	15274471424	2057445430	1760489
ww_fastpOut_reads_R	BAKTA (ww_fastpOut_reads_R)	COMPLETED	0	181428	1	-	54.8	0.5	3017543680	16108683264	2058008478	1795023
ww_fastpOut_reads_R	BAKTA (ww_fastpOut_reads_R)	COMPLETED	0	187411	1	-	53.2	0.5	3017347072	16175796224	2058212034	1794597
ww_fastpOut_reads_R	BAKTA (ww_fastpOut_reads_R)	COMPLETED	0	195390	1	-	52.7	0.5	3039297536	25726210048	2058108354	1803001
ww_fastpOut_reads_R	BAKTA (ww_fastpOut_reads_R)	COMPLETED	0	191641	1	-	51.6	0.5	3016351744	16037519360	2058303891	1799882
ww_fastpOut_reads_R	BAKTA (ww_fastpOut_reads_R)	COMPLETED	0	200394	1	-	49.5	0.5	3017736192	16047235072	2057931530	1795539
ww_fastpOut_reads_R	BAKTA (ww_fastpOut_reads_R)	COMPLETED	0	219818	1	-	45.3	0.5	3022708736	16008237056	2057863055	1800617
ww_fastpOut_reads_R	BAKTA (ww_fastpOut_reads_R)	COMPLETED	0	198867	1	-	51.5	0.5	3041169408	15984832512	2058129508	1802226
ww_fastpOut_reads_R	BAKTA (ww_fastpOut_reads_R)	COMPLETED	0	216869	1	-	46.7	0.5	3013152768	16037392384	2057871061	1800330
ww_fastpOut_reads_R	BAKTA (ww_fastpOut_reads_R)	COMPLETED	0	209959	1	-	46.1	0.5	3043057664	92400500736	2057789432	1758956
ww_fastpOut_reads_R	BAKTA (ww_fastpOut_reads_R)	COMPLETED	0	178453	1	-	55.2	0.5	3049754624	16084074496	2057584673	1795084
ww_fastpOut_reads_R	BAKTA (ww_fastpOut_reads_R)	COMPLETED	0	186481	1	-	52.7	0.5	3019898880	16192225280	2058130621	1795118
ww_fastpOut_reads_R	BAKTA (ww_fastpOut_reads_R)	COMPLETED	0	208141	1	-	49.2	0.5	3022864384	16065376256	2057895458	1795121
ww_fastpOut_reads_R	BAKTA (ww_fastpOut_reads_R)	COMPLETED	0	185571	1	-	54.0	0.5	3018715136	16052346880	2057960237	1794090
ww_fastpOut_reads_R	BAKTA (ww_fastpOut_reads_R)	COMPLETED	0	214313	1	-	47.9	0.5	3042947072	25732616192	2058242937	1800771
ww_fastpOut_reads_R	BAKTA (ww_fastpOut_reads_R)	COMPLETED	0	174698	1	-	56.3	0.5	3017871360	16058003456	2058019205	1794684
ww_fastpOut_reads_R	BAKTA (ww_fastpOut_reads_R)	COMPLETED	0	215284	1	-	46.2	0.5	3048124416	59222360064	2057836961	1800509
ww_fastpOut_reads_R	BAKTA (ww_fastpOut_reads_R)	COMPLETED	0	212985	1	-	45.1	0.5	3039002624	15484678144	2058077408	1759093
ww_fastpOut_reads_R	BAKTA (ww_fastpOut_reads_R)	COMPLETED	0	193508	1	-	52.5	0.5	3016601600	16039845888	2058437942	1800273
ww_fastpOut_reads_R	BAKTA (ww_fastpOut_reads_R)	COMPLETED	0	191597	1	-	52.7	0.5	3014131712	15992115200	2058324572	1801044
ww_fastpOut_reads_R	BAKTA (ww_fastpOut_reads_R)	COMPLETED	0	184519	1	-	46.6	0.5	3037294592	15481769984	2043269031	1121966
ww_fastpOut_reads_R	BAKTA (ww_fastpOut_reads_R)	COMPLETED	0	204495	1	-	49.1	0.5	3016249344	50760544256	2057769090	1794675
ww_fastpOut_reads_R	BAKTA (ww_fastpOut_reads_R)	COMPLETED	0	213153	1	-	47.8	0.5	3013169152	50772267008	2058022029	1799912
ww_fastpOut_reads_R	BAKTA (ww_fastpOut_reads_R)	COMPLETED	0	181357	1	-	56.5	0.5	3017043968	16174202880	2059152127	1802519
ww_fastpOut_reads_R	BAKTA (ww_fastpOut_reads_R)	COMPLETED	0	191485	1	-	47.3	0.5	3044110336	15245148160	2055861197	1618864
ww_fastpOut_reads_R	BAKTA (ww_fastpOut_reads_R)	COMPLETED	0	195853	1	-	51.2	0.5	3050192896	16150188032	2058615114	1795753
ww_fastpOut_reads_R	BAKTA (ww_fastpOut_reads_R)	COMPLETED	0	181413	1	-	56.1	0.5	3015028736	59135815680	2058552543	1803086
ww_fastpOut_reads_R	BAKTA (ww_fastpOut_reads_R)	COMPLETED	0	191311	1	-	53.0	0.5	3042791424	16054788096	2058441048	1800871
ww_fastpOut_reads_R	BAKTA (ww_fastpOut_reads_R)	COMPLETED	0	189244	1	-	52.3	0.5	3051712512	17384579072	2058280189	1794267
ww_fastpOut_reads_R	BAKTA (ww_fastpOut_reads_R)	COMPLETED	0	211840	1	-	47.0	0.5	3018317824	16039845888	2058594347	1802099
ww_fastpOut_reads_R	BAKTA (ww_fastpOut_reads_R)	COMPLETED	0	212415	1	-	46.8	0.5	3022610432	109161574400	2058256996	1795385
ww_fastpOut_reads_R	BAKTA (ww_fastpOut_reads_R)	COMPLETED	0	194510	1	-	52.7	0.5	3018887168	17400897536	2058858155	1802706
ww_fastpOut_reads_R	BAKTA (ww_fastpOut_reads_R)	COMPLETED	0	189355	1	-	52.2	0.5	3028688896	16079822848	2057905310	1794931
ww_fastpOut_reads_R	BAKTA (ww_fastpOut_reads_R)	COMPLETED	0	187346	1	-	53.5	0.5	3018039296	25753853952	2058363880	1800540
ww_fastpOut_reads_R	BAKTA (ww_fastpOut_reads_R)	COMPLETED	0	190564	1	-	52.0	0.5	3041169408	67394949120	2057927979	1800804
ww_fastpOut_reads_R	BAKTA (ww_fastpOut_reads_R)	COMPLETED	0	184880	1	-	53.8	0.5	3085520896	17398255616	2058483810	1795267
ww_fastpOut_reads_R	BAKTA (ww_fastpOut_reads_R)	COMPLETED	0	203526	1	-	48.6	0.5	3058442240	16164405248	2058057793	1795259
ww_fastpOut_reads_R	BAKTA (ww_fastpOut_reads_R)	COMPLETED	0	196251	1	-	50.1	0.5	3041288192	16121737216	2058549516	1800728
ww_fastpOut_reads_R	BAKTA (ww_fastpOut_reads_R)	COMPLETED	0	182767	1	-	55.5	0.5	3024842752	16062414848	2058684120	1803104
ww_fastpOut_reads_R	BAKTA (ww_fastpOut_reads_R)	COMPLETED	0	207163	1	-	49.0	0.5	3020980224	16128847872	2058966418	1800719
ww_fastpOut_reads_R	BAKTA (ww_fastpOut_reads_R)	COMPLETED	0	182458	1	-	54.9	0.5	3019505664	16128835584	2058575742	1802389
ww_fastpOut_reads_R	BAKTA (ww_fastpOut_reads_R)	COMPLETED	0	200156	1	-	50.8	0.5	3022032896	16063574016	2058697189	1802720
ww_fastpOut_reads_R	BAKTA (ww_fastpOut_reads_R)	COMPLETED	0	161217	1	-	62.7	0.5	3017424896	16056262656	2058708149	1800505
ww_fastpOut_reads_R	BAKTA (ww_fastpOut_reads_R)	COMPLETED	0	175732	1	-	57.0	0.5	3044421632	16203014144	2058003542	1802672
ww_fastpOut_reads_R	BAKTA (ww_fastpOut_reads_R)	COMPLETED	0	202825	1	-	45.8	0.5	3041931264	15413972992	2057152410	1751914
ww_fastpOut_reads_R	BAKTA (ww_fastpOut_reads_R)	COMPLETED	0	201928	1	-	50.4	0.5	3024707584	67509342208	2058180024	1801092
ww_fastpOut_reads_R	BAKTA (ww_fastpOut_reads_R)	COMPLETED	0	170047	1	-	59.0	0.5	3015716864	17326501888	2058322358	1800780
ww_fastpOut_reads_R	BAKTA (ww_fastpOut_reads_R)	COMPLETED	0	177425	1	-	56.4	0.5	3015098368	16111853568	2058085372	1795572
ww_fastpOut_reads_R	BAKTA (ww_fastpOut_reads_R)	COMPLETED	0	176744	1	-	49.7	0.5	3041353728	15264292864	1723058675	1466274
ww_fastpOut_reads_R	BAKTA (ww_fastpOut_reads_R)	COMPLETED	0	182788	1	-	54.1	0.5	3015622656	34016350208	2057647024	1795262
ww_fastpOut_reads_R	BAKTA (ww_fastpOut_reads_R)	COMPLETED	0	200116	1	-	49.6	0.5	3015520256	92513140736	2058620663	1794994
ww_fastpOut_reads_R	BAKTA (ww_fastpOut_reads_R)	COMPLETED	0	180048	1	-	54.9	0.5	3042398208	15361048576	2057976520	1761470
ww_fastpOut_reads_R	BAKTA (ww_fastpOut_reads_R)	COMPLETED	0	216869	1	-	44.9	0.5	3014529024	15337730048	2057418132	1761446
ww_fastpOut_reads_R	BAKTA (ww_fastpOut_reads_R)	COMPLETED	0	184900	1	-	54.5	0.5	3016249344	17380564992	2057492609	1795564
ww_fastpOut_reads_R	BAKTA (ww_fastpOut_reads_R)	COMPLETED	0	197264	1	-	50.2	0.5	3016896512	16060719104	2057403082	1795186
ww_fastpOut_reads_R	BAKTA (ww_fastpOut_reads_R)	COMPLETED	0	237258	1	-	45.1	0.5	3039879168	16199876608	2057788258	1801302
ww_fastpOut_reads_R	BAKTA (ww_fastpOut_reads_R)	COMPLETED	0	222923	1	-	45.2	0.5	3014193152	17343819776	2058766895	1802900
ww_fastpOut_reads_R	BAKTA (ww_fastpOut_reads_R)	COMPLETED	0	167937	1	-	60.6	0.5	3053346816	16084967424	2057832434	1795142
ww_fastpOut_reads_R	BAKTA (ww_fastpOut_reads_R)	COMPLETED	0	161426	1	-	61.8	0.5	3017428992	16123899904	2058492156	1794698
ww_fastpOut_reads_R	BAKTA (ww_fastpOut_reads_R)	COMPLETED	0	184934	1	-	55.2	0.5	3023089664	16129470464	2057797759	1794143
ww_fastpOut_reads_R	BAKTA (ww_fastpOut_reads_R)	COMPLETED	0	201635	1	-	49.8	0.5	3016425472	16076992512	2057604149	1795090
ww_fastpOut_reads_R	BAKTA (ww_fastpOut_reads_R)	COMPLETED	0	224210	1	-	41.7	0.4	3017465856	17307971584	1717425749	2938962
ww_fastpOut_reads_R	BAKTA (ww_fastpOut_reads_R)	COMPLETED	0	216452	1	-	46.6	0.5	3017187328	16161579008	2057390139	1795737
ww_fastpOut_reads_R	BAKTA (ww_fastpOut_reads_R)	COMPLETED	0	210614	1	-	48.3	0.5	3038736384	109196881920	2058009333	1795303
ww_fastpOut_reads_R	BAKTA (ww_fastpOut_reads_R)	COMPLETED	0	192846	1	-	51.4	0.5	3038707712	17385312256	2057849467	1794952
ww_fastpOut_reads_R	BAKTA (ww_fastpOut_reads_R)	COMPLETED	0	187031	1	-	53.5	0.5	3014897664	50775949312	2058344645	1800857
ww_fastpOut_reads_R	BAKTA (ww_fastpOut_reads_R)	COMPLETED	0	212658	1	-	48.3	0.5	3042295808	16190390272	2058171105	1795275
ww_fastpOut_reads_R	BAKTA (ww_fastpOut_reads_R)	COMPLETED	0	204549	1	-	51.1	0.5	3013500928	16171610112	2058726468	1802562
ww_fastpOut_reads_R	BAKTA (ww_fastpOut_reads_R)	COMPLETED	0	199175	1	-	45.5	0.5	3017068544	15117680640	2056239819	1448653
ww_fastpOut_reads_R	BAKTA (ww_fastpOut_reads_R)	COMPLETED	0	200766	1	-	50.1	0.5	3042586624	16053051392	2058706576	1800146
ww_fastpOut_reads_R	BAKTA (ww_fastpOut_reads_R)	COMPLETED	0	201829	1	-	50.7	0.5	3014152192	17382772736	2058149995	1795241
ww_fastpOut_reads_R	BAKTA (ww_fastpOut_reads_R)	COMPLETED	0	189382	1	-	52.3	0.5	3029299200	50805903360	2057699026	1794836
ww_fastpOut_reads_R	BAKTA (ww_fastpOut_reads_R)	COMPLETED	0	188233	1	-	54.1	0.5	3016749056	15977758720	2058172225	1803132
ww_fastpOut_reads_R	BAKTA (ww_fastpOut_reads_R)	COMPLETED	0	180376	1	-	55.0	0.5	3015729152	16055443456	2058298268	1800764
ww_fastpOut_reads_R	BAKTA (ww_fastpOut_reads_R)	COMPLETED	0	213105	1	-	48.5	0.5	3042869248	16052137984	2057898443	1801035
ww_fastpOut_reads_R	BAKTA (ww_fastpOut_reads_R)	COMPLETED	0	194615	1	-	52.9	0.5	3041226752	50767253504	2058384627	1800352
ww_fastpOut_reads_R	BAKTA (ww_fastpOut_reads_R)	COMPLETED	0	206714	1	-	49.5	0.5	3015000064	15966613504	2058196577	1802765
ww_fastpOut_reads_R	BAKTA (ww_fastpOut_reads_R)	COMPLETED	0	181869	1	-	51.8	0.5	3044745216	15350456320	2057025488	1761073
ww_fastpOut_reads_R	BAKTA (ww_fastpOut_reads_R)	COMPLETED	0	215639	1	-	42.3	0.4	3044462592	15078461440	2055847689	3025429
ww_fastpOut_reads_R	BAKTA (ww_fastpOut_reads_R)	COMPLETED	0	208299	1	-	47.5	0.4	3017699328	16173682688	2057998929	1802740
ww_fastpOut_reads_R	BAKTA (ww_fastpOut_reads_R)	COMPLETED	0	164713	1	-	60.6	0.5	3018588160	16043241472	2058072119	1800714
ww_fastpOut_reads_R	BAKTA (ww_fastpOut_reads_R)	COMPLETED	0	198424	1	-	50.8	0.5	3016110080	16046485504	2058685229	1801334
ww_fastpOut_reads_R	BAKTA (ww_fastpOut_reads_R)	COMPLETED	0	168207	1	-	59.0	0.5	3023532032	16194252800	2058263736	1795797
ww_fastpOut_reads_R	BAKTA (ww_fastpOut_reads_R)	COMPLETED	0	196506	1	-	50.5	0.5	3013533696	16055443456	2058387869	1802678
ww_fastpOut_reads_R	BAKTA (ww_fastpOut_reads_R)	COMPLETED	0	211453	1	-	48.8	0.5	3014688768	16154398720	2057959841	1802979
ww_fastpOut_reads_R	BAKTA (ww_fastpOut_reads_R)	COMPLETED	0	214867	1	-	48.3	0.5	3016544256	16025735168	2057952886	1800726
ww_fastpOut_reads_R	BAKTA (ww_fastpOut_reads_R)	COMPLETED	0	192348	1	-	52.1	0.5	3019284480	16110354432	2058287125	1801106
ww_fastpOut_reads_R	BAKTA (ww_fastpOut_reads_R)	COMPLETED	0	223653	1	-	42.2	0.5	3045093376	15361187840	2057554281	1758841
ww_fastpOut_reads_R	BAKTA (ww_fastpOut_reads_R)	COMPLETED	0	196447	1	-	51.4	0.5	3018145792	16122552320	2057803109	1800730
ww_fastpOut_reads_R	BAKTA (ww_fastpOut_reads_R)	COMPLETED	0	220189	1	-	44.8	0.5	3021619200	16197648384	2058080510	1794877
ww_fastpOut_reads_R	BAKTA (ww_fastpOut_reads_R)	COMPLETED	0	230908	1	-	44.1	0.5	3044139008	16070799360	2058190038	1803071
ww_fastpOut_reads_R	BAKTA (ww_fastpOut_reads_R)	COMPLETED	0	188479	1	-	53.3	0.5	3055116288	16032415744	2058123395	1795383
ww_fastpOut_reads_R	BAKTA (ww_fastpOut_reads_R)	COMPLETED	0	206035	1	-	49.1	0.5	3019235328	67553558528	2057794197	1795185
ww_fastpOut_reads_R	BAKTA (ww_fastpOut_reads_R)	COMPLETED	0	167474	1	-	56.4	0.4	3014922240	15348326400	2057330170	1761113
ww_fastpOut_reads_R	BAKTA (ww_fastpOut_reads_R)	COMPLETED	0	162387	1	-	58.5	0.5	3041632256	15295987712	2056859606	1759146
ww_fastpOut_reads_R	BAKTA (ww_fastpOut_reads_R)	COMPLETED	0	172994	1	-	57.2	0.5	3016896512	16047775744	2057194668	1795506
ww_fastpOut_reads_R	BAKTA (ww_fastpOut_reads_R)	COMPLETED	0	193106	1	-	51.6	0.5	3054284800	16155406336	2058523045	1794744
ww_fastpOut_reads_R	BAKTA (ww_fastpOut_reads_R)	COMPLETED	0	205143	1	-	49.7	0.5	3017269248	42424778752	2057569541	1800522
ww_fastpOut_reads_R	BAKTA (ww_fastpOut_reads_R)	COMPLETED	0	155055	1	-	63.1	0.5	3042897920	16074272768	2058357837	1800625
ww_fastpOut_reads_R	BAKTA (ww_fastpOut_reads_R)	COMPLETED	0	168105	1	-	59.1	0.5	3014205440	16008937472	2058044039	1795949
ww_fastpOut_reads_R	BAKTA (ww_fastpOut_reads_R)	COMPLETED	0	161707	1	-	61.0	0.5	3036098560	42472800256	2058397702	1795487
ww_fastpOut_reads_R	BAKTA (ww_fastpOut_reads_R)	COMPLETED	0	170595	1	-	58.1	0.5	3021664256	16195821568	2058624706	1800139
ww_fastpOut_reads_R	BAKTA (ww_fastpOut_reads_R)	COMPLETED	0	192728	1	-	53.3	0.5	3064496128	16172716032	2058667726	1794929
ww_fastpOut_reads_R	BAKTA (ww_fastpOut_reads_R)	COMPLETED	0	166653	1	-	55.9	0.5	3013083136	34016153600	2056697239	1753258
ww_fastpOut_reads_R	BAKTA (ww_fastpOut_reads_R)	COMPLETED	0	178781	1	-	56.8	0.5	3014975488	16053125120	2058722366	1801102
ww_fastpOut_reads_R	BAKTA (ww_fastpOut_reads_R)	COMPLETED	0	185993	1	-	54.0	0.5	3043389440	25744736256	2058835647	1800332
ww_fastpOut_reads_R	BAKTA (ww_fastpOut_reads_R)	COMPLETED	0	182079	1	-	54.4	0.5	3017707520	16121794560	2058247949	1800201
ww_fastpOut_reads_R	BAKTA (ww_fastpOut_reads_R)	COMPLETED	0	184788	1	-	55.5	0.5	3016032256	25754968064	2058870950	1802796
ww_fastpOut_reads_R	BAKTA (ww_fastpOut_reads_R)	COMPLETED	0	217409	1	-	45.3	0.5	3033255936	16145485824	2057549164	1794775
ww_fastpOut_reads_R	BAKTA (ww_fastpOut_reads_R)	COMPLETED	0	194580	1	-	52.6	0.5	3013681152	16116420608	2058561829	1800608
ww_fastpOut_reads_R	BAKTA (ww_fastpOut_reads_R)	COMPLETED	0	219045	1	-	45.7	0.5	3054407680	84206120960	2057644355	1795030
ww_fastpOut_reads_R	BAKTA (ww_fastpOut_reads_R)	COMPLETED	0	184044	1	-	55.3	0.5	3015188480	16120098816	2057890840	1800928
ww_fastpOut_reads_R	BAKTA (ww_fastpOut_reads_R)	COMPLETED	0	213458	1	-	47.1	0.5	3044368384	75818926080	2058254372	1801142
ww_fastpOut_reads_R	BAKTA (ww_fastpOut_reads_R)	COMPLETED	0	232219	1	-	44.2	0.5	3015176192	125893001216	2058613056	1803405
ww_fastpOut_reads_R	BAKTA (ww_fastpOut_reads_R)	COMPLETED	0	225189	1	-	44.4	0.5	3043176448	67496005632	2058031333	1759280
ww_fastpOut_reads_R	BAKTA (ww_fastpOut_reads_R)	COMPLETED	0	199361	1	-	49.8	0.5	3016499200	50791575552	2058578633	1801177
ww_fastpOut_reads_R	BAKTA (ww_fastpOut_reads_R)	COMPLETED	0	191562	1	-	48.9	0.4	3013689344	50735222784	2057581637	1752960
ww_fastpOut_reads_R	BAKTA (ww_fastpOut_reads_R)	COMPLETED	0	205874	1	-	50.5	0.4	3041411072	92468760576	2058289393	1801345
ww_fastpOut_reads_R	BAKTA (ww_fastpOut_reads_R)	COMPLETED	0	174290	1	-	56.7	0.5	3043528704	16058101760	2058162282	1801030
ww_fastpOut_reads_R	BAKTA (ww_fastpOut_reads_R)	COMPLETED	0	173866	1	-	58.7	0.5	3045294080	16212017152	2058801017	1800945
ww_fastpOut_reads_R	BAKTA (ww_fastpOut_reads_R)	COMPLETED	0	172213	1	-	57.9	0.5	3026219008	16077803520	2058370368	1802919
ww_fastpOut_reads_R	BAKTA (ww_fastpOut_reads_R)	COMPLETED	0	192308	1	-	53.3	0.5	3044360192	16212156416	2058567955	1803225
ww_fastpOut_reads_R	BAKTA (ww_fastpOut_reads_R)	COMPLETED	0	202739	1	-	51.0	0.5	3037356032	59108741120	2058880679	1800720
ww_fastpOut_reads_R	BAKTA (ww_fastpOut_reads_R)	COMPLETED	0	170406	1	-	55.2	0.5	3043545088	15428165632	2057232946	1758751
ww_fastpOut_reads_R	BAKTA (ww_fastpOut_reads_R)	COMPLETED	0	165142	1	-	59.9	0.5	3042439168	16177471488	2058539275	1800218
ww_fastpOut_reads_R	BAKTA (ww_fastpOut_reads_R)	COMPLETED	0	188683	1	-	53.6	0.5	3014656000	16032411648	2058051601	1795241
ww_fastpOut_reads_R	BAKTA (ww_fastpOut_reads_R)	COMPLETED	0	198924	1	-	50.3	0.5	3018395648	59043033088	2058243662	1800918
ww_fastpOut_reads_R	BAKTA (ww_fastpOut_reads_R)	COMPLETED	0	173840	1	-	57.4	0.5	3017310208	50693976064	2057841188	1795802
ww_fastpOut_reads_R	BAKTA (ww_fastpOut_reads_R)	COMPLETED	0	164388	1	-	61.7	0.5	3013926912	16087416832	2058283608	1801199
ww_fastpOut_reads_R	BAKTA (ww_fastpOut_reads_R)	COMPLETED	0	210298	1	-	48.1	0.5	3027992576	16134422528	2058102915	1801167
ww_fastpOut_reads_R	BAKTA (ww_fastpOut_reads_R)	COMPLETED	0	194402	1	-	53.0	0.5	3016192000	16027361280	2057728801	1795390
ww_fastpOut_reads_R	BAKTA (ww_fastpOut_reads_R)	COMPLETED	0	182950	1	-	57.3	0.5	3016052736	16030576640	2058802983	1800565
ww_fastpOut_reads_R	BAKTA (ww_fastpOut_reads_R)	COMPLETED	0	197501	1	-	51.5	0.5	3017748480	34018185216	2058270741	1800813
ww_fastpOut_reads_R	BAKTA (ww_fastpOut_reads_R)	COMPLETED	0	226092	1	-	45.3	0.5	3046354944	16214073344	2057733653	1801359
ww_fastpOut_reads_R	BAKTA (ww_fastpOut_reads_R)	COMPLETED	0	231808	1	-	45.0	0.5	3015593984	16104079360	2058113554	1794786
ww_fastpOut_reads_R	BAKTA (ww_fastpOut_reads_R)	COMPLETED	0	220080	1	-	47.2	0.5	3015507968	15989878784	2058353925	1794311
ww_fastpOut_reads_R	BAKTA (ww_fastpOut_reads_R)	COMPLETED	0	160008	1	-	62.9	0.5	3042660352	16059449344	2058286991	1800934
ww_fastpOut_reads_R	BAKTA (ww_fastpOut_reads_R)	COMPLETED	0	197838	1	-	49.7	0.5	3018797056	34120536064	2057790093	1800967
ww_fastpOut_reads_R	BAKTA (ww_fastpOut_reads_R)	COMPLETED	0	219892	1	-	46.4	0.5	3043475456	16043393024	2058365045	1802392
ww_fastpOut_reads_R	BAKTA (ww_fastpOut_reads_R)	COMPLETED	0	162355	1	-	54.6	0.5	3044835328	15460192256	1723326781	3110952
ww_fastpOut_reads_R	BAKTA (ww_fastpOut_reads_R)	COMPLETED	0	234685	1	-	44.6	0.5	3018780672	100973502464	2058037407	1801358
ww_fastpOut_reads_R	BAKTA (ww_fastpOut_reads_R)	COMPLETED	0	236587	1	-	43.9	0.5	3042033664	84130381824	2058411197	1803380
ww_fastpOut_reads_R	BAKTA (ww_fastpOut_reads_R)	COMPLETED	0	203304	1	-	51.1	0.5	3015544832	15979794432	2057869286	1803261
ww_fastpOut_reads_R	BAKTA (ww_fastpOut_reads_R)	COMPLETED	0	194856	1	-	47.9	0.5	3042009088	15350583296	2056640019	1752861
ww_fastpOut_reads_R	BAKTA (ww_fastpOut_reads_R)	COMPLETED	0	181325	1	-	55.4	0.5	3017650176	16043245568	2058812765	1802852
ww_fastpOut_reads_R	BAKTA (ww_fastpOut_reads_R)	COMPLETED	0	207504	1	-	48.5	0.5	3014803456	16047652864	2058380463	1795797
ww_fastpOut_reads_R	BAKTA (ww_fastpOut_reads_R)	COMPLETED	0	167716	1	-	61.6	0.5	3015380992	16113287168	2058892645	1803081
ww_fastpOut_reads_R	BAKTA (ww_fastpOut_reads_R)	COMPLETED	0	172372	1	-	58.7	0.5	3012595712	16049315840	2058907288	1800539
ww_fastpOut_reads_R	BAKTA (ww_fastpOut_reads_R)	COMPLETED	0	193323	1	-	51.9	0.5	3054481408	16093601792	2058088808	1795416
ww_fastpOut_reads_R	BAKTA (ww_fastpOut_reads_R)	COMPLETED	0	204668	1	-	48.9	0.5	3014905856	16116224000	2058364207	1795405
ww_fastpOut_reads_R	BAKTA (ww_fastpOut_reads_R)	COMPLETED	0	206738	1	-	49.0	0.5	3058216960	16153890816	2058639445	1794384
ww_fastpOut_reads_R	BAKTA (ww_fastpOut_reads_R)	COMPLETED	0	206341	1	-	48.4	0.5	3016310784	16116224000	2058192385	1794961
ww_fastpOut_reads_R	BAKTA (ww_fastpOut_reads_R)	COMPLETED	0	193908	1	-	52.2	0.5	3054714880	16157442048	2058006116	1795025
ww_fastpOut_reads_R	BAKTA (ww_fastpOut_reads_R)	COMPLETED	0	174605	1	-	54.2	0.5	3045097472	17362726912	2057439908	1753884
ww_fastpOut_reads_R	BAKTA (ww_fastpOut_reads_R)	COMPLETED	0	214061	1	-	46.5	0.5	3028418560	42429521920	2058257601	1795509
ww_fastpOut_reads_R	BAKTA (ww_fastpOut_reads_R)	COMPLETED	0	179348	1	-	55.6	0.5	3029237760	16139419648	2058678588	1801135
ww_fastpOut_reads_R	BAKTA (ww_fastpOut_reads_R)	COMPLETED	0	207188	1	-	49.0	0.5	3012530176	16051208192	2058859429	1802477
ww_fastpOut_reads_R	BAKTA (ww_fastpOut_reads_R)	COMPLETED	0	200716	1	-	51.4	0.5	3045519360	16214069248	2058495397	1803332
ww_fastpOut_reads_R	BAKTA (ww_fastpOut_reads_R)	COMPLETED	0	195763	1	-	50.8	0.5	3044384768	16031195136	2057335393	1795572
ww_fastpOut_reads_R	BAKTA (ww_fastpOut_reads_R)	COMPLETED	0	218254	1	-	47.4	0.5	3017134080	59192569856	2058891976	1803463
ww_fastpOut_reads_R	BAKTA (ww_fastpOut_reads_R)	COMPLETED	0	222192	1	-	46.0	0.5	3016953856	16118468608	2058663985	1800776
ww_fastpOut_reads_R	BAKTA (ww_fastpOut_reads_R)	COMPLETED	0	191721	1	-	52.0	0.4	3015331840	15972929536	2057424818	1795441
ww_fastpOut_reads_R	BAKTA (ww_fastpOut_reads_R)	COMPLETED	0	204340	1	-	48.7	0.5	3020718080	42470232064	2057504585	1795279
ww_fastpOut_reads_R	BAKTA (ww_fastpOut_reads_R)	COMPLETED	0	190052	1	-	51.4	0.5	3014656000	17324929024	2057627537	1794731
ww_fastpOut_reads_R	BAKTA (ww_fastpOut_reads_R)	COMPLETED	0	189475	1	-	48.3	0.5	3039719424	15325552640	2050786229	1508059
ww_fastpOut_reads_R	BAKTA (ww_fastpOut_reads_R)	COMPLETED	0	226996	1	-	45.8	0.5	3014086656	16109604864	2058422127	1801387
ww_fastpOut_reads_R	BAKTA (ww_fastpOut_reads_R)	COMPLETED	0	199098	1	-	50.7	0.5	3017920512	16081952768	2057886054	1795895
ww_fastpOut_reads_R	BAKTA (ww_fastpOut_reads_R)	COMPLETED	0	202179	1	-	45.9	0.5	3043086336	15431135232	2056827070	1753395
ww_fastpOut_reads_R	BAKTA (ww_fastpOut_reads_R)	COMPLETED	0	211062	1	-	46.8	0.5	3017224192	16152444928	2057817958	1794887
ww_fastpOut_reads_R	BAKTA (ww_fastpOut_reads_R)	COMPLETED	0	221671	1	-	40.0	0.5	3041423360	15258316800	2050683722	1508131
ww_fastpOut_reads_R	BAKTA (ww_fastpOut_reads_R)	COMPLETED	0	206142	1	-	48.9	0.5	3017134080	16037912576	2058247738	1795833
ww_fastpOut_reads_R	BAKTA (ww_fastpOut_reads_R)	COMPLETED	0	202283	1	-	43.9	0.5	3044229120	15191199744	2050905262	1508098
ww_fastpOut_reads_R	BAKTA (ww_fastpOut_reads_R)	COMPLETED	0	231512	1	-	42.8	0.5	3016228864	17333432320	2058408948	1794394
ww_fastpOut_reads_R	BAKTA (ww_fastpOut_reads_R)	COMPLETED	0	221228	1	-	45.3	0.5	3017121792	16186613760	2057856273	1795376
ww_fastpOut_reads_R	BAKTA (ww_fastpOut_reads_R)	COMPLETED	0	204145	1	-	46.8	0.5	3014057984	25663045632	2056466078	1753536
ww_fastpOut_reads_R	BAKTA (ww_fastpOut_reads_R)	COMPLETED	0	208729	1	-	53.8	1.0	5380739072	18514292736	2053286966	1684822
ww_fastpOut_reads_R	BAKTA (ww_fastpOut_reads_R)	COMPLETED	0	225342	1	-	45.3	0.5	3028389888	16134422528	2058565440	1803007
ww_fastpOut_reads_R	BAKTA (ww_fastpOut_reads_R)	COMPLETED	0	226009	1	-	52.0	1.0	5640437760	18811379712	2053454076	1684198
ww_fastpOut_reads_R	BAKTA (ww_fastpOut_reads_R)	COMPLETED	0	197065	1	-	50.6	0.5	3013722112	16018309120	2058479356	1800215
ww_fastpOut_reads_R	BAKTA (ww_fastpOut_reads_R)	COMPLETED	0	219362	1	-	47.3	0.5	3043823616	34130288640	2057261986	1795455
ww_fastpOut_reads_R	BAKTA (ww_fastpOut_reads_R)	COMPLETED	0	195007	1	-	57.9	1.0	5479051264	18648498176	2054123328	1684713
ww_fastpOut_reads_R	BAKTA (ww_fastpOut_reads_R)	COMPLETED	0	192517	1	-	51.1	0.5	3019341824	15956467712	2058164962	1800591
ww_fastpOut_reads_R	BAKTA (ww_fastpOut_reads_R)	COMPLETED	0	210789	1	-	55.2	0.7	3819884544	18525294592	2053219913	1685448
ww_fastpOut_reads_R	BAKTA (ww_fastpOut_reads_R)	COMPLETED	0	220235	1	-	45.6	0.5	3014787072	16033669120	2057711800	1794906
ww_fastpOut_reads_R	BAKTA (ww_fastpOut_reads_R)	COMPLETED	0	187229	1	-	61.3	1.0	5634125824	18683883520	2053727988	1684372
ww_fastpOut_reads_R	BAKTA (ww_fastpOut_reads_R)	COMPLETED	0	204166	1	-	56.0	1.0	5487624192	18527830016	2054161503	1685475
ww_fastpOut_reads_R	BAKTA (ww_fastpOut_reads_R)	COMPLETED	0	177393	1	-	49.8	0.4	3015901184	15245627392	2050992005	1508003
ww_fastpOut_reads_R	BAKTA (ww_fastpOut_reads_R)	COMPLETED	0	182736	1	-	47.9	0.5	3018399744	15249743872	2050750674	1508166
ww_fastpOut_reads_R	BAKTA (ww_fastpOut_reads_R)	COMPLETED	0	217919	1	-	46.0	0.5	3015983104	17330040832	2058288101	1801022
ww_fastpOut_reads_R	BAKTA (ww_fastpOut_reads_R)	COMPLETED	0	182013	1	-	63.9	0.8	5644951552	18744397824	2053485398	1684421
ww_fastpOut_reads_R	BAKTA (ww_fastpOut_reads_R)	COMPLETED	0	208703	1	-	54.7	1.0	5532594176	18645565440	2054371081	1684637
ww_fastpOut_reads_R	BAKTA (ww_fastpOut_reads_R)	COMPLETED	0	225235	1	-	49.8	1.0	5395386368	18447413248	2054169062	1685046
ww_fastpOut_reads_R	BAKTA (ww_fastpOut_reads_R)	COMPLETED	0	224056	1	-	50.7	1.0	5452091392	18569883648	2053435045	1684563
ww_fastpOut_reads_R	BAKTA (ww_fastpOut_reads_R)	COMPLETED	0	221553	1	-	47.3	0.5	3043164160	16165183488	2058821293	1800840
ww_fastpOut_reads_R	BAKTA (ww_fastpOut_reads_R)	COMPLETED	0	222918	1	-	44.8	0.5	3012980736	16186761216	2058251847	1795045
ww_fastpOut_reads_R	BAKTA (ww_fastpOut_reads_R)	COMPLETED	0	203363	1	-	55.0	0.9	5419356160	18517458944	2054236338	1685187
ww_fastpOut_reads_R	BAKTA (ww_fastpOut_reads_R)	COMPLETED	0	215762	1	-	48.2	0.5	3041603584	16048934912	2058720729	1803027
ww_fastpOut_reads_R	BAKTA (ww_fastpOut_reads_R)	COMPLETED	0	190988	1	-	49.1	0.5	3041968128	17333129216	2057581273	1752805
ww_fastpOut_reads_R	BAKTA (ww_fastpOut_reads_R)	COMPLETED	0	197488	1	-	45.8	0.5	3042721792	15191203840	2050677846	1508205
ww_fastpOut_reads_R	BAKTA (ww_fastpOut_reads_R)	COMPLETED	0	240349	1	-	47.1	1.0	5485654016	18659508224	2053546191	1685460
ww_fastpOut_reads_R	BAKTA (ww_fastpOut_reads_R)	COMPLETED	0	224741	1	-	44.2	0.5	3017474048	16089653248	2058066156	1800448
ww_fastpOut_reads_R	BAKTA (ww_fastpOut_reads_R)	COMPLETED	0	209580	1	-	43.0	0.5	3042516992	15191334912	2050870502	1508124
ww_fastpOut_reads_R	BAKTA (ww_fastpOut_reads_R)	COMPLETED	0	215871	1	-	42.6	0.5	3046031360	15362076672	2057080151	1753837
ww_fastpOut_reads_R	BAKTA (ww_fastpOut_reads_R)	COMPLETED	0	172614	1	-	50.3	0.5	3040260096	15125975040	2050393803	1508307
ww_fastpOut_reads_R	BAKTA (ww_fastpOut_reads_R)	COMPLETED	0	205527	1	-	43.8	0.5	3041406976	42422992896	2054895001	1423789
ww_fastpOut_reads_R	BAKTA (ww_fastpOut_reads_R)	COMPLETED	0	228184	1	-	46.4	0.5	3012734976	67399045120	2058580198	1802883
ww_fastpOut_reads_R	BAKTA (ww_fastpOut_reads_R)	COMPLETED	0	207881	1	-	55.2	1.0	5514571776	18623877120	2053834941	1684134
ww_fastpOut_reads_R	BAKTA (ww_fastpOut_reads_R)	COMPLETED	0	188247	1	-	52.9	0.5	3041091584	109178056704	2058484426	1801256
ww_fastpOut_reads_R	BAKTA (ww_fastpOut_reads_R)	COMPLETED	0	233245	1	-	44.9	0.5	3015737344	16087695360	2058700772	1802438
ww_fastpOut_reads_R	BAKTA (ww_fastpOut_reads_R)	COMPLETED	0	229420	1	-	50.7	1.0	5542326272	18636455936	2053387109	1684377
ww_fastpOut_reads_R	BAKTA (ww_fastpOut_reads_R)	COMPLETED	0	147764	1	-	85.9	0.8	4550062080	17713872896	3042583126	24643511
ww_fastpOut_reads_R	BAKTA (ww_fastpOut_reads_R)	COMPLETED	0	184746	1	-	61.5	1.0	5412741120	18500579328	2053035618	1684623
ww_fastpOut_reads_R	BAKTA (ww_fastpOut_reads_R)	COMPLETED	0	190002	1	-	45.2	0.4	3041542144	15182213120	1722817034	1449311
ww_fastpOut_reads_R	BAKTA (ww_fastpOut_reads_R)	COMPLETED	0	201906	1	-	55.9	1.0	5599608832	18701897728	2053647896	1685100
ww_fastpOut_reads_R	BAKTA (ww_fastpOut_reads_R)	COMPLETED	0	224958	1	-	41.9	0.5	3045683200	15498072064	2056819873	1752397
ww_fastpOut_reads_R	BAKTA (ww_fastpOut_reads_R)	COMPLETED	0	168387	1	-	66.8	1.0	5541548032	18645696512	2053620338	1684717
ww_fastpOut_reads_R	BAKTA (ww_fastpOut_reads_R)	COMPLETED	0	171725	1	-	65.9	0.9	5478047744	18515410944	2053441933	1684662
ww_fastpOut_reads_R	BAKTA (ww_fastpOut_reads_R)	COMPLETED	0	199399	1	-	51.0	0.5	3016290304	16079511552	2058209693	1801433
ww_fastpOut_reads_R	BAKTA (ww_fastpOut_reads_R)	COMPLETED	0	226054	1	-	50.1	0.9	5479362560	18587475968	2053608569	1685010
ww_fastpOut_reads_R	BAKTA (ww_fastpOut_reads_R)	COMPLETED	0	198196	1	-	50.7	0.5	3016511488	34029604864	2058902153	1803126
ww_fastpOut_reads_R	BAKTA (ww_fastpOut_reads_R)	COMPLETED	0	221570	1	-	52.1	0.9	5461172224	18634915840	2053555356	1684492
ww_fastpOut_reads_R	BAKTA (ww_fastpOut_reads_R)	COMPLETED	0	209172	1	-	54.4	0.9	5519314944	18623873024	2054137071	1684249
ww_fastpOut_reads_R	BAKTA (ww_fastpOut_reads_R)	COMPLETED	0	228295	1	-	45.5	0.5	3016945664	100983554048	2058182979	1803485
ww_fastpOut_reads_R	BAKTA (ww_fastpOut_reads_R)	COMPLETED	0	185307	1	-	62.0	0.9	5298675712	18383273984	2053287218	1685267
ww_fastpOut_reads_R	BAKTA (ww_fastpOut_reads_R)	COMPLETED	0	113387	1	-	90.7	0.5	3014496256	17388376064	2988573881	23171723
ww_fastpOut_reads_R	BAKTA (ww_fastpOut_reads_R)	COMPLETED	0	195439	1	-	50.6	0.5	3013545984	16032628736	2058147591	1801191
ww_fastpOut_reads_R	BAKTA (ww_fastpOut_reads_R)	COMPLETED	0	228312	1	-	49.2	1.0	5541650432	18645565440	2053498082	1684646
ww_fastpOut_reads_R	BAKTA (ww_fastpOut_reads_R)	COMPLETED	0	213275	1	-	46.4	0.5	3045707776	17394454528	2058976894	1800906
ww_fastpOut_reads_R	BAKTA (ww_fastpOut_reads_R)	COMPLETED	0	125960	1	-	82.7	0.5	3016298496	34041368576	2991095014	23282276
ww_fastpOut_reads_R	BAKTA (ww_fastpOut_reads_R)	COMPLETED	0	148735	1	-	83.8	0.8	4409290752	17444679680	3042222514	24640305
ww_fastpOut_reads_R	BAKTA (ww_fastpOut_reads_R)	COMPLETED	0	208303	1	-	55.4	0.5	3047755776	75800535040	3139417856	27090070
ww_fastpOut_reads_R	BAKTA (ww_fastpOut_reads_R)	COMPLETED	0	162904	1	-	61.1	0.5	3018604544	16038830080	2058915286	1800788
ww_fastpOut_reads_R	BAKTA (ww_fastpOut_reads_R)	COMPLETED	0	161987	1	-	54.2	0.5	3044708352	15191339008	2051147042	1508220
ww_fastpOut_reads_R	BAKTA (ww_fastpOut_reads_R)	COMPLETED	0	175740	1	-	64.0	0.9	5463597056	18634797056	2053362601	1684608
ww_fastpOut_reads_R	BAKTA (ww_fastpOut_reads_R)	COMPLETED	0	165981	1	-	61.5	0.5	3020279808	15242579968	2991324019	23291406
ww_fastpOut_reads_R	BAKTA (ww_fastpOut_reads_R)	COMPLETED	0	174109	1	-	75.5	0.8	4728225792	17727164416	3041769805	24656101
ww_fastpOut_reads_R	BAKTA (ww_fastpOut_reads_R)	COMPLETED	0	182300	1	-	62.4	0.8	5594607616	18703945728	2053160576	1685120
ww_fastpOut_reads_R	BAKTA (ww_fastpOut_reads_R)	COMPLETED	0	193921	1	-	52.7	0.5	3015147520	17330245632	2058861200	1803372
ww_fastpOut_reads_R	BAKTA (ww_fastpOut_reads_R)	COMPLETED	0	172171	1	-	66.9	0.5	3049095168	15289638912	3139354910	27072794
ww_fastpOut_reads_R	BAKTA (ww_fastpOut_reads_R)	COMPLETED	0	168993	1	-	52.2	0.4	3017637888	15245631488	2051117130	1508070
ww_fastpOut_reads_R	BAKTA (ww_fastpOut_reads_R)	COMPLETED	0	207220	1	-	43.9	0.5	3044102144	15125602304	2056852131	1448489
ww_fastpOut_reads_R	BAKTA (ww_fastpOut_reads_R)	COMPLETED	0	208112	1	-	45.9	0.5	3043880960	15429185536	2057215373	1753478
ww_fastpOut_reads_R	BAKTA (ww_fastpOut_reads_R)	COMPLETED	0	239204	1	-	41.2	0.5	3017646080	16076673024	2058484979	1800767
ww_fastpOut_reads_R	BAKTA (ww_fastpOut_reads_R)	COMPLETED	0	193554	1	-	65.0	0.7	4509196288	50725539840	3085684436	25639791
ww_fastpOut_reads_R	BAKTA (ww_fastpOut_reads_R)	COMPLETED	0	145204	1	-	74.0	0.4	3017183232	25732890624	3122346368	26069474
ww_fastpOut_reads_R	BAKTA (ww_fastpOut_reads_R)	COMPLETED	0	192135	1	-	58.8	0.9	5530451968	18690854912	2053770815	1684146
ww_fastpOut_reads_R	BAKTA (ww_fastpOut_reads_R)	COMPLETED	0	230936	1	-	38.4	0.5	3043561472	15191212032	2050253556	1508167
ww_fastpOut_reads_R	BAKTA (ww_fastpOut_reads_R)	COMPLETED	0	221922	1	-	45.5	0.5	3027341312	16201535488	2058261968	1800784
ww_fastpOut_reads_R	BAKTA (ww_fastpOut_reads_R)	COMPLETED	0	268690	1	-	42.6	1.0	5470613504	18648371200	2053631293	1684860
ww_fastpOut_reads_R	BAKTA (ww_fastpOut_reads_R)	COMPLETED	0	237141	1	-	48.0	1.0	5644832768	18744262656	2053105149	1684371
ww_fastpOut_reads_R	BAKTA (ww_fastpOut_reads_R)	COMPLETED	0	231603	1	-	40.1	0.5	3043164160	15024500736	2056424493	1599315
ww_fastpOut_reads_R	BAKTA (ww_fastpOut_reads_R)	COMPLETED	0	263161	1	-	38.4	0.5	3017342976	67452719104	2057595248	1801371
ww_fastpOut_reads_R	BAKTA (ww_fastpOut_reads_R)	COMPLETED	0	195870	1	-	66.9	0.5	3019624448	15585808384	3362278170	32306308
ww_fastpOut_reads_R	BAKTA (ww_fastpOut_reads_R)	COMPLETED	0	248889	1	-	37.8	0.5	3015876608	15192068096	2056319705	3038979
ww_fastpOut_reads_R	BAKTA (ww_fastpOut_reads_R)	COMPLETED	0	225497	1	-	50.0	1.0	5482651648	18580398080	2053499012	1684371
ww_fastpOut_reads_R	BAKTA (ww_fastpOut_reads_R)	COMPLETED	0	198427	1	-	42.6	0.5	3040960512	15444234240	2033048171	1101973
ww_fastpOut_reads_R	BAKTA (ww_fastpOut_reads_R)	COMPLETED	0	223015	1	-	41.0	0.5	3014860800	15312740352	2051145316	1507990
ww_fastpOut_reads_R	BAKTA (ww_fastpOut_reads_R)	COMPLETED	0	238818	1	-	49.3	1.0	5604061184	18768871424	2053357772	1685203
ww_fastpOut_reads_R	BAKTA (ww_fastpOut_reads_R)	COMPLETED	0	247661	1	-	70.9	0.5	3092832256	16184336384	3581806418	39949634
ww_fastpOut_reads_R	BAKTA (ww_fastpOut_reads_R)	COMPLETED	0	203097	1	-	43.4	0.5	3042168832	15127105536	2050791207	1508068
ww_fastpOut_reads_R	BAKTA (ww_fastpOut_reads_R)	COMPLETED	0	237854	1	-	73.4	0.5	3105808384	17387184128	3581768163	39949820
ww_fastpOut_reads_R	BAKTA (ww_fastpOut_reads_R)	COMPLETED	0	213196	1	-	53.1	1.0	5491851264	18530103296	2054092116	1685503
ww_fastpOut_reads_R	BAKTA (ww_fastpOut_reads_R)	COMPLETED	0	228181	1	-	44.9	0.5	3047006208	15678267392	2066276633	1749242
ww_fastpOut_reads_R	BAKTA (ww_fastpOut_reads_R)	COMPLETED	0	182894	1	-	46.1	0.5	3044909056	15322746880	2023774286	1133724
ww_fastpOut_reads_R	BAKTA (ww_fastpOut_reads_R)	COMPLETED	0	227580	1	-	39.9	0.5	3015720960	15245635584	2051029854	1508125
ww_fastpOut_reads_R	BAKTA (ww_fastpOut_reads_R)	COMPLETED	0	226317	1	-	51.5	0.9	5477281792	18584363008	2053899625	1684708
ww_fastpOut_reads_R	BAKTA (ww_fastpOut_reads_R)	COMPLETED	0	216402	1	-	52.2	1.0	5305016320	18384564224	2054102299	1685107
ww_fastpOut_reads_R	BAKTA (ww_fastpOut_reads_R)	COMPLETED	0	189119	1	-	43.0	0.5	3037663232	15726092288	1708607987	1145979
ww_fastpOut_reads_R	BAKTA (ww_fastpOut_reads_R)	COMPLETED	0	188686	1	-	42.2	0.5	3015442432	15269199872	1712673233	1194513
ww_fastpOut_reads_R	BAKTA (ww_fastpOut_reads_R)	COMPLETED	0	184500	1	-	69.1	0.8	4681007104	17716719616	2998516345	23639196
ww_fastpOut_reads_R	BAKTA (ww_fastpOut_reads_R)	COMPLETED	0	215357	1	-	41.9	0.5	3041845248	15260434432	2050932070	1508058
ww_fastpOut_reads_R	BAKTA (ww_fastpOut_reads_R)	COMPLETED	0	224486	1	-	51.6	1.0	5506220032	18556764160	2053654338	1684148
ww_fastpOut_reads_R	BAKTA (ww_fastpOut_reads_R)	COMPLETED	0	192748	1	-	71.1	0.9	5193928704	100837289984	3132113640	26758943
ww_fastpOut_reads_R	BAKTA (ww_fastpOut_reads_R)	COMPLETED	0	150910	1	-	76.9	0.5	3049504768	50762600448	3138806605	27092377
ww_fastpOut_reads_R	BAKTA (ww_fastpOut_reads_R)	COMPLETED	0	206795	1	-	43.1	0.5	3019919360	15250653184	2050853197	1508051
ww_fastpOut_reads_R	BAKTA (ww_fastpOut_reads_R)	COMPLETED	0	217402	1	-	56.1	1.0	5428260864	18594467840	2053796456	1685172
ww_fastpOut_reads_R	BAKTA (ww_fastpOut_reads_R)	COMPLETED	0	144209	1	-	70.5	0.5	3021852672	15150133248	2946865134	22281371
ww_fastpOut_reads_R	BAKTA (ww_fastpOut_reads_R)	COMPLETED	0	225010	1	-	52.0	1.0	5429829632	18594349056	2053552457	1684984
ww_fastpOut_reads_R	BAKTA (ww_fastpOut_reads_R)	COMPLETED	0	236782	1	-	47.4	0.6	3921297408	17381453824	2065110127	1661489
ww_fastpOut_reads_R	BAKTA (ww_fastpOut_reads_R)	COMPLETED	0	219797	1	-	52.6	1.0	5477351424	18520186880	2053928556	1684834
ww_fastpOut_reads_R	BAKTA (ww_fastpOut_reads_R)	COMPLETED	0	165925	1	-	67.5	0.5	3046322176	15142699008	3131649883	26760744
ww_fastpOut_reads_R	BAKTA (ww_fastpOut_reads_R)	COMPLETED	0	216906	1	-	42.5	0.5	3044368384	17382801408	2053447295	4245538
ww_fastpOut_reads_R	BAKTA (ww_fastpOut_reads_R)	COMPLETED	0	137847	1	-	75.5	0.5	3017920512	15143415808	2991574713	23289608
ww_fastpOut_reads_R	BAKTA (ww_fastpOut_reads_R)	COMPLETED	0	206300	1	-	44.5	0.5	3042140160	15259574272	2056905444	1458943
ww_fastpOut_reads_R	BAKTA (ww_fastpOut_reads_R)	COMPLETED	0	213425	1	-	42.8	0.5	3015262208	15074332672	2055463828	1599235
ww_fastpOut_reads_R	BAKTA (ww_fastpOut_reads_R)	COMPLETED	0	41904	1	-	20.6	0.0	396292096	9264414720	73964119	73099
ww_fastpOut_reads_R	BAKTA (ww_fastpOut_reads_R)	COMPLETED	0	135547	1	-	77.0	0.4	3016658944	17379844096	2990720948	23287645
ww_fastpOut_reads_R	BAKTA (ww_fastpOut_reads_R)	COMPLETED	0	210967	1	-	42.1	0.5	3040772096	50709454848	1724160675	3111396
ww_fastpOut_reads_R	BAKTA (ww_fastpOut_reads_R)	COMPLETED	0	162765	1	-	77.0	0.8	4448325632	17432690688	3042197732	24630614
ww_fastpOut_reads_R	BAKTA (ww_fastpOut_reads_R)	COMPLETED	0	158822	1	-	66.1	0.5	3046584320	15218819072	2946465140	22274329
ww_fastpOut_reads_R	BAKTA (ww_fastpOut_reads_R)	COMPLETED	0	217290	1	-	41.7	0.5	3017437184	15110975488	2054704165	1450158
ww_fastpOut_reads_R	BAKTA (ww_fastpOut_reads_R)	COMPLETED	0	183387	1	-	72.0	0.8	4785590272	17882832896	3131908364	26734749
ww_fastpOut_reads_R	BAKTA (ww_fastpOut_reads_R)	COMPLETED	0	160604	1	-	78.0	0.8	4493766656	17589809152	3041900256	24638386
ww_fastpOut_reads_R	BAKTA (ww_fastpOut_reads_R)	COMPLETED	0	162443	1	-	63.9	0.5	3018780672	15144914944	2990993307	23288947
ww_fastpOut_reads_R	BAKTA (ww_fastpOut_reads_R)	COMPLETED	0	151944	1	-	79.2	0.8	4854374400	17959448576	2988033027	23138402
ww_fastpOut_reads_R	BAKTA (ww_fastpOut_reads_R)	COMPLETED	0	152730	1	-	68.8	0.5	3015360512	42425712640	3035292111	24305385
ww_fastpOut_reads_R	BAKTA (ww_fastpOut_reads_R)	COMPLETED	0	196133	1	-	49.2	0.5	3042693120	15367397376	2056984315	1465932
ww_fastpOut_reads_R	BAKTA (ww_fastpOut_reads_R)	COMPLETED	0	162844	1	-	80.5	0.8	5104701440	134468530176	3087379040	25732113
ww_fastpOut_reads_R	BAKTA (ww_fastpOut_reads_R)	COMPLETED	0	158118	1	-	73.2	0.5	3050201088	17387515904	3138860998	27074780
ww_fastpOut_reads_R	BAKTA (ww_fastpOut_reads_R)	COMPLETED	0	201946	1	-	45.7	0.5	3044323328	15397167104	2057762206	1466379
ww_fastpOut_reads_R	BAKTA (ww_fastpOut_reads_R)	COMPLETED	0	219844	1	-	47.3	0.8	4573544448	17735000064	1725768419	1666152
ww_fastpOut_reads_R	BAKTA (ww_fastpOut_reads_R)	COMPLETED	0	241845	1	-	39.0	0.5	3041918976	34038861824	2057398074	1461012
ww_fastpOut_reads_R	BAKTA (ww_fastpOut_reads_R)	COMPLETED	0	248648	1	-	38.3	0.5	3014352896	15497109504	2057302767	1468722
ww_fastpOut_reads_R	BAKTA (ww_fastpOut_reads_R)	COMPLETED	0	232994	1	-	48.0	0.7	4490186752	50767552512	2060451837	1729779
ww_fastpOut_reads_R	BAKTA (ww_fastpOut_reads_R)	COMPLETED	0	199209	1	-	42.1	0.4	3015970816	15380541440	2040897811	1160343
ww_fastpOut_reads_R	BAKTA (ww_fastpOut_reads_R)	COMPLETED	0	210763	1	-	43.2	0.5	3019501568	17395273728	2057734267	1460822
ww_fastpOut_reads_R	BAKTA (ww_fastpOut_reads_R)	COMPLETED	0	215060	1	-	84.3	0.5	3058159616	15107923968	3643306620	40774828
ww_fastpOut_reads_R	BAKTA (ww_fastpOut_reads_R)	COMPLETED	0	250817	1	-	37.6	0.5	3011567616	17332097024	2057264648	1468425
ww_fastpOut_reads_R	BAKTA (ww_fastpOut_reads_R)	COMPLETED	0	252049	1	-	69.2	0.5	3110567936	16183390208	3581747757	39949962
ww_fastpOut_reads_R	BAKTA (ww_fastpOut_reads_R)	COMPLETED	0	208614	1	-	44.3	0.5	3016355840	15184257024	2057483962	1458809
ww_fastpOut_reads_R	BAKTA (ww_fastpOut_reads_R)	COMPLETED	0	226518	1	-	49.7	0.6	4506959872	17671000064	2060568527	1730369
ww_fastpOut_reads_R	BAKTA (ww_fastpOut_reads_R)	COMPLETED	0	210212	1	-	40.1	0.5	3043364864	15161438208	2046452590	1449648
ww_fastpOut_reads_R	BAKTA (ww_fastpOut_reads_R)	COMPLETED	0	224814	1	-	37.5	0.5	3043192832	15079137280	2044305583	1163095
ww_fastpOut_reads_R	BAKTA (ww_fastpOut_reads_R)	COMPLETED	0	203244	1	-	45.4	0.5	3044143104	15412789248	2057225289	1466142
ww_fastpOut_reads_R	BAKTA (ww_fastpOut_reads_R)	COMPLETED	0	201329	1	-	43.5	0.5	3042004992	15529459712	2041794601	1232175
ww_fastpOut_reads_R	BAKTA (ww_fastpOut_reads_R)	COMPLETED	0	197667	1	-	45.4	0.8	4512907264	17576857600	1702678896	1148494
ww_fastpOut_reads_R	BAKTA (ww_fastpOut_reads_R)	COMPLETED	0	218320	1	-	39.4	0.5	3044786176	15374913536	2035162067	1105677
ww_fastpOut_reads_R	BAKTA (ww_fastpOut_reads_R)	COMPLETED	0	184825	1	-	50.3	0.5	3045117952	15996907520	2047727485	1239957
ww_fastpOut_reads_R	BAKTA (ww_fastpOut_reads_R)	COMPLETED	0	230579	1	-	49.2	0.6	3928948736	17032241152	2065505476	1661524
ww_fastpOut_reads_R	BAKTA (ww_fastpOut_reads_R)	COMPLETED	0	245912	1	-	43.1	0.5	3048370176	15751892992	2066790149	1749263
ww_fastpOut_reads_R	BAKTA (ww_fastpOut_reads_R)	COMPLETED	0	229712	1	-	41.3	0.5	3018915840	15330267136	2057457292	1466091
ww_fastpOut_reads_R	BAKTA (ww_fastpOut_reads_R)	COMPLETED	0	229086	1	-	40.8	0.5	3046096896	84227805184	2057327336	1458458
ww_fastpOut_reads_R	BAKTA (ww_fastpOut_reads_R)	COMPLETED	0	200452	1	-	46.7	0.5	3016531968	15435808768	2057902097	1467753
ww_fastpOut_reads_R	BAKTA (ww_fastpOut_reads_R)	COMPLETED	0	198756	1	-	46.3	0.5	3041210368	15422033920	2057574692	1460464
ww_fastpOut_reads_R	BAKTA (ww_fastpOut_reads_R)	COMPLETED	0	207974	1	-	43.7	0.5	3015065600	15039250432	2054970686	1448265
ww_fastpOut_reads_R	BAKTA (ww_fastpOut_reads_R)	COMPLETED	0	200593	1	-	45.5	0.5	3044327424	15305428992	2051909989	1268186
ww_fastpOut_reads_R	BAKTA (ww_fastpOut_reads_R)	COMPLETED	0	206060	1	-	46.1	0.5	3017965568	14702477312	2055123219	1448609
ww_fastpOut_reads_R	BAKTA (ww_fastpOut_reads_R)	COMPLETED	0	182809	1	-	54.2	0.5	3530719232	16696991744	2051918573	1313837
ww_fastpOut_reads_R	BAKTA (ww_fastpOut_reads_R)	COMPLETED	0	208549	1	-	43.9	0.5	3016130560	15180746752	2056977294	1461059
ww_fastpOut_reads_R	BAKTA (ww_fastpOut_reads_R)	COMPLETED	0	205628	1	-	46.3	0.5	3013943296	67450585088	2057302674	1467755
ww_fastpOut_reads_R	BAKTA (ww_fastpOut_reads_R)	COMPLETED	0	214897	1	-	44.0	0.5	3040100352	15257649152	2057568861	1461294
ww_fastpOut_reads_R	BAKTA (ww_fastpOut_reads_R)	COMPLETED	0	180268	1	-	52.1	0.5	3017879552	15460233216	2056552261	1468258
ww_fastpOut_reads_R	BAKTA (ww_fastpOut_reads_R)	COMPLETED	0	208750	1	-	45.7	0.5	3041132544	15297855488	2056303939	1787608
ww_fastpOut_reads_R	BAKTA (ww_fastpOut_reads_R)	COMPLETED	0	203056	1	-	45.6	0.5	3039551488	15251066880	2053082627	4245655
ww_fastpOut_reads_R	BAKTA (ww_fastpOut_reads_R)	COMPLETED	0	216682	1	-	44.2	0.5	3044102144	59104825344	2057668506	1459368
ww_fastpOut_reads_R	BAKTA (ww_fastpOut_reads_R)	COMPLETED	0	196967	1	-	46.6	0.5	3046686720	17399287808	2056756544	1466356
ww_fastpOut_reads_R	BAKTA (ww_fastpOut_reads_R)	COMPLETED	0	198547	1	-	47.0	0.5	3043098624	15365931008	2056665333	1468327
ww_fastpOut_reads_R	BAKTA (ww_fastpOut_reads_R)	COMPLETED	0	201737	1	-	46.9	0.5	3042697216	15273787392	2057255829	1460914
ww_fastpOut_reads_R	BAKTA (ww_fastpOut_reads_R)	COMPLETED	0	193245	1	-	50.3	0.5	3044519936	15223058432	2056525179	1458673
ww_fastpOut_reads_R	BAKTA (ww_fastpOut_reads_R)	COMPLETED	0	170923	1	-	54.5	0.5	3016146944	17355075584	2057448110	1468238
ww_fastpOut_reads_R	BAKTA (ww_fastpOut_reads_R)	COMPLETED	0	164734	1	-	77.1	0.8	5000519680	67438137344	2986188171	22869468
ww_fastpOut_reads_R	BAKTA (ww_fastpOut_reads_R)	COMPLETED	0	173265	1	-	54.0	0.5	3044687872	15383781376	2057063313	1467931
ww_fastpOut_reads_R	BAKTA (ww_fastpOut_reads_R)	COMPLETED	0	168938	1	-	53.6	0.4	3015503872	15363313664	2057404209	1459457
ww_fastpOut_reads_R	BAKTA (ww_fastpOut_reads_R)	COMPLETED	0	187478	1	-	49.5	0.5	3046330368	17395429376	2057468906	1458661
ww_fastpOut_reads_R	BAKTA (ww_fastpOut_reads_R)	COMPLETED	0	193521	1	-	48.2	0.5	3043168256	15193325568	2057212467	1458890
ww_fastpOut_reads_R	BAKTA (ww_fastpOut_reads_R)	COMPLETED	0	193107	1	-	48.6	0.5	3042127872	15287951360	2056880597	1460616
ww_fastpOut_reads_R	BAKTA (ww_fastpOut_reads_R)	COMPLETED	0	182805	1	-	51.2	0.5	3042258944	17323077632	2057623927	1459497
ww_fastpOut_reads_R	BAKTA (ww_fastpOut_reads_R)	COMPLETED	0	170350	1	-	66.6	0.7	4040167424	17204883456	2939580197	21794922
ww_fastpOut_reads_R	BAKTA (ww_fastpOut_reads_R)	COMPLETED	0	187665	1	-	49.5	0.4	3044077568	17322618880	2057738107	1460692
ww_fastpOut_reads_R	BAKTA (ww_fastpOut_reads_R)	COMPLETED	0	183784	1	-	50.8	0.5	3014078464	67474305024	2057341381	1461401
ww_fastpOut_reads_R	BAKTA (ww_fastpOut_reads_R)	COMPLETED	0	191089	1	-	48.0	0.5	3043704832	15190888448	2055532476	1455563
ww_fastpOut_reads_R	BAKTA (ww_fastpOut_reads_R)	COMPLETED	0	196751	1	-	47.9	0.5	3018133504	17354027008	2055874405	1457704
ww_fastpOut_reads_R	BAKTA (ww_fastpOut_reads_R)	COMPLETED	0	186252	1	-	49.8	0.5	3013873664	15295991808	2057318569	1461388
ww_fastpOut_reads_R	BAKTA (ww_fastpOut_reads_R)	COMPLETED	0	211717	1	-	44.8	0.5	3042275328	75799908352	2057078221	1458558
ww_fastpOut_reads_R	BAKTA (ww_fastpOut_reads_R)	COMPLETED	0	211563	1	-	52.3	0.8	4762234880	17931993088	2054972270	3009370
ww_fastpOut_reads_R	BAKTA (ww_fastpOut_reads_R)	COMPLETED	0	183031	1	-	50.6	0.5	3013283840	15245037568	2057538484	1461011
ww_fastpOut_reads_R	BAKTA (ww_fastpOut_reads_R)	COMPLETED	0	187544	1	-	49.7	0.5	3045740544	25734279168	2057090435	1459022
ww_fastpOut_reads_R	BAKTA (ww_fastpOut_reads_R)	COMPLETED	0	207197	1	-	45.2	0.5	3042856960	15442563072	2057427709	1466749
ww_fastpOut_reads_R	BAKTA (ww_fastpOut_reads_R)	COMPLETED	0	217824	1	-	45.0	0.5	3015041024	15585320960	2057461719	1465995
ww_fastpOut_reads_R	BAKTA (ww_fastpOut_reads_R)	COMPLETED	0	202185	1	-	45.7	0.5	3018817536	15200866304	2057102747	1459020
ww_fastpOut_reads_R	BAKTA (ww_fastpOut_reads_R)	COMPLETED	0	196637	1	-	46.8	0.5	3015745536	42425995264	2057410226	1458234
ww_fastpOut_reads_R	BAKTA (ww_fastpOut_reads_R)	COMPLETED	0	243930	1	-	39.0	0.5	3040763904	15426351104	2057687719	1468682
ww_fastpOut_reads_R	BAKTA (ww_fastpOut_reads_R)	COMPLETED	0	225143	1	-	41.2	0.5	3046043648	25757904896	2056765610	1460243
ww_fastpOut_reads_R	BAKTA (ww_fastpOut_reads_R)	COMPLETED	0	174506	1	-	53.2	0.5	3013070848	15429849088	2057455843	1466706
ww_fastpOut_reads_R	BAKTA (ww_fastpOut_reads_R)	COMPLETED	0	161917	1	-	56.3	0.5	3043954688	15490670592	2057271746	1465842
ww_fastpOut_reads_R	BAKTA (ww_fastpOut_reads_R)	COMPLETED	0	174191	1	-	54.2	0.5	3041980416	15442141184	2057487485	1468573
ww_fastpOut_reads_R	BAKTA (ww_fastpOut_reads_R)	COMPLETED	0	201666	1	-	46.1	0.5	3017453568	15386451968	2057188056	1466416
ww_fastpOut_reads_R	BAKTA (ww_fastpOut_reads_R)	COMPLETED	0	175662	1	-	53.3	0.5	3012771840	15244972032	2057145650	1460826
ww_fastpOut_reads_R	BAKTA (ww_fastpOut_reads_R)	COMPLETED	0	180951	1	-	48.1	0.5	3043094528	25703575552	1723531652	3110274
ww_fastpOut_reads_R	BAKTA (ww_fastpOut_reads_R)	COMPLETED	0	170900	1	-	53.4	0.5	3044417536	15284408320	2057193644	1458553
ww_fastpOut_reads_R	BAKTA (ww_fastpOut_reads_R)	COMPLETED	0	185346	1	-	49.7	0.5	3016949760	17366503424	2055518762	1450206
ww_fastpOut_reads_R	BAKTA (ww_fastpOut_reads_R)	COMPLETED	0	209221	1	-	46.1	0.5	3041927168	50799366144	2056973940	1468157
ww_fastpOut_reads_R	BAKTA (ww_fastpOut_reads_R)	COMPLETED	0	221596	1	-	41.9	0.5	3043086336	59067031552	2057832721	1465620
ww_fastpOut_reads_R	BAKTA (ww_fastpOut_reads_R)	COMPLETED	0	218988	1	-	43.1	0.5	3044298752	34063994880	2056516701	1468321
ww_fastpOut_reads_R	BAKTA (ww_fastpOut_reads_R)	COMPLETED	0	202675	1	-	45.5	0.5	3043266560	15259443200	2057508485	1458794
ww_fastpOut_reads_R	BAKTA (ww_fastpOut_reads_R)	COMPLETED	0	197388	1	-	47.2	0.5	3016531968	15328178176	2057298849	1468109
ww_fastpOut_reads_R	BAKTA (ww_fastpOut_reads_R)	COMPLETED	0	197680	1	-	46.6	0.5	3043516416	15169331200	2056630899	1461110
ww_fastpOut_reads_R	BAKTA (ww_fastpOut_reads_R)	COMPLETED	0	187252	1	-	50.4	0.5	3042402304	15497814016	2057036596	1465812
ww_fastpOut_reads_R	BAKTA (ww_fastpOut_reads_R)	COMPLETED	0	191725	1	-	49.5	0.5	3014656000	15232618496	2057077631	1458638
ww_fastpOut_reads_R	BAKTA (ww_fastpOut_reads_R)	COMPLETED	0	180587	1	-	50.5	0.5	3044384768	15284183040	2057203407	1460504
ww_fastpOut_reads_R	BAKTA (ww_fastpOut_reads_R)	COMPLETED	0	154374	1	-	60.7	0.5	3013070848	17368289280	2057162694	1461381
ww_fastpOut_reads_R	BAKTA (ww_fastpOut_reads_R)	COMPLETED	0	157769	1	-	59.1	0.5	3018420224	15394463744	2058114093	1466226
ww_fastpOut_reads_R	BAKTA (ww_fastpOut_reads_R)	COMPLETED	0	169235	1	-	55.2	0.5	3015712768	15389323264	2057749565	1466297
ww_fastpOut_reads_R	BAKTA (ww_fastpOut_reads_R)	COMPLETED	0	186696	1	-	49.5	0.4	3045466112	17349742592	2057181738	1468628
ww_fastpOut_reads_R	BAKTA (ww_fastpOut_reads_R)	COMPLETED	0	171737	1	-	52.9	0.5	3015864320	15253188608	2055936575	1455749
ww_fastpOut_reads_R	BAKTA (ww_fastpOut_reads_R)	COMPLETED	0	187671	1	-	49.1	0.5	3044352000	15308763136	2057540143	1459381
ww_fastpOut_reads_R	BAKTA (ww_fastpOut_reads_R)	COMPLETED	0	183800	1	-	50.1	0.5	3043852288	42406723584	2057733101	1468665
ww_fastpOut_reads_R	BAKTA (ww_fastpOut_reads_R)	COMPLETED	0	182183	1	-	50.2	0.5	3045904384	67549679616	2056487548	1458419
ww_fastpOut_reads_R	BAKTA (ww_fastpOut_reads_R)	COMPLETED	0	205330	1	-	47.5	0.5	3040133120	15375454208	2058364622	1466615
ww_fastpOut_reads_R	BAKTA (ww_fastpOut_reads_R)	COMPLETED	0	186981	1	-	49.9	0.5	3043545088	15238094848	2056285223	1458380
ww_fastpOut_reads_R	BAKTA (ww_fastpOut_reads_R)	COMPLETED	0	202241	1	-	45.8	0.5	3017089024	15265628160	2057763936	1458881
ww_fastpOut_reads_R	BAKTA (ww_fastpOut_reads_R)	COMPLETED	0	200267	1	-	46.7	0.5	3042381824	25712619520	2057583578	1466253
ww_fastpOut_reads_R	BAKTA (ww_fastpOut_reads_R)	COMPLETED	0	195356	1	-	46.4	0.5	3046178816	15236763648	2056494926	1460599
ww_fastpOut_reads_R	BAKTA (ww_fastpOut_reads_R)	COMPLETED	0	199734	1	-	47.7	0.5	3015475200	15388065792	2057455013	1465797
ww_fastpOut_reads_R	BAKTA (ww_fastpOut_reads_R)	COMPLETED	0	200021	1	-	46.2	0.5	3043995648	15393751040	2057250537	1468231
ww_fastpOut_reads_R	BAKTA (ww_fastpOut_reads_R)	COMPLETED	0	187287	1	-	49.1	0.4	3020558336	67543445504	2055371317	1457711
ww_fastpOut_reads_R	BAKTA (ww_fastpOut_reads_R)	COMPLETED	0	183277	1	-	51.5	0.5	3012538368	15312891904	2057562614	1460887
ww_fastpOut_reads_R	BAKTA (ww_fastpOut_reads_R)	COMPLETED	0	205373	1	-	46.5	0.5	3045453824	67520253952	2057416955	1465476
ww_fastpOut_reads_R	BAKTA (ww_fastpOut_reads_R)	COMPLETED	0	194214	1	-	47.3	0.5	3041423360	15182008320	2056675348	1460093
ww_fastpOut_reads_R	BAKTA (ww_fastpOut_reads_R)	COMPLETED	0	207701	1	-	44.8	0.5	3042676736	15458357248	2057128762	1466025
ww_fastpOut_reads_R	BAKTA (ww_fastpOut_reads_R)	COMPLETED	0	175328	1	-	52.1	0.5	3040165888	14658748416	2056803063	1458588
ww_fastpOut_reads_R	BAKTA (ww_fastpOut_reads_R)	COMPLETED	0	163993	1	-	76.5	1.0	5415903232	42392801280	2985867983	22875069
ww_fastpOut_reads_R	BAKTA (ww_fastpOut_reads_R)	COMPLETED	0	179120	1	-	49.9	0.5	3047632896	92558680064	2057429909	1458806
ww_fastpOut_reads_R	BAKTA (ww_fastpOut_reads_R)	COMPLETED	0	181750	1	-	50.7	0.5	3045130240	15428521984	2057598263	1467539
ww_fastpOut_reads_R	BAKTA (ww_fastpOut_reads_R)	COMPLETED	0	217743	1	-	42.9	0.5	3015262208	25731928064	2057340915	1467853
ww_fastpOut_reads_R	BAKTA (ww_fastpOut_reads_R)	COMPLETED	0	180509	1	-	53.0	0.5	3015053312	34036895744	2057482065	1468397
ww_fastpOut_reads_R	BAKTA (ww_fastpOut_reads_R)	COMPLETED	0	184126	1	-	49.3	0.5	3042656256	15263068160	2056426889	1458204
ww_fastpOut_reads_R	BAKTA (ww_fastpOut_reads_R)	COMPLETED	0	189680	1	-	48.0	0.5	3041456128	17384886272	2056900456	1460599
ww_fastpOut_reads_R	BAKTA (ww_fastpOut_reads_R)	COMPLETED	0	180095	1	-	53.4	0.5	3017281536	67391639552	2057328377	1467735
ww_fastpOut_reads_R	BAKTA (ww_fastpOut_reads_R)	COMPLETED	0	175882	1	-	53.2	0.5	3018170368	15428247552	2056630872	1465694
ww_fastpOut_reads_R	BAKTA (ww_fastpOut_reads_R)	COMPLETED	0	202537	1	-	47.0	0.5	3017916416	15468572672	2057005625	1468091
ww_fastpOut_reads_R	BAKTA (ww_fastpOut_reads_R)	COMPLETED	0	184388	1	-	50.6	0.5	3013951488	15299674112	2057171602	1460375
ww_fastpOut_reads_R	BAKTA (ww_fastpOut_reads_R)	COMPLETED	0	193605	1	-	46.8	0.5	3017863168	15188471808	2055456748	1448954
ww_fastpOut_reads_R	BAKTA (ww_fastpOut_reads_R)	COMPLETED	0	203664	1	-	47.8	0.5	3015872512	15540948992	2057365881	1468041
ww_fastpOut_reads_R	BAKTA (ww_fastpOut_reads_R)	COMPLETED	0	195837	1	-	47.8	0.5	3044556800	15401578496	2057234999	1466433
ww_fastpOut_reads_R	BAKTA (ww_fastpOut_reads_R)	COMPLETED	0	198477	1	-	47.0	0.5	3015143424	15302340608	2056610510	1460281
ww_fastpOut_reads_R	BAKTA (ww_fastpOut_reads_R)	COMPLETED	0	171485	1	-	53.6	0.5	3015487488	15188639744	2055920413	1451069
ww_fastpOut_reads_R	BAKTA (ww_fastpOut_reads_R)	COMPLETED	0	212649	1	-	45.4	0.5	3041726464	15562739712	2056729421	1467705
ww_fastpOut_reads_R	BAKTA (ww_fastpOut_reads_R)	COMPLETED	0	202269	1	-	45.3	0.5	3017150464	15161978880	2056530471	1459062
ww_fastpOut_reads_R	BAKTA (ww_fastpOut_reads_R)	COMPLETED	0	199610	1	-	47.6	0.5	3043340288	15312355328	2057053899	1458512
ww_fastpOut_reads_R	BAKTA (ww_fastpOut_reads_R)	COMPLETED	0	179938	1	-	51.3	0.5	3014590464	15163949056	2056327066	1460540
ww_fastpOut_reads_R	BAKTA (ww_fastpOut_reads_R)	COMPLETED	0	179810	1	-	49.7	0.5	3043479552	15132299264	2055620767	1451119
ww_fastpOut_reads_R	BAKTA (ww_fastpOut_reads_R)	COMPLETED	0	174099	1	-	53.8	0.5	3045662720	34113556480	2057500829	1466718
ww_fastpOut_reads_R	BAKTA (ww_fastpOut_reads_R)	COMPLETED	0	185420	1	-	50.6	0.5	3041075200	15471128576	2057155313	1466666
ww_fastpOut_reads_R	BAKTA (ww_fastpOut_reads_R)	COMPLETED	0	169923	1	-	54.4	0.5	3014205440	15325814784	2057191971	1466346
ww_fastpOut_reads_R	BAKTA (ww_fastpOut_reads_R)	COMPLETED	0	188197	1	-	49.2	0.5	3018248192	15528730624	2057522801	1466096
ww_fastpOut_reads_R	BAKTA (ww_fastpOut_reads_R)	COMPLETED	0	181287	1	-	51.2	0.5	3042906112	15461289984	2057253631	1468050
ww_fastpOut_reads_R	BAKTA (ww_fastpOut_reads_R)	COMPLETED	0	175823	1	-	53.1	0.5	3017596928	42424553472	2056443669	1459072
ww_fastpOut_reads_R	BAKTA (ww_fastpOut_reads_R)	COMPLETED	0	189292	1	-	49.5	0.5	3042271232	15300370432	2056941519	1460563
ww_fastpOut_reads_R	BAKTA (ww_fastpOut_reads_R)	COMPLETED	0	184783	1	-	49.3	0.5	3014975488	15160107008	2056313987	1456449
ww_fastpOut_reads_R	BAKTA (ww_fastpOut_reads_R)	COMPLETED	0	179108	1	-	52.1	0.5	3046699008	67529265152	2057366264	1468593
ww_fastpOut_reads_R	BAKTA (ww_fastpOut_reads_R)	COMPLETED	0	184698	1	-	50.2	0.5	3013222400	15152910336	2056820159	1461072
ww_fastpOut_reads_R	BAKTA (ww_fastpOut_reads_R)	COMPLETED	0	182275	1	-	50.2	0.5	3043356672	25734606848	2056734070	1460615
ww_fastpOut_reads_R	BAKTA (ww_fastpOut_reads_R)	COMPLETED	0	182211	1	-	51.3	0.5	3044913152	15387742208	2057432207	1468177
ww_fastpOut_reads_R	BAKTA (ww_fastpOut_reads_R)	COMPLETED	0	180297	1	-	52.0	0.5	3044777984	25728630784	2057234234	1467517
ww_fastpOut_reads_R	BAKTA (ww_fastpOut_reads_R)	COMPLETED	0	169307	1	-	54.2	0.5	3046080512	15408181248	2057075966	1467440
ww_fastpOut_reads_R	BAKTA (ww_fastpOut_reads_R)	COMPLETED	0	209620	1	-	45.7	0.5	3014737920	15301562368	2057032477	1458612
ww_fastpOut_reads_R	BAKTA (ww_fastpOut_reads_R)	COMPLETED	0	186948	1	-	50.5	0.5	3043102720	15276945408	2057574589	1468323
ww_fastpOut_reads_R	BAKTA (ww_fastpOut_reads_R)	COMPLETED	0	185998	1	-	48.8	0.5	3045212160	17310863360	1724415553	3111419
ww_fastpOut_reads_R	BAKTA (ww_fastpOut_reads_R)	COMPLETED	0	177750	1	-	52.1	0.5	3045756928	15289741312	2057452460	1460921
ww_fastpOut_reads_R	BAKTA (ww_fastpOut_reads_R)	COMPLETED	0	186378	1	-	50.6	0.4	3045896192	15342436352	2057251818	1466497
ww_fastpOut_reads_R	BAKTA (ww_fastpOut_reads_R)	COMPLETED	0	163033	1	-	56.8	0.5	3015639040	15155249152	2056774388	1460491
ww_fastpOut_reads_R	BAKTA (ww_fastpOut_reads_R)	COMPLETED	0	200931	1	-	47.7	0.5	3016736768	15229038592	2056347393	1460661
ww_fastpOut_reads_R	BAKTA (ww_fastpOut_reads_R)	COMPLETED	0	171879	1	-	53.7	0.5	3017146368	34033307648	2057019067	1458049
ww_fastpOut_reads_R	BAKTA (ww_fastpOut_reads_R)	COMPLETED	0	200394	1	-	47.1	0.5	3015450624	84104556544	2056571284	1460915
ww_fastpOut_reads_R	BAKTA (ww_fastpOut_reads_R)	COMPLETED	0	203179	1	-	45.8	0.5	3012747264	15154737152	2055887624	1456505
ww_fastpOut_reads_R	BAKTA (ww_fastpOut_reads_R)	COMPLETED	0	185396	1	-	49.3	0.5	3017203712	15110856704	2055429416	1450530
ww_fastpOut_reads_R	BAKTA (ww_fastpOut_reads_R)	COMPLETED	0	204043	1	-	46.0	0.5	3013439488	67411136512	2056335431	1458334
ww_fastpOut_reads_R	BAKTA (ww_fastpOut_reads_R)	COMPLETED	0	179851	1	-	51.2	0.5	3043082240	15238717440	2057189260	1458655
ww_fastpOut_reads_R	BAKTA (ww_fastpOut_reads_R)	COMPLETED	0	202181	1	-	46.9	0.5	3040026624	17331998720	2056208381	1458430
ww_fastpOut_reads_R	BAKTA (ww_fastpOut_reads_R)	COMPLETED	0	188978	1	-	49.5	0.5	3044794368	15357157376	2057044226	1467935
ww_fastpOut_reads_R	BAKTA (ww_fastpOut_reads_R)	COMPLETED	0	203236	1	-	45.3	0.5	3043028992	34009600000	2056808192	1460454
ww_fastpOut_reads_R	BAKTA (ww_fastpOut_reads_R)	COMPLETED	0	181455	1	-	51.6	0.5	3041325056	25678639104	2057459804	1465927
ww_fastpOut_reads_R	BAKTA (ww_fastpOut_reads_R)	COMPLETED	0	198074	1	-	47.1	0.5	3017687040	75880095744	2057496043	1468329
ww_fastpOut_reads_R	BAKTA (ww_fastpOut_reads_R)	COMPLETED	0	217525	1	-	44.2	0.5	3041329152	15391428608	2056832143	1468202
ww_fastpOut_reads_R	BAKTA (ww_fastpOut_reads_R)	COMPLETED	0	193751	1	-	48.7	0.5	3042258944	15295389696	2057402079	1466127
ww_fastpOut_reads_R	BAKTA (ww_fastpOut_reads_R)	COMPLETED	0	179146	1	-	51.6	0.5	3043622912	15231115264	2056695580	1460470
ww_fastpOut_reads_R	BAKTA (ww_fastpOut_reads_R)	COMPLETED	0	179828	1	-	50.7	0.5	3042689024	17333530624	2056594287	1458030
ww_fastpOut_reads_R	BAKTA (ww_fastpOut_reads_R)	COMPLETED	0	189772	1	-	49.4	0.5	3042611200	34077634560	2056703809	1467522
ww_fastpOut_reads_R	BAKTA (ww_fastpOut_reads_R)	COMPLETED	0	194061	1	-	47.9	0.5	3039473664	15249018880	2057264932	1460089
ww_fastpOut_reads_R	BAKTA (ww_fastpOut_reads_R)	COMPLETED	0	177711	1	-	52.5	0.5	3019198464	67526877184	2057794728	1465718
ww_fastpOut_reads_R	BAKTA (ww_fastpOut_reads_R)	COMPLETED	0	174016	1	-	53.9	0.4	3018289152	15438209024	2057652716	1465463
ww_fastpOut_reads_R	BAKTA (ww_fastpOut_reads_R)	COMPLETED	0	178523	1	-	53.7	0.5	3040862208	15388454912	2057391166	1467700
ww_fastpOut_reads_R	BAKTA (ww_fastpOut_reads_R)	COMPLETED	0	174037	1	-	54.4	0.5	3011690496	34067456000	2056884200	1458428
ww_fastpOut_reads_R	BAKTA (ww_fastpOut_reads_R)	COMPLETED	0	174977	1	-	51.5	0.5	3018883072	15186694144	2055208046	1449030
ww_fastpOut_reads_R	BAKTA (ww_fastpOut_reads_R)	COMPLETED	0	185131	1	-	50.0	0.5	3043856384	15478648832	2057267216	1465729
ww_fastpOut_reads_R	BAKTA (ww_fastpOut_reads_R)	COMPLETED	0	188256	1	-	48.9	0.5	3042918400	15532212224	2057245734	1466495
ww_fastpOut_reads_R	BAKTA (ww_fastpOut_reads_R)	COMPLETED	0	178967	1	-	51.6	0.5	3044446208	34081804288	2056725734	1460867
ww_fastpOut_reads_R	BAKTA (ww_fastpOut_reads_R)	COMPLETED	0	170089	1	-	54.7	0.5	3042500608	15182286848	2056890132	1460147
ww_fastpOut_reads_R	BAKTA (ww_fastpOut_reads_R)	COMPLETED	0	194612	1	-	47.6	0.5	3015426048	15372382208	2057698949	1467694
ww_fastpOut_reads_R	BAKTA (ww_fastpOut_reads_R)	COMPLETED	0	195069	1	-	49.0	0.5	3043610624	15175962624	2056842983	1458864
ww_fastpOut_reads_R	BAKTA (ww_fastpOut_reads_R)	COMPLETED	0	178416	1	-	51.6	0.5	3014164480	25731387392	2057353933	1460916
ww_fastpOut_reads_R	BAKTA (ww_fastpOut_reads_R)	COMPLETED	0	175983	1	-	52.7	0.5	3041554432	15387869184	2057028079	1468035
ww_fastpOut_reads_R	BAKTA (ww_fastpOut_reads_R)	COMPLETED	0	176857	1	-	52.5	0.5	3040006144	15395876864	2057160723	1458060
ww_fastpOut_reads_R	BAKTA (ww_fastpOut_reads_R)	COMPLETED	0	187713	1	-	50.1	0.5	3039768576	15245434880	2057002812	1458463
ww_fastpOut_reads_R	BAKTA (ww_fastpOut_reads_R)	COMPLETED	0	195415	1	-	47.8	0.5	3042803712	17379713024	2057666848	1468346
ww_fastpOut_reads_R	BAKTA (ww_fastpOut_reads_R)	COMPLETED	0	166720	1	-	55.6	0.5	3044540416	25739841536	2057029304	1458885
ww_fastpOut_reads_R	BAKTA (ww_fastpOut_reads_R)	COMPLETED	0	164696	1	-	57.4	0.5	3016716288	67538669568	2057668476	1468241
ww_fastpOut_reads_R	BAKTA (ww_fastpOut_reads_R)	COMPLETED	0	172592	1	-	52.7	0.5	3044184064	17356058624	2056448098	1458576
ww_fastpOut_reads_R	BAKTA (ww_fastpOut_reads_R)	COMPLETED	0	134757	1	-	78.2	0.5	3045146624	15141240832	3075059462	24938195
ww_fastpOut_reads_R	BAKTA (ww_fastpOut_reads_R)	COMPLETED	0	177979	1	-	55.3	0.5	4394229760	17490804736	1715232519	1391825
ww_fastpOut_reads_R	BAKTA (ww_fastpOut_reads_R)	COMPLETED	0	174821	1	-	53.6	0.5	3046572032	15388459008	2057689810	1467874
ww_fastpOut_reads_R	BAKTA (ww_fastpOut_reads_R)	COMPLETED	0	177707	1	-	53.6	0.5	3045003264	15419551744	2057575999	1465949
ww_fastpOut_reads_R	BAKTA (ww_fastpOut_reads_R)	COMPLETED	0	168569	1	-	54.7	0.5	3016134656	15304335360	2056421081	1460301
ww_fastpOut_reads_R	BAKTA (ww_fastpOut_reads_R)	COMPLETED	0	160727	1	-	57.9	0.5	3044085760	25734877184	2056607840	1458224
ww_fastpOut_reads_R	BAKTA (ww_fastpOut_reads_R)	COMPLETED	0	201204	1	-	46.4	0.5	3044798464	15407902720	2057799254	1466047
ww_fastpOut_reads_R	BAKTA (ww_fastpOut_reads_R)	COMPLETED	0	179286	1	-	51.6	0.5	3018010624	15217086464	2056964615	1458634
ww_fastpOut_reads_R	BAKTA (ww_fastpOut_reads_R)	COMPLETED	0	191678	1	-	49.1	0.5	3044220928	15408189440	2057543196	1465395
ww_fastpOut_reads_R	BAKTA (ww_fastpOut_reads_R)	COMPLETED	0	184003	1	-	50.6	0.5	3015577600	84128722944	2056917621	1458222
ww_fastpOut_reads_R	BAKTA (ww_fastpOut_reads_R)	COMPLETED	0	184003	1	-	50.9	0.5	3042914304	15346757632	2057766424	1465800
ww_fastpOut_reads_R	BAKTA (ww_fastpOut_reads_R)	COMPLETED	0	175397	1	-	71.8	0.9	5122850816	18214723584	2985750050	22874665
ww_fastpOut_reads_R	BAKTA (ww_fastpOut_reads_R)	COMPLETED	0	187560	1	-	50.5	0.5	3044671488	15197667328	2055670575	1448635
ww_fastpOut_reads_R	BAKTA (ww_fastpOut_reads_R)	COMPLETED	0	191756	1	-	50.9	0.5	3043643392	15519150080	2057070022	1467930
ww_fastpOut_reads_R	BAKTA (ww_fastpOut_reads_R)	COMPLETED	0	199135	1	-	47.0	0.5	3044945920	34121428992	2056941026	1460293
ww_fastpOut_reads_R	BAKTA (ww_fastpOut_reads_R)	COMPLETED	0	188564	1	-	49.5	0.5	3016683520	15466176512	2057005266	1465474
ww_fastpOut_reads_R	BAKTA (ww_fastpOut_reads_R)	COMPLETED	0	209466	1	-	45.5	0.5	3044937728	15176548352	2056926886	1460425
ww_fastpOut_reads_R	BAKTA (ww_fastpOut_reads_R)	COMPLETED	0	212845	1	-	44.3	0.5	3043115008	15373008896	2057393496	1467816
ww_fastpOut_reads_R	BAKTA (ww_fastpOut_reads_R)	COMPLETED	0	194365	1	-	48.8	0.5	3044093952	15452344320	2056789945	1467139
ww_fastpOut_reads_R	BAKTA (ww_fastpOut_reads_R)	COMPLETED	0	195845	1	-	47.8	0.5	3045388288	34030096384	2057326259	1465452
ww_fastpOut_reads_R	BAKTA (ww_fastpOut_reads_R)	COMPLETED	0	196427	1	-	48.2	0.5	3013386240	15358443520	2056897456	1459011
ww_fastpOut_reads_R	BAKTA (ww_fastpOut_reads_R)	COMPLETED	0	196769	1	-	47.4	0.5	3041902592	50771468288	2057769899	1466556
ww_fastpOut_reads_R	BAKTA (ww_fastpOut_reads_R)	COMPLETED	0	174020	1	-	48.2	0.5	3043758080	42308833280	1720853287	1440145
ww_fastpOut_reads_R	BAKTA (ww_fastpOut_reads_R)	COMPLETED	0	162569	1	-	56.6	0.5	3015397376	15055638528	2055776617	1448687
ww_fastpOut_reads_R	BAKTA (ww_fastpOut_reads_R)	COMPLETED	0	177480	1	-	53.6	0.5	3014279168	15263846400	2056606253	1459461
ww_fastpOut_reads_R	BAKTA (ww_fastpOut_reads_R)	COMPLETED	0	204901	1	-	47.0	0.5	3038650368	15325925376	2056900309	1459766
ww_fastpOut_reads_R	BAKTA (ww_fastpOut_reads_R)	COMPLETED	0	188689	1	-	50.7	0.5	3040481280	134236016640	2056757726	1458996
ww_fastpOut_reads_R	BAKTA (ww_fastpOut_reads_R)	COMPLETED	0	166717	1	-	55.8	0.5	3040907264	15388954624	2056909535	1460594
ww_fastpOut_reads_R	BAKTA (ww_fastpOut_reads_R)	COMPLETED	0	171421	1	-	54.6	0.5	3039354880	17390305280	2055804388	1455980
ww_fastpOut_reads_R	BAKTA (ww_fastpOut_reads_R)	COMPLETED	0	202356	1	-	46.8	0.5	3041234944	15322910720	2056100783	1461873
ww_fastpOut_reads_R	BAKTA (ww_fastpOut_reads_R)	COMPLETED	0	179397	1	-	53.3	0.5	3036192768	15203082240	2057133013	3039714
ww_fastpOut_reads_R	BAKTA (ww_fastpOut_reads_R)	COMPLETED	0	167494	1	-	55.3	0.5	3044085760	15193665536	2057017769	1458584
ww_fastpOut_reads_R	BAKTA (ww_fastpOut_reads_R)	COMPLETED	0	166773	1	-	55.9	0.5	3016708096	17352740864	2056991641	1459414
ww_fastpOut_reads_R	BAKTA (ww_fastpOut_reads_R)	COMPLETED	0	163289	1	-	57.9	0.5	3041443840	15369453568	2057177950	1467927
ww_fastpOut_reads_R	BAKTA (ww_fastpOut_reads_R)	COMPLETED	0	152352	1	-	61.2	0.5	3014041600	15358504960	2057051625	1467988
ww_fastpOut_reads_R	BAKTA (ww_fastpOut_reads_R)	COMPLETED	0	172898	1	-	54.1	0.5	3013398528	15347609600	2057882821	1466100
ww_fastpOut_reads_R	BAKTA (ww_fastpOut_reads_R)	COMPLETED	0	180034	1	-	51.9	0.5	3044319232	15305773056	2056798025	1460582
ww_fastpOut_reads_R	BAKTA (ww_fastpOut_reads_R)	COMPLETED	0	163773	1	-	56.3	0.5	3040489472	15181987840	2056204079	1456073
ww_fastpOut_reads_R	BAKTA (ww_fastpOut_reads_R)	COMPLETED	0	171819	1	-	53.9	0.5	3041312768	15229689856	2056996981	1460472
ww_fastpOut_reads_R	BAKTA (ww_fastpOut_reads_R)	COMPLETED	0	174101	1	-	52.6	0.5	3015753728	15119745024	2055146282	1450723
ww_fastpOut_reads_R	BAKTA (ww_fastpOut_reads_R)	COMPLETED	0	172948	1	-	53.8	0.5	3042721792	15352274944	2057252302	1469640
ww_fastpOut_reads_R	BAKTA (ww_fastpOut_reads_R)	COMPLETED	0	162298	1	-	57.0	0.5	3014795264	17397575680	2057043222	1459912
ww_fastpOut_reads_R	BAKTA (ww_fastpOut_reads_R)	COMPLETED	0	194868	1	-	48.2	0.5	3044040704	15231557632	2056857543	1458377
ww_fastpOut_reads_R	BAKTA (ww_fastpOut_reads_R)	COMPLETED	0	171734	1	-	54.9	0.5	3044392960	15348273152	2058065667	1467378
ww_fastpOut_reads_R	BAKTA (ww_fastpOut_reads_R)	COMPLETED	0	192319	1	-	49.6	0.5	3040952320	15246159872	2057375470	1460216
ww_fastpOut_reads_R	BAKTA (ww_fastpOut_reads_R)	COMPLETED	0	181789	1	-	53.6	0.5	3012788224	15335018496	2057579521	1465351
ww_fastpOut_reads_R	BAKTA (ww_fastpOut_reads_R)	COMPLETED	0	185417	1	-	50.9	0.5	3040399360	15448698880	2056959595	1467701
ww_fastpOut_reads_R	BAKTA (ww_fastpOut_reads_R)	COMPLETED	0	193276	1	-	48.8	0.5	3038580736	15111000064	2055795040	1456156
ww_fastpOut_reads_R	BAKTA (ww_fastpOut_reads_R)	COMPLETED	0	167041	1	-	56.1	0.5	3011829760	15329652736	2057821527	1466367
ww_fastpOut_reads_R	BAKTA (ww_fastpOut_reads_R)	COMPLETED	0	189647	1	-	49.3	0.5	3044548608	15408177152	2057808411	1467325
ww_fastpOut_reads_R	BAKTA (ww_fastpOut_reads_R)	COMPLETED	0	173080	1	-	53.8	0.5	3040591872	15258824704	2057218127	1459563
ww_fastpOut_reads_R	BAKTA (ww_fastpOut_reads_R)	COMPLETED	0	191283	1	-	48.9	0.5	3044728832	15289933824	2057314532	1458797
ww_fastpOut_reads_R	BAKTA (ww_fastpOut_reads_R)	COMPLETED	0	169496	1	-	55.4	0.5	3043512320	15174307840	2057099945	1460792
ww_fastpOut_reads_R	BAKTA (ww_fastpOut_reads_R)	COMPLETED	0	187005	1	-	51.1	0.5	3045212160	15258062848	2057185854	1458065
ww_fastpOut_reads_R	BAKTA (ww_fastpOut_reads_R)	COMPLETED	0	181705	1	-	52.3	0.5	3016220672	15439536128	2057371842	1466944
ww_fastpOut_reads_R	BAKTA (ww_fastpOut_reads_R)	COMPLETED	0	207992	1	-	46.2	0.5	3043815424	50774364160	2056786841	1461761
ww_fastpOut_reads_R	BAKTA (ww_fastpOut_reads_R)	COMPLETED	0	182990	1	-	50.3	0.5	3043930112	15311126528	2056726814	1460093
ww_fastpOut_reads_R	BAKTA (ww_fastpOut_reads_R)	COMPLETED	0	164142	1	-	56.4	0.5	3018645504	17384886272	2057520262	1460822
ww_fastpOut_reads_R	BAKTA (ww_fastpOut_reads_R)	COMPLETED	0	163780	1	-	57.4	0.5	3046248448	34074415104	2056693026	1467051
ww_fastpOut_reads_R	BAKTA (ww_fastpOut_reads_R)	COMPLETED	0	154111	1	-	61.1	0.5	3044515840	15278211072	2057891331	1468216
ww_fastpOut_reads_R	BAKTA (ww_fastpOut_reads_R)	COMPLETED	0	185446	1	-	50.9	0.5	3040571392	15519326208	2056951701	1469025
ww_fastpOut_reads_R	BAKTA (ww_fastpOut_reads_R)	COMPLETED	0	172467	1	-	53.5	0.5	3044876288	15282135040	2056399182	1459226
ww_fastpOut_reads_R	BAKTA (ww_fastpOut_reads_R)	COMPLETED	0	165796	1	-	55.9	0.5	3043098624	15238717440	2056651541	1458489
ww_fastpOut_reads_R	BAKTA (ww_fastpOut_reads_R)	COMPLETED	0	166927	1	-	55.3	0.5	3019063296	17352937472	2057400249	1467840
ww_fastpOut_reads_R	BAKTA (ww_fastpOut_reads_R)	COMPLETED	0	172542	1	-	53.1	0.5	3014832128	15234818048	2055994869	1458052
ww_fastpOut_reads_R	BAKTA (ww_fastpOut_reads_R)	COMPLETED	0	191195	1	-	49.4	0.5	3041583104	15386660864	2057249268	1468964
ww_fastpOut_reads_R	BAKTA (ww_fastpOut_reads_R)	COMPLETED	0	215092	1	-	44.3	0.5	3038224384	17384751104	2057759425	1466331
ww_fastpOut_reads_R	BAKTA (ww_fastpOut_reads_R)	COMPLETED	0	186566	1	-	51.0	0.5	3044171776	15254872064	2057138117	1460472
ww_fastpOut_reads_R	BAKTA (ww_fastpOut_reads_R)	COMPLETED	0	185379	1	-	50.5	0.5	3041169408	15321858048	2057132700	1458428
ww_fastpOut_reads_R	BAKTA (ww_fastpOut_reads_R)	COMPLETED	0	138429	1	-	75.8	0.5	3018375168	109209374720	3074808234	24938111
ww_fastpOut_reads_R	BAKTA (ww_fastpOut_reads_R)	COMPLETED	0	183294	1	-	50.8	0.5	3043733504	15475580928	2056836589	1466591
ww_fastpOut_reads_R	BAKTA (ww_fastpOut_reads_R)	COMPLETED	0	167081	1	-	55.5	0.5	3019042816	15347638272	2057816868	1466006
ww_fastpOut_reads_R	BAKTA (ww_fastpOut_reads_R)	COMPLETED	0	191078	1	-	50.0	0.5	3042529280	17324978176	2057680416	1465935
ww_fastpOut_reads_R	BAKTA (ww_fastpOut_reads_R)	COMPLETED	0	184763	1	-	50.1	0.5	3044007936	17327403008	2056435565	1459686
ww_fastpOut_reads_R	BAKTA (ww_fastpOut_reads_R)	COMPLETED	0	199726	1	-	45.8	0.4	3015454720	15313326080	2057451773	1461301
ww_fastpOut_reads_R	BAKTA (ww_fastpOut_reads_R)	COMPLETED	0	192906	1	-	48.6	0.5	3045310464	34124484608	2056973371	1467472
ww_fastpOut_reads_R	BAKTA (ww_fastpOut_reads_R)	COMPLETED	0	185614	1	-	50.4	0.5	3016597504	15439613952	2057250199	1469106
ww_fastpOut_reads_R	BAKTA (ww_fastpOut_reads_R)	COMPLETED	0	194902	1	-	48.2	0.5	3013500928	15238885376	2057157066	1461782
ww_fastpOut_reads_R	BAKTA (ww_fastpOut_reads_R)	COMPLETED	0	173654	1	-	53.4	0.5	3042713600	42432237568	2057544464	1459682
ww_fastpOut_reads_R	BAKTA (ww_fastpOut_reads_R)	COMPLETED	0	180138	1	-	51.9	0.5	3017150464	15581188096	2057012693	1466791
ww_fastpOut_reads_R	BAKTA (ww_fastpOut_reads_R)	COMPLETED	0	209990	1	-	45.4	0.5	3039899648	15313252352	2057213070	1460062
ww_fastpOut_reads_R	BAKTA (ww_fastpOut_reads_R)	COMPLETED	0	177295	1	-	52.9	0.5	3044261888	15518138368	2057365182	1467107
ww_fastpOut_reads_R	BAKTA (ww_fastpOut_reads_R)	COMPLETED	0	190243	1	-	48.9	0.5	3039436800	15240806400	2056974259	1462069
ww_fastpOut_reads_R	BAKTA (ww_fastpOut_reads_R)	COMPLETED	0	193099	1	-	48.4	0.5	3017691136	15455539200	2056959230	1467130
ww_fastpOut_reads_R	BAKTA (ww_fastpOut_reads_R)	COMPLETED	0	189910	1	-	53.0	0.7	3680272384	16725069824	2052745051	1317234
ww_fastpOut_reads_R	BAKTA (ww_fastpOut_reads_R)	COMPLETED	0	202544	1	-	46.2	0.5	3042877440	15208472576	2057350899	1461491
ww_fastpOut_reads_R	BAKTA (ww_fastpOut_reads_R)	COMPLETED	0	180051	1	-	51.6	0.5	3046260736	15246364672	2057107772	1461606
ww_fastpOut_reads_R	BAKTA (ww_fastpOut_reads_R)	COMPLETED	0	199683	1	-	48.0	0.5	3037884416	15450509312	2057042003	1469162
ww_fastpOut_reads_R	BAKTA (ww_fastpOut_reads_R)	COMPLETED	0	193887	1	-	48.1	0.5	3013685248	15371132928	2056890256	1468767
ww_fastpOut_reads_R	BAKTA (ww_fastpOut_reads_R)	COMPLETED	0	187584	1	-	49.0	0.5	3043086336	15379300352	2056662502	1459435
ww_fastpOut_reads_R	BAKTA (ww_fastpOut_reads_R)	COMPLETED	0	188568	1	-	48.5	0.5	3042738176	15272869888	2056883728	1461504
ww_fastpOut_reads_R	BAKTA (ww_fastpOut_reads_R)	COMPLETED	0	188399	1	-	49.9	0.5	3042549760	15475605504	2057144524	1466747
ww_fastpOut_reads_R	BAKTA (ww_fastpOut_reads_R)	COMPLETED	0	203326	1	-	45.0	0.5	3047239680	15069343744	2055225035	1450687
ww_fastpOut_reads_R	BAKTA (ww_fastpOut_reads_R)	COMPLETED	0	180336	1	-	52.0	0.5	3047436288	15373516800	2057191782	1467726
ww_fastpOut_reads_R	BAKTA (ww_fastpOut_reads_R)	COMPLETED	0	183770	1	-	50.8	0.5	3044597760	17327149056	2057031345	1468721
ww_fastpOut_reads_R	BAKTA (ww_fastpOut_reads_R)	COMPLETED	0	193130	1	-	48.4	0.5	3041406976	15447404544	2056529145	1468751
ww_fastpOut_reads_R	BAKTA (ww_fastpOut_reads_R)	COMPLETED	0	183399	1	-	49.9	0.5	3042447360	25731977216	2057096813	1460236
ww_fastpOut_reads_R	BAKTA (ww_fastpOut_reads_R)	COMPLETED	0	177305	1	-	51.9	0.5	3040477184	15240822784	2057040890	1462169
ww_fastpOut_reads_R	BAKTA (ww_fastpOut_reads_R)	COMPLETED	0	174746	1	-	53.0	0.5	3043315712	15277223936	2056303114	1459144
ww_fastpOut_reads_R	BAKTA (ww_fastpOut_reads_R)	COMPLETED	0	195902	1	-	48.8	0.5	3014438912	17383976960	2056196347	1469674
ww_fastpOut_reads_R	BAKTA (ww_fastpOut_reads_R)	COMPLETED	0	159377	1	-	58.3	0.5	3019313152	15228985344	2057760386	1460006
ww_fastpOut_reads_R	BAKTA (ww_fastpOut_reads_R)	COMPLETED	0	208469	1	-	46.4	0.5	3013287936	15228121088	2056852154	1462240
ww_fastpOut_reads_R	BAKTA (ww_fastpOut_reads_R)	COMPLETED	0	167604	1	-	54.9	0.5	3042787328	15194451968	2056773443	1461967
ww_fastpOut_reads_R	BAKTA (ww_fastpOut_reads_R)	COMPLETED	0	176665	1	-	52.3	0.5	3015737344	17384361984	2057137790	1461882
ww_fastpOut_reads_R	BAKTA (ww_fastpOut_reads_R)	COMPLETED	0	182727	1	-	50.6	0.5	3016536064	15416254464	2057666218	1461126
ww_fastpOut_reads_R	BAKTA (ww_fastpOut_reads_R)	COMPLETED	0	185592	1	-	50.1	0.5	3044864000	15428952064	2056525739	1468406
ww_fastpOut_reads_R	BAKTA (ww_fastpOut_reads_R)	COMPLETED	0	178932	1	-	53.5	0.5	3043741696	15422779392	2056836828	1468386
ww_fastpOut_reads_R	BAKTA (ww_fastpOut_reads_R)	COMPLETED	0	163805	1	-	56.5	0.5	3040116736	17381863424	2056584410	1469262
ww_fastpOut_reads_R	BAKTA (ww_fastpOut_reads_R)	COMPLETED	0	184856	1	-	50.5	0.5	3037343744	15251808256	2057352810	1459862
ww_fastpOut_reads_R	BAKTA (ww_fastpOut_reads_R)	COMPLETED	0	178161	1	-	52.6	0.5	3017453568	15362056192	2056711179	1469336
ww_fastpOut_reads_R	BAKTA (ww_fastpOut_reads_R)	COMPLETED	0	168028	1	-	55.6	0.5	3043680256	17381048320	2057478411	1467354
ww_fastpOut_reads_R	BAKTA (ww_fastpOut_reads_R)	COMPLETED	0	179424	1	-	52.2	0.5	3043287040	15450906624	2057463149	1467291
ww_fastpOut_reads_R	BAKTA (ww_fastpOut_reads_R)	COMPLETED	0	160102	1	-	58.0	0.5	3015507968	15421231104	2057041220	1469260
ww_fastpOut_reads_R	BAKTA (ww_fastpOut_reads_R)	COMPLETED	0	157633	1	-	59.5	0.5	3014529024	15487770624	2057459307	1469269
ww_fastpOut_reads_R	BAKTA (ww_fastpOut_reads_R)	COMPLETED	0	190293	1	-	49.2	0.5	3043581952	15185846272	2056079462	1458041
ww_fastpOut_reads_R	BAKTA (ww_fastpOut_reads_R)	COMPLETED	0	163097	1	-	57.2	0.5	3017568256	15373238272	2057361744	1461652
ww_fastpOut_reads_R	BAKTA (ww_fastpOut_reads_R)	COMPLETED	0	180866	1	-	51.0	0.4	3041558528	42413105152	2057348438	1459579
ww_fastpOut_reads_R	BAKTA (ww_fastpOut_reads_R)	COMPLETED	0	169392	1	-	55.3	0.5	3015782400	17397989376	2057481828	1459262
ww_fastpOut_reads_R	BAKTA (ww_fastpOut_reads_R)	COMPLETED	0	173217	1	-	54.2	0.5	3042852864	125844697088	2057800752	1461646
ww_fastpOut_reads_R	BAKTA (ww_fastpOut_reads_R)	COMPLETED	0	153886	1	-	60.0	0.5	3043983360	14724128768	2057231427	1459262
ww_fastpOut_reads_R	BAKTA (ww_fastpOut_reads_R)	COMPLETED	0	161661	1	-	57.6	0.4	3019563008	15436345344	2057404973	1468600
ww_fastpOut_reads_R	BAKTA (ww_fastpOut_reads_R)	COMPLETED	0	186682	1	-	51.6	0.5	3040108544	15258681344	2056952512	1459594
ww_fastpOut_reads_R	BAKTA (ww_fastpOut_reads_R)	COMPLETED	0	169691	1	-	56.2	0.5	3038838784	109200957440	2057740298	1466614
ww_fastpOut_reads_R	BAKTA (ww_fastpOut_reads_R)	COMPLETED	0	172838	1	-	55.0	0.5	3044528128	15272931328	2057318753	1461301
ww_fastpOut_reads_R	BAKTA (ww_fastpOut_reads_R)	COMPLETED	0	164369	1	-	56.2	0.5	3044196352	15209000960	2057059976	1461325
ww_fastpOut_reads_R	BAKTA (ww_fastpOut_reads_R)	COMPLETED	0	174247	1	-	53.1	0.5	3042009088	15312179200	2057108110	1459331
ww_fastpOut_reads_R	BAKTA (ww_fastpOut_reads_R)	COMPLETED	0	188808	1	-	51.0	0.5	3013955584	25678295040	2057326023	1459609
ww_fastpOut_reads_R	BAKTA (ww_fastpOut_reads_R)	COMPLETED	0	173115	1	-	54.2	0.5	3040956416	34071506944	2056560623	1468618
ww_fastpOut_reads_R	BAKTA (ww_fastpOut_reads_R)	COMPLETED	0	170641	1	-	53.9	0.5	3046477824	59185864704	2057285107	1462005
ww_fastpOut_reads_R	BAKTA (ww_fastpOut_reads_R)	COMPLETED	0	186214	1	-	51.0	0.5	3043553280	15447416832	2056997774	1468564
ww_fastpOut_reads_R	BAKTA (ww_fastpOut_reads_R)	COMPLETED	0	189834	1	-	49.3	0.5	3011092480	50769899520	2057752220	1460037
ww_fastpOut_reads_R	BAKTA (ww_fastpOut_reads_R)	COMPLETED	0	184011	1	-	51.4	0.5	3016900608	15489388544	2057009782	1466683
ww_fastpOut_reads_R	BAKTA (ww_fastpOut_reads_R)	COMPLETED	0	189537	1	-	49.6	0.5	3017441280	15264419840	2057287717	1458940
ww_fastpOut_reads_R	BAKTA (ww_fastpOut_reads_R)	COMPLETED	0	196623	1	-	47.0	0.4	3043577856	25731776512	2057261974	1461356
ww_fastpOut_reads_R	BAKTA (ww_fastpOut_reads_R)	COMPLETED	0	193847	1	-	49.6	0.5	3039485952	17386254336	2057352515	1469411
ww_fastpOut_reads_R	BAKTA (ww_fastpOut_reads_R)	COMPLETED	0	187974	1	-	49.5	0.5	3045482496	15294853120	2057013202	1460981
ww_fastpOut_reads_R	BAKTA (ww_fastpOut_reads_R)	COMPLETED	0	185255	1	-	48.5	0.5	3039588352	17373143040	1724503547	3113780
ww_fastpOut_reads_R	BAKTA (ww_fastpOut_reads_R)	COMPLETED	0	192645	1	-	48.9	0.5	3040157696	15273472000	2057512206	1458899
ww_fastpOut_reads_R	BAKTA (ww_fastpOut_reads_R)	COMPLETED	0	208315	1	-	46.5	0.5	3040772096	34078187520	2056768538	1467468
ww_fastpOut_reads_R	BAKTA (ww_fastpOut_reads_R)	COMPLETED	0	171822	1	-	54.6	0.5	3013025792	15367966720	2057294266	1461671
ww_fastpOut_reads_R	BAKTA (ww_fastpOut_reads_R)	COMPLETED	0	199332	1	-	46.8	0.5	3045953536	15495065600	2057104155	1469417
ww_fastpOut_reads_R	BAKTA (ww_fastpOut_reads_R)	COMPLETED	0	172693	1	-	53.6	0.5	3040952320	15354482688	2057112124	1468207
ww_fastpOut_reads_R	BAKTA (ww_fastpOut_reads_R)	COMPLETED	0	173138	1	-	53.5	0.5	3039186944	25729011712	2057086329	1461675
ww_fastpOut_reads_R	BAKTA (ww_fastpOut_reads_R)	COMPLETED	0	190397	1	-	47.7	0.5	3015819264	15169073152	2056331946	1458042
ww_fastpOut_reads_R	BAKTA (ww_fastpOut_reads_R)	COMPLETED	0	184381	1	-	50.4	0.5	3045142528	15572905984	2057682135	1469086
ww_fastpOut_reads_R	BAKTA (ww_fastpOut_reads_R)	COMPLETED	0	186139	1	-	51.9	0.5	3038392320	15251623936	2056878584	1459754
ww_fastpOut_reads_R	BAKTA (ww_fastpOut_reads_R)	COMPLETED	0	184907	1	-	49.6	0.5	3014250496	15163469824	2057440932	1459798
ww_fastpOut_reads_R	BAKTA (ww_fastpOut_reads_R)	COMPLETED	0	181741	1	-	51.6	0.5	3043065856	15500328960	2057583970	1469072
ww_fastpOut_reads_R	BAKTA (ww_fastpOut_reads_R)	COMPLETED	0	189193	1	-	48.8	0.5	3038662656	42421379072	2057723326	1469092
ww_fastpOut_reads_R	BAKTA (ww_fastpOut_reads_R)	COMPLETED	0	192310	1	-	50.4	0.5	3012182016	15484080128	2057185344	1466648
ww_fastpOut_reads_R	BAKTA (ww_fastpOut_reads_R)	COMPLETED	0	196225	1	-	48.1	0.5	3038597120	15438532608	2056889559	1467141
ww_fastpOut_reads_R	BAKTA (ww_fastpOut_reads_R)	COMPLETED	0	165701	1	-	54.8	0.5	3015593984	17385218048	2056765566	1461502
ww_fastpOut_reads_R	BAKTA (ww_fastpOut_reads_R)	COMPLETED	0	190554	1	-	49.1	0.5	3042230272	34077392896	2057562798	1467135
ww_fastpOut_reads_R	BAKTA (ww_fastpOut_reads_R)	COMPLETED	0	186192	1	-	49.5	0.4	3044052992	92486139904	2056877259	1466780
ww_fastpOut_reads_R	BAKTA (ww_fastpOut_reads_R)	COMPLETED	0	153037	1	-	61.6	0.4	3042930688	15479021568	2057177156	1468714
ww_fastpOut_reads_R	BAKTA (ww_fastpOut_reads_R)	COMPLETED	0	146705	1	-	63.4	0.5	3015430144	17327370240	2056888686	1468792
ww_fastpOut_reads_R	BAKTA (ww_fastpOut_reads_R)	COMPLETED	0	159639	1	-	57.2	0.5	3043991552	25675149312	2057126196	1459443
ww_fastpOut_reads_R	BAKTA (ww_fastpOut_reads_R)	COMPLETED	0	200192	1	-	47.4	0.5	3045437440	15364825088	2057000329	1469058
ww_fastpOut_reads_R	BAKTA (ww_fastpOut_reads_R)	COMPLETED	0	159156	1	-	58.9	0.5	3046612992	15536185344	2057279962	1466941
ww_fastpOut_reads_R	BAKTA (ww_fastpOut_reads_R)	COMPLETED	0	140546	1	-	66.1	0.5	3040436224	15366389760	2056616527	1467448
ww_fastpOut_reads_R	BAKTA (ww_fastpOut_reads_R)	COMPLETED	0	156132	1	-	59.8	0.5	3041087488	15545311232	2056923222	1466597
ww_fastpOut_reads_R	BAKTA (ww_fastpOut_reads_R)	COMPLETED	0	163426	1	-	57.3	0.5	3044282368	15342866432	2056984072	1461258
ww_fastpOut_reads_R	BAKTA (ww_fastpOut_reads_R)	COMPLETED	0	173874	1	-	53.0	0.5	3043975168	15423246336	2056604156	1461081
ww_fastpOut_reads_R	BAKTA (ww_fastpOut_reads_R)	COMPLETED	0	172812	1	-	54.6	0.5	3020701696	34114314240	2056828974	1466523
ww_fastpOut_reads_R	BAKTA (ww_fastpOut_reads_R)	COMPLETED	0	201513	1	-	45.6	0.5	3043483648	15308587008	2057271129	1461471
ww_fastpOut_reads_R	BAKTA (ww_fastpOut_reads_R)	COMPLETED	0	197859	1	-	48.2	0.5	3017306112	34120691712	2057775763	1468667
ww_fastpOut_reads_R	BAKTA (ww_fastpOut_reads_R)	COMPLETED	0	183742	1	-	51.0	0.5	3039236096	15275319296	2056972256	1459180
ww_fastpOut_reads_R	BAKTA (ww_fastpOut_reads_R)	COMPLETED	0	173669	1	-	52.4	0.5	3042656256	17333841920	2057386754	1459965
ww_fastpOut_reads_R	BAKTA (ww_fastpOut_reads_R)	COMPLETED	0	187868	1	-	49.0	0.5	3020484608	15190364160	2057113786	1459274
ww_fastpOut_reads_R	BAKTA (ww_fastpOut_reads_R)	COMPLETED	0	208282	1	-	45.8	0.5	3016404992	25751212032	2056970433	1468593
ww_fastpOut_reads_R	BAKTA (ww_fastpOut_reads_R)	COMPLETED	0	195120	1	-	47.4	0.5	3043692544	15580106752	2057172874	1466481
ww_fastpOut_reads_R	BAKTA (ww_fastpOut_reads_R)	COMPLETED	0	186954	1	-	50.1	0.5	3017424896	14702227456	2057466249	1466205
ww_fastpOut_reads_R	BAKTA (ww_fastpOut_reads_R)	COMPLETED	0	202063	1	-	46.5	0.5	3039895552	15223607296	2057545062	1461895
ww_fastpOut_reads_R	BAKTA (ww_fastpOut_reads_R)	COMPLETED	0	202896	1	-	45.9	0.5	3017175040	15489753088	2057485324	1467293
ww_fastpOut_reads_R	BAKTA (ww_fastpOut_reads_R)	COMPLETED	0	164006	1	-	56.6	0.5	3042775040	15406841856	2057512183	1467186
ww_fastpOut_reads_R	BAKTA (ww_fastpOut_reads_R)	COMPLETED	0	203295	1	-	48.3	0.5	3574521856	16678551552	2051952197	1314990
ww_fastpOut_reads_R	BAKTA (ww_fastpOut_reads_R)	COMPLETED	0	223250	1	-	41.4	0.5	3019763712	15182192640	2056814670	1458672
ww_fastpOut_reads_R	BAKTA (ww_fastpOut_reads_R)	COMPLETED	0	179370	1	-	52.4	0.5	3044179968	15183601664	2056979460	1459492
ww_fastpOut_reads_R	BAKTA (ww_fastpOut_reads_R)	COMPLETED	0	207328	1	-	45.0	0.5	3043074048	17328246784	2055761188	1460736
ww_fastpOut_reads_R	BAKTA (ww_fastpOut_reads_R)	COMPLETED	0	187384	1	-	50.0	0.5	3045629952	15422947328	2057315503	1466167
ww_fastpOut_reads_R	BAKTA (ww_fastpOut_reads_R)	COMPLETED	0	171434	1	-	53.4	0.4	3044978688	15328182272	2056611891	1461346
ww_fastpOut_reads_R	BAKTA (ww_fastpOut_reads_R)	COMPLETED	0	201033	1	-	46.8	0.5	3042308096	15372115968	2057307558	1466867
ww_fastpOut_reads_R	BAKTA (ww_fastpOut_reads_R)	COMPLETED	0	184453	1	-	52.9	0.5	3044528128	34012549120	2057629618	1468931
ww_fastpOut_reads_R	BAKTA (ww_fastpOut_reads_R)	COMPLETED	0	200914	1	-	45.9	0.5	3042476032	17328222208	2056870258	1461350
ww_fastpOut_reads_R	BAKTA (ww_fastpOut_reads_R)	COMPLETED	0	178538	1	-	53.2	0.5	3018375168	50852147200	2057397874	1459380
ww_fastpOut_reads_R	BAKTA (ww_fastpOut_reads_R)	COMPLETED	0	200888	1	-	48.4	0.5	3042664448	15388229632	2056804240	1468962
ww_fastpOut_reads_R	BAKTA (ww_fastpOut_reads_R)	COMPLETED	0	195115	1	-	48.4	0.5	3040075776	15373897728	2057269534	1466862
ww_fastpOut_reads_R	BAKTA (ww_fastpOut_reads_R)	COMPLETED	0	178745	1	-	51.3	0.5	3043667968	50766663680	2057104673	1468985
ww_fastpOut_reads_R	BAKTA (ww_fastpOut_reads_R)	COMPLETED	0	187639	1	-	50.3	0.5	3042779136	42373607424	2057377601	1466711
ww_fastpOut_reads_R	BAKTA (ww_fastpOut_reads_R)	COMPLETED	0	200668	1	-	46.9	0.5	3041767424	42424619008	2056981415	1461552
ww_fastpOut_reads_R	BAKTA (ww_fastpOut_reads_R)	COMPLETED	0	221152	1	-	43.8	0.5	3042824192	15216128000	2057154291	1461519
ww_fastpOut_reads_R	BAKTA (ww_fastpOut_reads_R)	COMPLETED	0	163767	1	-	57.1	0.4	3041443840	15392866304	2056442777	1466842
ww_fastpOut_reads_R	BAKTA (ww_fastpOut_reads_R)	COMPLETED	0	166367	1	-	56.1	0.5	3042709504	15174463488	2056552956	1459208
ww_fastpOut_reads_R	BAKTA (ww_fastpOut_reads_R)	COMPLETED	0	180843	1	-	52.0	0.5	3042918400	15416238080	2057020240	1468600
ww_fastpOut_reads_R	BAKTA (ww_fastpOut_reads_R)	COMPLETED	0	170669	1	-	55.5	0.5	3014459392	15464259584	2057085090	1466743
ww_fastpOut_reads_R	BAKTA (ww_fastpOut_reads_R)	COMPLETED	0	160065	1	-	58.6	0.5	3017461760	15527284736	2056959225	1466346
ww_fastpOut_reads_R	BAKTA (ww_fastpOut_reads_R)	COMPLETED	0	165719	1	-	56.5	0.5	3046129664	15411093504	2057089579	1466327
ww_fastpOut_reads_R	BAKTA (ww_fastpOut_reads_R)	COMPLETED	0	191640	1	-	49.1	0.5	3042533376	17400774656	2057329388	1466639
ww_fastpOut_reads_R	BAKTA (ww_fastpOut_reads_R)	COMPLETED	0	196825	1	-	46.8	0.5	3041972224	25675001856	2056876989	1459121
ww_fastpOut_reads_R	BAKTA (ww_fastpOut_reads_R)	COMPLETED	0	195981	1	-	47.9	0.5	3016806400	15542530048	2056916785	1468646
ww_fastpOut_reads_R	BAKTA (ww_fastpOut_reads_R)	COMPLETED	0	165090	1	-	56.6	0.5	3041390592	15366524928	2058105279	1467169
ww_fastpOut_reads_R	BAKTA (ww_fastpOut_reads_R)	COMPLETED	0	147116	1	-	62.3	0.5	3041796096	15192940544	2056683006	1458608
ww_fastpOut_reads_R	BAKTA (ww_fastpOut_reads_R)	COMPLETED	0	198092	1	-	47.7	0.5	3045597184	15433584640	2056764871	1468227
ww_fastpOut_reads_R	BAKTA (ww_fastpOut_reads_R)	COMPLETED	0	184880	1	-	52.0	0.5	3041349632	59142668288	2056902791	1461051
ww_fastpOut_reads_R	BAKTA (ww_fastpOut_reads_R)	COMPLETED	0	186192	1	-	50.7	0.5	3042304000	34066653184	2057502970	1466370
ww_fastpOut_reads_R	BAKTA (ww_fastpOut_reads_R)	COMPLETED	0	208640	1	-	44.6	0.5	3044847616	15385473024	2057326046	1468429
ww_fastpOut_reads_R	BAKTA (ww_fastpOut_reads_R)	COMPLETED	0	177540	1	-	52.8	0.5	3039678464	15280697344	2058076048	1461388
ww_fastpOut_reads_R	BAKTA (ww_fastpOut_reads_R)	COMPLETED	0	199009	1	-	48.3	0.5	3041239040	15162429440	2056511812	1459848
ww_fastpOut_reads_R	BAKTA (ww_fastpOut_reads_R)	COMPLETED	0	209579	1	-	45.1	0.5	3040862208	15357960192	2057408449	1461827
ww_fastpOut_reads_R	BAKTA (ww_fastpOut_reads_R)	COMPLETED	0	175345	1	-	52.5	0.5	3016794112	15278268416	2057385127	1458989
ww_fastpOut_reads_R	BAKTA (ww_fastpOut_reads_R)	COMPLETED	0	185092	1	-	50.9	0.5	3043065856	15391305728	2057269272	1468035
ww_fastpOut_reads_R	BAKTA (ww_fastpOut_reads_R)	COMPLETED	0	161066	1	-	57.5	0.4	3040374784	15388102656	2057319228	1468755
ww_fastpOut_reads_R	BAKTA (ww_fastpOut_reads_R)	COMPLETED	0	185003	1	-	50.8	0.5	3042406400	15307366400	2057184984	1466778
ww_fastpOut_reads_R	BAKTA (ww_fastpOut_reads_R)	COMPLETED	0	189519	1	-	49.5	0.5	3018698752	15187578880	2057077025	1459407
ww_fastpOut_reads_R	BAKTA (ww_fastpOut_reads_R)	COMPLETED	0	164292	1	-	55.9	0.5	3045613568	15243440128	2057536903	1461422
ww_fastpOut_reads_R	BAKTA (ww_fastpOut_reads_R)	COMPLETED	0	165963	1	-	57.6	0.5	3043373056	15246909440	2057883423	1459445
ww_fastpOut_reads_R	BAKTA (ww_fastpOut_reads_R)	COMPLETED	0	173090	1	-	53.1	0.5	3020115968	92634124288	2056792142	1459043
ww_fastpOut_reads_R	BAKTA (ww_fastpOut_reads_R)	COMPLETED	0	170078	1	-	53.6	0.5	3043438592	15429754880	2057261886	1466547
ww_fastpOut_reads_R	BAKTA (ww_fastpOut_reads_R)	COMPLETED	0	179753	1	-	52.2	0.5	3017924608	15366512640	2056857097	1459398
ww_fastpOut_reads_R	BAKTA (ww_fastpOut_reads_R)	COMPLETED	0	171395	1	-	56.4	0.5	3041828864	15449784320	2056622181	1466362
ww_fastpOut_reads_R	BAKTA (ww_fastpOut_reads_R)	COMPLETED	0	179708	1	-	51.2	0.5	3044716544	15257468928	2056259257	1458755
ww_fastpOut_reads_R	BAKTA (ww_fastpOut_reads_R)	COMPLETED	0	171432	1	-	54.5	0.5	3044687872	15523627008	2057109164	1468160
ww_fastpOut_reads_R	BAKTA (ww_fastpOut_reads_R)	COMPLETED	0	198788	1	-	46.3	0.5	3043827712	17384108032	2057042535	1461089
ww_fastpOut_reads_R	BAKTA (ww_fastpOut_reads_R)	COMPLETED	0	184162	1	-	50.0	0.5	3045748736	15234367488	2056657861	1461222
ww_fastpOut_reads_R	BAKTA (ww_fastpOut_reads_R)	COMPLETED	0	213003	1	-	45.6	0.5	3042062336	15441014784	2057484006	1466718
ww_fastpOut_reads_R	BAKTA (ww_fastpOut_reads_R)	COMPLETED	0	192059	1	-	48.3	0.5	3042115584	15175184384	2056822890	1459044
ww_fastpOut_reads_R	BAKTA (ww_fastpOut_reads_R)	COMPLETED	0	203074	1	-	46.2	0.5	3046203392	15401451520	2057087310	1468518
ww_fastpOut_reads_R	BAKTA (ww_fastpOut_reads_R)	COMPLETED	0	195982	1	-	48.5	0.5	3046563840	17381376000	2056652421	1459169
ww_fastpOut_reads_R	BAKTA (ww_fastpOut_reads_R)	COMPLETED	0	184473	1	-	52.2	0.5	3042447360	15236239360	2056548114	1461112
ww_fastpOut_reads_R	BAKTA (ww_fastpOut_reads_R)	COMPLETED	0	183553	1	-	51.3	0.5	3015970816	42435907584	2056926385	1468216
ww_fastpOut_reads_R	BAKTA (ww_fastpOut_reads_R)	COMPLETED	0	203036	1	-	46.4	0.5	3045658624	15177494528	2057242705	1458987
ww_fastpOut_reads_R	BAKTA (ww_fastpOut_reads_R)	COMPLETED	0	175748	1	-	52.9	0.5	3042443264	15471378432	2057072378	1468384
ww_fastpOut_reads_R	BAKTA (ww_fastpOut_reads_R)	COMPLETED	0	181271	1	-	51.1	0.5	3043434496	17381195776	2057306333	1461081
ww_fastpOut_reads_R	BAKTA (ww_fastpOut_reads_R)	COMPLETED	0	209123	1	-	45.5	0.5	3042959360	15306907648	2056803171	1460717
ww_fastpOut_reads_R	BAKTA (ww_fastpOut_reads_R)	COMPLETED	0	188197	1	-	49.4	0.5	3040116736	15245152256	2057248684	1459544
ww_fastpOut_reads_R	BAKTA (ww_fastpOut_reads_R)	COMPLETED	0	183805	1	-	50.2	0.5	3046408192	15168532480	2056208894	1459111
ww_fastpOut_reads_R	BAKTA (ww_fastpOut_reads_R)	COMPLETED	0	189055	1	-	50.2	0.5	3013152768	15473762304	2056928080	1468290
ww_fastpOut_reads_R	BAKTA (ww_fastpOut_reads_R)	COMPLETED	0	203514	1	-	47.8	0.5	3040632832	15576571904	2057175399	1466324
ww_fastpOut_reads_R	BAKTA (ww_fastpOut_reads_R)	COMPLETED	0	163948	1	-	56.6	0.5	3015270400	75785138176	2056288698	1469054
ww_fastpOut_reads_R	BAKTA (ww_fastpOut_reads_R)	COMPLETED	0	188268	1	-	48.9	0.5	3041505280	42478428160	2056798834	1461534
ww_fastpOut_reads_R	BAKTA (ww_fastpOut_reads_R)	COMPLETED	0	180642	1	-	54.1	0.5	3043819520	15478558720	2056968143	1466261
ww_fastpOut_reads_R	BAKTA (ww_fastpOut_reads_R)	COMPLETED	0	190350	1	-	48.6	0.4	3044093952	15390756864	2057070267	1467163
ww_fastpOut_reads_R	BAKTA (ww_fastpOut_reads_R)	COMPLETED	0	176481	1	-	52.3	0.5	3043897344	15188111360	2057104638	1459761
ww_fastpOut_reads_R	BAKTA (ww_fastpOut_reads_R)	COMPLETED	0	195008	1	-	50.3	0.5	3011600384	17384947712	2056720872	1468347
ww_fastpOut_reads_R	BAKTA (ww_fastpOut_reads_R)	COMPLETED	0	170509	1	-	54.7	0.5	3015864320	50758500352	2057422927	1466083
ww_fastpOut_reads_R	BAKTA (ww_fastpOut_reads_R)	COMPLETED	0	168418	1	-	55.9	0.5	3038564352	15481249792	2057093243	1468248
ww_fastpOut_reads_R	BAKTA (ww_fastpOut_reads_R)	COMPLETED	0	159877	1	-	57.9	0.5	3039870976	15311843328	2057185028	1468751
ww_fastpOut_reads_R	BAKTA (ww_fastpOut_reads_R)	COMPLETED	0	150573	1	-	62.2	0.4	3017031680	50758967296	2057131985	1468107
ww_fastpOut_reads_R	BAKTA (ww_fastpOut_reads_R)	COMPLETED	0	143450	1	-	63.0	0.5	3041521664	14659309568	2055295258	1448675
ww_fastpOut_reads_R	BAKTA (ww_fastpOut_reads_R)	COMPLETED	0	184454	1	-	51.1	0.5	3010338816	17381908480	2057033672	1460774
ww_fastpOut_reads_R	BAKTA (ww_fastpOut_reads_R)	COMPLETED	0	196951	1	-	46.6	0.5	3014111232	15223574528	2056156648	1461151
ww_fastpOut_reads_R	BAKTA (ww_fastpOut_reads_R)	COMPLETED	0	245269	1	-	39.4	0.5	3012136960	117526024192	2056423874	1461570
ww_fastpOut_reads_R	BAKTA (ww_fastpOut_reads_R)	COMPLETED	0	188958	1	-	48.9	0.5	3045924864	15173083136	2056381827	1461175
ww_fastpOut_reads_R	BAKTA (ww_fastpOut_reads_R)	COMPLETED	0	184022	1	-	51.0	0.5	3038420992	15177891840	2056470418	1458873
ww_fastpOut_reads_R	BAKTA (ww_fastpOut_reads_R)	COMPLETED	0	180922	1	-	52.2	0.5	3039711232	15525494784	2057188783	1468674
ww_fastpOut_reads_R	BAKTA (ww_fastpOut_reads_R)	COMPLETED	0	202027	1	-	45.8	0.5	3015553024	15291138048	2056653703	1459424
ww_fastpOut_reads_R	BAKTA (ww_fastpOut_reads_R)	COMPLETED	0	199322	1	-	46.7	0.5	3043250176	15225217024	2056799948	1458844
ww_fastpOut_reads_R	BAKTA (ww_fastpOut_reads_R)	COMPLETED	0	197322	1	-	47.3	0.5	3043069952	50781417472	2057081788	1460981
ww_fastpOut_reads_R	BAKTA (ww_fastpOut_reads_R)	COMPLETED	0	189885	1	-	50.0	0.5	3042070528	15289577472	2056995593	1459488
ww_fastpOut_reads_R	BAKTA (ww_fastpOut_reads_R)	COMPLETED	0	198452	1	-	47.1	0.5	3044532224	15234510848	2056648967	1460857
ww_fastpOut_reads_R	BAKTA (ww_fastpOut_reads_R)	COMPLETED	0	174168	1	-	53.4	0.5	3043651584	15172059136	2057022058	1461135
ww_fastpOut_reads_R	BAKTA (ww_fastpOut_reads_R)	COMPLETED	0	186263	1	-	50.4	0.5	3017945088	34073006080	2056838853	1459149
ww_fastpOut_reads_R	BAKTA (ww_fastpOut_reads_R)	COMPLETED	0	190837	1	-	48.4	0.5	3043885056	25721450496	2057180641	1458893
ww_fastpOut_reads_R	BAKTA (ww_fastpOut_reads_R)	COMPLETED	0	175093	1	-	53.4	0.5	3043725312	15221637120	2057187547	1461001
ww_fastpOut_reads_R	BAKTA (ww_fastpOut_reads_R)	COMPLETED	0	193443	1	-	48.8	0.5	3013754880	15390646272	2057484759	1468291
ww_fastpOut_reads_R	BAKTA (ww_fastpOut_reads_R)	COMPLETED	0	221233	1	-	43.6	0.5	3040120832	15429750784	2057560689	1466333
ww_fastpOut_reads_R	BAKTA (ww_fastpOut_reads_R)	COMPLETED	0	193633	1	-	50.0	0.5	3040595968	17381007360	2057084710	1466033
ww_fastpOut_reads_R	BAKTA (ww_fastpOut_reads_R)	COMPLETED	0	144114	1	-	67.5	0.5	3044290560	15360360448	2806008876	18698177
ww_fastpOut_reads_R	BAKTA (ww_fastpOut_reads_R)	COMPLETED	0	201948	1	-	47.0	0.5	3014889472	15352868864	2057234349	1468460
ww_fastpOut_reads_R	BAKTA (ww_fastpOut_reads_R)	COMPLETED	0	183141	1	-	51.3	0.5	3018649600	75917406208	2056410936	1461358
ww_fastpOut_reads_R	BAKTA (ww_fastpOut_reads_R)	COMPLETED	0	214699	1	-	45.5	0.5	3042385920	15306907648	2056765761	1460591
ww_fastpOut_reads_R	BAKTA (ww_fastpOut_reads_R)	COMPLETED	0	175102	1	-	53.1	0.5	3044073472	15194279936	2057053197	1458528
ww_fastpOut_reads_R	BAKTA (ww_fastpOut_reads_R)	COMPLETED	0	169005	1	-	55.9	0.5	3044831232	15452446720	2057454626	1468203
ww_fastpOut_reads_R	BAKTA (ww_fastpOut_reads_R)	COMPLETED	0	199270	1	-	46.3	0.5	3042738176	15557165056	2057459117	1466008
ww_fastpOut_reads_R	BAKTA (ww_fastpOut_reads_R)	COMPLETED	0	196276	1	-	47.8	0.5	3041955840	15230730240	2057117706	1460899
ww_fastpOut_reads_R	BAKTA (ww_fastpOut_reads_R)	COMPLETED	0	203566	1	-	45.6	0.5	3042070528	15379668992	2057035078	1460914
ww_fastpOut_reads_R	BAKTA (ww_fastpOut_reads_R)	COMPLETED	0	206382	1	-	46.2	0.5	3043606528	15349080064	2057462527	1466203
ww_fastpOut_reads_R	BAKTA (ww_fastpOut_reads_R)	COMPLETED	0	205877	1	-	45.9	0.5	3016048640	15161274368	2056435681	1460567
ww_fastpOut_reads_R	BAKTA (ww_fastpOut_reads_R)	COMPLETED	0	209489	1	-	44.3	0.5	3045339136	15257550848	2056921758	1458555
ww_fastpOut_reads_R	BAKTA (ww_fastpOut_reads_R)	COMPLETED	0	212603	1	-	43.9	0.5	3039870976	15125602304	2056323082	1446869
ww_fastpOut_reads_R	BAKTA (ww_fastpOut_reads_R)	COMPLETED	0	208523	1	-	45.6	0.5	3018186752	15392567296	2057140223	1468009
ww_fastpOut_reads_R	BAKTA (ww_fastpOut_reads_R)	COMPLETED	0	176964	1	-	53.1	0.5	3044470784	15435448320	2057063187	1468893
ww_fastpOut_reads_R	BAKTA (ww_fastpOut_reads_R)	COMPLETED	0	174848	1	-	53.5	0.5	3045367808	15410053120	2057222066	1465835
ww_fastpOut_reads_R	BAKTA (ww_fastpOut_reads_R)	COMPLETED	0	172977	1	-	54.1	0.5	3043688448	15172255744	2056643484	1461414
ww_fastpOut_reads_R	BAKTA (ww_fastpOut_reads_R)	COMPLETED	0	172816	1	-	53.3	0.4	3041153024	17332948992	2056556364	1459329
ww_fastpOut_reads_R	BAKTA (ww_fastpOut_reads_R)	COMPLETED	0	176097	1	-	53.9	0.5	3041390592	17384181760	2057574287	1467885
ww_fastpOut_reads_R	BAKTA (ww_fastpOut_reads_R)	COMPLETED	0	202814	1	-	46.3	0.5	3014795264	100845457408	2057020121	1467005
ww_fastpOut_reads_R	BAKTA (ww_fastpOut_reads_R)	COMPLETED	0	177922	1	-	54.0	0.5	3044732928	17396809728	2057441223	1466979
ww_fastpOut_reads_R	BAKTA (ww_fastpOut_reads_R)	COMPLETED	0	183723	1	-	50.9	0.4	3039850496	15404519424	2056973708	1467840
ww_fastpOut_reads_R	BAKTA (ww_fastpOut_reads_R)	COMPLETED	0	179978	1	-	51.9	0.5	3045441536	17354231808	2056663781	1466583
ww_fastpOut_reads_R	BAKTA (ww_fastpOut_reads_R)	COMPLETED	0	199944	1	-	47.8	0.5	3040542720	15250939904	2057445984	1461234
ww_fastpOut_reads_R	BAKTA (ww_fastpOut_reads_R)	COMPLETED	0	178196	1	-	52.8	0.5	3042304000	15376982016	2056956746	1468532
ww_fastpOut_reads_R	BAKTA (ww_fastpOut_reads_R)	COMPLETED	0	183947	1	-	50.7	0.5	3045298176	15277592576	2057963357	1466946
ww_fastpOut_reads_R	BAKTA (ww_fastpOut_reads_R)	COMPLETED	0	166339	1	-	55.8	0.5	3042500608	42412105728	2057435702	1468971
ww_fastpOut_reads_R	BAKTA (ww_fastpOut_reads_R)	COMPLETED	0	175057	1	-	54.9	0.5	3044368384	59039965184	2057140548	1461392
ww_fastpOut_reads_R	BAKTA (ww_fastpOut_reads_R)	COMPLETED	0	176427	1	-	52.9	0.5	3018035200	15223742464	2057198944	1461037
ww_fastpOut_reads_R	BAKTA (ww_fastpOut_reads_R)	COMPLETED	0	174804	1	-	52.5	0.5	3014242304	15300591616	2056985277	1461762
ww_fastpOut_reads_R	BAKTA (ww_fastpOut_reads_R)	COMPLETED	0	183537	1	-	51.3	0.5	3044368384	15251021824	2057058634	1458920
ww_fastpOut_reads_R	BAKTA (ww_fastpOut_reads_R)	COMPLETED	0	165582	1	-	56.1	0.5	3045392384	15296659456	2056525494	1459095
ww_fastpOut_reads_R	BAKTA (ww_fastpOut_reads_R)	COMPLETED	0	183016	1	-	51.1	0.3	3017748480	17382375424	2056622041	1460894
ww_fastpOut_reads_R	BAKTA (ww_fastpOut_reads_R)	COMPLETED	0	184030	1	-	51.8	0.5	3042181120	15525363712	2057240572	1468493
ww_fastpOut_reads_R	BAKTA (ww_fastpOut_reads_R)	COMPLETED	0	183930	1	-	51.4	0.5	3042271232	50833551360	2057472055	1466532
ww_fastpOut_reads_R	BAKTA (ww_fastpOut_reads_R)	COMPLETED	0	188855	1	-	49.9	0.5	3041460224	15297085440	2057272898	1461090
ww_fastpOut_reads_R	BAKTA (ww_fastpOut_reads_R)	COMPLETED	0	195073	1	-	47.5	0.5	3016425472	25756819456	2057491438	1458944
ww_fastpOut_reads_R	BAKTA (ww_fastpOut_reads_R)	COMPLETED	0	185688	1	-	50.9	0.5	3044270080	15497977856	2058327851	1468269
ww_fastpOut_reads_R	BAKTA (ww_fastpOut_reads_R)	COMPLETED	0	188291	1	-	51.4	0.5	3040276480	15257931776	2056898678	1458675
ww_fastpOut_reads_R	BAKTA (ww_fastpOut_reads_R)	COMPLETED	0	181067	1	-	52.7	0.5	3042017280	15325032448	2056954607	1460705
ww_fastpOut_reads_R	BAKTA (ww_fastpOut_reads_R)	COMPLETED	0	208974	1	-	45.5	0.5	3016794112	42361647104	2057013023	1466328
ww_fastpOut_reads_R	BAKTA (ww_fastpOut_reads_R)	COMPLETED	0	189414	1	-	50.0	0.5	3044663296	15493074944	2057124356	1467988
ww_fastpOut_reads_R	BAKTA (ww_fastpOut_reads_R)	COMPLETED	0	184190	1	-	50.4	0.5	3045691392	59109122048	2057449708	1461389
ww_fastpOut_reads_R	BAKTA (ww_fastpOut_reads_R)	COMPLETED	0	190038	1	-	48.8	0.5	3016323072	15103885312	2055066019	1450547
ww_fastpOut_reads_R	BAKTA (ww_fastpOut_reads_R)	COMPLETED	0	183655	1	-	50.8	0.5	3043176448	15475347456	2056689853	1465993
ww_fastpOut_reads_R	BAKTA (ww_fastpOut_reads_R)	COMPLETED	0	167775	1	-	54.3	0.5	3043500032	15197896704	2058200163	1461147
ww_fastpOut_reads_R	BAKTA (ww_fastpOut_reads_R)	COMPLETED	0	198658	1	-	47.0	0.5	3015720960	15308730368	2056816392	1458719
ww_fastpOut_reads_R	BAKTA (ww_fastpOut_reads_R)	COMPLETED	0	190318	1	-	49.0	0.5	3041480704	15201374208	2057059460	1459337
ww_fastpOut_reads_R	BAKTA (ww_fastpOut_reads_R)	COMPLETED	0	198964	1	-	47.4	0.5	3045273600	15266070528	2057496917	1459382
ww_fastpOut_reads_R	BAKTA (ww_fastpOut_reads_R)	COMPLETED	0	191999	1	-	48.5	0.5	3042123776	17382653952	2057095106	1468766
ww_fastpOut_reads_R	BAKTA (ww_fastpOut_reads_R)	COMPLETED	0	187864	1	-	49.5	0.5	3043393536	17381007360	2057166485	1459108
ww_fastpOut_reads_R	BAKTA (ww_fastpOut_reads_R)	COMPLETED	0	203016	1	-	46.1	0.5	3039432704	17382748160	2057103808	1461425
ww_fastpOut_reads_R	BAKTA (ww_fastpOut_reads_R)	COMPLETED	0	192461	1	-	48.6	0.4	3044265984	50823364608	2057094282	1461312
ww_fastpOut_reads_R	BAKTA (ww_fastpOut_reads_R)	COMPLETED	0	184523	1	-	51.7	0.5	3043864576	15398318080	2057585948	1459125
ww_fastpOut_reads_R	BAKTA (ww_fastpOut_reads_R)	COMPLETED	0	173720	1	-	53.3	0.5	3042471936	15248150528	2056793620	1461762
ww_fastpOut_reads_R	BAKTA (ww_fastpOut_reads_R)	COMPLETED	0	161077	1	-	57.1	0.5	3014574080	15347363840	2057216921	1466680
ww_fastpOut_reads_R	BAKTA (ww_fastpOut_reads_R)	COMPLETED	0	195447	1	-	48.6	0.5	3015720960	15277387776	2057274775	1468789
ww_fastpOut_reads_R	BAKTA (ww_fastpOut_reads_R)	COMPLETED	0	207575	1	-	45.7	0.5	3040890880	14660333568	2057409934	1467030
ww_fastpOut_reads_R	BAKTA (ww_fastpOut_reads_R)	COMPLETED	0	178792	1	-	53.1	0.5	3043880960	75820261376	2057464828	1461185
ww_fastpOut_reads_R	BAKTA (ww_fastpOut_reads_R)	COMPLETED	0	178311	1	-	53.1	0.5	3044225024	14661672960	2056865030	1467046
ww_fastpOut_reads_R	BAKTA (ww_fastpOut_reads_R)	COMPLETED	0	170768	1	-	54.5	0.5	3039780864	17384992768	2056620635	1461101
ww_fastpOut_reads_R	BAKTA (ww_fastpOut_reads_R)	COMPLETED	0	173159	1	-	53.9	0.5	3044978688	15446470656	2056627918	1466054
ww_fastpOut_reads_R	BAKTA (ww_fastpOut_reads_R)	COMPLETED	0	168656	1	-	54.7	0.5	3014627328	15240990720	2057339728	1459166
ww_fastpOut_reads_R	BAKTA (ww_fastpOut_reads_R)	COMPLETED	0	150856	1	-	60.4	0.5	3041980416	17333350400	2057285892	1460832
ww_fastpOut_reads_R	BAKTA (ww_fastpOut_reads_R)	COMPLETED	0	159861	1	-	57.7	0.5	3039727616	15421390848	2056910120	1460851
ww_fastpOut_reads_R	BAKTA (ww_fastpOut_reads_R)	COMPLETED	0	174140	1	-	52.9	0.5	3017461760	15260246016	2057111631	1468900
ww_fastpOut_reads_R	BAKTA (ww_fastpOut_reads_R)	COMPLETED	0	176689	1	-	51.7	0.5	3047047168	15187116032	2055959405	1458078
ww_fastpOut_reads_R	BAKTA (ww_fastpOut_reads_R)	COMPLETED	0	183036	1	-	49.7	0.5	3041038336	15289475072	2056615955	1461481
ww_fastpOut_reads_R	BAKTA (ww_fastpOut_reads_R)	COMPLETED	0	200283	1	-	48.2	0.5	3039903744	25676095488	2057576074	1468437
ww_fastpOut_reads_R	BAKTA (ww_fastpOut_reads_R)	COMPLETED	0	172533	1	-	55.3	0.5	3040681984	42413481984	2056722573	1467258
ww_fastpOut_reads_R	BAKTA (ww_fastpOut_reads_R)	COMPLETED	0	170167	1	-	53.8	0.4	3039985664	17382723584	2057392584	1461549
ww_fastpOut_reads_R	BAKTA (ww_fastpOut_reads_R)	COMPLETED	0	176933	1	-	54.2	0.5	3045142528	15467692032	2057190495	1467069
ww_fastpOut_reads_R	BAKTA (ww_fastpOut_reads_R)	COMPLETED	0	181673	1	-	52.6	0.5	3039674368	15499857920	2056818596	1469039
ww_fastpOut_reads_R	BAKTA (ww_fastpOut_reads_R)	COMPLETED	0	190209	1	-	48.8	0.5	3045380096	15295504384	2057061147	1466684
ww_fastpOut_reads_R	BAKTA (ww_fastpOut_reads_R)	COMPLETED	0	124742	1	-	84.5	0.5	3014299648	15901396992	2939866192	21795888
ww_fastpOut_reads_R	BAKTA (ww_fastpOut_reads_R)	COMPLETED	0	209826	1	-	43.9	0.5	3016364032	25722294272	2056836770	1458868
ww_fastpOut_reads_R	BAKTA (ww_fastpOut_reads_R)	COMPLETED	0	192349	1	-	51.0	0.5	3043618816	15341457408	2058134493	1468281
ww_fastpOut_reads_R	BAKTA (ww_fastpOut_reads_R)	COMPLETED	0	147094	1	-	64.7	0.5	3040747520	15609655296	2560295618	20775323
ww_fastpOut_reads_R	BAKTA (ww_fastpOut_reads_R)	COMPLETED	0	137338	1	-	68.5	0.5	3038453760	15583428608	2560114725	20773498
ww_fastpOut_reads_R	BAKTA (ww_fastpOut_reads_R)	COMPLETED	0	181028	1	-	51.6	0.5	3015921664	15355490304	2056768270	1469196
ww_fastpOut_reads_R	BAKTA (ww_fastpOut_reads_R)	COMPLETED	0	185218	1	-	49.6	0.5	3016433664	15047577600	2055563204	1448228
ww_fastpOut_reads_R	BAKTA (ww_fastpOut_reads_R)	COMPLETED	0	194180	1	-	47.2	0.5	3042209792	15229550592	2056770950	1458905
ww_fastpOut_reads_R	BAKTA (ww_fastpOut_reads_R)	COMPLETED	0	189186	1	-	50.1	0.5	3042426880	15257915392	2057156298	1460494
ww_fastpOut_reads_R	BAKTA (ww_fastpOut_reads_R)	COMPLETED	0	199065	1	-	47.5	0.5	3042795520	15411453952	2057503093	1466183
ww_fastpOut_reads_R	BAKTA (ww_fastpOut_reads_R)	COMPLETED	0	156398	1	-	69.6	0.5	3014180864	17361670144	3159190599	26886621
ww_fastpOut_reads_R	BAKTA (ww_fastpOut_reads_R)	COMPLETED	0	187017	1	-	49.1	0.5	3042533376	15190126592	2057163530	1458531
ww_fastpOut_reads_R	BAKTA (ww_fastpOut_reads_R)	COMPLETED	0	182588	1	-	51.1	0.5	3016716288	15376121856	2057528164	1468652
ww_fastpOut_reads_R	BAKTA (ww_fastpOut_reads_R)	COMPLETED	0	185222	1	-	49.9	0.5	3040780288	15476961280	2057562702	1465905
ww_fastpOut_reads_R	BAKTA (ww_fastpOut_reads_R)	COMPLETED	0	190536	1	-	48.7	0.5	3042275328	15305469952	2056897998	1460626
ww_fastpOut_reads_R	BAKTA (ww_fastpOut_reads_R)	COMPLETED	0	184800	1	-	49.2	0.5	3044032512	15251554304	2057474006	1459817
ww_fastpOut_reads_R	BAKTA (ww_fastpOut_reads_R)	COMPLETED	0	199688	1	-	46.5	0.5	3046879232	15585280000	2056853684	1468514
ww_fastpOut_reads_R	BAKTA (ww_fastpOut_reads_R)	COMPLETED	0	146161	1	-	69.4	0.5	3041751040	15606964224	2896563860	20770237
ww_fastpOut_reads_R	BAKTA (ww_fastpOut_reads_R)	COMPLETED	0	216916	1	-	43.8	0.5	3019870208	25758629888	2057265311	1468830
ww_fastpOut_reads_R	BAKTA (ww_fastpOut_reads_R)	COMPLETED	0	201653	1	-	45.1	0.5	3042697216	17379676160	2057120870	1461127
ww_fastpOut_reads_R	BAKTA (ww_fastpOut_reads_R)	COMPLETED	0	170511	1	-	54.3	0.5	3014627328	15396581376	2057579752	1466919
ww_fastpOut_reads_R	BAKTA (ww_fastpOut_reads_R)	COMPLETED	0	174499	1	-	54.5	0.5	3041337344	15354642432	2057126060	1468740
ww_fastpOut_reads_R	BAKTA (ww_fastpOut_reads_R)	COMPLETED	0	184474	1	-	50.0	0.4	3013881856	42424840192	2057327309	1459253
ww_fastpOut_reads_R	BAKTA (ww_fastpOut_reads_R)	COMPLETED	0	169872	1	-	54.2	0.5	3039227904	17389969408	2056924529	1468414
ww_fastpOut_reads_R	BAKTA (ww_fastpOut_reads_R)	COMPLETED	0	186925	1	-	50.3	0.5	3015720960	15324225536	2057211997	1468617
ww_fastpOut_reads_R	BAKTA (ww_fastpOut_reads_R)	COMPLETED	0	135246	1	-	75.9	0.5	3040403456	15707795456	2895887745	20768918
ww_fastpOut_reads_R	BAKTA (ww_fastpOut_reads_R)	COMPLETED	0	199996	1	-	46.0	0.5	3047075840	15289720832	2056955612	1459317
ww_fastpOut_reads_R	BAKTA (ww_fastpOut_reads_R)	COMPLETED	0	169895	1	-	60.1	0.5	3044147200	15733293056	2895500689	20771700
ww_fastpOut_reads_R	BAKTA (ww_fastpOut_reads_R)	COMPLETED	0	186376	1	-	50.5	0.5	3041894400	15358468096	2057817995	1466490
ww_fastpOut_reads_R	BAKTA (ww_fastpOut_reads_R)	COMPLETED	0	229709	1	-	41.8	0.5	3014705152	15411040256	2057909881	1466458
ww_fastpOut_reads_R	BAKTA (ww_fastpOut_reads_R)	COMPLETED	0	165187	1	-	56.5	0.4	3013107712	50749165568	2056958626	1468832
ww_fastpOut_reads_R	BAKTA (ww_fastpOut_reads_R)	COMPLETED	0	204521	1	-	45.3	0.5	3044024320	15233138688	2057337831	1460936
ww_fastpOut_reads_R	BAKTA (ww_fastpOut_reads_R)	COMPLETED	0	206641	1	-	45.3	0.5	3016314880	15586430976	2057387240	1467134
ww_fastpOut_reads_R	BAKTA (ww_fastpOut_reads_R)	COMPLETED	0	151585	1	-	67.7	0.5	3041873920	84126806016	2895382203	20770594
ww_fastpOut_reads_R	BAKTA (ww_fastpOut_reads_R)	COMPLETED	0	133796	1	-	77.1	0.5	3020148736	17356230656	2895710129	20771817
ww_fastpOut_reads_R	BAKTA (ww_fastpOut_reads_R)	COMPLETED	0	221129	1	-	42.9	0.5	3017158656	15420416000	2056701270	1469094
ww_fastpOut_reads_R	BAKTA (ww_fastpOut_reads_R)	COMPLETED	0	192523	1	-	55.9	0.5	3043168256	125801754624	3116366833	25878898
ww_fastpOut_reads_R	BAKTA (ww_fastpOut_reads_R)	COMPLETED	0	148640	1	-	67.7	0.5	3017150464	15772999680	2896203011	20767885
ww_fastpOut_reads_R	BAKTA (ww_fastpOut_reads_R)	COMPLETED	0	145596	1	-	71.7	0.4	3044638720	34031046656	3072338442	24845710
ww_fastpOut_reads_R	BAKTA (ww_fastpOut_reads_R)	COMPLETED	0	158394	1	-	65.4	0.5	3042029568	15727067136	2895804247	20771149
ww_fastpOut_reads_R	BAKTA (ww_fastpOut_reads_R)	COMPLETED	0	209255	1	-	44.7	0.5	3041599488	15470641152	2057234005	1466771
ww_fastpOut_reads_R	BAKTA (ww_fastpOut_reads_R)	COMPLETED	0	214370	1	-	44.7	0.5	3147509760	150904205312	2056884010	1466758
ww_fastpOut_reads_R	BAKTA (ww_fastpOut_reads_R)	COMPLETED	0	211830	1	-	46.4	0.5	3041345536	15415894016	2057106251	1468365
ww_fastpOut_reads_R	BAKTA (ww_fastpOut_reads_R)	COMPLETED	0	142010	1	-	74.0	0.5	3042553856	17331367936	2895444054	20769875
ww_fastpOut_reads_R	BAKTA (ww_fastpOut_reads_R)	COMPLETED	0	149797	1	-	69.3	0.5	3017945088	15855181824	2895289171	20770873
ww_fastpOut_reads_R	BAKTA (ww_fastpOut_reads_R)	COMPLETED	0	157348	1	-	65.9	0.5	3044216832	15401226240	3028251497	23825449
ww_fastpOut_reads_R	BAKTA (ww_fastpOut_reads_R)	COMPLETED	0	165724	1	-	62.5	0.5	3043065856	15750586368	2896080067	20771032
ww_fastpOut_reads_R	BAKTA (ww_fastpOut_reads_R)	COMPLETED	0	156321	1	-	66.6	0.5	3044257792	15783231488	2895676100	20769473
ww_fastpOut_reads_R	BAKTA (ww_fastpOut_reads_R)	COMPLETED	0	209172	1	-	45.3	0.5	3017367552	84222070784	2057128324	1466451
ww_fastpOut_reads_R	BAKTA (ww_fastpOut_reads_R)	COMPLETED	0	158772	1	-	60.9	0.5	3018190848	15928885248	2648745006	22822498
ww_fastpOut_reads_R	BAKTA (ww_fastpOut_reads_R)	COMPLETED	0	208326	1	-	42.6	0.5	3040751616	15663501312	1723948067	3111474
ww_fastpOut_reads_R	BAKTA (ww_fastpOut_reads_R)	COMPLETED	0	203447	1	-	46.6	0.5	3014995968	15623651328	2057511475	1466382
ww_fastpOut_reads_R	BAKTA (ww_fastpOut_reads_R)	COMPLETED	0	172610	1	-	57.6	0.5	3014221824	15962324992	2649022892	22822231
ww_fastpOut_reads_R	BAKTA (ww_fastpOut_reads_R)	COMPLETED	0	209379	1	-	42.6	0.5	3020627968	15179501568	2056304023	1455826
ww_fastpOut_reads_R	BAKTA (ww_fastpOut_reads_R)	COMPLETED	0	182635	1	-	52.1	0.5	3015254016	15542300672	2056921659	1468071
ww_fastpOut_reads_R	BAKTA (ww_fastpOut_reads_R)	COMPLETED	0	204674	1	-	46.2	0.5	3016519680	17385398272	2057415793	1458688
ww_fastpOut_reads_R	BAKTA (ww_fastpOut_reads_R)	COMPLETED	0	208897	1	-	50.4	0.5	3013722112	15824891904	2895932935	20771498
ww_fastpOut_reads_R	BAKTA (ww_fastpOut_reads_R)	COMPLETED	0	181435	1	-	57.3	0.5	3014889472	15798476800	2895347786	20771580
ww_fastpOut_reads_R	BAKTA (ww_fastpOut_reads_R)	COMPLETED	0	220158	1	-	42.3	0.5	3045404672	17352511488	2057015961	1468394
ww_fastpOut_reads_R	BAKTA (ww_fastpOut_reads_R)	COMPLETED	0	170284	1	-	60.3	0.5	3046780928	15592943616	3072411705	24863324
ww_fastpOut_reads_R	BAKTA (ww_fastpOut_reads_R)	COMPLETED	0	212280	1	-	44.4	0.5	3018031104	17382051840	2057555755	1459553
ww_fastpOut_reads_R	BAKTA (ww_fastpOut_reads_R)	COMPLETED	0	211856	1	-	44.1	0.5	3043958784	67462336512	2056324378	1448371
ww_fastpOut_reads_R	BAKTA (ww_fastpOut_reads_R)	COMPLETED	0	134308	1	-	68.4	0.5	3047858176	15571410944	2559866870	20775986
ww_fastpOut_reads_R	BAKTA (ww_fastpOut_reads_R)	COMPLETED	0	230535	1	-	39.7	0.5	3017826304	42413969408	2056943042	1458706
ww_fastpOut_reads_R	BAKTA (ww_fastpOut_reads_R)	COMPLETED	0	236466	1	-	42.3	0.5	3039133696	15450501120	2057001090	1466082
ww_fastpOut_reads_R	BAKTA (ww_fastpOut_reads_R)	COMPLETED	0	238815	1	-	40.0	0.5	3016982528	17397723136	2057233624	1468073
ww_fastpOut_reads_R	BAKTA (ww_fastpOut_reads_R)	COMPLETED	0	160005	1	-	65.4	0.5	3015446528	17324068864	2939503340	21797107
ww_fastpOut_reads_R	BAKTA (ww_fastpOut_reads_R)	COMPLETED	0	196008	1	-	49.2	0.5	3043201024	15464955904	2057541445	1466982
ww_fastpOut_reads_R	BAKTA (ww_fastpOut_reads_R)	COMPLETED	0	215113	1	-	43.2	0.5	3014537216	15174148096	2057087397	1459527
ww_fastpOut_reads_R	BAKTA (ww_fastpOut_reads_R)	COMPLETED	0	206305	1	-	45.1	0.5	3043729408	59100889088	2057514015	1459171
ww_fastpOut_reads_R	BAKTA (ww_fastpOut_reads_R)	COMPLETED	0	223696	1	-	42.4	0.5	3041304576	92524068864	2056628931	1461493
ww_fastpOut_reads_R	BAKTA (ww_fastpOut_reads_R)	COMPLETED	0	141966	1	-	74.5	0.5	3090571264	142507425792	3159897933	26890606
ww_fastpOut_reads_R	BAKTA (ww_fastpOut_reads_R)	COMPLETED	0	198333	1	-	47.7	0.5	3041361920	15266070528	2056976376	1459186
ww_fastpOut_reads_R	BAKTA (ww_fastpOut_reads_R)	COMPLETED	0	136066	1	-	71.7	0.5	3043651584	15511248896	2560415800	20773099
ww_fastpOut_reads_R	BAKTA (ww_fastpOut_reads_R)	COMPLETED	0	157581	1	-	49.8	0.5	3015237632	15128842240	1700164150	1108448
ww_fastpOut_reads_R	BAKTA (ww_fastpOut_reads_R)	COMPLETED	0	117148	1	-	80.3	0.5	3014963200	15553683456	2559937329	20777489
ww_fastpOut_reads_R	BAKTA (ww_fastpOut_reads_R)	COMPLETED	0	188198	1	-	49.3	0.5	3042275328	15331971072	2057343323	1461133
ww_fastpOut_reads_R	BAKTA (ww_fastpOut_reads_R)	COMPLETED	0	158126	1	-	52.1	0.5	3017121792	15199911936	1721018725	1444935
ww_fastpOut_reads_R	BAKTA (ww_fastpOut_reads_R)	COMPLETED	0	144536	1	-	65.1	0.5	3044478976	15447658496	2559702821	20774612
ww_fastpOut_reads_R	BAKTA (ww_fastpOut_reads_R)	COMPLETED	0	225863	1	-	41.4	0.5	3042779136	15538581504	2057234533	1466609
ww_fastpOut_reads_R	BAKTA (ww_fastpOut_reads_R)	COMPLETED	0	181766	1	-	51.4	0.5	3043536896	15259410432	2057102910	1461015
ww_fastpOut_reads_R	BAKTA (ww_fastpOut_reads_R)	COMPLETED	0	177895	1	-	47.0	0.5	3043377152	15065948160	1721827996	1443304
ww_fastpOut_reads_R	BAKTA (ww_fastpOut_reads_R)	COMPLETED	0	169642	1	-	50.7	0.5	3013222400	15132852224	1721568712	1444819
ww_fastpOut_reads_R	BAKTA (ww_fastpOut_reads_R)	COMPLETED	0	199092	1	-	47.6	0.5	3015680000	15393677312	2057452780	1466571
ww_fastpOut_reads_R	BAKTA (ww_fastpOut_reads_R)	COMPLETED	0	193791	1	-	48.0	0.5	3045629952	15261233152	2057386150	1458925
ww_fastpOut_reads_R	BAKTA (ww_fastpOut_reads_R)	COMPLETED	0	106673	1	-	98.9	0.5	3043155968	117703774208	2940140034	21797789
ww_fastpOut_reads_R	BAKTA (ww_fastpOut_reads_R)	COMPLETED	0	164959	1	-	50.6	0.5	3045470208	15067590656	1721855910	1443256
ww_fastpOut_reads_R	BAKTA (ww_fastpOut_reads_R)	COMPLETED	0	167270	1	-	49.4	0.5	3016937472	15118082048	1721143037	1444763
ww_fastpOut_reads_R	BAKTA (ww_fastpOut_reads_R)	COMPLETED	0	181620	1	-	46.4	0.5	3044855808	67372326912	1720868185	1446210
ww_fastpOut_reads_R	BAKTA (ww_fastpOut_reads_R)	COMPLETED	0	143774	1	-	65.3	0.5	3044397056	15523205120	2559942827	20774676
ww_fastpOut_reads_R	BAKTA (ww_fastpOut_reads_R)	COMPLETED	0	177671	1	-	61.1	0.5	3044360192	15437598720	3159610244	26886190
ww_fastpOut_reads_R	BAKTA (ww_fastpOut_reads_R)	COMPLETED	0	189797	1	-	44.4	0.5	3020820480	15018610688	1719986367	1420523
ww_fastpOut_reads_R	BAKTA (ww_fastpOut_reads_R)	COMPLETED	0	202250	1	-	47.6	0.5	3039993856	42420412416	2056880671	1466327
ww_fastpOut_reads_R	BAKTA (ww_fastpOut_reads_R)	COMPLETED	0	143215	1	-	72.6	0.5	3020320768	15706673152	2895705794	20770452
ww_fastpOut_reads_R	BAKTA (ww_fastpOut_reads_R)	COMPLETED	0	182060	1	-	50.3	0.3	3017064448	15201013760	2055826178	3041879
ww_fastpOut_reads_R	BAKTA (ww_fastpOut_reads_R)	COMPLETED	0	149486	1	-	69.7	0.5	3041542144	15913324544	2895504500	20772636
ww_fastpOut_reads_R	BAKTA (ww_fastpOut_reads_R)	COMPLETED	0	129916	1	-	82.2	0.5	3041415168	15554555904	3028622128	23829965
ww_fastpOut_reads_R	BAKTA (ww_fastpOut_reads_R)	COMPLETED	0	205343	1	-	43.5	0.5	3043368960	17373843456	1723933671	3113535
ww_fastpOut_reads_R	BAKTA (ww_fastpOut_reads_R)	COMPLETED	0	181595	1	-	46.4	0.5	3044425728	15215030272	1721399742	1446063
ww_fastpOut_reads_R	BAKTA (ww_fastpOut_reads_R)	COMPLETED	0	180282	1	-	46.9	0.5	3043254272	15265034240	1721162772	1444402
ww_fastpOut_reads_R	BAKTA (ww_fastpOut_reads_R)	COMPLETED	0	170655	1	-	62.0	0.5	3016052736	15454035968	3117127997	25869088
ww_fastpOut_reads_R	BAKTA (ww_fastpOut_reads_R)	COMPLETED	0	123469	1	-	84.3	0.5	3043725312	67487272960	3072252588	24859992
ww_fastpOut_reads_R	BAKTA (ww_fastpOut_reads_R)	COMPLETED	0	174656	1	-	52.8	0.5	3041660928	75726581760	2056226173	1446469
ww_fastpOut_reads_R	BAKTA (ww_fastpOut_reads_R)	COMPLETED	0	182734	1	-	50.3	0.5	3046850560	15242993664	2055386209	1619730
ww_fastpOut_reads_R	BAKTA (ww_fastpOut_reads_R)	COMPLETED	0	159595	1	-	63.6	0.5	3041447936	109140205568	2895559553	20771709
ww_fastpOut_reads_R	BAKTA (ww_fastpOut_reads_R)	COMPLETED	0	208923	1	-	44.9	0.5	3014033408	15132864512	2056745881	1447985
ww_fastpOut_reads_R	BAKTA (ww_fastpOut_reads_R)	COMPLETED	0	216775	1	-	43.5	0.5	3015524352	84130869248	2055614897	1446940
ww_fastpOut_reads_R	BAKTA (ww_fastpOut_reads_R)	COMPLETED	0	185924	1	-	49.3	0.5	3043221504	50761396224	2056020974	1448103
ww_fastpOut_reads_R	BAKTA (ww_fastpOut_reads_R)	COMPLETED	0	222293	1	-	42.1	0.5	3040825344	15194714112	2056186430	1446699
ww_fastpOut_reads_R	BAKTA (ww_fastpOut_reads_R)	COMPLETED	0	159524	1	-	66.1	0.5	3015127040	15893979136	2939765463	21796328
ww_fastpOut_reads_R	BAKTA (ww_fastpOut_reads_R)	COMPLETED	0	169857	1	-	48.7	0.5	3017633792	15083913216	1719730420	1421457
ww_fastpOut_reads_R	BAKTA (ww_fastpOut_reads_R)	COMPLETED	0	211201	1	-	43.3	0.5	3018653696	17394663424	2056243652	1447852
ww_fastpOut_reads_R	BAKTA (ww_fastpOut_reads_R)	COMPLETED	0	155617	1	-	67.1	0.5	3040452608	67411791872	3072748687	24861292
ww_fastpOut_reads_R	BAKTA (ww_fastpOut_reads_R)	COMPLETED	0	147863	1	-	70.0	0.5	3042787328	15815630848	2895567100	20769779
ww_fastpOut_reads_R	BAKTA (ww_fastpOut_reads_R)	COMPLETED	0	143744	1	-	72.7	0.5	3044220928	15823962112	2939557749	21798158
ww_fastpOut_reads_R	BAKTA (ww_fastpOut_reads_R)	COMPLETED	0	222353	1	-	40.7	0.5	3044917248	17330466816	2055670749	1447559
ww_fastpOut_reads_R	BAKTA (ww_fastpOut_reads_R)	COMPLETED	0	171811	1	-	48.1	0.5	3015081984	15076868096	1720423503	1423214
ww_fastpOut_reads_R	BAKTA (ww_fastpOut_reads_R)	COMPLETED	0	174425	1	-	47.0	0.5	3017342976	15014027264	1720243943	1422663
ww_fastpOut_reads_R	BAKTA (ww_fastpOut_reads_R)	COMPLETED	0	156400	1	-	52.7	0.5	3044450304	15223902208	1719723184	1422966
ww_fastpOut_reads_R	BAKTA (ww_fastpOut_reads_R)	COMPLETED	0	163630	1	-	64.3	0.5	3014389760	15775006720	2895768718	20770690
ww_fastpOut_reads_R	BAKTA (ww_fastpOut_reads_R)	COMPLETED	0	204961	1	-	44.3	0.5	3044093952	15146815488	2056190699	1449646
ww_fastpOut_reads_R	BAKTA (ww_fastpOut_reads_R)	COMPLETED	0	208780	1	-	45.5	0.5	3043655680	15080157184	2056280228	1448113
ww_fastpOut_reads_R	BAKTA (ww_fastpOut_reads_R)	COMPLETED	0	171749	1	-	47.4	0.5	3017854976	15018795008	1720328727	1420900
ww_fastpOut_reads_R	BAKTA (ww_fastpOut_reads_R)	COMPLETED	0	158794	1	-	52.6	0.5	3040800768	15089614848	1719476071	1422868
ww_fastpOut_reads_R	BAKTA (ww_fastpOut_reads_R)	COMPLETED	0	142971	1	-	73.8	0.5	3016372224	15955755008	2895796757	20773198
ww_fastpOut_reads_R	BAKTA (ww_fastpOut_reads_R)	COMPLETED	0	187685	1	-	44.9	0.5	3019583488	17313746944	1720182144	1421187
ww_fastpOut_reads_R	BAKTA (ww_fastpOut_reads_R)	COMPLETED	0	178076	1	-	46.5	0.5	3016089600	17372459008	1720228430	1422584
ww_fastpOut_reads_R	BAKTA (ww_fastpOut_reads_R)	COMPLETED	0	184420	1	-	45.1	0.5	3042709504	15089471488	1720343815	1424418
ww_fastpOut_reads_R	BAKTA (ww_fastpOut_reads_R)	COMPLETED	0	164419	1	-	65.4	0.5	3016253440	15470665728	3116447968	25860341
ww_fastpOut_reads_R	BAKTA (ww_fastpOut_reads_R)	COMPLETED	0	148326	1	-	68.4	0.5	3043659776	15929880576	2895928220	20771301
ww_fastpOut_reads_R	BAKTA (ww_fastpOut_reads_R)	COMPLETED	0	183652	1	-	46.0	0.5	3041599488	25707331584	1720457330	1424242
ww_fastpOut_reads_R	BAKTA (ww_fastpOut_reads_R)	COMPLETED	0	166001	1	-	61.4	0.5	3045240832	15918391296	2895949258	20771082
ww_fastpOut_reads_R	BAKTA (ww_fastpOut_reads_R)	COMPLETED	0	187619	1	-	47.6	0.5	3015000064	15071174656	2054959132	1420896
ww_fastpOut_reads_R	BAKTA (ww_fastpOut_reads_R)	COMPLETED	0	138374	1	-	74.8	0.5	3014905856	17383272448	2895976310	20772798
ww_fastpOut_reads_R	BAKTA (ww_fastpOut_reads_R)	COMPLETED	0	189933	1	-	50.9	0.5	3238543360	42415554560	2052990666	1528246
ww_fastpOut_reads_R	BAKTA (ww_fastpOut_reads_R)	COMPLETED	0	183417	1	-	44.7	0.5	3015241728	15079952384	1720011636	1420672
ww_fastpOut_reads_R	BAKTA (ww_fastpOut_reads_R)	COMPLETED	0	198253	1	-	41.5	0.5	3041042432	15159881728	1720358806	1422354
ww_fastpOut_reads_R	BAKTA (ww_fastpOut_reads_R)	COMPLETED	0	197233	1	-	44.7	0.5	3042660352	15020097536	2055409847	1421213
ww_fastpOut_reads_R	BAKTA (ww_fastpOut_reads_R)	COMPLETED	0	144673	1	-	71.1	0.5	3044552704	84151218176	2895697050	20771335
ww_fastpOut_reads_R	BAKTA (ww_fastpOut_reads_R)	COMPLETED	0	188173	1	-	46.8	0.5	3044679680	15024664576	2055453533	1422649
ww_fastpOut_reads_R	BAKTA (ww_fastpOut_reads_R)	COMPLETED	0	200007	1	-	47.4	0.5	3043987456	15952941056	2051278135	1500270
ww_fastpOut_reads_R	BAKTA (ww_fastpOut_reads_R)	COMPLETED	0	185832	1	-	48.2	0.5	3046907904	15022153728	2055281968	1422557
ww_fastpOut_reads_R	BAKTA (ww_fastpOut_reads_R)	COMPLETED	0	157307	1	-	66.6	0.5	3015159808	15902777344	2895492729	20769179
ww_fastpOut_reads_R	BAKTA (ww_fastpOut_reads_R)	COMPLETED	0	160434	1	-	65.9	0.5	3049467904	15582244864	3072395503	24855473
ww_fastpOut_reads_R	BAKTA (ww_fastpOut_reads_R)	COMPLETED	0	157768	1	-	66.3	0.5	3042635776	15908786176	2940006960	21796890
ww_fastpOut_reads_R	BAKTA (ww_fastpOut_reads_R)	COMPLETED	0	132565	1	-	78.0	0.5	3046572032	42482450432	3072293677	24856191
ww_fastpOut_reads_R	BAKTA (ww_fastpOut_reads_R)	COMPLETED	0	178258	1	-	50.3	0.5	3043909632	15020544000	2055277211	1422079
ww_fastpOut_reads_R	BAKTA (ww_fastpOut_reads_R)	COMPLETED	0	155516	1	-	69.6	0.5	3016421376	15804026880	2939871302	21798934
ww_fastpOut_reads_R	BAKTA (ww_fastpOut_reads_R)	COMPLETED	0	187990	1	-	47.9	0.5	3043201024	17382780928	2055992471	1422309
ww_fastpOut_reads_R	BAKTA (ww_fastpOut_reads_R)	COMPLETED	0	160118	1	-	53.2	0.5	3043889152	15094951936	1720809557	1423089
ww_fastpOut_reads_R	BAKTA (ww_fastpOut_reads_R)	COMPLETED	0	156638	1	-	54.0	0.5	3044868096	92327329792	1720126443	1420878
ww_fastpOut_reads_R	BAKTA (ww_fastpOut_reads_R)	COMPLETED	0	140007	1	-	76.1	0.5	3047673856	15476228096	3159958101	26891142
ww_fastpOut_reads_R	BAKTA (ww_fastpOut_reads_R)	COMPLETED	0	181267	1	-	50.8	0.5	3016712192	15142170624	2055829174	1423677
ww_fastpOut_reads_R	BAKTA (ww_fastpOut_reads_R)	COMPLETED	0	161711	1	-	67.4	0.5	3011080192	15864901632	2940259402	21798532
ww_fastpOut_reads_R	BAKTA (ww_fastpOut_reads_R)	COMPLETED	0	153255	1	-	61.7	0.5	3040026624	15560585216	2560103589	20775082
ww_fastpOut_reads_R	BAKTA (ww_fastpOut_reads_R)	COMPLETED	0	175442	1	-	63.5	0.5	3041959936	15687942144	3204875732	27911899
ww_fastpOut_reads_R	BAKTA (ww_fastpOut_reads_R)	COMPLETED	0	185583	1	-	48.7	0.5	3044024320	15707254784	1725098349	1525390
ww_fastpOut_reads_R	BAKTA (ww_fastpOut_reads_R)	COMPLETED	0	174623	1	-	50.7	0.5	3043590144	15089475584	1720395778	1424305
ww_fastpOut_reads_R	BAKTA (ww_fastpOut_reads_R)	COMPLETED	0	166535	1	-	49.4	0.5	3043786752	67319418880	1721405982	1444633
ww_fastpOut_reads_R	BAKTA (ww_fastpOut_reads_R)	COMPLETED	0	223073	1	-	42.4	0.5	3043823616	15083905024	2055328254	1422158
ww_fastpOut_reads_R	BAKTA (ww_fastpOut_reads_R)	COMPLETED	0	192870	1	-	44.4	0.5	3018121216	15083737088	1720394586	1421159
ww_fastpOut_reads_R	BAKTA (ww_fastpOut_reads_R)	COMPLETED	0	179267	1	-	46.9	0.5	3044896768	15025815552	1720557029	1422486
ww_fastpOut_reads_R	BAKTA (ww_fastpOut_reads_R)	COMPLETED	0	183740	1	-	45.0	0.5	3016044544	15148929024	1719739294	1419709
ww_fastpOut_reads_R	BAKTA (ww_fastpOut_reads_R)	COMPLETED	0	169325	1	-	49.0	0.5	3017936896	15079948288	1720426358	1422079
ww_fastpOut_reads_R	BAKTA (ww_fastpOut_reads_R)	COMPLETED	0	155504	1	-	53.5	0.5	3045662720	15026794496	1720597688	1423934
ww_fastpOut_reads_R	BAKTA (ww_fastpOut_reads_R)	COMPLETED	0	198360	1	-	43.6	0.5	3040272384	15026917376	1719997854	1422531
ww_fastpOut_reads_R	BAKTA (ww_fastpOut_reads_R)	COMPLETED	0	220066	1	-	38.4	0.5	3042258944	15130816512	1721695945	1444261
ww_fastpOut_reads_R	BAKTA (ww_fastpOut_reads_R)	COMPLETED	0	196425	1	-	42.9	0.5	3042840576	33971539968	1721077289	1444510
ww_fastpOut_reads_R	BAKTA (ww_fastpOut_reads_R)	COMPLETED	0	184210	1	-	45.0	0.5	3042029568	15025012736	1720538574	1424101
ww_fastpOut_reads_R	BAKTA (ww_fastpOut_reads_R)	COMPLETED	0	206823	1	-	54.4	0.8	4763930624	100973236224	2055314087	3011154
ww_fastpOut_reads_R	BAKTA (ww_fastpOut_reads_R)	COMPLETED	0	158809	1	-	56.9	0.4	3016155136	15012610048	2055479941	1422434
ww_fastpOut_reads_R	BAKTA (ww_fastpOut_reads_R)	COMPLETED	0	154739	1	-	58.4	0.5	3017101312	17372073984	2055809768	1422585
ww_fastpOut_reads_R	BAKTA (ww_fastpOut_reads_R)	COMPLETED	0	170455	1	-	51.7	0.5	3041845248	15143751680	1721389875	1445960
ww_fastpOut_reads_R	BAKTA (ww_fastpOut_reads_R)	COMPLETED	0	212498	1	-	41.8	0.5	3040997376	17307832320	1721049308	1445716
ww_fastpOut_reads_R	BAKTA (ww_fastpOut_reads_R)	COMPLETED	0	155814	1	-	53.5	0.5	3043450880	15025709056	1720304355	1422070
ww_fastpOut_reads_R	BAKTA (ww_fastpOut_reads_R)	COMPLETED	0	177374	1	-	51.2	0.5	3041693696	17324716032	2055354465	1421110
ww_fastpOut_reads_R	BAKTA (ww_fastpOut_reads_R)	COMPLETED	0	166648	1	-	54.7	0.5	3017256960	15198162944	2056065218	1449314
ww_fastpOut_reads_R	BAKTA (ww_fastpOut_reads_R)	COMPLETED	0	176244	1	-	51.8	0.5	3044446208	15222054912	2055194044	1422266
ww_fastpOut_reads_R	BAKTA (ww_fastpOut_reads_R)	COMPLETED	0	188591	1	-	48.4	0.5	3014909952	15067996160	2056252074	1448469
ww_fastpOut_reads_R	BAKTA (ww_fastpOut_reads_R)	COMPLETED	0	181118	1	-	50.9	0.5	3016990720	34028474368	2056659498	1448207
ww_fastpOut_reads_R	BAKTA (ww_fastpOut_reads_R)	COMPLETED	0	166667	1	-	55.1	0.5	3018731520	14702350336	2056535830	1447838
ww_fastpOut_reads_R	BAKTA (ww_fastpOut_reads_R)	COMPLETED	0	138940	1	-	60.1	0.5	3040993280	15092662272	1720714195	1421339
ww_fastpOut_reads_R	BAKTA (ww_fastpOut_reads_R)	COMPLETED	0	191903	1	-	47.2	0.5	3047657472	34121732096	2055836324	1421890
ww_fastpOut_reads_R	BAKTA (ww_fastpOut_reads_R)	COMPLETED	0	169803	1	-	53.4	0.5	3045232640	25756958720	2056323034	1449582
ww_fastpOut_reads_R	BAKTA (ww_fastpOut_reads_R)	COMPLETED	0	212805	1	-	44.0	0.5	3045720064	15022833664	2055232918	1420649
ww_fastpOut_reads_R	BAKTA (ww_fastpOut_reads_R)	COMPLETED	0	167865	1	-	54.1	0.5	3042562048	125890351104	2054993119	1419082
ww_fastpOut_reads_R	BAKTA (ww_fastpOut_reads_R)	COMPLETED	0	148618	1	-	55.9	0.5	3040563200	15161192448	1721077764	1422497
ww_fastpOut_reads_R	BAKTA (ww_fastpOut_reads_R)	COMPLETED	0	172929	1	-	47.5	0.5	3043860480	17309380608	1720830025	1420870
ww_fastpOut_reads_R	BAKTA (ww_fastpOut_reads_R)	COMPLETED	0	155910	1	-	56.9	0.5	3019542528	17314533376	1723744415	3109886
ww_fastpOut_reads_R	BAKTA (ww_fastpOut_reads_R)	COMPLETED	0	194314	1	-	46.0	0.5	3043782656	15090814976	2055696977	1423614
ww_fastpOut_reads_R	BAKTA (ww_fastpOut_reads_R)	COMPLETED	0	196819	1	-	45.8	0.5	3042758656	15145148416	2055693368	3021839
ww_fastpOut_reads_R	BAKTA (ww_fastpOut_reads_R)	COMPLETED	0	174892	1	-	52.5	0.5	3039485952	25684582400	2054801011	1421374
ww_fastpOut_reads_R	BAKTA (ww_fastpOut_reads_R)	COMPLETED	0	152413	1	-	54.8	0.5	3041697792	15091998720	1720650470	1423951
ww_fastpOut_reads_R	BAKTA (ww_fastpOut_reads_R)	COMPLETED	0	158419	1	-	53.5	0.5	3014701056	25704812544	1720056516	1422364
ww_fastpOut_reads_R	BAKTA (ww_fastpOut_reads_R)	COMPLETED	0	178476	1	-	48.2	0.5	3045662720	15459328000	1724618234	3112549
ww_fastpOut_reads_R	BAKTA (ww_fastpOut_reads_R)	COMPLETED	0	171314	1	-	48.0	0.5	3040997376	15089528832	1720474074	1424111
ww_fastpOut_reads_R	BAKTA (ww_fastpOut_reads_R)	COMPLETED	0	185648	1	-	48.6	0.5	3042541568	15143731200	2056674065	1449422
ww_fastpOut_reads_R	BAKTA (ww_fastpOut_reads_R)	COMPLETED	0	160427	1	-	51.9	0.5	3015524352	15080083456	1720205524	1422204
ww_fastpOut_reads_R	BAKTA (ww_fastpOut_reads_R)	COMPLETED	0	155232	1	-	53.1	0.5	3014524928	25640771584	1720024348	1421382
ww_fastpOut_reads_R	BAKTA (ww_fastpOut_reads_R)	COMPLETED	0	168460	1	-	49.1	0.5	3017814016	15054123008	1720980717	1445539
ww_fastpOut_reads_R	BAKTA (ww_fastpOut_reads_R)	COMPLETED	0	168551	1	-	52.5	0.5	3042037760	34025410560	2054514716	1422872
ww_fastpOut_reads_R	BAKTA (ww_fastpOut_reads_R)	COMPLETED	0	157615	1	-	56.8	0.5	3043139584	17383874560	2055688911	1422595
ww_fastpOut_reads_R	BAKTA (ww_fastpOut_reads_R)	COMPLETED	0	167376	1	-	50.2	0.5	3043581952	15130816512	1721271132	1446422
ww_fastpOut_reads_R	BAKTA (ww_fastpOut_reads_R)	COMPLETED	0	197650	1	-	44.9	0.5	3041923072	15155077120	2054532745	1422367
ww_fastpOut_reads_R	BAKTA (ww_fastpOut_reads_R)	COMPLETED	0	191365	1	-	47.6	0.5	3040448512	34072506368	2055379445	1420940
ww_fastpOut_reads_R	BAKTA (ww_fastpOut_reads_R)	COMPLETED	0	188512	1	-	47.7	0.5	3044663296	50848878592	2055341217	1423477
ww_fastpOut_reads_R	BAKTA (ww_fastpOut_reads_R)	COMPLETED	0	151286	1	-	60.0	0.5	3044655104	17397633024	2056081467	1449463
ww_fastpOut_reads_R	BAKTA (ww_fastpOut_reads_R)	COMPLETED	0	179568	1	-	51.2	0.5	3042820096	15125499904	2056601224	1448149
ww_fastpOut_reads_R	BAKTA (ww_fastpOut_reads_R)	COMPLETED	0	184775	1	-	45.5	0.5	3043008512	15096496128	1720495881	1421399
ww_fastpOut_reads_R	BAKTA (ww_fastpOut_reads_R)	COMPLETED	0	168562	1	-	49.5	0.5	3040915456	15089754112	1719850618	1422660
ww_fastpOut_reads_R	BAKTA (ww_fastpOut_reads_R)	COMPLETED	0	189671	1	-	47.6	0.5	3013263360	15179882496	2055356766	1448726
ww_fastpOut_reads_R	BAKTA (ww_fastpOut_reads_R)	COMPLETED	0	180649	1	-	51.2	0.5	3013455872	15075004416	2055161491	1423811
ww_fastpOut_reads_R	BAKTA (ww_fastpOut_reads_R)	COMPLETED	0	148973	1	-	56.0	0.5	3013664768	42372083712	1720846612	1422246
ww_fastpOut_reads_R	BAKTA (ww_fastpOut_reads_R)	COMPLETED	0	189335	1	-	47.9	0.5	3042639872	84154376192	2056402774	1448439
ww_fastpOut_reads_R	BAKTA (ww_fastpOut_reads_R)	COMPLETED	0	174641	1	-	49.4	0.5	3039854592	15025881088	1720880859	1422778
ww_fastpOut_reads_R	BAKTA (ww_fastpOut_reads_R)	COMPLETED	0	187367	1	-	48.4	0.5	3043848192	34097786880	2056485956	1450033
ww_fastpOut_reads_R	BAKTA (ww_fastpOut_reads_R)	COMPLETED	0	204706	1	-	45.1	0.5	3039698944	15212646400	2056358286	1449780
ww_fastpOut_reads_R	BAKTA (ww_fastpOut_reads_R)	COMPLETED	0	167186	1	-	49.2	0.5	3046100992	15089684480	1720622128	1422943
ww_fastpOut_reads_R	BAKTA (ww_fastpOut_reads_R)	COMPLETED	0	174121	1	-	49.2	0.5	3037548544	15027027968	1720252029	1420975
ww_fastpOut_reads_R	BAKTA (ww_fastpOut_reads_R)	COMPLETED	0	176737	1	-	50.3	0.5	3045875712	15020085248	2055171625	1419528
ww_fastpOut_reads_R	BAKTA (ww_fastpOut_reads_R)	COMPLETED	0	200796	1	-	47.2	0.5	3040026624	15145488384	2055877170	1450086
ww_fastpOut_reads_R	BAKTA (ww_fastpOut_reads_R)	COMPLETED	0	151249	1	-	55.6	0.4	3042320384	15089537024	1719784927	1423825
ww_fastpOut_reads_R	BAKTA (ww_fastpOut_reads_R)	COMPLETED	0	177866	1	-	50.6	0.5	3043008512	15087902720	2055305591	1422670
ww_fastpOut_reads_R	BAKTA (ww_fastpOut_reads_R)	COMPLETED	0	183025	1	-	45.2	0.5	3042500608	15027302400	1720856455	1422333
ww_fastpOut_reads_R	BAKTA (ww_fastpOut_reads_R)	COMPLETED	0	201145	1	-	46.9	0.5	3042201600	15259688960	2055952271	1449564
ww_fastpOut_reads_R	BAKTA (ww_fastpOut_reads_R)	COMPLETED	0	181741	1	-	49.7	0.5	3045081088	15088087040	2055662056	1420955
ww_fastpOut_reads_R	BAKTA (ww_fastpOut_reads_R)	COMPLETED	0	175339	1	-	48.7	0.5	3014471680	15067906048	1720897803	1446306
ww_fastpOut_reads_R	BAKTA (ww_fastpOut_reads_R)	COMPLETED	0	163859	1	-	51.8	0.5	3042869248	15130923008	1721683811	1445287
ww_fastpOut_reads_R	BAKTA (ww_fastpOut_reads_R)	COMPLETED	0	163000	1	-	51.2	0.5	3043151872	25703923712	1720747969	1423641
ww_fastpOut_reads_R	BAKTA (ww_fastpOut_reads_R)	COMPLETED	0	161916	1	-	55.4	0.5	3016282112	17384669184	2055633741	1423454
ww_fastpOut_reads_R	BAKTA (ww_fastpOut_reads_R)	COMPLETED	0	175730	1	-	51.4	0.5	3043729408	25731194880	2055433513	1421222
ww_fastpOut_reads_R	BAKTA (ww_fastpOut_reads_R)	COMPLETED	0	180141	1	-	47.8	0.5	3016609792	15136342016	1721436207	1447528
ww_fastpOut_reads_R	BAKTA (ww_fastpOut_reads_R)	COMPLETED	0	168459	1	-	49.8	0.5	3041255424	15265099776	1721396510	1446663
ww_fastpOut_reads_R	BAKTA (ww_fastpOut_reads_R)	COMPLETED	0	163896	1	-	51.6	0.5	3041411072	34035572736	1721765785	1447899
ww_fastpOut_reads_R	BAKTA (ww_fastpOut_reads_R)	COMPLETED	0	192467	1	-	48.2	0.5	3041042432	15155015680	2055338298	1421150
ww_fastpOut_reads_R	BAKTA (ww_fastpOut_reads_R)	COMPLETED	0	168984	1	-	53.6	0.5	3041157120	15080083456	2056992400	1450167
ww_fastpOut_reads_R	BAKTA (ww_fastpOut_reads_R)	COMPLETED	0	166212	1	-	55.0	0.5	3042754560	15083773952	2055447334	1422194
ww_fastpOut_reads_R	BAKTA (ww_fastpOut_reads_R)	COMPLETED	0	200629	1	-	46.4	0.5	3043913728	15154647040	2055408093	1422478
ww_fastpOut_reads_R	BAKTA (ww_fastpOut_reads_R)	COMPLETED	0	182627	1	-	46.0	0.5	3018395648	15118258176	1721267353	1446098
ww_fastpOut_reads_R	BAKTA (ww_fastpOut_reads_R)	COMPLETED	0	183938	1	-	49.1	0.5	3043360768	15087685632	2055451750	1423890
ww_fastpOut_reads_R	BAKTA (ww_fastpOut_reads_R)	COMPLETED	0	184247	1	-	53.1	0.6	3229270016	59224248320	2052835999	1527314
ww_fastpOut_reads_R	BAKTA (ww_fastpOut_reads_R)	COMPLETED	0	184724	1	-	46.8	0.5	3042455552	17308209152	1721509887	1447710
ww_fastpOut_reads_R	BAKTA (ww_fastpOut_reads_R)	COMPLETED	0	170114	1	-	53.1	0.5	3017596928	15205253120	2056013015	1422221
ww_fastpOut_reads_R	BAKTA (ww_fastpOut_reads_R)	COMPLETED	0	141693	1	-	58.4	0.5	3018502144	17374208000	1721711627	1446662
ww_fastpOut_reads_R	BAKTA (ww_fastpOut_reads_R)	COMPLETED	0	166367	1	-	51.2	0.5	3039764480	17305915392	1720552570	1448093
ww_fastpOut_reads_R	BAKTA (ww_fastpOut_reads_R)	COMPLETED	0	147711	1	-	56.1	0.5	3044044800	15215529984	1721347079	1446414
ww_fastpOut_reads_R	BAKTA (ww_fastpOut_reads_R)	COMPLETED	0	156505	1	-	53.4	0.5	3045298176	34047741952	1721634421	1446227
ww_fastpOut_reads_R	BAKTA (ww_fastpOut_reads_R)	COMPLETED	0	211726	1	-	44.9	0.5	3012354048	15142273024	2055508532	1420761
ww_fastpOut_reads_R	BAKTA (ww_fastpOut_reads_R)	COMPLETED	0	155207	1	-	53.3	0.5	3017134080	15185342464	1721186277	1445024
ww_fastpOut_reads_R	BAKTA (ww_fastpOut_reads_R)	COMPLETED	0	178951	1	-	47.7	0.5	3015507968	15118069760	1721748064	1446378
ww_fastpOut_reads_R	BAKTA (ww_fastpOut_reads_R)	COMPLETED	0	167249	1	-	54.5	0.5	3014094848	15200944128	2056934158	1451380
ww_fastpOut_reads_R	BAKTA (ww_fastpOut_reads_R)	COMPLETED	0	179720	1	-	46.8	0.5	3017752576	15068659712	1721114948	1446925
ww_fastpOut_reads_R	BAKTA (ww_fastpOut_reads_R)	COMPLETED	0	164963	1	-	50.6	0.5	3040956416	17307275264	1720580019	1446729
ww_fastpOut_reads_R	BAKTA (ww_fastpOut_reads_R)	COMPLETED	0	184056	1	-	49.5	0.5	3045740544	14724255744	2055891109	1449412
ww_fastpOut_reads_R	BAKTA (ww_fastpOut_reads_R)	COMPLETED	0	166875	1	-	49.8	0.5	3015794688	34044334080	1720755209	1446594
ww_fastpOut_reads_R	BAKTA (ww_fastpOut_reads_R)	COMPLETED	0	190652	1	-	48.6	0.5	3042308096	15125430272	2056068662	1449855
ww_fastpOut_reads_R	BAKTA (ww_fastpOut_reads_R)	COMPLETED	0	189202	1	-	47.8	0.5	3042820096	15025537024	2055746109	1423544
ww_fastpOut_reads_R	BAKTA (ww_fastpOut_reads_R)	COMPLETED	0	185861	1	-	49.1	0.5	3014782976	25668685824	2056507388	1450913
ww_fastpOut_reads_R	BAKTA (ww_fastpOut_reads_R)	COMPLETED	0	156909	1	-	52.7	0.5	3016482816	15011364864	1719992062	1420458
ww_fastpOut_reads_R	BAKTA (ww_fastpOut_reads_R)	COMPLETED	0	173368	1	-	48.7	0.5	3039948800	15130845184	1721631163	1445137
ww_fastpOut_reads_R	BAKTA (ww_fastpOut_reads_R)	COMPLETED	0	191016	1	-	48.5	0.5	3043987456	25676242944	2056955456	1449630
ww_fastpOut_reads_R	BAKTA (ww_fastpOut_reads_R)	COMPLETED	0	144371	1	-	87.2	0.8	5111861248	18203508736	2986142910	22874996
ww_fastpOut_reads_R	BAKTA (ww_fastpOut_reads_R)	COMPLETED	0	169410	1	-	51.6	0.5	3043696640	15143682048	1721721222	1447856
ww_fastpOut_reads_R	BAKTA (ww_fastpOut_reads_R)	COMPLETED	0	187173	1	-	48.3	0.5	3044298752	15023816704	2055325835	1420517
ww_fastpOut_reads_R	BAKTA (ww_fastpOut_reads_R)	COMPLETED	0	156897	1	-	52.8	0.5	3014868992	15131062272	1721032216	1447614
ww_fastpOut_reads_R	BAKTA (ww_fastpOut_reads_R)	COMPLETED	0	171047	1	-	48.3	0.5	3042050048	15094116352	1720591302	1418906
ww_fastpOut_reads_R	BAKTA (ww_fastpOut_reads_R)	COMPLETED	0	178982	1	-	51.4	0.4	3015589888	15049031680	2056386327	1449570
ww_fastpOut_reads_R	BAKTA (ww_fastpOut_reads_R)	COMPLETED	0	163541	1	-	50.7	0.5	3012874240	15214292992	1719806356	1418763
ww_fastpOut_reads_R	BAKTA (ww_fastpOut_reads_R)	COMPLETED	0	194330	1	-	44.5	0.5	3013099520	17306488832	1721077522	1445299
ww_fastpOut_reads_R	BAKTA (ww_fastpOut_reads_R)	COMPLETED	0	190489	1	-	49.0	0.5	3043160064	25723719680	2055234625	1422269
ww_fastpOut_reads_R	BAKTA (ww_fastpOut_reads_R)	COMPLETED	0	148969	1	-	60.9	0.5	3043033088	15083790336	2055272573	1420327
ww_fastpOut_reads_R	BAKTA (ww_fastpOut_reads_R)	COMPLETED	0	152752	1	-	54.9	0.5	3042463744	15089668096	1719887569	1421285
ww_fastpOut_reads_R	BAKTA (ww_fastpOut_reads_R)	COMPLETED	0	151089	1	-	53.9	0.5	3043680256	15089541120	1720111625	1421451
ww_fastpOut_reads_R	BAKTA (ww_fastpOut_reads_R)	COMPLETED	0	175443	1	-	47.8	0.5	3042816000	15197863936	1721763432	1446505
ww_fastpOut_reads_R	BAKTA (ww_fastpOut_reads_R)	COMPLETED	0	193278	1	-	46.6	0.5	3044286464	17394786304	2056710296	1451103
ww_fastpOut_reads_R	BAKTA (ww_fastpOut_reads_R)	COMPLETED	0	179810	1	-	47.7	0.5	3043020800	15277957120	1721239705	1447775
ww_fastpOut_reads_R	BAKTA (ww_fastpOut_reads_R)	COMPLETED	0	169385	1	-	49.5	0.5	3042643968	15089483776	1720257260	1421567
ww_fastpOut_reads_R	BAKTA (ww_fastpOut_reads_R)	COMPLETED	0	168743	1	-	52.4	0.5	3046367232	15083868160	2054550965	1418331
ww_fastpOut_reads_R	BAKTA (ww_fastpOut_reads_R)	COMPLETED	0	181597	1	-	45.4	0.5	3015135232	15014887424	1720234691	1419608
ww_fastpOut_reads_R	BAKTA (ww_fastpOut_reads_R)	COMPLETED	0	186094	1	-	48.8	0.5	3013267456	15132950528	2056052540	1450339
ww_fastpOut_reads_R	BAKTA (ww_fastpOut_reads_R)	COMPLETED	0	201313	1	-	45.6	0.5	3016282112	59102232576	2055414695	1419363
ww_fastpOut_reads_R	BAKTA (ww_fastpOut_reads_R)	COMPLETED	0	198769	1	-	43.5	0.5	3041341440	17370660864	1719357819	1421673
ww_fastpOut_reads_R	BAKTA (ww_fastpOut_reads_R)	COMPLETED	0	178501	1	-	51.9	0.5	3042258944	17382793216	2056215498	1451450
ww_fastpOut_reads_R	BAKTA (ww_fastpOut_reads_R)	COMPLETED	0	164521	1	-	54.9	0.5	3016916992	17331752960	2055024981	1420963
ww_fastpOut_reads_R	BAKTA (ww_fastpOut_reads_R)	COMPLETED	0	183268	1	-	48.8	0.5	3042668544	17385058304	2054951905	1419901
ww_fastpOut_reads_R	BAKTA (ww_fastpOut_reads_R)	COMPLETED	0	198598	1	-	46.3	0.5	3042566144	15259643904	2056329749	1449930
ww_fastpOut_reads_R	BAKTA (ww_fastpOut_reads_R)	COMPLETED	0	176383	1	-	52.3	0.5	3014197248	15142199296	2055520417	1420841
ww_fastpOut_reads_R	BAKTA (ww_fastpOut_reads_R)	COMPLETED	0	175887	1	-	51.1	0.5	3042365440	15150833664	2055323417	1419923
ww_fastpOut_reads_R	BAKTA (ww_fastpOut_reads_R)	COMPLETED	0	168790	1	-	53.7	0.4	3013947392	15071043584	2055647098	1419732
ww_fastpOut_reads_R	BAKTA (ww_fastpOut_reads_R)	COMPLETED	0	179289	1	-	51.0	0.5	3016978432	15112753152	2056558142	1449707
ww_fastpOut_reads_R	BAKTA (ww_fastpOut_reads_R)	COMPLETED	0	165659	1	-	54.1	0.5	3012198400	17384861696	2055296964	1419611
ww_fastpOut_reads_R	BAKTA (ww_fastpOut_reads_R)	COMPLETED	0	167602	1	-	52.7	0.5	3045384192	15649566720	1723899522	3112852
ww_fastpOut_reads_R	BAKTA (ww_fastpOut_reads_R)	COMPLETED	0	156006	1	-	52.7	0.5	3045072896	15092850688	1719866166	1418358
ww_fastpOut_reads_R	BAKTA (ww_fastpOut_reads_R)	COMPLETED	0	172718	1	-	52.6	0.4	3044978688	15277944832	2055748539	1451016
ww_fastpOut_reads_R	BAKTA (ww_fastpOut_reads_R)	COMPLETED	0	170057	1	-	53.4	0.5	3042996224	15143677952	2056258460	1451280
ww_fastpOut_reads_R	BAKTA (ww_fastpOut_reads_R)	COMPLETED	0	175068	1	-	46.3	0.5	3018260480	15079981056	1720212356	1418832
ww_fastpOut_reads_R	BAKTA (ww_fastpOut_reads_R)	COMPLETED	0	165412	1	-	51.1	0.5	3042643968	15024422912	1719995593	1419949
ww_fastpOut_reads_R	BAKTA (ww_fastpOut_reads_R)	COMPLETED	0	171412	1	-	48.8	0.5	3017732096	15121743872	1721097988	1445398
ww_fastpOut_reads_R	BAKTA (ww_fastpOut_reads_R)	COMPLETED	0	192406	1	-	46.2	0.5	3043254272	15090733056	2055250003	1421111
ww_fastpOut_reads_R	BAKTA (ww_fastpOut_reads_R)	COMPLETED	0	175583	1	-	48.1	0.5	3020218368	15072088064	1721673329	1446672
ww_fastpOut_reads_R	BAKTA (ww_fastpOut_reads_R)	COMPLETED	0	165373	1	-	49.4	0.5	3045519360	15161196544	1720622928	1420233
ww_fastpOut_reads_R	BAKTA (ww_fastpOut_reads_R)	COMPLETED	0	171906	1	-	48.1	0.5	3043741696	15202070528	1721427198	1445086
ww_fastpOut_reads_R	BAKTA (ww_fastpOut_reads_R)	COMPLETED	0	157559	1	-	52.5	0.5	3013099520	15012495360	1720224445	1421566
ww_fastpOut_reads_R	BAKTA (ww_fastpOut_reads_R)	COMPLETED	0	171589	1	-	47.7	0.5	3042656256	15089754112	1720491011	1420066
ww_fastpOut_reads_R	BAKTA (ww_fastpOut_reads_R)	COMPLETED	0	163321	1	-	52.0	0.5	3016208384	15079956480	1719254259	1419655
ww_fastpOut_reads_R	BAKTA (ww_fastpOut_reads_R)	COMPLETED	0	202922	1	-	45.2	0.5	3015274496	17398300672	2056147258	1451056
ww_fastpOut_reads_R	BAKTA (ww_fastpOut_reads_R)	COMPLETED	0	172262	1	-	48.2	0.5	3042349056	15145537536	1721309204	1446497
ww_fastpOut_reads_R	BAKTA (ww_fastpOut_reads_R)	COMPLETED	0	151292	1	-	54.6	0.4	3043454976	50649026560	1721494517	1444969
ww_fastpOut_reads_R	BAKTA (ww_fastpOut_reads_R)	COMPLETED	0	185617	1	-	46.8	0.5	3041488896	15028248576	1720276854	1418602
ww_fastpOut_reads_R	BAKTA (ww_fastpOut_reads_R)	COMPLETED	0	181551	1	-	49.9	0.5	3044286464	15083864064	2055399788	1419203
ww_fastpOut_reads_R	BAKTA (ww_fastpOut_reads_R)	COMPLETED	0	159475	1	-	53.0	0.5	3044179968	15226859520	1720660545	1419818
ww_fastpOut_reads_R	BAKTA (ww_fastpOut_reads_R)	COMPLETED	0	166030	1	-	51.7	0.5	3015372800	15133274112	1721333745	1447994
ww_fastpOut_reads_R	BAKTA (ww_fastpOut_reads_R)	COMPLETED	0	166862	1	-	54.9	0.5	3041386496	15259721728	2055966354	1448187
ww_fastpOut_reads_R	BAKTA (ww_fastpOut_reads_R)	COMPLETED	0	173291	1	-	48.7	0.5	3043430400	15089606656	1720300190	1421433
ww_fastpOut_reads_R	BAKTA (ww_fastpOut_reads_R)	COMPLETED	0	173866	1	-	48.1	0.5	3042988032	15089541120	1719751712	1421133
ww_fastpOut_reads_R	BAKTA (ww_fastpOut_reads_R)	COMPLETED	0	169325	1	-	49.0	0.5	3017433088	15144087552	1720259071	1421312
ww_fastpOut_reads_R	BAKTA (ww_fastpOut_reads_R)	COMPLETED	0	168800	1	-	53.1	0.5	3045466112	15024369664	2055045063	1420112
ww_fastpOut_reads_R	BAKTA (ww_fastpOut_reads_R)	COMPLETED	0	179696	1	-	51.1	0.5	3044167680	59179012096	2056146227	1448655
ww_fastpOut_reads_R	BAKTA (ww_fastpOut_reads_R)	COMPLETED	0	191083	1	-	48.6	0.5	3016282112	15070167040	2056040590	1449782
ww_fastpOut_reads_R	BAKTA (ww_fastpOut_reads_R)	COMPLETED	0	183391	1	-	51.0	0.5	3041071104	15083958272	2055368219	1418497
ww_fastpOut_reads_R	BAKTA (ww_fastpOut_reads_R)	COMPLETED	0	136232	1	-	66.1	0.5	3021697024	15009882112	2055689957	1420624
ww_fastpOut_reads_R	BAKTA (ww_fastpOut_reads_R)	COMPLETED	0	203667	1	-	44.0	0.5	3013943296	15071084544	2055048467	1418626
ww_fastpOut_reads_R	BAKTA (ww_fastpOut_reads_R)	COMPLETED	0	143602	1	-	63.0	0.5	3044716544	17402003456	2055100304	1419699
ww_fastpOut_reads_R	BAKTA (ww_fastpOut_reads_R)	COMPLETED	0	156615	1	-	58.8	0.5	3016675328	15007653888	2055180083	1419865
ww_fastpOut_reads_R	BAKTA (ww_fastpOut_reads_R)	COMPLETED	0	186756	1	-	45.6	0.5	3039543296	15130808320	1721086954	1446286
ww_fastpOut_reads_R	BAKTA (ww_fastpOut_reads_R)	COMPLETED	0	182976	1	-	49.2	0.5	3043848192	15087837184	2055211811	1419874
ww_fastpOut_reads_R	BAKTA (ww_fastpOut_reads_R)	COMPLETED	0	190547	1	-	47.6	0.5	3042385920	25726627840	2055592121	1419972
ww_fastpOut_reads_R	BAKTA (ww_fastpOut_reads_R)	COMPLETED	0	188350	1	-	47.8	0.5	3043975168	25691656192	2055671479	1448333
ww_fastpOut_reads_R	BAKTA (ww_fastpOut_reads_R)	COMPLETED	0	167040	1	-	56.7	0.5	3015479296	15011835904	2055586075	1421041
ww_fastpOut_reads_R	BAKTA (ww_fastpOut_reads_R)	COMPLETED	0	159325	1	-	52.7	0.5	3013115904	15119998976	1721261901	1442555
ww_fastpOut_reads_R	BAKTA (ww_fastpOut_reads_R)	COMPLETED	0	150528	1	-	54.3	0.5	3014737920	33972195328	1720355101	1418529
ww_fastpOut_reads_R	BAKTA (ww_fastpOut_reads_R)	COMPLETED	0	179091	1	-	50.9	0.5	3042099200	25710686208	2057179863	1448458
ww_fastpOut_reads_R	BAKTA (ww_fastpOut_reads_R)	COMPLETED	0	165954	1	-	56.6	0.5	3014397952	15136378880	2056991254	1449948
ww_fastpOut_reads_R	BAKTA (ww_fastpOut_reads_R)	COMPLETED	0	163922	1	-	55.6	0.5	3044282368	15217942528	2055397124	1420717
ww_fastpOut_reads_R	BAKTA (ww_fastpOut_reads_R)	COMPLETED	0	145004	1	-	56.7	0.4	3045761024	15089758208	1719561960	1420070
ww_fastpOut_reads_R	BAKTA (ww_fastpOut_reads_R)	COMPLETED	0	177704	1	-	52.3	0.5	3043749888	14662524928	2056892654	1450002
ww_fastpOut_reads_R	BAKTA (ww_fastpOut_reads_R)	COMPLETED	0	146132	1	-	56.7	0.3	3044970496	15031799808	1720252904	1418691
ww_fastpOut_reads_R	BAKTA (ww_fastpOut_reads_R)	COMPLETED	0	148112	1	-	57.6	0.5	3038105600	15160320000	1720497776	1420259
ww_fastpOut_reads_R	BAKTA (ww_fastpOut_reads_R)	COMPLETED	0	196050	1	-	47.2	0.5	3042156544	109313638400	2055316799	1421273
ww_fastpOut_reads_R	BAKTA (ww_fastpOut_reads_R)	COMPLETED	0	167589	1	-	51.3	0.5	3045457920	17374322688	1721108591	1443939
ww_fastpOut_reads_R	BAKTA (ww_fastpOut_reads_R)	COMPLETED	0	190561	1	-	48.1	0.4	3012599808	15073505280	2055618178	1418279
ww_fastpOut_reads_R	BAKTA (ww_fastpOut_reads_R)	COMPLETED	0	165701	1	-	50.4	0.5	3043979264	17312018432	1720174977	1420343
ww_fastpOut_reads_R	BAKTA (ww_fastpOut_reads_R)	COMPLETED	0	179661	1	-	46.1	0.5	3044990976	15226802176	1719728040	1420168
ww_fastpOut_reads_R	BAKTA (ww_fastpOut_reads_R)	COMPLETED	0	145546	1	-	57.4	0.5	3042844672	15130894336	1721406757	1443831
ww_fastpOut_reads_R	BAKTA (ww_fastpOut_reads_R)	COMPLETED	0	176772	1	-	46.9	0.5	3041820672	15226933248	1720250162	1419991
ww_fastpOut_reads_R	BAKTA (ww_fastpOut_reads_R)	COMPLETED	0	185730	1	-	48.5	0.5	3043643392	15087898624	2055942263	1421808
ww_fastpOut_reads_R	BAKTA (ww_fastpOut_reads_R)	COMPLETED	0	180501	1	-	50.3	0.5	3042181120	15154888704	2055615111	1420238
ww_fastpOut_reads_R	BAKTA (ww_fastpOut_reads_R)	COMPLETED	0	189058	1	-	49.0	0.5	3040358400	15083941888	2054388929	1418691
ww_fastpOut_reads_R	BAKTA (ww_fastpOut_reads_R)	COMPLETED	0	202993	1	-	46.7	0.5	3039965184	42415456256	2056493066	1451200
ww_fastpOut_reads_R	BAKTA (ww_fastpOut_reads_R)	COMPLETED	0	169316	1	-	49.4	0.5	3043438592	15278100480	1720866364	1445050
ww_fastpOut_reads_R	BAKTA (ww_fastpOut_reads_R)	COMPLETED	0	172081	1	-	53.4	0.5	3014971392	15075155968	2055404244	1419637
ww_fastpOut_reads_R	BAKTA (ww_fastpOut_reads_R)	COMPLETED	0	201876	1	-	46.1	0.5	3039477760	15083814912	2055909900	1418432
ww_fastpOut_reads_R	BAKTA (ww_fastpOut_reads_R)	COMPLETED	0	182148	1	-	49.7	0.5	3043078144	15083995136	2055642506	1418433
ww_fastpOut_reads_R	BAKTA (ww_fastpOut_reads_R)	COMPLETED	0	141717	1	-	57.7	0.3	3038846976	25703477248	1720108972	1420453
ww_fastpOut_reads_R	BAKTA (ww_fastpOut_reads_R)	COMPLETED	0	146215	1	-	56.1	0.5	3015303168	15080116224	1721107934	1418747
ww_fastpOut_reads_R	BAKTA (ww_fastpOut_reads_R)	COMPLETED	0	192062	1	-	46.8	0.5	3015966720	14702350336	2056539894	1446005
ww_fastpOut_reads_R	BAKTA (ww_fastpOut_reads_R)	COMPLETED	0	197394	1	-	45.2	0.5	3043999744	15087906816	2055216132	1420033
ww_fastpOut_reads_R	BAKTA (ww_fastpOut_reads_R)	COMPLETED	0	182203	1	-	49.4	0.5	3043450880	15083855872	2055451963	1420608
ww_fastpOut_reads_R	BAKTA (ww_fastpOut_reads_R)	COMPLETED	0	189415	1	-	48.4	0.5	3040124928	15087828992	2055097152	1421460
ww_fastpOut_reads_R	BAKTA (ww_fastpOut_reads_R)	COMPLETED	0	150669	1	-	55.6	0.5	3042852864	15089688576	1719636228	1421209
ww_fastpOut_reads_R	BAKTA (ww_fastpOut_reads_R)	COMPLETED	0	166906	1	-	53.9	0.5	3042492416	15143731200	2056013759	1448466
ww_fastpOut_reads_R	BAKTA (ww_fastpOut_reads_R)	COMPLETED	0	203739	1	-	44.2	0.5	3042541568	15087673344	2055062405	1421260
ww_fastpOut_reads_R	BAKTA (ww_fastpOut_reads_R)	COMPLETED	0	176006	1	-	51.1	0.4	3043721216	25723453440	2056555432	1447189
ww_fastpOut_reads_R	BAKTA (ww_fastpOut_reads_R)	COMPLETED	0	179420	1	-	50.7	0.5	3047063552	15192748032	2056157413	1445815
ww_fastpOut_reads_R	BAKTA (ww_fastpOut_reads_R)	COMPLETED	0	155609	1	-	53.2	0.5	3043762176	15092584448	1720790759	1420091
ww_fastpOut_reads_R	BAKTA (ww_fastpOut_reads_R)	COMPLETED	0	187870	1	-	48.1	0.5	3044081664	25755619328	2055562445	1445624
ww_fastpOut_reads_R	BAKTA (ww_fastpOut_reads_R)	COMPLETED	0	155107	1	-	52.5	0.5	3046719488	15030906880	1720505464	1419286
ww_fastpOut_reads_R	BAKTA (ww_fastpOut_reads_R)	COMPLETED	0	140550	1	-	58.5	0.5	3017134080	15185281024	1721603635	1442426
ww_fastpOut_reads_R	BAKTA (ww_fastpOut_reads_R)	COMPLETED	0	157267	1	-	52.5	0.5	3045478400	15030726656	1719965962	1419173
ww_fastpOut_reads_R	BAKTA (ww_fastpOut_reads_R)	COMPLETED	0	160377	1	-	55.7	0.5	3043741696	15090257920	2054944826	1422106
ww_fastpOut_reads_R	BAKTA (ww_fastpOut_reads_R)	COMPLETED	0	162701	1	-	55.8	0.5	3041345536	15192719360	2056337813	1447071
ww_fastpOut_reads_R	BAKTA (ww_fastpOut_reads_R)	COMPLETED	0	156782	1	-	52.7	0.4	3016527872	15132794880	1720949959	1444271
ww_fastpOut_reads_R	BAKTA (ww_fastpOut_reads_R)	COMPLETED	0	154476	1	-	54.1	0.5	3043553280	15028109312	1720426945	1419552
ww_fastpOut_reads_R	BAKTA (ww_fastpOut_reads_R)	COMPLETED	0	179249	1	-	51.3	0.5	3017388032	15071281152	2055310921	1418182
ww_fastpOut_reads_R	BAKTA (ww_fastpOut_reads_R)	COMPLETED	0	177917	1	-	50.7	0.5	3041550336	34028158976	2054957392	1419394
ww_fastpOut_reads_R	BAKTA (ww_fastpOut_reads_R)	COMPLETED	0	175871	1	-	48.1	0.5	3046227968	15145676800	1721291742	1443726
ww_fastpOut_reads_R	BAKTA (ww_fastpOut_reads_R)	COMPLETED	0	174570	1	-	47.4	0.5	3014066176	92307853312	1721015328	1444907
ww_fastpOut_reads_R	BAKTA (ww_fastpOut_reads_R)	COMPLETED	0	172770	1	-	54.3	0.5	3014574080	15009689600	2055075548	1420934
ww_fastpOut_reads_R	BAKTA (ww_fastpOut_reads_R)	COMPLETED	0	190348	1	-	47.7	0.5	3042897920	59157807104	2056278435	1448958
ww_fastpOut_reads_R	BAKTA (ww_fastpOut_reads_R)	COMPLETED	0	173168	1	-	51.5	0.5	3042066432	25755230208	2056166473	1446114
ww_fastpOut_reads_R	BAKTA (ww_fastpOut_reads_R)	COMPLETED	0	148972	1	-	56.4	0.5	3039711232	15130791936	1721052225	1442766
ww_fastpOut_reads_R	BAKTA (ww_fastpOut_reads_R)	COMPLETED	0	156130	1	-	53.0	0.5	3044118528	25703813120	1721009972	1443723
ww_fastpOut_reads_R	BAKTA (ww_fastpOut_reads_R)	COMPLETED	0	151626	1	-	55.8	0.5	3041472512	17372205056	1721136685	1443630
ww_fastpOut_reads_R	BAKTA (ww_fastpOut_reads_R)	COMPLETED	0	197606	1	-	45.9	0.5	3046490112	15020523520	2055135477	1419591
ww_fastpOut_reads_R	BAKTA (ww_fastpOut_reads_R)	COMPLETED	0	155670	1	-	58.2	0.3	3013009408	15135092736	2055508177	1447238
ww_fastpOut_reads_R	BAKTA (ww_fastpOut_reads_R)	COMPLETED	0	144406	1	-	58.2	0.5	3040317440	42366730240	1721604758	1445281
ww_fastpOut_reads_R	BAKTA (ww_fastpOut_reads_R)	COMPLETED	0	137840	1	-	60.3	0.5	3042504704	15143821312	1721056948	1445513
ww_fastpOut_reads_R	BAKTA (ww_fastpOut_reads_R)	COMPLETED	0	149415	1	-	62.1	0.5	3041452032	17381322752	2056649985	1446009
ww_fastpOut_reads_R	BAKTA (ww_fastpOut_reads_R)	COMPLETED	0	158894	1	-	59.1	0.5	3014717440	50806296576	2056642056	1447582
ww_fastpOut_reads_R	BAKTA (ww_fastpOut_reads_R)	COMPLETED	0	155701	1	-	56.2	0.5	3013603328	15132848128	1722039483	1444040
ww_fastpOut_reads_R	BAKTA (ww_fastpOut_reads_R)	COMPLETED	0	169965	1	-	50.6	0.5	3041759232	15143755776	1720783018	1445127
ww_fastpOut_reads_R	BAKTA (ww_fastpOut_reads_R)	COMPLETED	0	153196	1	-	60.3	0.4	3014451200	14640037888	2056465913	1446857
ww_fastpOut_reads_R	BAKTA (ww_fastpOut_reads_R)	COMPLETED	0	173412	1	-	47.0	0.4	3046887424	15279693824	1721262385	1444264
ww_fastpOut_reads_R	BAKTA (ww_fastpOut_reads_R)	COMPLETED	0	152548	1	-	54.8	0.4	3042983936	15130853376	1720666939	1442309
ww_fastpOut_reads_R	BAKTA (ww_fastpOut_reads_R)	COMPLETED	0	154188	1	-	55.0	0.5	3041284096	15200395264	1720334255	1443863
ww_fastpOut_reads_R	BAKTA (ww_fastpOut_reads_R)	COMPLETED	0	166701	1	-	55.3	0.4	3015483392	100804841472	2056575402	3040139
ww_fastpOut_reads_R	BAKTA (ww_fastpOut_reads_R)	COMPLETED	0	189967	1	-	47.6	0.5	3046080512	59163058176	2055641552	1421158
ww_fastpOut_reads_R	BAKTA (ww_fastpOut_reads_R)	COMPLETED	0	192998	1	-	48.3	0.5	3012128768	15209291776	2054947114	1421894
ww_fastpOut_reads_R	BAKTA (ww_fastpOut_reads_R)	COMPLETED	0	148114	1	-	56.2	0.5	3042816000	17372086272	1721121992	1420075
ww_fastpOut_reads_R	BAKTA (ww_fastpOut_reads_R)	COMPLETED	0	211622	1	-	44.0	0.5	3044364288	15154909184	2056135549	1419456
ww_fastpOut_reads_R	BAKTA (ww_fastpOut_reads_R)	COMPLETED	0	154327	1	-	53.8	0.5	3043446784	17372225536	1720395337	1422348
ww_fastpOut_reads_R	BAKTA (ww_fastpOut_reads_R)	COMPLETED	0	184392	1	-	44.3	0.5	3016679424	15147040768	1719874364	1420657
ww_fastpOut_reads_R	BAKTA (ww_fastpOut_reads_R)	COMPLETED	0	148228	1	-	56.2	0.5	3043766272	15092662272	1720616206	1420409
ww_fastpOut_reads_R	BAKTA (ww_fastpOut_reads_R)	COMPLETED	0	172794	1	-	50.3	0.5	3037540352	15080173568	1721259656	1443777
ww_fastpOut_reads_R	BAKTA (ww_fastpOut_reads_R)	COMPLETED	0	215826	1	-	42.3	0.5	3046715392	17352142848	2056005490	1447302
ww_fastpOut_reads_R	BAKTA (ww_fastpOut_reads_R)	COMPLETED	0	227350	1	-	39.5	0.5	3046526976	50837377024	2055703917	1447237
ww_fastpOut_reads_R	BAKTA (ww_fastpOut_reads_R)	COMPLETED	0	142736	1	-	58.2	0.5	3014672384	15118123008	1721494825	1442419
ww_fastpOut_reads_R	BAKTA (ww_fastpOut_reads_R)	COMPLETED	0	160193	1	-	52.2	0.5	3044986880	17373241344	1721525347	1444066
ww_fastpOut_reads_R	BAKTA (ww_fastpOut_reads_R)	COMPLETED	0	165615	1	-	53.6	0.5	3043938304	15563907072	1724209572	3109922
ww_fastpOut_reads_R	BAKTA (ww_fastpOut_reads_R)	COMPLETED	0	178241	1	-	50.7	0.5	3044503552	15125610496	2056312963	1446927
ww_fastpOut_reads_R	BAKTA (ww_fastpOut_reads_R)	COMPLETED	0	140251	1	-	58.8	0.4	3045470208	15143731200	1721277167	1445200
ww_fastpOut_reads_R	BAKTA (ww_fastpOut_reads_R)	COMPLETED	0	166398	1	-	48.7	0.5	3019583488	15013429248	1720709786	1422182
ww_fastpOut_reads_R	BAKTA (ww_fastpOut_reads_R)	COMPLETED	0	156909	1	-	53.6	0.5	3017834496	42384998400	1721298143	1444071
ww_fastpOut_reads_R	BAKTA (ww_fastpOut_reads_R)	COMPLETED	0	162090	1	-	50.0	0.5	3016777728	15149563904	1719532368	1421917
ww_fastpOut_reads_R	BAKTA (ww_fastpOut_reads_R)	COMPLETED	0	167993	1	-	48.2	0.5	3044249600	15226855424	1720080598	1421343
ww_fastpOut_reads_R	BAKTA (ww_fastpOut_reads_R)	COMPLETED	0	203246	1	-	44.1	0.4	3042856960	15125430272	2055923638	1447037
ww_fastpOut_reads_R	BAKTA (ww_fastpOut_reads_R)	COMPLETED	0	168117	1	-	49.5	0.4	3045089280	15130820608	1720650682	1443455
ww_fastpOut_reads_R	BAKTA (ww_fastpOut_reads_R)	COMPLETED	0	158080	1	-	52.2	0.5	3018055680	15265185792	1720792007	1445333
ww_fastpOut_reads_R	BAKTA (ww_fastpOut_reads_R)	COMPLETED	0	155770	1	-	52.9	0.5	3012775936	25703702528	1719995854	1423242
ww_fastpOut_reads_R	BAKTA (ww_fastpOut_reads_R)	COMPLETED	0	159394	1	-	52.9	0.5	3041861632	34037993472	1720618880	1421556
ww_fastpOut_reads_R	BAKTA (ww_fastpOut_reads_R)	COMPLETED	0	158402	1	-	52.8	0.5	3043078144	15028944896	1719982118	1419727
ww_fastpOut_reads_R	BAKTA (ww_fastpOut_reads_R)	COMPLETED	0	179225	1	-	47.5	0.5	3041718272	25706647552	1721174767	1445503
ww_fastpOut_reads_R	BAKTA (ww_fastpOut_reads_R)	COMPLETED	0	184700	1	-	49.3	0.5	3017572352	15136346112	2054729234	1586017
ww_fastpOut_reads_R	BAKTA (ww_fastpOut_reads_R)	COMPLETED	0	162807	1	-	51.7	0.5	3015700480	15118262272	1721686645	1443686
ww_fastpOut_reads_R	BAKTA (ww_fastpOut_reads_R)	COMPLETED	0	164994	1	-	54.6	0.5	3015819264	15046979584	2055415059	1446137
ww_fastpOut_reads_R	BAKTA (ww_fastpOut_reads_R)	COMPLETED	0	185087	1	-	49.6	0.5	3041222656	15087964160	2055176599	1421483
ww_fastpOut_reads_R	BAKTA (ww_fastpOut_reads_R)	COMPLETED	0	180458	1	-	50.9	0.5	3017433088	15067197440	2055940153	1447273
ww_fastpOut_reads_R	BAKTA (ww_fastpOut_reads_R)	COMPLETED	0	176984	1	-	52.1	0.5	3017072640	15011209216	2055341039	1421808
ww_fastpOut_reads_R	BAKTA (ww_fastpOut_reads_R)	COMPLETED	0	197258	1	-	48.2	0.5	3040370688	15145492480	2056227209	1447713
ww_fastpOut_reads_R	BAKTA (ww_fastpOut_reads_R)	COMPLETED	0	178425	1	-	50.5	0.3	3042172928	17380929536	2054884228	1423100
ww_fastpOut_reads_R	BAKTA (ww_fastpOut_reads_R)	COMPLETED	0	192601	1	-	47.8	0.5	3018166272	15013257216	2055324115	1421674
ww_fastpOut_reads_R	BAKTA (ww_fastpOut_reads_R)	COMPLETED	0	170283	1	-	53.7	0.4	3016155136	15069929472	2056159858	1447563
ww_fastpOut_reads_R	BAKTA (ww_fastpOut_reads_R)	COMPLETED	0	167273	1	-	54.3	0.5	3042832384	15019106304	2055215519	1421295
ww_fastpOut_reads_R	BAKTA (ww_fastpOut_reads_R)	COMPLETED	0	181496	1	-	52.2	0.5	3039600640	42421284864	2056167006	1447487
ww_fastpOut_reads_R	BAKTA (ww_fastpOut_reads_R)	COMPLETED	0	179021	1	-	52.1	0.5	3011137536	34077151232	2056075857	1447329
ww_fastpOut_reads_R	BAKTA (ww_fastpOut_reads_R)	COMPLETED	0	179765	1	-	50.3	0.5	3017080832	15209349120	2055281569	1422907
ww_fastpOut_reads_R	BAKTA (ww_fastpOut_reads_R)	COMPLETED	0	143766	1	-	57.7	0.5	3041423360	15130849280	1720265690	1442206
ww_fastpOut_reads_R	BAKTA (ww_fastpOut_reads_R)	COMPLETED	0	156911	1	-	53.9	0.5	3013316608	15012651008	1720127437	1422442
ww_fastpOut_reads_R	BAKTA (ww_fastpOut_reads_R)	COMPLETED	0	156769	1	-	53.4	0.5	3017392128	15079981056	1720284557	1420512
ww_fastpOut_reads_R	BAKTA (ww_fastpOut_reads_R)	COMPLETED	0	163304	1	-	55.5	0.5	3043860480	15087751168	2054872555	1422666
ww_fastpOut_reads_R	BAKTA (ww_fastpOut_reads_R)	COMPLETED	0	156659	1	-	53.2	0.5	3045269504	15089696768	1719813025	1422240
ww_fastpOut_reads_R	BAKTA (ww_fastpOut_reads_R)	COMPLETED	0	184315	1	-	49.3	0.4	3017416704	15138201600	2055362865	1421427
ww_fastpOut_reads_R	BAKTA (ww_fastpOut_reads_R)	COMPLETED	0	151063	1	-	54.7	0.5	3016790016	15076990976	1720686550	1422045
ww_fastpOut_reads_R	BAKTA (ww_fastpOut_reads_R)	COMPLETED	0	157014	1	-	53.6	0.4	3044196352	15028523008	1720247609	1421729
ww_fastpOut_reads_R	BAKTA (ww_fastpOut_reads_R)	COMPLETED	0	169832	1	-	53.6	0.5	3041226752	15210971136	2056182087	1448657
ww_fastpOut_reads_R	BAKTA (ww_fastpOut_reads_R)	COMPLETED	0	153438	1	-	54.3	0.5	3019071488	15148351488	1720846203	1423418
ww_fastpOut_reads_R	BAKTA (ww_fastpOut_reads_R)	COMPLETED	0	178261	1	-	49.6	0.5	3041812480	15092719616	1720655828	1420193
ww_fastpOut_reads_R	BAKTA (ww_fastpOut_reads_R)	COMPLETED	0	172804	1	-	49.2	0.5	3043696640	15197904896	1721505553	1442665
ww_fastpOut_reads_R	BAKTA (ww_fastpOut_reads_R)	COMPLETED	0	180959	1	-	46.4	0.5	3042656256	15092842496	1720555690	1419983
ww_fastpOut_reads_R	BAKTA (ww_fastpOut_reads_R)	COMPLETED	0	157614	1	-	53.4	0.5	3018330112	15118266368	1720848268	1443431
ww_fastpOut_reads_R	BAKTA (ww_fastpOut_reads_R)	COMPLETED	0	174809	1	-	47.5	0.5	3015176192	15076941824	1719740875	1420749
ww_fastpOut_reads_R	BAKTA (ww_fastpOut_reads_R)	COMPLETED	0	178459	1	-	46.5	0.5	3015413760	15056457728	2033616523	1102073
ww_fastpOut_reads_R	BAKTA (ww_fastpOut_reads_R)	COMPLETED	0	182917	1	-	45.4	0.5	3044724736	15226925056	1720585288	1421499
ww_fastpOut_reads_R	BAKTA (ww_fastpOut_reads_R)	COMPLETED	0	178418	1	-	51.6	0.5	3015921664	15247036416	2056048313	1445598
ww_fastpOut_reads_R	BAKTA (ww_fastpOut_reads_R)	COMPLETED	0	172815	1	-	48.2	0.4	3041980416	15089659904	1720609894	1423117
ww_fastpOut_reads_R	BAKTA (ww_fastpOut_reads_R)	COMPLETED	0	178973	1	-	51.3	0.5	3044577280	15154917376	2055723582	1420372
ww_fastpOut_reads_R	BAKTA (ww_fastpOut_reads_R)	COMPLETED	0	164380	1	-	55.1	0.5	3039358976	17379446784	2055725262	1423066
ww_fastpOut_reads_R	BAKTA (ww_fastpOut_reads_R)	COMPLETED	0	166943	1	-	54.6	0.5	3040534528	15023628288	2054918948	1421438
ww_fastpOut_reads_R	BAKTA (ww_fastpOut_reads_R)	COMPLETED	0	167932	1	-	55.1	0.5	3041296384	15154876416	2055407552	1421881
ww_fastpOut_reads_R	BAKTA (ww_fastpOut_reads_R)	COMPLETED	0	164815	1	-	50.9	0.5	3041755136	15223775232	1720438791	1421074
ww_fastpOut_reads_R	BAKTA (ww_fastpOut_reads_R)	COMPLETED	0	185242	1	-	50.8	0.5	3016122368	15112957952	2056373813	1445784
ww_fastpOut_reads_R	BAKTA (ww_fastpOut_reads_R)	COMPLETED	0	171676	1	-	52.9	0.5	3043905536	15143682048	2056366383	1448900
ww_fastpOut_reads_R	BAKTA (ww_fastpOut_reads_R)	COMPLETED	0	210347	1	-	43.6	0.5	3041775616	15212601344	2056210245	1447621
ww_fastpOut_reads_R	BAKTA (ww_fastpOut_reads_R)	COMPLETED	0	168317	1	-	53.9	0.5	3014692864	15071305728	2055742945	1420117
ww_fastpOut_reads_R	BAKTA (ww_fastpOut_reads_R)	COMPLETED	0	178772	1	-	50.9	0.5	3016204288	67460108288	2055698878	1448686
ww_fastpOut_reads_R	BAKTA (ww_fastpOut_reads_R)	COMPLETED	0	140701	1	-	58.9	0.4	3043999744	50707976192	1720208338	1422109
ww_fastpOut_reads_R	BAKTA (ww_fastpOut_reads_R)	COMPLETED	0	206166	1	-	47.1	0.5	3044106240	15143731200	2056540481	1448392
ww_fastpOut_reads_R	BAKTA (ww_fastpOut_reads_R)	COMPLETED	0	170589	1	-	52.4	0.5	3042537472	15218069504	2055362185	1421419
ww_fastpOut_reads_R	BAKTA (ww_fastpOut_reads_R)	COMPLETED	0	142444	1	-	58.1	0.5	3015430144	15144038400	1719843578	1421898
ww_fastpOut_reads_R	BAKTA (ww_fastpOut_reads_R)	COMPLETED	0	145977	1	-	57.4	0.5	3042414592	15145476096	1721202091	1444093
ww_fastpOut_reads_R	BAKTA (ww_fastpOut_reads_R)	COMPLETED	0	196268	1	-	46.2	0.5	3014332416	15010623488	2055446721	1421662
ww_fastpOut_reads_R	BAKTA (ww_fastpOut_reads_R)	COMPLETED	0	178296	1	-	47.3	0.5	3041337344	34038267904	1721480981	1442508
ww_fastpOut_reads_R	BAKTA (ww_fastpOut_reads_R)	COMPLETED	0	180565	1	-	49.8	0.5	3041894400	15221968896	2054727643	1422540
ww_fastpOut_reads_R	BAKTA (ww_fastpOut_reads_R)	COMPLETED	0	166461	1	-	55.9	0.5	3038416896	25731129344	2056096223	1448590
ww_fastpOut_reads_R	BAKTA (ww_fastpOut_reads_R)	COMPLETED	0	147352	1	-	56.5	0.3	3043631104	15130841088	1720896090	1444184
ww_fastpOut_reads_R	BAKTA (ww_fastpOut_reads_R)	COMPLETED	0	160424	1	-	52.5	0.5	3014115328	15016595456	1720839799	1420371
ww_fastpOut_reads_R	BAKTA (ww_fastpOut_reads_R)	COMPLETED	0	158815	1	-	52.7	0.5	3041918976	59038699520	1720333018	1419364
ww_fastpOut_reads_R	BAKTA (ww_fastpOut_reads_R)	COMPLETED	0	159811	1	-	54.2	0.5	3041681408	15092715520	1720880459	1420687
ww_fastpOut_reads_R	BAKTA (ww_fastpOut_reads_R)	COMPLETED	0	161000	1	-	52.4	0.5	3046027264	15093460992	1720169067	1423100
ww_fastpOut_reads_R	BAKTA (ww_fastpOut_reads_R)	COMPLETED	0	171724	1	-	53.2	0.5	3042168832	15078313984	2055790861	3026105
ww_fastpOut_reads_R	BAKTA (ww_fastpOut_reads_R)	COMPLETED	0	162086	1	-	51.5	0.5	3045089280	84004188160	1720733860	1445587
ww_fastpOut_reads_R	BAKTA (ww_fastpOut_reads_R)	COMPLETED	0	164114	1	-	51.0	0.5	3015110656	17305743360	1721393787	1446046
ww_fastpOut_reads_R	BAKTA (ww_fastpOut_reads_R)	COMPLETED	0	146721	1	-	55.9	0.5	3040768000	17306243072	1720713402	1421696
ww_fastpOut_reads_R	BAKTA (ww_fastpOut_reads_R)	COMPLETED	0	162935	1	-	52.7	0.5	3043868672	15080779776	1720836101	1446800
ww_fastpOut_reads_R	BAKTA (ww_fastpOut_reads_R)	COMPLETED	0	153639	1	-	54.4	0.5	3014725632	15013629952	1719780094	1423358
ww_fastpOut_reads_R	BAKTA (ww_fastpOut_reads_R)	COMPLETED	0	147277	1	-	56.2	0.5	3043024896	15078719488	1721076203	1447045
ww_fastpOut_reads_R	BAKTA (ww_fastpOut_reads_R)	COMPLETED	0	160942	1	-	51.5	0.5	3042000896	15025303552	1720056016	1423542
ww_fastpOut_reads_R	BAKTA (ww_fastpOut_reads_R)	COMPLETED	0	189158	1	-	46.1	0.5	3042574336	15130939392	1720654534	1445379
ww_fastpOut_reads_R	BAKTA (ww_fastpOut_reads_R)	COMPLETED	0	160960	1	-	52.1	0.5	3043110912	15160918016	1720408901	1420955
ww_fastpOut_reads_R	BAKTA (ww_fastpOut_reads_R)	COMPLETED	0	174608	1	-	48.7	0.5	3040256000	25704996864	1721515016	1445802
ww_fastpOut_reads_R	BAKTA (ww_fastpOut_reads_R)	COMPLETED	0	161695	1	-	51.2	0.5	3016970240	15211274240	1719517075	1420885
ww_fastpOut_reads_R	BAKTA (ww_fastpOut_reads_R)	COMPLETED	0	163006	1	-	51.6	0.5	3045527552	15143747584	1720929480	1446930
ww_fastpOut_reads_R	BAKTA (ww_fastpOut_reads_R)	COMPLETED	0	172789	1	-	48.2	0.5	3044438016	15278030848	1721161987	1447176
ww_fastpOut_reads_R	BAKTA (ww_fastpOut_reads_R)	COMPLETED	0	169803	1	-	53.9	0.5	3040948224	59093901312	2055817779	1447708
ww_fastpOut_reads_R	BAKTA (ww_fastpOut_reads_R)	COMPLETED	0	170354	1	-	52.5	0.4	3040817152	15083859968	2055248035	1420054
ww_fastpOut_reads_R	BAKTA (ww_fastpOut_reads_R)	COMPLETED	0	176152	1	-	50.9	0.5	3046694912	59178397696	2055930802	1421933
ww_fastpOut_reads_R	BAKTA (ww_fastpOut_reads_R)	COMPLETED	0	178927	1	-	50.3	0.4	3043880960	17383657472	2054375781	1420502
ww_fastpOut_reads_R	BAKTA (ww_fastpOut_reads_R)	COMPLETED	0	166411	1	-	54.5	0.5	3041456128	15218028544	2055349248	1420416
ww_fastpOut_reads_R	BAKTA (ww_fastpOut_reads_R)	COMPLETED	0	182247	1	-	45.6	0.5	3042258944	15265030144	1720877841	1445440
ww_fastpOut_reads_R	BAKTA (ww_fastpOut_reads_R)	COMPLETED	0	167357	1	-	54.8	0.5	3044929536	15083851776	2055798536	1421756
ww_fastpOut_reads_R	BAKTA (ww_fastpOut_reads_R)	COMPLETED	0	159643	1	-	56.3	0.5	3044474880	17356599296	2054761421	1420258
ww_fastpOut_reads_R	BAKTA (ww_fastpOut_reads_R)	COMPLETED	0	195757	1	-	47.2	0.5	3039244288	15125495808	2056276934	1447555
ww_fastpOut_reads_R	BAKTA (ww_fastpOut_reads_R)	COMPLETED	0	191441	1	-	48.6	0.5	3015639040	15119884288	2056498416	3043613
ww_fastpOut_reads_R	BAKTA (ww_fastpOut_reads_R)	COMPLETED	0	156187	1	-	58.6	0.5	3019395072	15112876032	2055790964	1449125
ww_fastpOut_reads_R	BAKTA (ww_fastpOut_reads_R)	COMPLETED	0	154795	1	-	54.0	0.4	3015745536	17306767360	1721281722	1444583
ww_fastpOut_reads_R	BAKTA (ww_fastpOut_reads_R)	COMPLETED	0	195317	1	-	49.2	0.5	3012833280	15200096256	2056249182	1449074
ww_fastpOut_reads_R	BAKTA (ww_fastpOut_reads_R)	COMPLETED	0	169735	1	-	52.7	0.5	3040452608	15022886912	2055464299	1422760
ww_fastpOut_reads_R	BAKTA (ww_fastpOut_reads_R)	COMPLETED	0	159115	1	-	52.2	0.5	3042275328	15089590272	1719876927	1421825
ww_fastpOut_reads_R	BAKTA (ww_fastpOut_reads_R)	COMPLETED	0	165423	1	-	51.2	0.5	3044024320	15145463808	1721110964	1445841
ww_fastpOut_reads_R	BAKTA (ww_fastpOut_reads_R)	COMPLETED	0	183138	1	-	46.0	0.5	3013468160	15014940672	1719650188	1420818
ww_fastpOut_reads_R	BAKTA (ww_fastpOut_reads_R)	COMPLETED	0	177752	1	-	51.9	0.5	3044622336	15079002112	2056116910	1450420
ww_fastpOut_reads_R	BAKTA (ww_fastpOut_reads_R)	COMPLETED	0	175196	1	-	54.0	0.5	3044790272	15061917696	2056437349	1448752
ww_fastpOut_reads_R	BAKTA (ww_fastpOut_reads_R)	COMPLETED	0	197147	1	-	46.4	0.5	3044827136	15277944832	2055944458	1450132
ww_fastpOut_reads_R	BAKTA (ww_fastpOut_reads_R)	COMPLETED	0	169164	1	-	48.5	0.5	3042197504	15159779328	1720036514	1420244
ww_fastpOut_reads_R	BAKTA (ww_fastpOut_reads_R)	COMPLETED	0	152499	1	-	54.5	0.5	3014012928	34035945472	1720242569	1423016
ww_fastpOut_reads_R	BAKTA (ww_fastpOut_reads_R)	COMPLETED	0	174110	1	-	47.5	0.5	3041521664	15265140736	1721875942	1444448
ww_fastpOut_reads_R	BAKTA (ww_fastpOut_reads_R)	COMPLETED	0	177827	1	-	47.0	0.5	3044061184	15089614848	1719857810	1421971
ww_fastpOut_reads_R	BAKTA (ww_fastpOut_reads_R)	COMPLETED	0	152783	1	-	55.0	0.5	3044216832	42303856640	1720890465	1446999
ww_fastpOut_reads_R	BAKTA (ww_fastpOut_reads_R)	COMPLETED	0	155848	1	-	48.5	0.4	3044003840	15271116800	1701933514	1113393
ww_fastpOut_reads_R	BAKTA (ww_fastpOut_reads_R)	COMPLETED	0	179832	1	-	47.2	0.5	3041529856	15130750976	1720973065	1445808
ww_fastpOut_reads_R	BAKTA (ww_fastpOut_reads_R)	COMPLETED	0	152929	1	-	54.0	0.5	3044818944	15028609024	1720219946	1420391
ww_fastpOut_reads_R	BAKTA (ww_fastpOut_reads_R)	COMPLETED	0	171869	1	-	48.5	0.5	3045441536	15081414656	1721530955	1446746
ww_fastpOut_reads_R	BAKTA (ww_fastpOut_reads_R)	COMPLETED	0	190459	1	-	43.5	0.5	3042615296	15159746560	1719928292	1421241
ww_fastpOut_reads_R	BAKTA (ww_fastpOut_reads_R)	COMPLETED	0	173490	1	-	47.4	0.5	3015892992	15147061248	1720387474	1421406
ww_fastpOut_reads_R	BAKTA (ww_fastpOut_reads_R)	COMPLETED	0	168319	1	-	48.9	0.5	3041419264	75699404800	1720899690	1419595
ww_fastpOut_reads_R	BAKTA (ww_fastpOut_reads_R)	COMPLETED	0	181733	1	-	50.0	0.5	3016581120	15132934144	2055987731	1449299
ww_fastpOut_reads_R	BAKTA (ww_fastpOut_reads_R)	COMPLETED	0	192693	1	-	46.8	0.5	3041886208	15222185984	2055650796	1421518
ww_fastpOut_reads_R	BAKTA (ww_fastpOut_reads_R)	COMPLETED	0	212400	1	-	43.7	0.5	3013951488	15071174656	2054956260	1419906
ww_fastpOut_reads_R	BAKTA (ww_fastpOut_reads_R)	COMPLETED	0	178210	1	-	51.6	0.5	3043500032	15224573952	2056445598	3038857
ww_fastpOut_reads_R	BAKTA (ww_fastpOut_reads_R)	COMPLETED	0	173733	1	-	52.0	0.5	3042652160	15083892736	2055369440	1421145
ww_fastpOut_reads_R	BAKTA (ww_fastpOut_reads_R)	COMPLETED	0	157372	1	-	52.7	0.5	3041087488	33972424704	1720656304	1421968
ww_fastpOut_reads_R	BAKTA (ww_fastpOut_reads_R)	COMPLETED	0	183478	1	-	49.4	0.5	3043852288	17384550400	2055801499	1421528
ww_fastpOut_reads_R	BAKTA (ww_fastpOut_reads_R)	COMPLETED	0	179531	1	-	51.8	0.5	3037843456	15085961216	2056014618	1420221
ww_fastpOut_reads_R	BAKTA (ww_fastpOut_reads_R)	COMPLETED	0	175161	1	-	51.3	0.5	3013955584	15142162432	2055391484	1420937
ww_fastpOut_reads_R	BAKTA (ww_fastpOut_reads_R)	COMPLETED	0	157678	1	-	52.4	0.5	3014447104	42370711552	1720527633	1444678
ww_fastpOut_reads_R	BAKTA (ww_fastpOut_reads_R)	COMPLETED	0	195410	1	-	47.7	0.5	3014688768	15068712960	2055989942	1448798
ww_fastpOut_reads_R	BAKTA (ww_fastpOut_reads_R)	COMPLETED	0	160747	1	-	51.1	0.5	3042398208	15130845184	1721400062	1444377
ww_fastpOut_reads_R	BAKTA (ww_fastpOut_reads_R)	COMPLETED	0	172906	1	-	51.4	0.4	3044757504	15092056064	2055537049	1422696
ww_fastpOut_reads_R	BAKTA (ww_fastpOut_reads_R)	COMPLETED	0	185045	1	-	49.7	0.5	3015036928	15071043584	2055724085	1421311
ww_fastpOut_reads_R	BAKTA (ww_fastpOut_reads_R)	COMPLETED	0	185504	1	-	48.6	0.5	3042734080	34059726848	2055459332	1422809
ww_fastpOut_reads_R	BAKTA (ww_fastpOut_reads_R)	COMPLETED	0	159422	1	-	51.3	0.5	3020414976	15071039488	1720946516	1445879
ww_fastpOut_reads_R	BAKTA (ww_fastpOut_reads_R)	COMPLETED	0	163126	1	-	51.9	0.5	3044691968	15145529344	1721283218	1445763
ww_fastpOut_reads_R	BAKTA (ww_fastpOut_reads_R)	COMPLETED	0	154088	1	-	53.4	0.5	3046264832	15130787840	1720843581	1444504
ww_fastpOut_reads_R	BAKTA (ww_fastpOut_reads_R)	COMPLETED	0	154092	1	-	54.1	0.5	3014483968	15078920192	1720634256	1422283
ww_fastpOut_reads_R	BAKTA (ww_fastpOut_reads_R)	COMPLETED	0	189633	1	-	48.6	0.5	3042611200	42415710208	2056335326	1450293
ww_fastpOut_reads_R	BAKTA (ww_fastpOut_reads_R)	COMPLETED	0	209752	1	-	44.9	0.5	3042402304	17384067072	2056646974	1449124
ww_fastpOut_reads_R	BAKTA (ww_fastpOut_reads_R)	COMPLETED	0	157921	1	-	57.5	0.5	3042684928	15125458944	2055460823	1447911
ww_fastpOut_reads_R	BAKTA (ww_fastpOut_reads_R)	COMPLETED	0	151406	1	-	59.7	0.5	3015872512	15130996736	2055865412	1450688
ww_fastpOut_reads_R	BAKTA (ww_fastpOut_reads_R)	COMPLETED	0	179157	1	-	50.4	0.5	3020292096	15131185152	2056555774	1450238
ww_fastpOut_reads_R	BAKTA (ww_fastpOut_reads_R)	COMPLETED	0	172777	1	-	54.0	0.5	3018842112	15009644544	2055495806	1419297
ww_fastpOut_reads_R	BAKTA (ww_fastpOut_reads_R)	COMPLETED	0	186743	1	-	49.5	0.5	3040837632	15125430272	2055702837	1448996
ww_fastpOut_reads_R	BAKTA (ww_fastpOut_reads_R)	COMPLETED	0	195442	1	-	46.3	0.5	3045158912	15019249664	2055229688	1420665
ww_fastpOut_reads_R	BAKTA (ww_fastpOut_reads_R)	COMPLETED	0	160460	1	-	51.7	0.5	3044667392	15027146752	1719544553	1422135
ww_fastpOut_reads_R	BAKTA (ww_fastpOut_reads_R)	COMPLETED	0	197224	1	-	47.1	0.5	3042242560	15023435776	2055401276	1422200
ww_fastpOut_reads_R	BAKTA (ww_fastpOut_reads_R)	COMPLETED	0	175345	1	-	49.0	0.5	3039916032	15092641792	1720613054	1420583
ww_fastpOut_reads_R	BAKTA (ww_fastpOut_reads_R)	COMPLETED	0	185024	1	-	49.4	0.5	3043848192	34036731904	2055995878	1449190
ww_fastpOut_reads_R	BAKTA (ww_fastpOut_reads_R)	COMPLETED	0	185701	1	-	50.0	0.5	3042746368	15145684992	2055890036	1448948
ww_fastpOut_reads_R	BAKTA (ww_fastpOut_reads_R)	COMPLETED	0	187616	1	-	48.9	0.5	3017428992	15137198080	2056077142	1449470
ww_fastpOut_reads_R	BAKTA (ww_fastpOut_reads_R)	COMPLETED	0	199357	1	-	46.5	0.5	3041718272	15019081728	2055065883	1420110
ww_fastpOut_reads_R	BAKTA (ww_fastpOut_reads_R)	COMPLETED	0	167493	1	-	51.9	0.5	3040768000	15130796032	1721501002	1443357
ww_fastpOut_reads_R	BAKTA (ww_fastpOut_reads_R)	COMPLETED	0	194802	1	-	47.7	0.5	3042594816	15125557248	2055839691	1448911
ww_fastpOut_reads_R	BAKTA (ww_fastpOut_reads_R)	COMPLETED	0	214545	1	-	42.2	0.5	3046064128	42463449088	2055613831	1447376
ww_fastpOut_reads_R	BAKTA (ww_fastpOut_reads_R)	COMPLETED	0	166835	1	-	50.3	0.5	3042758656	15265009664	1720630606	1443591
ww_fastpOut_reads_R	BAKTA (ww_fastpOut_reads_R)	COMPLETED	0	166634	1	-	49.8	0.5	3043557376	15080316928	1721038559	1444689
ww_fastpOut_reads_R	BAKTA (ww_fastpOut_reads_R)	COMPLETED	0	159893	1	-	53.4	0.5	3014647808	42308567040	1721038662	1446293
ww_fastpOut_reads_R	BAKTA (ww_fastpOut_reads_R)	COMPLETED	0	162648	1	-	56.7	0.5	3042078720	67463680000	2055277190	3023715
ww_fastpOut_reads_R	BAKTA (ww_fastpOut_reads_R)	COMPLETED	0	155086	1	-	54.3	0.5	3014930432	15136174080	1721492049	1445958
ww_fastpOut_reads_R	BAKTA (ww_fastpOut_reads_R)	COMPLETED	0	169385	1	-	53.0	0.5	3043278848	15081988096	2056377645	3027187
ww_fastpOut_reads_R	BAKTA (ww_fastpOut_reads_R)	COMPLETED	0	172413	1	-	48.2	0.5	3044147200	50715164672	1720513329	1444796
ww_fastpOut_reads_R	BAKTA (ww_fastpOut_reads_R)	COMPLETED	0	205425	1	-	43.7	0.5	3043733504	15143854080	2056376944	1450292
ww_fastpOut_reads_R	BAKTA (ww_fastpOut_reads_R)	COMPLETED	0	146641	1	-	57.9	0.5	3013054464	15052890112	1720097537	1444094
ww_fastpOut_reads_R	BAKTA (ww_fastpOut_reads_R)	COMPLETED	0	210192	1	-	43.9	0.5	3043762176	17387307008	2055555185	1420311
ww_fastpOut_reads_R	BAKTA (ww_fastpOut_reads_R)	COMPLETED	0	160080	1	-	52.5	0.5	3042783232	15067140096	1721763635	1444575
ww_fastpOut_reads_R	BAKTA (ww_fastpOut_reads_R)	COMPLETED	0	175788	1	-	47.8	0.5	3014406144	15118127104	1720806507	1444274
ww_fastpOut_reads_R	BAKTA (ww_fastpOut_reads_R)	COMPLETED	0	171023	1	-	47.7	0.5	3042013184	15081127936	1720388356	1445485
ww_fastpOut_reads_R	BAKTA (ww_fastpOut_reads_R)	COMPLETED	0	150475	1	-	55.4	0.5	3042856960	15078162432	1721388825	1447214
ww_fastpOut_reads_R	BAKTA (ww_fastpOut_reads_R)	COMPLETED	0	163089	1	-	52.4	0.5	3041419264	17310437376	1720883083	1444526
ww_fastpOut_reads_R	BAKTA (ww_fastpOut_reads_R)	COMPLETED	0	169951	1	-	48.9	0.5	3015020544	15068168192	1721194963	1445599
ww_fastpOut_reads_R	BAKTA (ww_fastpOut_reads_R)	COMPLETED	0	181931	1	-	45.4	0.4	3041894400	15198097408	1721303951	1444164
ww_fastpOut_reads_R	BAKTA (ww_fastpOut_reads_R)	COMPLETED	0	170083	1	-	53.8	0.5	3043602432	15150006272	2056294003	1448093
ww_fastpOut_reads_R	BAKTA (ww_fastpOut_reads_R)	COMPLETED	0	151747	1	-	54.4	0.5	3041603584	15065292800	1721259499	1445358
ww_fastpOut_reads_R	BAKTA (ww_fastpOut_reads_R)	COMPLETED	0	167356	1	-	49.2	0.5	3014303744	15015411712	1720033795	1421024
ww_fastpOut_reads_R	BAKTA (ww_fastpOut_reads_R)	COMPLETED	0	169307	1	-	54.3	0.5	3013857280	15138189312	2055610249	1419495
ww_fastpOut_reads_R	BAKTA (ww_fastpOut_reads_R)	COMPLETED	0	171920	1	-	49.0	0.5	3042799616	15130808320	1721247480	1445515
ww_fastpOut_reads_R	BAKTA (ww_fastpOut_reads_R)	COMPLETED	0	181530	1	-	50.1	0.4	3038076928	42409754624	2055489932	1446468
ww_fastpOut_reads_R	BAKTA (ww_fastpOut_reads_R)	COMPLETED	0	171552	1	-	50.3	0.5	3040366592	15065763840	1721973639	1445536
ww_fastpOut_reads_R	BAKTA (ww_fastpOut_reads_R)	COMPLETED	0	162357	1	-	56.0	0.5	3045871616	100997185536	2056664742	1448027
ww_fastpOut_reads_R	BAKTA (ww_fastpOut_reads_R)	COMPLETED	0	208869	1	-	43.5	0.5	3041730560	25723625472	2055348696	1446862
ww_fastpOut_reads_R	BAKTA (ww_fastpOut_reads_R)	COMPLETED	0	183281	1	-	46.6	0.5	3040329728	25640583168	1721784664	1446853
ww_fastpOut_reads_R	BAKTA (ww_fastpOut_reads_R)	COMPLETED	0	189741	1	-	48.2	0.5	3016007680	15048085504	2055790819	1447648
ww_fastpOut_reads_R	BAKTA (ww_fastpOut_reads_R)	COMPLETED	0	171061	1	-	53.0	0.5	3042304000	15059931136	2056283432	1447742
ww_fastpOut_reads_R	BAKTA (ww_fastpOut_reads_R)	COMPLETED	0	165011	1	-	50.2	0.5	3042455552	17370804224	1720945628	1445167
ww_fastpOut_reads_R	BAKTA (ww_fastpOut_reads_R)	COMPLETED	0	169693	1	-	54.3	0.5	3043344384	15131262976	2055877393	1447916
ww_fastpOut_reads_R	BAKTA (ww_fastpOut_reads_R)	COMPLETED	0	205258	1	-	44.5	0.5	3041165312	15143682048	2056390058	1449741
ww_fastpOut_reads_R	BAKTA (ww_fastpOut_reads_R)	COMPLETED	0	170714	1	-	52.9	0.5	3017723904	14702358528	1723017098	1515120
ww_fastpOut_reads_R	BAKTA (ww_fastpOut_reads_R)	COMPLETED	0	175686	1	-	52.9	0.5	3039072256	15125626880	2056822123	1447499
ww_fastpOut_reads_R	BAKTA (ww_fastpOut_reads_R)	COMPLETED	0	177853	1	-	50.4	0.4	3044397056	59093065728	2056047775	1447269
ww_fastpOut_reads_R	BAKTA (ww_fastpOut_reads_R)	COMPLETED	0	201657	1	-	45.3	0.5	3040202752	15143677952	2056631564	1449488
ww_fastpOut_reads_R	BAKTA (ww_fastpOut_reads_R)	COMPLETED	0	173511	1	-	53.3	0.5	3043577856	15125458944	2056714002	1447643
ww_fastpOut_reads_R	BAKTA (ww_fastpOut_reads_R)	COMPLETED	0	156343	1	-	55.9	0.4	3047288832	15322021888	1723595530	1482512
ww_fastpOut_reads_R	BAKTA (ww_fastpOut_reads_R)	COMPLETED	0	182278	1	-	45.6	0.5	3044433920	15130980352	1721291510	1442979
ww_fastpOut_reads_R	BAKTA (ww_fastpOut_reads_R)	COMPLETED	0	188146	1	-	48.1	0.5	3042631680	50755571712	2056373174	1449011
ww_fastpOut_reads_R	BAKTA (ww_fastpOut_reads_R)	COMPLETED	0	160990	1	-	56.7	0.4	3044626432	15143673856	2055974470	1450548
ww_fastpOut_reads_R	BAKTA (ww_fastpOut_reads_R)	COMPLETED	0	149276	1	-	57.8	0.5	3044102144	15371206656	1723102363	1481947
ww_fastpOut_reads_R	BAKTA (ww_fastpOut_reads_R)	COMPLETED	0	172358	1	-	51.7	0.5	3042680832	15436668928	1723310529	1497702
ww_fastpOut_reads_R	BAKTA (ww_fastpOut_reads_R)	COMPLETED	0	132120	1	-	65.3	0.5	3045400576	15350652928	1723372460	1513571
ww_fastpOut_reads_R	BAKTA (ww_fastpOut_reads_R)	COMPLETED	0	188084	1	-	46.9	0.5	3041845248	15420252160	1723084249	1514307
ww_fastpOut_reads_R	BAKTA (ww_fastpOut_reads_R)	COMPLETED	0	149234	1	-	57.1	0.5	3045273600	15237644288	1723199845	1449987
ww_fastpOut_reads_R	BAKTA (ww_fastpOut_reads_R)	COMPLETED	0	208768	1	-	43.9	0.5	3042893824	15060885504	2056097118	1448463
ww_fastpOut_reads_R	BAKTA (ww_fastpOut_reads_R)	COMPLETED	0	156369	1	-	58.9	0.5	3042877440	25723068416	2055741729	3023251
ww_fastpOut_reads_R	BAKTA (ww_fastpOut_reads_R)	COMPLETED	0	204792	1	-	42.9	0.5	3040813056	15364698112	1722690910	1482779
ww_fastpOut_reads_R	BAKTA (ww_fastpOut_reads_R)	COMPLETED	0	208240	1	-	44.0	0.5	3039813632	15141244928	2056882801	3043430
ww_fastpOut_reads_R	BAKTA (ww_fastpOut_reads_R)	COMPLETED	0	207913	1	-	44.0	0.5	3041869824	15259688960	2055946053	1448754
ww_fastpOut_reads_R	BAKTA (ww_fastpOut_reads_R)	COMPLETED	0	207235	1	-	42.4	0.5	3042975744	67323940864	1723197185	1481667
ww_fastpOut_reads_R	BAKTA (ww_fastpOut_reads_R)	COMPLETED	0	175191	1	-	49.7	0.5	3042664448	15304564736	1722870810	1481806
ww_fastpOut_reads_R	BAKTA (ww_fastpOut_reads_R)	COMPLETED	0	198129	1	-	48.1	0.5	3042304000	15064178688	2056853166	1448879
ww_fastpOut_reads_R	BAKTA (ww_fastpOut_reads_R)	COMPLETED	0	204822	1	-	45.7	0.5	3045093376	15210967040	2056153092	1450073
ww_fastpOut_reads_R	BAKTA (ww_fastpOut_reads_R)	COMPLETED	0	186479	1	-	49.2	0.5	3018686464	17398095872	2054762337	1418999
ww_fastpOut_reads_R	BAKTA (ww_fastpOut_reads_R)	COMPLETED	0	160559	1	-	53.2	0.5	3018797056	15233990656	1722369776	1449086
ww_fastpOut_reads_R	BAKTA (ww_fastpOut_reads_R)	COMPLETED	0	191308	1	-	47.5	0.5	3012734976	15010500608	2054578411	1420485
ww_fastpOut_reads_R	BAKTA (ww_fastpOut_reads_R)	COMPLETED	0	186254	1	-	49.3	0.5	3014078464	15071186944	2055926660	1419091
ww_fastpOut_reads_R	BAKTA (ww_fastpOut_reads_R)	COMPLETED	0	180048	1	-	50.4	0.5	3043209216	15087783936	2054987820	1420797
ww_fastpOut_reads_R	BAKTA (ww_fastpOut_reads_R)	COMPLETED	0	162114	1	-	52.8	0.5	3045961728	15361101824	1722744270	1448683
ww_fastpOut_reads_R	BAKTA (ww_fastpOut_reads_R)	COMPLETED	0	114229	1	-	80.7	0.5	3045830656	15411359744	2472159381	18724629
ww_fastpOut_reads_R	BAKTA (ww_fastpOut_reads_R)	COMPLETED	0	137993	1	-	61.5	0.5	3042361344	15145607168	1721312497	1445204
ww_fastpOut_reads_R	BAKTA (ww_fastpOut_reads_R)	COMPLETED	0	178975	1	-	46.9	0.5	3041329152	15156670464	1720310028	1421096
ww_fastpOut_reads_R	BAKTA (ww_fastpOut_reads_R)	COMPLETED	0	117122	1	-	78.9	0.5	3017089024	15383445504	2471682010	18724652
ww_fastpOut_reads_R	BAKTA (ww_fastpOut_reads_R)	COMPLETED	0	162590	1	-	52.3	0.5	3043397632	15179558912	1722747367	1448099
ww_fastpOut_reads_R	BAKTA (ww_fastpOut_reads_R)	COMPLETED	0	194231	1	-	47.0	0.5	3044753408	15154946048	2055670730	1420628
ww_fastpOut_reads_R	BAKTA (ww_fastpOut_reads_R)	COMPLETED	0	192843	1	-	46.8	0.5	3042361344	15258501120	1723124581	1465841
ww_fastpOut_reads_R	BAKTA (ww_fastpOut_reads_R)	COMPLETED	0	150249	1	-	56.1	0.5	3041542144	15215214592	1721538497	1444886
ww_fastpOut_reads_R	BAKTA (ww_fastpOut_reads_R)	COMPLETED	0	197820	1	-	46.2	0.5	3042545664	67392098304	2055164363	1420444
ww_fastpOut_reads_R	BAKTA (ww_fastpOut_reads_R)	COMPLETED	0	159360	1	-	52.7	0.5	3043233792	17307373568	1720782372	1443084
ww_fastpOut_reads_R	BAKTA (ww_fastpOut_reads_R)	COMPLETED	0	192034	1	-	49.0	0.4	3012186112	15078481920	2055238687	1421923
ww_fastpOut_reads_R	BAKTA (ww_fastpOut_reads_R)	COMPLETED	0	169545	1	-	50.2	0.5	3043315712	15304798208	1722784744	1447905
ww_fastpOut_reads_R	BAKTA (ww_fastpOut_reads_R)	COMPLETED	0	169867	1	-	49.5	0.5	3016028160	15052771328	1721371131	1443339
ww_fastpOut_reads_R	BAKTA (ww_fastpOut_reads_R)	COMPLETED	0	103338	1	-	87.8	0.5	3042521088	15407325184	2472435944	18724937
ww_fastpOut_reads_R	BAKTA (ww_fastpOut_reads_R)	COMPLETED	0	158846	1	-	55.7	0.5	3043119104	15484317696	1723169704	1511325
ww_fastpOut_reads_R	BAKTA (ww_fastpOut_reads_R)	COMPLETED	0	202753	1	-	45.3	0.5	3045425152	50828169216	2054989253	1421697
ww_fastpOut_reads_R	BAKTA (ww_fastpOut_reads_R)	COMPLETED	0	163701	1	-	50.3	0.5	3017838592	42375004160	1720900348	1445852
ww_fastpOut_reads_R	BAKTA (ww_fastpOut_reads_R)	COMPLETED	0	187327	1	-	49.1	0.5	3017732096	15075205120	2055123188	1421882
ww_fastpOut_reads_R	BAKTA (ww_fastpOut_reads_R)	COMPLETED	0	183902	1	-	46.1	0.5	3014889472	17306873856	1721288356	1445004
ww_fastpOut_reads_R	BAKTA (ww_fastpOut_reads_R)	COMPLETED	0	170061	1	-	52.9	0.5	3043061760	15512666112	1723819061	1510940
ww_fastpOut_reads_R	BAKTA (ww_fastpOut_reads_R)	COMPLETED	0	160983	1	-	55.1	0.5	3017875456	15459368960	1723311132	1510442
ww_fastpOut_reads_R	BAKTA (ww_fastpOut_reads_R)	COMPLETED	0	163159	1	-	51.8	0.5	3013210112	15076937728	1720421247	1421056
ww_fastpOut_reads_R	BAKTA (ww_fastpOut_reads_R)	COMPLETED	0	169406	1	-	49.9	0.4	3044319232	15143825408	1721059882	1446112
ww_fastpOut_reads_R	BAKTA (ww_fastpOut_reads_R)	COMPLETED	0	170238	1	-	51.6	0.5	3043397632	15268302848	1723118756	1502164
ww_fastpOut_reads_R	BAKTA (ww_fastpOut_reads_R)	COMPLETED	0	163715	1	-	50.7	0.5	3041300480	84032385024	1721462275	1446053
ww_fastpOut_reads_R	BAKTA (ww_fastpOut_reads_R)	COMPLETED	0	168194	1	-	54.8	0.5	3041972224	17383534592	2056059116	1448306
ww_fastpOut_reads_R	BAKTA (ww_fastpOut_reads_R)	COMPLETED	0	161600	1	-	57.2	0.5	3040796672	50713997312	2056137194	1449393
ww_fastpOut_reads_R	BAKTA (ww_fastpOut_reads_R)	COMPLETED	0	172852	1	-	52.9	0.5	3015446528	17372213248	1724202827	1510355
ww_fastpOut_reads_R	BAKTA (ww_fastpOut_reads_R)	COMPLETED	0	176502	1	-	52.5	0.5	3045597184	15125508096	2056412522	1446623
ww_fastpOut_reads_R	BAKTA (ww_fastpOut_reads_R)	COMPLETED	0	179993	1	-	48.4	0.5	3015864320	15503175680	1723619274	1509901
ww_fastpOut_reads_R	BAKTA (ww_fastpOut_reads_R)	COMPLETED	0	160783	1	-	53.7	0.5	3044319232	15303438336	1723596678	1496689
ww_fastpOut_reads_R	BAKTA (ww_fastpOut_reads_R)	COMPLETED	0	182343	1	-	50.4	0.5	3040178176	15060082688	2056565079	1446799
ww_fastpOut_reads_R	BAKTA (ww_fastpOut_reads_R)	COMPLETED	0	209057	1	-	44.5	0.5	3043639296	15145492480	2055918364	1448476
ww_fastpOut_reads_R	BAKTA (ww_fastpOut_reads_R)	COMPLETED	0	169419	1	-	50.9	0.4	3046604800	15282130944	1724002414	1497305
ww_fastpOut_reads_R	BAKTA (ww_fastpOut_reads_R)	COMPLETED	0	182454	1	-	48.4	0.5	3014582272	15355973632	1723795584	1497471
ww_fastpOut_reads_R	BAKTA (ww_fastpOut_reads_R)	COMPLETED	0	200099	1	-	45.9	0.5	3043155968	15061704704	2055495386	1448172
ww_fastpOut_reads_R	BAKTA (ww_fastpOut_reads_R)	COMPLETED	0	193728	1	-	43.3	0.5	3016445952	17375010816	1721419148	1443444
ww_fastpOut_reads_R	BAKTA (ww_fastpOut_reads_R)	COMPLETED	0	162299	1	-	53.1	0.5	3040784384	15403618304	1723106030	1480573
ww_fastpOut_reads_R	BAKTA (ww_fastpOut_reads_R)	COMPLETED	0	114288	1	-	85.1	0.5	3041538048	34071781376	2805803926	18696665
ww_fastpOut_reads_R	BAKTA (ww_fastpOut_reads_R)	COMPLETED	0	149644	1	-	58.3	0.5	3046895616	15377129472	1723190138	1480912
ww_fastpOut_reads_R	BAKTA (ww_fastpOut_reads_R)	COMPLETED	0	185439	1	-	47.1	0.5	3039780864	15304757248	1723614758	1497805
ww_fastpOut_reads_R	BAKTA (ww_fastpOut_reads_R)	COMPLETED	0	155271	1	-	65.1	0.5	3040284672	25724841984	2849966473	19724245
ww_fastpOut_reads_R	BAKTA (ww_fastpOut_reads_R)	COMPLETED	0	197451	1	-	43.7	0.5	3045138432	15484809216	1723615168	1496407
ww_fastpOut_reads_R	BAKTA (ww_fastpOut_reads_R)	COMPLETED	0	204848	1	-	44.3	0.5	3046539264	25730453504	2055763458	3023447
ww_fastpOut_reads_R	BAKTA (ww_fastpOut_reads_R)	COMPLETED	0	157955	1	-	63.5	0.4	3043192832	15375282176	2849942240	19724246
ww_fastpOut_reads_R	BAKTA (ww_fastpOut_reads_R)	COMPLETED	0	168854	1	-	50.7	0.5	3043917824	15211962368	1722897317	1467238
ww_fastpOut_reads_R	BAKTA (ww_fastpOut_reads_R)	COMPLETED	0	209916	1	-	43.0	0.5	3043995648	15486447616	1723707511	1513312
ww_fastpOut_reads_R	BAKTA (ww_fastpOut_reads_R)	COMPLETED	0	193849	1	-	45.3	0.5	3015032832	15256461312	1723217584	1466906
ww_fastpOut_reads_R	BAKTA (ww_fastpOut_reads_R)	COMPLETED	0	188385	1	-	45.7	0.5	3043176448	15318740992	1723395925	1481012
ww_fastpOut_reads_R	BAKTA (ww_fastpOut_reads_R)	COMPLETED	0	144871	1	-	66.9	0.5	3044016128	17383874560	2805950825	18697855
ww_fastpOut_reads_R	BAKTA (ww_fastpOut_reads_R)	COMPLETED	0	175818	1	-	50.6	0.5	3016773632	15267459072	1723364383	1466369
ww_fastpOut_reads_R	BAKTA (ww_fastpOut_reads_R)	COMPLETED	0	191490	1	-	46.0	0.5	3043377152	15396499456	1722969489	1481480
ww_fastpOut_reads_R	BAKTA (ww_fastpOut_reads_R)	COMPLETED	0	163609	1	-	53.8	0.5	3014164480	34046042112	1723356034	1449703
ww_fastpOut_reads_R	BAKTA (ww_fastpOut_reads_R)	COMPLETED	0	208173	1	-	41.7	0.5	3016253440	15262072832	1722982136	1466104
ww_fastpOut_reads_R	BAKTA (ww_fastpOut_reads_R)	COMPLETED	0	140478	1	-	68.9	0.5	3043962880	42491838464	2761460458	17671070
ww_fastpOut_reads_R	BAKTA (ww_fastpOut_reads_R)	COMPLETED	0	166525	1	-	53.0	0.5	3043229696	42377281536	1723153118	1465470
ww_fastpOut_reads_R	BAKTA (ww_fastpOut_reads_R)	COMPLETED	0	158225	1	-	64.0	0.5	3043491840	17385291776	2806509521	18696944
ww_fastpOut_reads_R	BAKTA (ww_fastpOut_reads_R)	COMPLETED	0	182161	1	-	47.2	0.5	3043000320	15313543168	1722868868	1448877
ww_fastpOut_reads_R	BAKTA (ww_fastpOut_reads_R)	COMPLETED	0	188885	1	-	46.2	0.5	3013177344	15280885760	1723390672	1496972
ww_fastpOut_reads_R	BAKTA (ww_fastpOut_reads_R)	COMPLETED	0	201632	1	-	44.4	0.5	3042902016	15306264576	1723414576	1481207
ww_fastpOut_reads_R	BAKTA (ww_fastpOut_reads_R)	COMPLETED	0	112735	1	-	80.7	0.5	3045027840	14724263936	2472288405	18725631
ww_fastpOut_reads_R	BAKTA (ww_fastpOut_reads_R)	COMPLETED	0	164017	1	-	52.6	0.5	3015200768	15270932480	1722649756	1501793
ww_fastpOut_reads_R	BAKTA (ww_fastpOut_reads_R)	COMPLETED	0	188647	1	-	45.7	0.4	3044823040	15201087488	1722052300	1465102
ww_fastpOut_reads_R	BAKTA (ww_fastpOut_reads_R)	COMPLETED	0	131439	1	-	75.8	0.5	3015684096	42443067392	2849578922	19724790
ww_fastpOut_reads_R	BAKTA (ww_fastpOut_reads_R)	COMPLETED	0	191544	1	-	44.7	0.5	3020107776	15157882880	1721828145	1448936
ww_fastpOut_reads_R	BAKTA (ww_fastpOut_reads_R)	COMPLETED	0	129579	1	-	76.2	0.5	3043790848	25671229440	2761499943	17671030
ww_fastpOut_reads_R	BAKTA (ww_fastpOut_reads_R)	COMPLETED	0	129435	1	-	71.2	0.5	3042615296	83975532544	2472113911	18723749
ww_fastpOut_reads_R	BAKTA (ww_fastpOut_reads_R)	COMPLETED	0	166010	1	-	52.5	0.5	3043328000	15364452352	1723759620	1510142
ww_fastpOut_reads_R	BAKTA (ww_fastpOut_reads_R)	COMPLETED	0	143818	1	-	68.1	0.5	3041644544	15266447360	2761339171	17670997
ww_fastpOut_reads_R	BAKTA (ww_fastpOut_reads_R)	COMPLETED	0	178448	1	-	51.1	0.4	3043360768	15176404992	2057077507	1470017
ww_fastpOut_reads_R	BAKTA (ww_fastpOut_reads_R)	COMPLETED	0	179755	1	-	52.8	0.5	3039256576	15456071680	2472706556	18724305
ww_fastpOut_reads_R	BAKTA (ww_fastpOut_reads_R)	COMPLETED	0	163791	1	-	58.1	0.5	3043053568	15148068864	2761321617	17669262
ww_fastpOut_reads_R	BAKTA (ww_fastpOut_reads_R)	COMPLETED	0	115936	1	-	76.3	0.5	3017654272	59038908416	2470740162	18712114
ww_fastpOut_reads_R	BAKTA (ww_fastpOut_reads_R)	COMPLETED	0	200232	1	-	48.4	0.5	3042779136	15803604992	2052558088	1513441
ww_fastpOut_reads_R	BAKTA (ww_fastpOut_reads_R)	COMPLETED	0	199873	1	-	46.5	0.4	3016536064	134354063360	2056706825	1469145
ww_fastpOut_reads_R	BAKTA (ww_fastpOut_reads_R)	COMPLETED	0	160853	1	-	57.1	0.5	3039150080	17305686016	2472456042	18724809
ww_fastpOut_reads_R	BAKTA (ww_fastpOut_reads_R)	COMPLETED	0	197161	1	-	46.3	0.5	3019235328	15109902336	2057611568	1469016
ww_fastpOut_reads_R	BAKTA (ww_fastpOut_reads_R)	COMPLETED	0	222197	1	-	40.7	0.5	3012747264	15321018368	1722151227	1487226
ww_fastpOut_reads_R	BAKTA (ww_fastpOut_reads_R)	COMPLETED	0	194926	1	-	44.9	0.5	3011883008	15309688832	1723166504	1485977
ww_fastpOut_reads_R	BAKTA (ww_fastpOut_reads_R)	COMPLETED	0	149663	1	-	60.6	0.5	3041792000	17371459584	2471016593	18712447
ww_fastpOut_reads_R	BAKTA (ww_fastpOut_reads_R)	COMPLETED	0	196487	1	-	46.9	0.5	3046281216	50837327872	2057428596	1468790
ww_fastpOut_reads_R	BAKTA (ww_fastpOut_reads_R)	COMPLETED	0	190650	1	-	45.8	0.5	3043442688	15436972032	1723768500	1509054
ww_fastpOut_reads_R	BAKTA (ww_fastpOut_reads_R)	COMPLETED	0	170925	1	-	49.9	0.5	3014615040	17371037696	1722804200	1499025
ww_fastpOut_reads_R	BAKTA (ww_fastpOut_reads_R)	COMPLETED	0	162390	1	-	53.0	0.5	3045691392	25650118656	1723411409	1497830
ww_fastpOut_reads_R	BAKTA (ww_fastpOut_reads_R)	COMPLETED	0	193283	1	-	48.4	0.5	3018203136	15097171968	2057798203	1469062
ww_fastpOut_reads_R	BAKTA (ww_fastpOut_reads_R)	COMPLETED	0	198658	1	-	47.0	0.5	3042598912	17385873408	2057172108	1467936
ww_fastpOut_reads_R	BAKTA (ww_fastpOut_reads_R)	COMPLETED	0	174825	1	-	49.1	0.5	3015942144	17371787264	1722708565	1497724
ww_fastpOut_reads_R	BAKTA (ww_fastpOut_reads_R)	COMPLETED	0	201095	1	-	44.3	0.5	3013812224	17308790784	1723911439	1498652
ww_fastpOut_reads_R	BAKTA (ww_fastpOut_reads_R)	COMPLETED	0	200562	1	-	42.8	0.5	3040399360	15482527744	1723878534	1509497
ww_fastpOut_reads_R	BAKTA (ww_fastpOut_reads_R)	COMPLETED	0	182358	1	-	46.9	0.5	3044687872	15321989120	1723259599	1481986
ww_fastpOut_reads_R	BAKTA (ww_fastpOut_reads_R)	COMPLETED	0	187356	1	-	45.5	0.5	3015544832	15258890240	1722540316	1471268
ww_fastpOut_reads_R	BAKTA (ww_fastpOut_reads_R)	COMPLETED	0	195527	1	-	43.4	0.5	3015221248	15267684352	1722291660	1486981
ww_fastpOut_reads_R	BAKTA (ww_fastpOut_reads_R)	COMPLETED	0	200221	1	-	42.8	0.5	3015434240	15360491520	1723181904	1498908
ww_fastpOut_reads_R	BAKTA (ww_fastpOut_reads_R)	COMPLETED	0	202120	1	-	42.8	0.5	3046932480	15503417344	1722920750	1515341
ww_fastpOut_reads_R	BAKTA (ww_fastpOut_reads_R)	COMPLETED	0	197596	1	-	43.8	0.5	3041558528	15320801280	1723519258	1497673
ww_fastpOut_reads_R	BAKTA (ww_fastpOut_reads_R)	COMPLETED	0	167311	1	-	50.8	0.5	3044032512	15441793024	1722777465	1483074
ww_fastpOut_reads_R	BAKTA (ww_fastpOut_reads_R)	COMPLETED	0	213011	1	-	41.4	0.5	3016990720	15341969408	1723046528	1501004
ww_fastpOut_reads_R	BAKTA (ww_fastpOut_reads_R)	COMPLETED	0	221478	1	-	39.0	0.5	3018461184	15383900160	1722948869	1482820
ww_fastpOut_reads_R	BAKTA (ww_fastpOut_reads_R)	COMPLETED	0	182281	1	-	48.7	0.5	3043647488	15269998592	1722992539	1486226
ww_fastpOut_reads_R	BAKTA (ww_fastpOut_reads_R)	COMPLETED	0	166782	1	-	50.1	0.5	3042144256	15224467456	1721874663	1471520
ww_fastpOut_reads_R	BAKTA (ww_fastpOut_reads_R)	COMPLETED	0	226081	1	-	38.2	0.5	3015294976	15284883456	1722865435	1497949
ww_fastpOut_reads_R	BAKTA (ww_fastpOut_reads_R)	COMPLETED	0	133440	1	-	63.2	0.5	3044962304	50718642176	1722481315	1486021
ww_fastpOut_reads_R	BAKTA (ww_fastpOut_reads_R)	COMPLETED	0	178359	1	-	47.9	0.5	3013980160	15167504384	1722107432	1486485
ww_fastpOut_reads_R	BAKTA (ww_fastpOut_reads_R)	COMPLETED	0	233313	1	-	39.4	0.5	3043336192	15232225280	2057137896	3038617
ww_fastpOut_reads_R	BAKTA (ww_fastpOut_reads_R)	COMPLETED	0	102143	1	-	95.8	0.5	3013070848	15369252864	2849857199	19725411
ww_fastpOut_reads_R	BAKTA (ww_fastpOut_reads_R)	COMPLETED	0	216975	1	-	39.2	0.5	3015258112	15231590400	1722987499	1482251
ww_fastpOut_reads_R	BAKTA (ww_fastpOut_reads_R)	COMPLETED	0	184426	1	-	45.9	0.5	3041894400	15220449280	1721857729	1470419
ww_fastpOut_reads_R	BAKTA (ww_fastpOut_reads_R)	COMPLETED	0	170374	1	-	50.7	0.5	3015843840	15142785024	1722233283	1470664
ww_fastpOut_reads_R	BAKTA (ww_fastpOut_reads_R)	COMPLETED	0	216617	1	-	41.8	0.5	3038081024	15324381184	1723206138	1496820
ww_fastpOut_reads_R	BAKTA (ww_fastpOut_reads_R)	COMPLETED	0	175318	1	-	49.5	0.5	3013406720	15323516928	1722931580	1501296
ww_fastpOut_reads_R	BAKTA (ww_fastpOut_reads_R)	COMPLETED	0	145574	1	-	67.7	0.5	3016830976	15282479104	2850393122	19725513
ww_fastpOut_reads_R	BAKTA (ww_fastpOut_reads_R)	COMPLETED	0	178959	1	-	48.2	0.5	3014619136	59044700160	1722495109	1485342
ww_fastpOut_reads_R	BAKTA (ww_fastpOut_reads_R)	COMPLETED	0	145729	1	-	67.9	0.5	3041787904	15287259136	2805745581	18697757
ww_fastpOut_reads_R	BAKTA (ww_fastpOut_reads_R)	COMPLETED	0	143765	1	-	68.2	0.5	3039342592	15197405184	2806323596	18697662
ww_fastpOut_reads_R	BAKTA (ww_fastpOut_reads_R)	COMPLETED	0	174738	1	-	51.3	0.5	3037605888	15306162176	1722977250	1482063
ww_fastpOut_reads_R	BAKTA (ww_fastpOut_reads_R)	COMPLETED	0	149793	1	-	58.0	0.5	3045400576	15253966848	1722472195	1486828
ww_fastpOut_reads_R	BAKTA (ww_fastpOut_reads_R)	COMPLETED	0	144236	1	-	66.7	0.5	3016065024	42484846592	2761101305	17670144
ww_fastpOut_reads_R	BAKTA (ww_fastpOut_reads_R)	COMPLETED	0	189226	1	-	45.2	0.5	3043495936	15227748352	1722696303	1469446
ww_fastpOut_reads_R	BAKTA (ww_fastpOut_reads_R)	COMPLETED	0	149458	1	-	64.6	0.5	3017359360	17325338624	2761621989	17671202
ww_fastpOut_reads_R	BAKTA (ww_fastpOut_reads_R)	COMPLETED	0	119232	1	-	82.0	0.5	3019628544	15286923264	2850584412	19723533
ww_fastpOut_reads_R	BAKTA (ww_fastpOut_reads_R)	COMPLETED	0	166751	1	-	59.4	0.5	3015442432	15306747904	2806037149	18696503
ww_fastpOut_reads_R	BAKTA (ww_fastpOut_reads_R)	COMPLETED	0	190371	1	-	48.5	0.5	3019743232	17357631488	2057002204	1474861
ww_fastpOut_reads_R	BAKTA (ww_fastpOut_reads_R)	COMPLETED	0	141492	1	-	68.5	0.5	3044507648	15264559104	2805999314	18698403
ww_fastpOut_reads_R	BAKTA (ww_fastpOut_reads_R)	COMPLETED	0	186938	1	-	49.2	0.5	3040460800	17399590912	2056096326	1475025
ww_fastpOut_reads_R	BAKTA (ww_fastpOut_reads_R)	COMPLETED	0	135916	1	-	69.7	0.5	3042185216	15406149632	2470754897	18712885
ww_fastpOut_reads_R	BAKTA (ww_fastpOut_reads_R)	COMPLETED	0	206662	1	-	42.7	0.5	3041083392	15276326912	1722303085	1470487
ww_fastpOut_reads_R	BAKTA (ww_fastpOut_reads_R)	COMPLETED	0	141009	1	-	65.7	0.5	3041083392	15473238016	2470926529	18713676
ww_fastpOut_reads_R	BAKTA (ww_fastpOut_reads_R)	COMPLETED	0	171866	1	-	57.4	0.5	3043942400	15278706688	2850456212	19723906
ww_fastpOut_reads_R	BAKTA (ww_fastpOut_reads_R)	COMPLETED	0	126034	1	-	72.2	0.5	3040944128	15359635456	2470569138	18713822
ww_fastpOut_reads_R	BAKTA (ww_fastpOut_reads_R)	COMPLETED	0	205724	1	-	45.0	0.5	3043852288	15121072128	2056130219	1474495
ww_fastpOut_reads_R	BAKTA (ww_fastpOut_reads_R)	COMPLETED	0	173234	1	-	56.8	0.5	3017089024	59157950464	2850208428	19724967
ww_fastpOut_reads_R	BAKTA (ww_fastpOut_reads_R)	COMPLETED	0	176380	1	-	48.4	0.5	3020226560	15259693056	1722634558	1470808
ww_fastpOut_reads_R	BAKTA (ww_fastpOut_reads_R)	COMPLETED	0	165744	1	-	53.0	0.5	3045040128	25707421696	1723526301	1499791
ww_fastpOut_reads_R	BAKTA (ww_fastpOut_reads_R)	COMPLETED	0	119614	1	-	75.1	0.5	3043303424	15324770304	2470947885	18712554
ww_fastpOut_reads_R	BAKTA (ww_fastpOut_reads_R)	COMPLETED	0	181587	1	-	52.7	0.4	3041841152	75797573632	2761178164	17669550
ww_fastpOut_reads_R	BAKTA (ww_fastpOut_reads_R)	COMPLETED	0	213199	1	-	43.6	0.5	3041071104	15117950976	2056999217	1473931
ww_fastpOut_reads_R	BAKTA (ww_fastpOut_reads_R)	COMPLETED	0	172213	1	-	50.7	0.5	3018485760	15293673472	1722409704	1485841
ww_fastpOut_reads_R	BAKTA (ww_fastpOut_reads_R)	COMPLETED	0	197097	1	-	46.9	0.5	3043151872	15340367872	2057345705	1469779
ww_fastpOut_reads_R	BAKTA (ww_fastpOut_reads_R)	COMPLETED	0	121307	1	-	73.6	0.5	3016359936	15274860544	2471311380	18712339
ww_fastpOut_reads_R	BAKTA (ww_fastpOut_reads_R)	COMPLETED	0	211704	1	-	43.5	0.5	3015487488	15091654656	2056491874	1461217
ww_fastpOut_reads_R	BAKTA (ww_fastpOut_reads_R)	COMPLETED	0	191692	1	-	46.1	0.5	3042070528	15444615168	1722995209	1498676
ww_fastpOut_reads_R	BAKTA (ww_fastpOut_reads_R)	COMPLETED	0	186796	1	-	49.1	0.5	3043983360	50832117760	2055898604	1430547
ww_fastpOut_reads_R	BAKTA (ww_fastpOut_reads_R)	COMPLETED	0	122400	1	-	73.1	0.5	3042852864	15298338816	2471422896	18712930
ww_fastpOut_reads_R	BAKTA (ww_fastpOut_reads_R)	COMPLETED	0	197381	1	-	46.9	0.5	3043135488	17331662848	2056081834	1446318
ww_fastpOut_reads_R	BAKTA (ww_fastpOut_reads_R)	COMPLETED	0	208991	1	-	42.6	0.5	3043745792	15385989120	1722979736	1499413
ww_fastpOut_reads_R	BAKTA (ww_fastpOut_reads_R)	COMPLETED	0	118892	1	-	77.5	0.5	3019227136	15316934656	2559496888	20761148
ww_fastpOut_reads_R	BAKTA (ww_fastpOut_reads_R)	COMPLETED	0	236326	1	-	38.2	0.5	3042557952	15104229376	2056040642	1431595
ww_fastpOut_reads_R	BAKTA (ww_fastpOut_reads_R)	COMPLETED	0	122058	1	-	75.5	0.5	3040776192	17305907200	2559760935	20761461
ww_fastpOut_reads_R	BAKTA (ww_fastpOut_reads_R)	COMPLETED	0	133008	1	-	68.4	0.5	3043860480	15332929536	2515534066	19734698
ww_fastpOut_reads_R	BAKTA (ww_fastpOut_reads_R)	COMPLETED	0	219696	1	-	42.6	0.5	3045396480	15066705920	2055875666	1445842
ww_fastpOut_reads_R	BAKTA (ww_fastpOut_reads_R)	COMPLETED	0	247594	1	-	38.2	0.5	3012644864	25734705152	2057340440	1468182
ww_fastpOut_reads_R	BAKTA (ww_fastpOut_reads_R)	COMPLETED	0	131803	1	-	70.2	0.5	3042619392	15371198464	2515610363	19734135
ww_fastpOut_reads_R	BAKTA (ww_fastpOut_reads_R)	COMPLETED	0	247068	1	-	37.0	0.5	3043422208	15173136384	2055776117	1430801
ww_fastpOut_reads_R	BAKTA (ww_fastpOut_reads_R)	COMPLETED	0	201740	1	-	43.8	0.5	3042467840	15333298176	1722714606	1486481
ww_fastpOut_reads_R	BAKTA (ww_fastpOut_reads_R)	COMPLETED	0	207432	1	-	41.1	0.5	3014553600	15225548800	1723382084	1498454
ww_fastpOut_reads_R	BAKTA (ww_fastpOut_reads_R)	COMPLETED	0	170622	1	-	50.9	0.5	3043688448	15325044736	1722459446	1487232
ww_fastpOut_reads_R	BAKTA (ww_fastpOut_reads_R)	COMPLETED	0	116269	1	-	78.3	0.5	3043540992	17306718208	2515418532	19733745
ww_fastpOut_reads_R	BAKTA (ww_fastpOut_reads_R)	COMPLETED	0	163296	1	-	56.4	0.5	3044585472	15346577408	2559831432	20760730
ww_fastpOut_reads_R	BAKTA (ww_fastpOut_reads_R)	COMPLETED	0	103888	1	-	84.4	0.5	3041533952	15215173632	2470403225	18691297
ww_fastpOut_reads_R	BAKTA (ww_fastpOut_reads_R)	COMPLETED	0	201215	1	-	54.8	0.7	4892385280	17991417856	2055198162	3009737
ww_fastpOut_reads_R	BAKTA (ww_fastpOut_reads_R)	COMPLETED	0	143695	1	-	64.0	0.5	3045027840	15328485376	2515562050	19733568
ww_fastpOut_reads_R	BAKTA (ww_fastpOut_reads_R)	COMPLETED	0	182634	1	-	47.5	0.5	3042271232	25704521728	1722015322	1471205
ww_fastpOut_reads_R	BAKTA (ww_fastpOut_reads_R)	COMPLETED	0	195286	1	-	43.9	0.5	3042000896	15362162688	1723154490	1498788
ww_fastpOut_reads_R	BAKTA (ww_fastpOut_reads_R)	COMPLETED	0	211472	1	-	54.1	0.6	4685717504	17854013440	2054963689	3010290
ww_fastpOut_reads_R	BAKTA (ww_fastpOut_reads_R)	COMPLETED	0	195368	1	-	45.8	0.5	3015270400	25639088128	1722649687	1486230
ww_fastpOut_reads_R	BAKTA (ww_fastpOut_reads_R)	COMPLETED	0	135515	1	-	67.4	0.5	3044831232	15262699520	2514706754	19718026
ww_fastpOut_reads_R	BAKTA (ww_fastpOut_reads_R)	COMPLETED	0	106555	1	-	83.7	0.5	3015274496	15252107264	2514449264	19716709
ww_fastpOut_reads_R	BAKTA (ww_fastpOut_reads_R)	COMPLETED	0	212395	1	-	41.7	0.5	3043516416	15294914560	1722700515	1497975
ww_fastpOut_reads_R	BAKTA (ww_fastpOut_reads_R)	COMPLETED	0	158060	1	-	58.0	0.5	3043151872	17373413376	2559790978	20760316
ww_fastpOut_reads_R	BAKTA (ww_fastpOut_reads_R)	COMPLETED	0	129222	1	-	69.6	0.5	3044462592	15203745792	2514874900	19717195
ww_fastpOut_reads_R	BAKTA (ww_fastpOut_reads_R)	COMPLETED	0	166582	1	-	58.8	0.8	4553031680	17545887744	1715511775	1391409
ww_fastpOut_reads_R	BAKTA (ww_fastpOut_reads_R)	COMPLETED	0	197714	1	-	44.6	0.5	3042230272	15300517888	1721505430	1470486
ww_fastpOut_reads_R	BAKTA (ww_fastpOut_reads_R)	COMPLETED	0	116226	1	-	75.6	0.5	3042201600	15153008640	2470916165	18690043
ww_fastpOut_reads_R	BAKTA (ww_fastpOut_reads_R)	COMPLETED	0	135749	1	-	67.8	0.5	3017572352	15253626880	2515236233	19716025
ww_fastpOut_reads_R	BAKTA (ww_fastpOut_reads_R)	COMPLETED	0	181147	1	-	47.9	0.5	3042820096	25705365504	1722745324	1484978
ww_fastpOut_reads_R	BAKTA (ww_fastpOut_reads_R)	COMPLETED	0	181328	1	-	47.0	0.5	3044499456	50717540352	1722590940	1470175
ww_fastpOut_reads_R	BAKTA (ww_fastpOut_reads_R)	COMPLETED	0	200677	1	-	42.7	0.5	3042791424	15268950016	1722169648	1485184
ww_fastpOut_reads_R	BAKTA (ww_fastpOut_reads_R)	COMPLETED	0	205939	1	-	42.3	0.5	3042230272	15260323840	1722365977	1471578
ww_fastpOut_reads_R	BAKTA (ww_fastpOut_reads_R)	COMPLETED	0	162919	1	-	56.7	0.5	3041181696	15170768896	2056776654	1463127
ww_fastpOut_reads_R	BAKTA (ww_fastpOut_reads_R)	COMPLETED	0	101249	1	-	90.7	0.5	3041128448	15456260096	2515712634	19735381
ww_fastpOut_reads_R	BAKTA (ww_fastpOut_reads_R)	COMPLETED	0	201976	1	-	46.0	0.4	3041599488	15256952832	2057122220	1475605
ww_fastpOut_reads_R	BAKTA (ww_fastpOut_reads_R)	COMPLETED	0	196944	1	-	47.0	0.5	3017076736	15307948032	2056829288	1475922
ww_fastpOut_reads_R	BAKTA (ww_fastpOut_reads_R)	COMPLETED	0	178670	1	-	52.2	0.5	3017252864	34109607936	2056703283	1462763
ww_fastpOut_reads_R	BAKTA (ww_fastpOut_reads_R)	COMPLETED	0	202195	1	-	43.6	0.5	3038187520	58971410432	1722542567	1469689
ww_fastpOut_reads_R	BAKTA (ww_fastpOut_reads_R)	COMPLETED	0	204584	1	-	43.8	0.5	3038879744	34038222848	1722611168	1485451
ww_fastpOut_reads_R	BAKTA (ww_fastpOut_reads_R)	COMPLETED	0	105967	1	-	87.5	0.5	3038191616	59038248960	2559300840	20760754
ww_fastpOut_reads_R	BAKTA (ww_fastpOut_reads_R)	COMPLETED	0	148881	1	-	62.1	0.5	3042267136	15364374528	2559261250	20761839
ww_fastpOut_reads_R	BAKTA (ww_fastpOut_reads_R)	COMPLETED	0	167271	1	-	53.0	0.5	3037794304	15199604736	1721846831	1470351
ww_fastpOut_reads_R	BAKTA (ww_fastpOut_reads_R)	COMPLETED	0	114768	1	-	80.1	0.5	3015335936	15396388864	2515230594	19734584
ww_fastpOut_reads_R	BAKTA (ww_fastpOut_reads_R)	COMPLETED	0	200296	1	-	47.5	0.5	3016790016	15156350976	2056388589	1462068
ww_fastpOut_reads_R	BAKTA (ww_fastpOut_reads_R)	COMPLETED	0	171330	1	-	53.9	0.5	3040174080	15169028096	2056511607	1462247
ww_fastpOut_reads_R	BAKTA (ww_fastpOut_reads_R)	COMPLETED	0	194991	1	-	48.4	0.5	3037913088	25730973696	2057403295	1461744
ww_fastpOut_reads_R	BAKTA (ww_fastpOut_reads_R)	COMPLETED	0	199324	1	-	48.1	0.5	3044405248	75912429568	2057153635	1473811
ww_fastpOut_reads_R	BAKTA (ww_fastpOut_reads_R)	COMPLETED	0	150004	1	-	61.4	0.5	3014565888	15347654656	2559547904	20760642
ww_fastpOut_reads_R	BAKTA (ww_fastpOut_reads_R)	COMPLETED	0	200746	1	-	45.5	0.5	3016609792	17327435776	2056864865	1460992
ww_fastpOut_reads_R	BAKTA (ww_fastpOut_reads_R)	COMPLETED	0	210915	1	-	45.0	0.4	3042562048	15169183744	2056489130	1462257
ww_fastpOut_reads_R	BAKTA (ww_fastpOut_reads_R)	COMPLETED	0	127734	1	-	71.9	0.5	3042926592	15315021824	2516142163	19733915
ww_fastpOut_reads_R	BAKTA (ww_fastpOut_reads_R)	COMPLETED	0	130372	1	-	70.4	0.5	3018739712	15491149824	2558977085	20760753
ww_fastpOut_reads_R	BAKTA (ww_fastpOut_reads_R)	COMPLETED	0	111659	1	-	79.7	0.5	3043577856	15154122752	2471156645	18691035
ww_fastpOut_reads_R	BAKTA (ww_fastpOut_reads_R)	COMPLETED	0	196119	1	-	45.8	0.5	3019431936	15179091968	2056632911	1446535
ww_fastpOut_reads_R	BAKTA (ww_fastpOut_reads_R)	COMPLETED	0	222681	1	-	42.2	0.5	3039997952	15183015936	2056414050	1474897
ww_fastpOut_reads_R	BAKTA (ww_fastpOut_reads_R)	COMPLETED	0	128461	1	-	71.6	0.5	3045642240	50649477120	2559828730	20761714
ww_fastpOut_reads_R	BAKTA (ww_fastpOut_reads_R)	COMPLETED	0	230377	1	-	48.3	0.9	4983693312	18085273600	2054862148	3011250
ww_fastpOut_reads_R	BAKTA (ww_fastpOut_reads_R)	COMPLETED	0	124738	1	-	72.0	0.5	3045978112	15255744512	2515278164	19715729
ww_fastpOut_reads_R	BAKTA (ww_fastpOut_reads_R)	COMPLETED	0	148182	1	-	60.4	0.5	3015311360	15375507456	2515515626	19717001
ww_fastpOut_reads_R	BAKTA (ww_fastpOut_reads_R)	COMPLETED	0	157559	1	-	59.0	0.5	3042766848	15418462208	2516113248	19734466
ww_fastpOut_reads_R	BAKTA (ww_fastpOut_reads_R)	COMPLETED	0	203377	1	-	46.0	0.5	3039248384	15195385856	2055959126	1447637
ww_fastpOut_reads_R	BAKTA (ww_fastpOut_reads_R)	COMPLETED	0	200370	1	-	42.6	0.5	3041959936	15365898240	1723330929	1497955
ww_fastpOut_reads_R	BAKTA (ww_fastpOut_reads_R)	COMPLETED	0	173172	1	-	54.4	0.6	4481105920	17518329856	1715410792	1391404
ww_fastpOut_reads_R	BAKTA (ww_fastpOut_reads_R)	COMPLETED	0	176682	1	-	51.8	0.5	3044474880	42462191616	2056200549	1430971
ww_fastpOut_reads_R	BAKTA (ww_fastpOut_reads_R)	COMPLETED	0	223937	1	-	42.4	0.5	3015778304	15053549568	2056230320	1447244
ww_fastpOut_reads_R	BAKTA (ww_fastpOut_reads_R)	COMPLETED	0	134415	1	-	65.9	0.5	3039465472	17371017216	2470279760	18690465
ww_fastpOut_reads_R	BAKTA (ww_fastpOut_reads_R)	COMPLETED	0	224526	1	-	40.4	0.5	3039772672	15262666752	2056251282	1446697
ww_fastpOut_reads_R	BAKTA (ww_fastpOut_reads_R)	COMPLETED	0	135550	1	-	66.4	0.5	3040673792	15336357888	2514211293	19716109
ww_fastpOut_reads_R	BAKTA (ww_fastpOut_reads_R)	COMPLETED	0	138873	1	-	65.0	0.5	3042512896	17309528064	2470922410	18690026
ww_fastpOut_reads_R	BAKTA (ww_fastpOut_reads_R)	COMPLETED	0	127933	1	-	69.2	0.5	3043504128	25703546880	2470855259	18689964
ww_fastpOut_reads_R	BAKTA (ww_fastpOut_reads_R)	COMPLETED	0	140974	1	-	65.4	0.5	3044134912	15375351808	2560036678	20760514
ww_fastpOut_reads_R	BAKTA (ww_fastpOut_reads_R)	COMPLETED	0	195873	1	-	46.5	0.5	3044036608	15128055808	2056225548	1445531
ww_fastpOut_reads_R	BAKTA (ww_fastpOut_reads_R)	COMPLETED	0	146669	1	-	62.8	0.5	3040350208	15300595712	2559179545	20762506
ww_fastpOut_reads_R	BAKTA (ww_fastpOut_reads_R)	COMPLETED	0	144900	1	-	64.1	0.5	3044597760	15258566656	2515938606	19735531
ww_fastpOut_reads_R	BAKTA (ww_fastpOut_reads_R)	COMPLETED	0	143447	1	-	61.9	0.5	3042168832	25639636992	2470921072	18690411
ww_fastpOut_reads_R	BAKTA (ww_fastpOut_reads_R)	COMPLETED	0	220317	1	-	42.5	0.5	3039731712	25678258176	2055864018	1431787
ww_fastpOut_reads_R	BAKTA (ww_fastpOut_reads_R)	COMPLETED	0	205634	1	-	43.5	0.5	3042680832	15102095360	2055957259	1429719
ww_fastpOut_reads_R	BAKTA (ww_fastpOut_reads_R)	COMPLETED	0	143138	1	-	64.5	0.5	3041722368	15478960128	2515324967	19742191
ww_fastpOut_reads_R	BAKTA (ww_fastpOut_reads_R)	COMPLETED	0	192388	1	-	46.9	0.3	3015798784	50829754368	2056010138	1429909
ww_fastpOut_reads_R	BAKTA (ww_fastpOut_reads_R)	COMPLETED	0	143436	1	-	64.2	0.5	3041587200	15307808768	2515845333	19735174
ww_fastpOut_reads_R	BAKTA (ww_fastpOut_reads_R)	COMPLETED	0	149663	1	-	64.0	0.5	3041562624	15287967744	2515805976	19741565
ww_fastpOut_reads_R	BAKTA (ww_fastpOut_reads_R)	COMPLETED	0	212320	1	-	42.5	0.5	3019046912	15027306496	2056113057	1430836
ww_fastpOut_reads_R	BAKTA (ww_fastpOut_reads_R)	COMPLETED	0	211539	1	-	42.5	0.5	3043856384	15065247744	2056361267	1446650
ww_fastpOut_reads_R	BAKTA (ww_fastpOut_reads_R)	COMPLETED	0	129924	1	-	69.9	0.5	3015487488	15263567872	2515814522	19735208
ww_fastpOut_reads_R	BAKTA (ww_fastpOut_reads_R)	COMPLETED	0	153308	1	-	61.5	0.5	3016429568	15292133376	2515386303	19742236
ww_fastpOut_reads_R	BAKTA (ww_fastpOut_reads_R)	COMPLETED	0	151618	1	-	61.0	0.5	3045662720	67389222912	2515161636	19726296
ww_fastpOut_reads_R	BAKTA (ww_fastpOut_reads_R)	COMPLETED	0	102519	1	-	86.1	0.5	3044384768	15191166976	2515452629	19717391
ww_fastpOut_reads_R	BAKTA (ww_fastpOut_reads_R)	COMPLETED	0	184878	1	-	48.2	0.5	3042430976	15266570240	1722277337	1486306
ww_fastpOut_reads_R	BAKTA (ww_fastpOut_reads_R)	COMPLETED	0	134253	1	-	70.4	0.5	3016605696	17308905472	2559448675	20760444
ww_fastpOut_reads_R	BAKTA (ww_fastpOut_reads_R)	COMPLETED	0	162382	1	-	57.7	0.5	3014672384	15442046976	2515227006	19734369
ww_fastpOut_reads_R	BAKTA (ww_fastpOut_reads_R)	COMPLETED	0	163826	1	-	56.4	0.5	3040415744	15285600256	2471104942	18690340
ww_fastpOut_reads_R	BAKTA (ww_fastpOut_reads_R)	COMPLETED	0	153454	1	-	61.2	0.5	3045584896	15375196160	2515275613	19724976
ww_fastpOut_reads_R	BAKTA (ww_fastpOut_reads_R)	COMPLETED	0	143664	1	-	62.2	0.5	3040022528	15283994624	2471211908	18691424
ww_fastpOut_reads_R	BAKTA (ww_fastpOut_reads_R)	COMPLETED	0	159294	1	-	58.7	0.5	3042017280	17307086848	2515758646	19725146
ww_fastpOut_reads_R	BAKTA (ww_fastpOut_reads_R)	COMPLETED	0	162476	1	-	56.8	0.5	3045572608	15431766016	2516102188	19724857
ww_fastpOut_reads_R	BAKTA (ww_fastpOut_reads_R)	COMPLETED	0	159432	1	-	59.0	0.5	3019218944	25709682688	2515306230	19717692
ww_fastpOut_reads_R	BAKTA (ww_fastpOut_reads_R)	COMPLETED	0	191369	1	-	64.7	0.7	5014736896	18111160320	2986139668	22870027
ww_fastpOut_reads_R	BAKTA (ww_fastpOut_reads_R)	COMPLETED	0	170739	1	-	54.1	0.5	3044179968	15390007296	2470981464	18699636
ww_fastpOut_reads_R	BAKTA (ww_fastpOut_reads_R)	COMPLETED	0	149680	1	-	62.6	0.5	3018203136	15342268416	2471312347	18689971
ww_fastpOut_reads_R	BAKTA (ww_fastpOut_reads_R)	COMPLETED	0	174717	1	-	53.9	0.5	3014930432	17372598272	2515453191	19723354
ww_fastpOut_reads_R	BAKTA (ww_fastpOut_reads_R)	COMPLETED	0	152802	1	-	60.1	0.5	3042922496	15233155072	2471342448	18689201
ww_fastpOut_reads_R	BAKTA (ww_fastpOut_reads_R)	COMPLETED	0	220026	1	-	40.6	0.5	3044085760	15512879104	1723299011	1497347
ww_fastpOut_reads_R	BAKTA (ww_fastpOut_reads_R)	COMPLETED	0	139392	1	-	65.3	0.5	3041718272	133970939904	2470998944	18690165
ww_fastpOut_reads_R	BAKTA (ww_fastpOut_reads_R)	COMPLETED	0	169246	1	-	54.7	0.5	3040583680	15332286464	2515292926	19716982
ww_fastpOut_reads_R	BAKTA (ww_fastpOut_reads_R)	COMPLETED	0	177443	1	-	51.3	0.5	3041026048	17307865088	2470787683	18691054
ww_fastpOut_reads_R	BAKTA (ww_fastpOut_reads_R)	COMPLETED	0	154564	1	-	57.8	0.5	3043622912	15384735744	2471281389	18697537
ww_fastpOut_reads_R	BAKTA (ww_fastpOut_reads_R)	COMPLETED	0	144921	1	-	66.9	0.5	3044831232	17374466048	2560149415	20761375
ww_fastpOut_reads_R	BAKTA (ww_fastpOut_reads_R)	COMPLETED	0	177178	1	-	51.5	0.5	3045257216	15322918912	2471312276	18698267
ww_fastpOut_reads_R	BAKTA (ww_fastpOut_reads_R)	COMPLETED	0	154365	1	-	61.4	0.5	3046670336	15334404096	2515975443	19734961
ww_fastpOut_reads_R	BAKTA (ww_fastpOut_reads_R)	COMPLETED	0	155485	1	-	61.7	0.5	3042267136	15290265600	2560272292	20759513
ww_fastpOut_reads_R	BAKTA (ww_fastpOut_reads_R)	COMPLETED	0	178006	1	-	52.6	0.5	3043311616	42374594560	2515759449	19733857
ww_fastpOut_reads_R	BAKTA (ww_fastpOut_reads_R)	COMPLETED	0	160514	1	-	59.4	0.5	3047825408	17375338496	2560381984	20759984
ww_fastpOut_reads_R	BAKTA (ww_fastpOut_reads_R)	COMPLETED	0	227273	1	-	39.1	0.5	3042996224	15210557440	1723464598	1485741
ww_fastpOut_reads_R	BAKTA (ww_fastpOut_reads_R)	COMPLETED	0	150363	1	-	61.3	0.5	3042111488	15331139584	2515756604	19733778
ww_fastpOut_reads_R	BAKTA (ww_fastpOut_reads_R)	COMPLETED	0	199768	1	-	43.6	0.5	3015958528	15258595328	1722803147	1469474
ww_fastpOut_reads_R	BAKTA (ww_fastpOut_reads_R)	COMPLETED	0	212275	1	-	41.0	0.5	3046424576	15173722112	1722207743	1473267
ww_fastpOut_reads_R	BAKTA (ww_fastpOut_reads_R)	COMPLETED	0	233253	1	-	36.8	0.5	3040145408	17371590656	1721922063	1472831
ww_fastpOut_reads_R	BAKTA (ww_fastpOut_reads_R)	COMPLETED	0	176882	1	-	51.2	0.5	3045597184	42376056832	2515240521	19734021
ww_fastpOut_reads_R	BAKTA (ww_fastpOut_reads_R)	COMPLETED	0	132390	1	-	67.2	0.5	3044020224	25641000960	2514898475	19717555
ww_fastpOut_reads_R	BAKTA (ww_fastpOut_reads_R)	COMPLETED	0	174484	1	-	54.5	0.5	3015925760	15305764864	2559903694	20759742
ww_fastpOut_reads_R	BAKTA (ww_fastpOut_reads_R)	COMPLETED	0	134451	1	-	66.6	0.5	3042807808	15262486528	2515376896	19717887
ww_fastpOut_reads_R	BAKTA (ww_fastpOut_reads_R)	COMPLETED	0	231439	1	-	38.1	0.5	3018121216	15271657472	1722069086	1457112
ww_fastpOut_reads_R	BAKTA (ww_fastpOut_reads_R)	COMPLETED	0	252204	1	-	35.2	0.5	3043426304	15202664448	1723017934	1470668
ww_fastpOut_reads_R	BAKTA (ww_fastpOut_reads_R)	COMPLETED	0	245665	1	-	35.8	0.5	3046567936	15367565312	1723278693	1482487
ww_fastpOut_reads_R	BAKTA (ww_fastpOut_reads_R)	COMPLETED	0	218308	1	-	39.6	0.5	3014369280	17306710016	1722859907	1471874
ww_fastpOut_reads_R	BAKTA (ww_fastpOut_reads_R)	COMPLETED	0	256037	1	-	34.4	0.5	3044114432	15429599232	1723523518	1514230
ww_fastpOut_reads_R	BAKTA (ww_fastpOut_reads_R)	COMPLETED	0	246841	1	-	35.2	0.5	3043663872	15220346880	1721926724	1457530
ww_fastpOut_reads_R	BAKTA (ww_fastpOut_reads_R)	COMPLETED	0	213864	1	-	40.8	0.5	3041214464	15234916352	1722136665	1471013
ww_fastpOut_reads_R	BAKTA (ww_fastpOut_reads_R)	COMPLETED	0	147087	1	-	60.6	0.5	3016196096	42307887104	2470712497	18691233
ww_fastpOut_reads_R	BAKTA (ww_fastpOut_reads_R)	COMPLETED	0	212979	1	-	41.2	0.5	3016896512	15073894400	1722301236	1456065
ww_fastpOut_reads_R	BAKTA (ww_fastpOut_reads_R)	COMPLETED	0	120605	1	-	74.6	0.5	3015868416	15227555840	2470449542	18689479
ww_fastpOut_reads_R	BAKTA (ww_fastpOut_reads_R)	COMPLETED	0	225280	1	-	38.7	0.5	3042213888	15083102208	1721981060	1456617
ww_fastpOut_reads_R	BAKTA (ww_fastpOut_reads_R)	COMPLETED	0	138244	1	-	67.2	0.5	3041837056	15263043584	2514465831	19716374
ww_fastpOut_reads_R	BAKTA (ww_fastpOut_reads_R)	COMPLETED	0	191149	1	-	44.6	0.5	3046174720	15085502464	1722133743	1455557
ww_fastpOut_reads_R	BAKTA (ww_fastpOut_reads_R)	COMPLETED	0	245677	1	-	35.0	0.5	3044425728	15166263296	1721935713	1472341
ww_fastpOut_reads_R	BAKTA (ww_fastpOut_reads_R)	COMPLETED	0	146534	1	-	61.7	0.5	3042529280	15262773248	2514866178	19716551
ww_fastpOut_reads_R	BAKTA (ww_fastpOut_reads_R)	COMPLETED	0	147027	1	-	60.5	0.5	3014619136	15140945920	2471020281	18689040
ww_fastpOut_reads_R	BAKTA (ww_fastpOut_reads_R)	COMPLETED	0	192119	1	-	56.0	0.5	3018584064	15128997888	3075105413	24941818
ww_fastpOut_reads_R	BAKTA (ww_fastpOut_reads_R)	COMPLETED	0	206754	1	-	42.6	0.5	3042373632	15380299776	1723581481	1498183
ww_fastpOut_reads_R	BAKTA (ww_fastpOut_reads_R)	COMPLETED	0	188393	1	-	44.4	0.5	3045044224	15086710784	1721350631	1424412
ww_fastpOut_reads_R	BAKTA (ww_fastpOut_reads_R)	COMPLETED	0	152895	1	-	59.5	0.5	3013795840	15288274944	2515826328	19725349
ww_fastpOut_reads_R	BAKTA (ww_fastpOut_reads_R)	COMPLETED	0	215539	1	-	39.5	0.5	3042275328	15114887168	1721300529	1441504
ww_fastpOut_reads_R	BAKTA (ww_fastpOut_reads_R)	COMPLETED	0	130641	1	-	72.4	0.5	3041394688	15272030208	2515407029	19741377
ww_fastpOut_reads_R	BAKTA (ww_fastpOut_reads_R)	COMPLETED	0	193606	1	-	43.2	0.5	3046129664	17374244864	1720948287	1441142
ww_fastpOut_reads_R	BAKTA (ww_fastpOut_reads_R)	COMPLETED	0	170645	1	-	54.7	0.5	3042562048	15265112064	2515857674	19741220
ww_fastpOut_reads_R	BAKTA (ww_fastpOut_reads_R)	COMPLETED	0	180491	1	-	45.8	0.5	3040935936	15244115968	1721091622	1440853
ww_fastpOut_reads_R	BAKTA (ww_fastpOut_reads_R)	COMPLETED	0	140930	1	-	64.6	0.5	3013455872	15283126272	2515528197	19724707
ww_fastpOut_reads_R	BAKTA (ww_fastpOut_reads_R)	COMPLETED	0	105176	1	-	85.0	0.5	3041333248	15319052288	2471451358	18698099
ww_fastpOut_reads_R	BAKTA (ww_fastpOut_reads_R)	COMPLETED	0	190636	1	-	45.0	0.5	3047608320	15087144960	1721243361	1422624
ww_fastpOut_reads_R	BAKTA (ww_fastpOut_reads_R)	COMPLETED	0	204902	1	-	43.0	0.5	3045908480	15375933440	1723773273	1497143
ww_fastpOut_reads_R	BAKTA (ww_fastpOut_reads_R)	COMPLETED	0	183461	1	-	46.7	0.5	3012485120	15160131584	1721812582	1472973
ww_fastpOut_reads_R	BAKTA (ww_fastpOut_reads_R)	COMPLETED	0	159442	1	-	56.8	0.5	3013480448	67371446272	2515806921	19741657
ww_fastpOut_reads_R	BAKTA (ww_fastpOut_reads_R)	COMPLETED	0	141880	1	-	64.1	0.5	3014361088	15216291840	2515561059	19723643
ww_fastpOut_reads_R	BAKTA (ww_fastpOut_reads_R)	COMPLETED	0	163295	1	-	55.9	0.5	3015528448	59034308608	2515551408	19740679
ww_fastpOut_reads_R	BAKTA (ww_fastpOut_reads_R)	COMPLETED	0	171686	1	-	53.2	0.5	3016343552	15310958592	2515426665	19740537
ww_fastpOut_reads_R	BAKTA (ww_fastpOut_reads_R)	COMPLETED	0	162126	1	-	55.7	0.5	3041554432	15387963392	2470553830	18699237
ww_fastpOut_reads_R	BAKTA (ww_fastpOut_reads_R)	COMPLETED	0	171485	1	-	49.8	0.5	3042906112	15083085824	2050606689	1401060
ww_fastpOut_reads_R	BAKTA (ww_fastpOut_reads_R)	COMPLETED	0	231440	1	-	37.9	0.5	3041738752	15171215360	1722219128	1471978
ww_fastpOut_reads_R	BAKTA (ww_fastpOut_reads_R)	COMPLETED	0	160701	1	-	55.7	0.5	3041742848	15324979200	2471117874	18698295
ww_fastpOut_reads_R	BAKTA (ww_fastpOut_reads_R)	COMPLETED	0	167813	1	-	49.6	0.5	3014238208	15204904960	1721907032	1455599
ww_fastpOut_reads_R	BAKTA (ww_fastpOut_reads_R)	COMPLETED	0	166634	1	-	49.6	0.5	3042676736	14724251648	1721179370	1441943
ww_fastpOut_reads_R	BAKTA (ww_fastpOut_reads_R)	COMPLETED	0	203022	1	-	42.0	0.5	3040960512	15236005888	1722032413	1471861
ww_fastpOut_reads_R	BAKTA (ww_fastpOut_reads_R)	COMPLETED	0	198240	1	-	43.4	0.5	3041865728	15328845824	1723530664	1482130
ww_fastpOut_reads_R	BAKTA (ww_fastpOut_reads_R)	COMPLETED	0	217811	1	-	38.6	0.5	3041431552	33972047872	1721951835	1456607
ww_fastpOut_reads_R	BAKTA (ww_fastpOut_reads_R)	COMPLETED	0	182584	1	-	46.2	0.5	3016314880	15130480640	1722849646	1484762
ww_fastpOut_reads_R	BAKTA (ww_fastpOut_reads_R)	COMPLETED	0	209592	1	-	40.7	0.5	3044089856	15302160384	1722343197	1471063
ww_fastpOut_reads_R	BAKTA (ww_fastpOut_reads_R)	COMPLETED	0	195368	1	-	44.0	0.5	3041280000	15111708672	1721303371	1440769
ww_fastpOut_reads_R	BAKTA (ww_fastpOut_reads_R)	COMPLETED	0	187359	1	-	45.4	0.5	3043037184	15180992512	1721334601	1441020
ww_fastpOut_reads_R	BAKTA (ww_fastpOut_reads_R)	COMPLETED	0	220423	1	-	39.3	0.5	3046993920	184134791168	1723633216	1496146
ww_fastpOut_reads_R	BAKTA (ww_fastpOut_reads_R)	COMPLETED	0	207411	1	-	41.2	0.5	3046359040	15222276096	1722766819	1486550
ww_fastpOut_reads_R	BAKTA (ww_fastpOut_reads_R)	COMPLETED	0	219127	1	-	38.1	0.5	3045548032	15300521984	1722015151	1471391
ww_fastpOut_reads_R	BAKTA (ww_fastpOut_reads_R)	COMPLETED	0	234222	1	-	35.4	0.5	3042152448	15116869632	1720963582	1441585
ww_fastpOut_reads_R	BAKTA (ww_fastpOut_reads_R)	COMPLETED	0	202486	1	-	43.0	0.5	3044864000	42388475904	1723620954	1496409
ww_fastpOut_reads_R	BAKTA (ww_fastpOut_reads_R)	COMPLETED	0	194497	1	-	43.3	0.5	3017109504	15155695616	1723011810	1485759
ww_fastpOut_reads_R	BAKTA (ww_fastpOut_reads_R)	COMPLETED	0	180628	1	-	46.8	0.5	3016777728	15090995200	1721433653	1472477
ww_fastpOut_reads_R	BAKTA (ww_fastpOut_reads_R)	COMPLETED	0	213523	1	-	40.5	0.5	3040804864	15219011584	1722642321	1484838
ww_fastpOut_reads_R	BAKTA (ww_fastpOut_reads_R)	COMPLETED	0	157344	1	-	54.1	0.5	3045244928	15279796224	1722675758	1465813
ww_fastpOut_reads_R	BAKTA (ww_fastpOut_reads_R)	COMPLETED	0	191149	1	-	44.6	0.5	3041067008	15109988352	1721851556	1439833
ww_fastpOut_reads_R	BAKTA (ww_fastpOut_reads_R)	COMPLETED	0	216240	1	-	40.0	0.5	3015757824	34043199488	1722236335	1472091
ww_fastpOut_reads_R	BAKTA (ww_fastpOut_reads_R)	COMPLETED	0	171280	1	-	51.0	0.5	3042492416	15539146752	1724719167	1514746
ww_fastpOut_reads_R	BAKTA (ww_fastpOut_reads_R)	COMPLETED	0	241436	1	-	36.6	0.5	3044720640	17309290496	1722635985	1485855
ww_fastpOut_reads_R	BAKTA (ww_fastpOut_reads_R)	COMPLETED	0	192089	1	-	45.9	0.5	3015290880	67327414272	1723386413	1481470
ww_fastpOut_reads_R	BAKTA (ww_fastpOut_reads_R)	COMPLETED	0	193800	1	-	47.2	0.5	3042832384	15231815680	2056285889	3039607
ww_fastpOut_reads_R	BAKTA (ww_fastpOut_reads_R)	COMPLETED	0	189599	1	-	45.2	0.5	3041021952	33971769344	1722216517	1471391
ww_fastpOut_reads_R	BAKTA (ww_fastpOut_reads_R)	COMPLETED	0	162103	1	-	52.9	0.5	3043721216	15245467648	1723090268	1481605
ww_fastpOut_reads_R	BAKTA (ww_fastpOut_reads_R)	COMPLETED	0	137967	1	-	72.3	0.5	3045597184	15468285952	2895487995	20792737
ww_fastpOut_reads_R	BAKTA (ww_fastpOut_reads_R)	COMPLETED	0	172308	1	-	50.5	0.5	3015651328	15410065408	1722652392	1514434
ww_fastpOut_reads_R	BAKTA (ww_fastpOut_reads_R)	COMPLETED	0	170443	1	-	49.4	0.5	3044327424	15084990464	1721317359	1455446
ww_fastpOut_reads_R	BAKTA (ww_fastpOut_reads_R)	COMPLETED	0	193406	1	-	45.6	0.5	3040231424	15252275200	1723126995	1480637
ww_fastpOut_reads_R	BAKTA (ww_fastpOut_reads_R)	COMPLETED	0	164107	1	-	52.1	0.5	3046350848	17313107968	1722583341	1481549
ww_fastpOut_reads_R	BAKTA (ww_fastpOut_reads_R)	COMPLETED	0	191191	1	-	44.8	0.5	3042684928	15217156096	1721624837	1456496
ww_fastpOut_reads_R	BAKTA (ww_fastpOut_reads_R)	COMPLETED	0	165320	1	-	49.8	0.5	3016089600	15079432192	1720803405	1424863
ww_fastpOut_reads_R	BAKTA (ww_fastpOut_reads_R)	COMPLETED	0	142438	1	-	58.4	0.5	3042099200	15086964736	1720748322	1424032
ww_fastpOut_reads_R	BAKTA (ww_fastpOut_reads_R)	COMPLETED	0	178269	1	-	47.9	0.5	3044806656	15211376640	1723120490	1466570
ww_fastpOut_reads_R	BAKTA (ww_fastpOut_reads_R)	COMPLETED	0	195800	1	-	43.8	0.5	3042951168	15109885952	1721215914	1442075
ww_fastpOut_reads_R	BAKTA (ww_fastpOut_reads_R)	COMPLETED	0	151247	1	-	56.9	0.5	3044777984	15300407296	1724209115	1496988
ww_fastpOut_reads_R	BAKTA (ww_fastpOut_reads_R)	COMPLETED	0	151522	1	-	55.0	0.5	3045634048	15053459456	1721552347	1440779
ww_fastpOut_reads_R	BAKTA (ww_fastpOut_reads_R)	COMPLETED	0	152209	1	-	55.0	0.5	3040452608	15109853184	1721216844	1439922
ww_fastpOut_reads_R	BAKTA (ww_fastpOut_reads_R)	COMPLETED	0	138641	1	-	60.8	0.5	3039404032	59036344320	1720890395	1423809
ww_fastpOut_reads_R	BAKTA (ww_fastpOut_reads_R)	COMPLETED	0	133545	1	-	77.8	0.5	3015598080	67514585088	2895389288	20790669
ww_fastpOut_reads_R	BAKTA (ww_fastpOut_reads_R)	COMPLETED	0	152923	1	-	54.9	0.5	3043885056	15086866432	1720995118	1423375
ww_fastpOut_reads_R	BAKTA (ww_fastpOut_reads_R)	COMPLETED	0	137961	1	-	74.5	0.5	3042295808	15474982912	2851873562	19764418
ww_fastpOut_reads_R	BAKTA (ww_fastpOut_reads_R)	COMPLETED	0	153862	1	-	54.1	0.4	3041169408	15157055488	1721159136	1422874
ww_fastpOut_reads_R	BAKTA (ww_fastpOut_reads_R)	COMPLETED	0	134791	1	-	73.6	0.5	3044704256	15285448704	2807133499	18721965
ww_fastpOut_reads_R	BAKTA (ww_fastpOut_reads_R)	COMPLETED	0	145091	1	-	67.8	0.5	3040493568	15307460608	2806693489	18739628
ww_fastpOut_reads_R	BAKTA (ww_fastpOut_reads_R)	COMPLETED	0	167475	1	-	52.6	0.5	3041898496	15169515520	1721172806	1473316
ww_fastpOut_reads_R	BAKTA (ww_fastpOut_reads_R)	COMPLETED	0	167459	1	-	50.2	0.5	3041312768	15302135808	1721816169	1472420
ww_fastpOut_reads_R	BAKTA (ww_fastpOut_reads_R)	COMPLETED	0	178549	1	-	49.0	0.5	3043840000	75735875584	1723411239	1497244
ww_fastpOut_reads_R	BAKTA (ww_fastpOut_reads_R)	COMPLETED	0	156541	1	-	63.3	0.5	3014537216	15340613632	2807080158	18722799
ww_fastpOut_reads_R	BAKTA (ww_fastpOut_reads_R)	COMPLETED	0	167681	1	-	50.7	0.5	3043618816	15166119936	1721846358	1472385
ww_fastpOut_reads_R	BAKTA (ww_fastpOut_reads_R)	COMPLETED	0	183197	1	-	45.9	0.5	3045711872	50717048832	1721698774	1457058
ww_fastpOut_reads_R	BAKTA (ww_fastpOut_reads_R)	COMPLETED	0	185753	1	-	45.7	0.5	3040874496	15217451008	1722200291	1456359
ww_fastpOut_reads_R	BAKTA (ww_fastpOut_reads_R)	COMPLETED	0	174594	1	-	49.5	0.5	3041816576	15087460352	1722319527	1455371
ww_fastpOut_reads_R	BAKTA (ww_fastpOut_reads_R)	COMPLETED	0	167034	1	-	59.9	0.5	3043016704	15351615488	2807159966	18721463
ww_fastpOut_reads_R	BAKTA (ww_fastpOut_reads_R)	COMPLETED	0	200603	1	-	42.0	0.5	3016941568	15137542144	1721571938	1457456
ww_fastpOut_reads_R	BAKTA (ww_fastpOut_reads_R)	COMPLETED	0	176275	1	-	56.4	0.5	3015946240	15457230848	2806398811	18721446
ww_fastpOut_reads_R	BAKTA (ww_fastpOut_reads_R)	COMPLETED	0	174908	1	-	48.8	0.5	3016253440	15097217024	1721546071	1441018
ww_fastpOut_reads_R	BAKTA (ww_fastpOut_reads_R)	COMPLETED	0	163619	1	-	64.9	0.4	3043139584	25727164416	2806075201	18697537
ww_fastpOut_reads_R	BAKTA (ww_fastpOut_reads_R)	COMPLETED	0	162529	1	-	61.6	0.5	3044847616	15337607168	2806854118	18720166
ww_fastpOut_reads_R	BAKTA (ww_fastpOut_reads_R)	COMPLETED	0	179095	1	-	48.5	0.5	3015168000	15135813632	1722046576	1456132
ww_fastpOut_reads_R	BAKTA (ww_fastpOut_reads_R)	COMPLETED	0	173020	1	-	49.5	0.5	3018170368	92330684416	1721173415	1424802
ww_fastpOut_reads_R	BAKTA (ww_fastpOut_reads_R)	COMPLETED	0	185775	1	-	46.2	0.5	3013898240	15070449664	1721543469	1456443
ww_fastpOut_reads_R	BAKTA (ww_fastpOut_reads_R)	COMPLETED	0	165562	1	-	51.8	0.5	3042066432	15049928704	1721518977	1440660
ww_fastpOut_reads_R	BAKTA (ww_fastpOut_reads_R)	COMPLETED	0	172709	1	-	49.8	0.5	3041841152	17371754496	1721426307	1423558
ww_fastpOut_reads_R	BAKTA (ww_fastpOut_reads_R)	COMPLETED	0	167220	1	-	50.9	0.5	3046141952	15025233920	1721200787	1423750
ww_fastpOut_reads_R	BAKTA (ww_fastpOut_reads_R)	COMPLETED	0	160467	1	-	66.1	0.5	3042635776	17388478464	2805777321	18696976
ww_fastpOut_reads_R	BAKTA (ww_fastpOut_reads_R)	COMPLETED	0	192223	1	-	44.2	0.5	3041222656	15220932608	1720919221	1424403
ww_fastpOut_reads_R	BAKTA (ww_fastpOut_reads_R)	COMPLETED	0	195476	1	-	43.9	0.5	3044646912	67333443584	1722618305	1449696
ww_fastpOut_reads_R	BAKTA (ww_fastpOut_reads_R)	COMPLETED	0	174534	1	-	50.0	0.5	3046076416	25711915008	1722463167	1448623
ww_fastpOut_reads_R	BAKTA (ww_fastpOut_reads_R)	COMPLETED	0	157729	1	-	54.3	0.4	3018694656	15392423936	1723923145	1481152
ww_fastpOut_reads_R	BAKTA (ww_fastpOut_reads_R)	COMPLETED	0	199313	1	-	43.3	0.5	3039391744	15086960640	1720495012	1423915
ww_fastpOut_reads_R	BAKTA (ww_fastpOut_reads_R)	COMPLETED	0	198890	1	-	54.3	0.5	3042250752	67495677952	2805591577	18696919
ww_fastpOut_reads_R	BAKTA (ww_fastpOut_reads_R)	COMPLETED	0	194984	1	-	44.0	0.5	3042983936	15110164480	1720803346	1440141
ww_fastpOut_reads_R	BAKTA (ww_fastpOut_reads_R)	COMPLETED	0	181084	1	-	45.7	0.5	3046510592	50654040064	1721457598	1422925
ww_fastpOut_reads_R	BAKTA (ww_fastpOut_reads_R)	COMPLETED	0	191070	1	-	43.4	0.5	3040804864	42307518464	1720903201	1423404
ww_fastpOut_reads_R	BAKTA (ww_fastpOut_reads_R)	COMPLETED	0	130150	1	-	77.7	0.5	3046854656	15512109056	2895529089	20792118
ww_fastpOut_reads_R	BAKTA (ww_fastpOut_reads_R)	COMPLETED	0	221157	1	-	46.2	0.5	3040976896	15197278208	2057847421	1485614
ww_fastpOut_reads_R	BAKTA (ww_fastpOut_reads_R)	COMPLETED	0	183398	1	-	47.9	0.5	3042754560	25708630016	1721469014	1422605
ww_fastpOut_reads_R	BAKTA (ww_fastpOut_reads_R)	COMPLETED	0	195208	1	-	46.6	0.5	3040616448	15332474880	1723237911	1502748
ww_fastpOut_reads_R	BAKTA (ww_fastpOut_reads_R)	COMPLETED	0	135318	1	-	75.3	0.5	3015933952	15557230592	2851550138	19766008
ww_fastpOut_reads_R	BAKTA (ww_fastpOut_reads_R)	COMPLETED	0	192203	1	-	45.3	0.5	3015331840	15332483072	1723266218	1467056
ww_fastpOut_reads_R	BAKTA (ww_fastpOut_reads_R)	COMPLETED	0	189553	1	-	45.8	0.5	3042824192	17373356032	1723621986	1480371
ww_fastpOut_reads_R	BAKTA (ww_fastpOut_reads_R)	COMPLETED	0	117567	1	-	83.6	0.5	3017732096	15417745408	2807178648	18739531
ww_fastpOut_reads_R	BAKTA (ww_fastpOut_reads_R)	COMPLETED	0	131035	1	-	73.8	0.5	3044560896	17397288960	2805424200	18698249
ww_fastpOut_reads_R	BAKTA (ww_fastpOut_reads_R)	COMPLETED	0	234483	1	-	43.2	0.5	3040366592	15139110912	2058010954	1483750
ww_fastpOut_reads_R	BAKTA (ww_fastpOut_reads_R)	COMPLETED	0	227419	1	-	45.4	0.5	3016028160	75814711296	2056632892	1472045
ww_fastpOut_reads_R	BAKTA (ww_fastpOut_reads_R)	COMPLETED	0	156861	1	-	63.7	0.5	3041296384	15574077440	2851899980	19766489
ww_fastpOut_reads_R	BAKTA (ww_fastpOut_reads_R)	COMPLETED	0	139506	1	-	72.7	0.5	3043729408	17355034624	2851689247	19764718
ww_fastpOut_reads_R	BAKTA (ww_fastpOut_reads_R)	COMPLETED	0	248709	1	-	40.5	0.5	3043221504	34061176832	2056827436	1472825
ww_fastpOut_reads_R	BAKTA (ww_fastpOut_reads_R)	COMPLETED	0	145148	1	-	69.7	0.5	3042205696	15527923712	2896038725	20791399
ww_fastpOut_reads_R	BAKTA (ww_fastpOut_reads_R)	COMPLETED	0	158548	1	-	63.9	0.5	3043688448	15601389568	2895580532	20791733
ww_fastpOut_reads_R	BAKTA (ww_fastpOut_reads_R)	COMPLETED	0	159147	1	-	64.2	0.5	3043975168	17379569664	2851882978	19765289
ww_fastpOut_reads_R	BAKTA (ww_fastpOut_reads_R)	COMPLETED	0	150476	1	-	66.7	0.5	3017433088	25729339392	2851734677	19763720
ww_fastpOut_reads_R	BAKTA (ww_fastpOut_reads_R)	COMPLETED	0	225054	1	-	45.2	0.5	3045269504	15141171200	2057194563	1483485
ww_fastpOut_reads_R	BAKTA (ww_fastpOut_reads_R)	COMPLETED	0	176546	1	-	50.5	0.5	3042652160	15573905408	1723936344	3114272
ww_fastpOut_reads_R	BAKTA (ww_fastpOut_reads_R)	COMPLETED	0	142465	1	-	68.4	0.5	3013234688	15292493824	2805531408	18697020
ww_fastpOut_reads_R	BAKTA (ww_fastpOut_reads_R)	COMPLETED	0	231495	1	-	43.9	0.5	3040796672	109098565632	2056979523	1456427
ww_fastpOut_reads_R	BAKTA (ww_fastpOut_reads_R)	COMPLETED	0	167393	1	-	61.8	0.5	3043045376	17398038528	2852141098	19764801
ww_fastpOut_reads_R	BAKTA (ww_fastpOut_reads_R)	COMPLETED	0	168831	1	-	61.0	0.5	3043790848	50778894336	2896154768	20790764
ww_fastpOut_reads_R	BAKTA (ww_fastpOut_reads_R)	COMPLETED	0	163634	1	-	60.7	0.5	3014250496	15357403136	2805861165	18696365
ww_fastpOut_reads_R	BAKTA (ww_fastpOut_reads_R)	COMPLETED	0	157761	1	-	61.5	0.5	3041525760	25728475136	2805789512	18696186
ww_fastpOut_reads_R	BAKTA (ww_fastpOut_reads_R)	COMPLETED	0	215903	1	-	46.1	0.5	3014717440	15108657152	2057264899	1457154
ww_fastpOut_reads_R	BAKTA (ww_fastpOut_reads_R)	COMPLETED	0	192435	1	-	46.3	0.5	3040686080	17370419200	1723486920	1465955
ww_fastpOut_reads_R	BAKTA (ww_fastpOut_reads_R)	COMPLETED	0	166946	1	-	59.2	0.5	3015581696	15349051392	2806884560	18738911
ww_fastpOut_reads_R	BAKTA (ww_fastpOut_reads_R)	COMPLETED	0	236635	1	-	43.3	0.5	3013459968	15114465280	2056985473	1456620
ww_fastpOut_reads_R	BAKTA (ww_fastpOut_reads_R)	COMPLETED	0	162974	1	-	61.4	0.5	3043557376	15494483968	2806705454	18738698
ww_fastpOut_reads_R	BAKTA (ww_fastpOut_reads_R)	COMPLETED	0	186061	1	-	46.2	0.5	3017191424	15258357760	1722982180	1464824
ww_fastpOut_reads_R	BAKTA (ww_fastpOut_reads_R)	COMPLETED	0	149240	1	-	65.5	0.5	3018371072	15438729216	2806878547	18738113
ww_fastpOut_reads_R	BAKTA (ww_fastpOut_reads_R)	COMPLETED	0	177607	1	-	55.7	0.5	3042906112	15324835840	2806944424	18721425
ww_fastpOut_reads_R	BAKTA (ww_fastpOut_reads_R)	COMPLETED	0	243264	1	-	42.5	0.5	3041931264	17327132672	2057193888	1471812
ww_fastpOut_reads_R	BAKTA (ww_fastpOut_reads_R)	COMPLETED	0	249364	1	-	41.2	0.5	3017965568	34116595712	2057259347	1471301
ww_fastpOut_reads_R	BAKTA (ww_fastpOut_reads_R)	COMPLETED	0	136243	1	-	72.1	0.5	3019374592	67482832896	2806991490	18738486
ww_fastpOut_reads_R	BAKTA (ww_fastpOut_reads_R)	COMPLETED	0	201875	1	-	45.3	0.5	3042332672	25733246976	2057369736	1484289
ww_fastpOut_reads_R	BAKTA (ww_fastpOut_reads_R)	COMPLETED	0	199886	1	-	46.5	0.5	3041632256	15303385088	2056370076	1472880
ww_fastpOut_reads_R	BAKTA (ww_fastpOut_reads_R)	COMPLETED	0	209021	1	-	46.1	0.5	3038691328	15208116224	2057417820	1483473
ww_fastpOut_reads_R	BAKTA (ww_fastpOut_reads_R)	COMPLETED	0	106231	1	-	90.4	0.5	3043463168	15326887936	2806836764	18720076
ww_fastpOut_reads_R	BAKTA (ww_fastpOut_reads_R)	COMPLETED	0	206289	1	-	45.4	0.5	3015749632	15158796288	2056651175	1472048
ww_fastpOut_reads_R	BAKTA (ww_fastpOut_reads_R)	COMPLETED	0	202918	1	-	45.1	0.5	3019227136	15149633536	2056152083	1473207
ww_fastpOut_reads_R	BAKTA (ww_fastpOut_reads_R)	COMPLETED	0	212547	1	-	41.8	0.5	3016855552	17401581568	2051999493	1267888
ww_fastpOut_reads_R	BAKTA (ww_fastpOut_reads_R)	COMPLETED	0	120074	1	-	79.7	0.5	3014328320	15294930944	2806922757	18738319
ww_fastpOut_reads_R	BAKTA (ww_fastpOut_reads_R)	COMPLETED	0	184404	1	-	49.0	0.5	3015245824	15090454528	2056780758	1472319
ww_fastpOut_reads_R	BAKTA (ww_fastpOut_reads_R)	COMPLETED	0	124565	1	-	80.6	0.5	3017924608	17395548160	2806699110	18721774
ww_fastpOut_reads_R	BAKTA (ww_fastpOut_reads_R)	COMPLETED	0	155388	1	-	54.6	0.5	3042779136	15213498368	1723036009	1465201
ww_fastpOut_reads_R	BAKTA (ww_fastpOut_reads_R)	COMPLETED	0	147955	1	-	66.2	0.5	3042103296	15446315008	2806695624	18737688
ww_fastpOut_reads_R	BAKTA (ww_fastpOut_reads_R)	COMPLETED	0	203905	1	-	44.6	0.5	3016257536	42471186432	2056279268	1457545
ww_fastpOut_reads_R	BAKTA (ww_fastpOut_reads_R)	COMPLETED	0	155939	1	-	67.6	0.4	3041845248	17383014400	2806160562	18698153
ww_fastpOut_reads_R	BAKTA (ww_fastpOut_reads_R)	COMPLETED	0	162338	1	-	56.0	0.5	3015499776	15179366400	2056542375	1456267
ww_fastpOut_reads_R	BAKTA (ww_fastpOut_reads_R)	COMPLETED	0	174828	1	-	53.2	0.5	3014582272	15289532416	2056863601	1471328
ww_fastpOut_reads_R	BAKTA (ww_fastpOut_reads_R)	COMPLETED	0	173852	1	-	49.7	0.5	3042242560	33975619584	1723894390	1448456
ww_fastpOut_reads_R	BAKTA (ww_fastpOut_reads_R)	COMPLETED	0	175271	1	-	52.5	0.5	3042062336	15250444288	1722857960	1480708
ww_fastpOut_reads_R	BAKTA (ww_fastpOut_reads_R)	COMPLETED	0	195189	1	-	46.8	0.5	3043250176	15126970368	2056336190	1456632
ww_fastpOut_reads_R	BAKTA (ww_fastpOut_reads_R)	COMPLETED	0	152785	1	-	71.0	0.5	3044864000	34106363904	2805774594	18696110
ww_fastpOut_reads_R	BAKTA (ww_fastpOut_reads_R)	COMPLETED	0	206442	1	-	52.4	0.5	3044519936	15303565312	2805693501	18697304
ww_fastpOut_reads_R	BAKTA (ww_fastpOut_reads_R)	COMPLETED	0	158895	1	-	54.2	0.5	3040550912	15387688960	1722883343	1448931
ww_fastpOut_reads_R	BAKTA (ww_fastpOut_reads_R)	COMPLETED	0	205615	1	-	46.4	0.5	3013402624	15105576960	1723158157	1482055
ww_fastpOut_reads_R	BAKTA (ww_fastpOut_reads_R)	COMPLETED	0	193463	1	-	54.6	0.5	3044196352	15359897600	2805787097	18696059
ww_fastpOut_reads_R	BAKTA (ww_fastpOut_reads_R)	COMPLETED	0	141388	1	-	60.8	0.5	3019284480	15186329600	1722441340	1465696
ww_fastpOut_reads_R	BAKTA (ww_fastpOut_reads_R)	COMPLETED	0	212040	1	-	48.0	0.5	3018948608	17352216576	2057840988	1485234
ww_fastpOut_reads_R	BAKTA (ww_fastpOut_reads_R)	COMPLETED	0	201248	1	-	47.2	0.5	3043282944	15160758272	1722692607	1469414
ww_fastpOut_reads_R	BAKTA (ww_fastpOut_reads_R)	COMPLETED	0	219061	1	-	42.0	0.5	3043229696	15160504320	1723012244	1468965
ww_fastpOut_reads_R	BAKTA (ww_fastpOut_reads_R)	COMPLETED	0	188098	1	-	54.4	0.3	3021103104	15198949376	2057711358	1484407
ww_fastpOut_reads_R	BAKTA (ww_fastpOut_reads_R)	COMPLETED	0	210284	1	-	50.1	0.5	3044913152	42425012224	2806230016	18696522
ww_fastpOut_reads_R	BAKTA (ww_fastpOut_reads_R)	COMPLETED	0	143606	1	-	61.8	0.5	3045519360	15104299008	1722045891	1437631
ww_fastpOut_reads_R	BAKTA (ww_fastpOut_reads_R)	COMPLETED	0	136912	1	-	72.0	0.5	3044315136	15373692928	2805258907	18696775
ww_fastpOut_reads_R	BAKTA (ww_fastpOut_reads_R)	COMPLETED	0	244845	1	-	41.2	0.5	3042914304	15128555520	2057994957	1484393
ww_fastpOut_reads_R	BAKTA (ww_fastpOut_reads_R)	COMPLETED	0	172815	1	-	59.2	0.4	3042201600	100833357824	2057093925	1456306
ww_fastpOut_reads_R	BAKTA (ww_fastpOut_reads_R)	COMPLETED	0	203338	1	-	49.6	0.5	3017826304	15197229056	2057778948	1484680
ww_fastpOut_reads_R	BAKTA (ww_fastpOut_reads_R)	COMPLETED	0	153644	1	-	58.7	0.5	3016290304	34036781056	1722594846	1436809
ww_fastpOut_reads_R	BAKTA (ww_fastpOut_reads_R)	COMPLETED	0	244062	1	-	41.9	0.5	3047100416	15329738752	2057732509	1484713
ww_fastpOut_reads_R	BAKTA (ww_fastpOut_reads_R)	COMPLETED	0	245419	1	-	37.8	0.5	3045793792	15247003648	1723092225	1480915
ww_fastpOut_reads_R	BAKTA (ww_fastpOut_reads_R)	COMPLETED	0	145821	1	-	66.5	0.5	3038986240	15175606272	2806060307	18697315
ww_fastpOut_reads_R	BAKTA (ww_fastpOut_reads_R)	COMPLETED	0	204286	1	-	45.1	0.4	3042885632	15225880576	1722769508	1467996
ww_fastpOut_reads_R	BAKTA (ww_fastpOut_reads_R)	COMPLETED	0	231127	1	-	44.3	0.5	3042562048	17329344512	2057107149	1472362
ww_fastpOut_reads_R	BAKTA (ww_fastpOut_reads_R)	COMPLETED	0	211010	1	-	42.7	0.5	3042648064	15190839296	1722341443	1452667
ww_fastpOut_reads_R	BAKTA (ww_fastpOut_reads_R)	COMPLETED	0	133246	1	-	65.9	0.5	3041112064	15544500224	1723833802	1515634
ww_fastpOut_reads_R	BAKTA (ww_fastpOut_reads_R)	COMPLETED	0	217172	1	-	46.1	0.5	3044368384	17383170048	2057617071	1456552
ww_fastpOut_reads_R	BAKTA (ww_fastpOut_reads_R)	COMPLETED	0	200431	1	-	50.1	0.5	3046793216	14724116480	2057150536	1455679
ww_fastpOut_reads_R	BAKTA (ww_fastpOut_reads_R)	COMPLETED	0	168923	1	-	54.0	0.5	3044319232	17368338432	2057601059	1484475
ww_fastpOut_reads_R	BAKTA (ww_fastpOut_reads_R)	COMPLETED	0	227765	1	-	39.5	0.5	3045187584	15187218432	1723102655	1480474
ww_fastpOut_reads_R	BAKTA (ww_fastpOut_reads_R)	COMPLETED	0	262971	1	-	38.9	0.5	3043012608	25720238080	2056979456	1473116
ww_fastpOut_reads_R	BAKTA (ww_fastpOut_reads_R)	COMPLETED	0	218981	1	-	41.3	0.5	3041243136	15106310144	1722415803	1437094
ww_fastpOut_reads_R	BAKTA (ww_fastpOut_reads_R)	COMPLETED	0	261056	1	-	38.2	0.3	3043340288	15190982656	2056226999	1457553
ww_fastpOut_reads_R	BAKTA (ww_fastpOut_reads_R)	COMPLETED	0	263385	1	-	38.2	0.5	3018993664	15069536256	2057269147	1472173
ww_fastpOut_reads_R	BAKTA (ww_fastpOut_reads_R)	COMPLETED	0	190182	1	-	47.7	0.5	3014332416	15602413568	1724459600	1529147
ww_fastpOut_reads_R	BAKTA (ww_fastpOut_reads_R)	COMPLETED	0	167747	1	-	57.3	0.5	3042316288	34025132032	2805076420	18696902
ww_fastpOut_reads_R	BAKTA (ww_fastpOut_reads_R)	COMPLETED	0	197633	1	-	43.4	0.5	3043807232	17374162944	1722368168	1447806
ww_fastpOut_reads_R	BAKTA (ww_fastpOut_reads_R)	COMPLETED	0	179632	1	-	54.5	0.5	3042414592	17354248192	2804545672	18696145
ww_fastpOut_reads_R	BAKTA (ww_fastpOut_reads_R)	COMPLETED	0	261095	1	-	34.2	0.5	3043741696	15127138304	1722371410	1453440
ww_fastpOut_reads_R	BAKTA (ww_fastpOut_reads_R)	COMPLETED	0	277679	1	-	37.1	0.5	3044089856	15127023616	2057087914	1455488
ww_fastpOut_reads_R	BAKTA (ww_fastpOut_reads_R)	COMPLETED	0	198728	1	-	47.6	0.5	3040894976	15191920640	2057110808	1484732
ww_fastpOut_reads_R	BAKTA (ww_fastpOut_reads_R)	COMPLETED	0	153929	1	-	58.3	0.5	3040645120	17372221440	1724698942	1527993
ww_fastpOut_reads_R	BAKTA (ww_fastpOut_reads_R)	COMPLETED	0	211921	1	-	42.9	0.5	3041546240	15039221760	1722303027	1436528
ww_fastpOut_reads_R	BAKTA (ww_fastpOut_reads_R)	COMPLETED	0	155435	1	-	57.7	0.5	3045847040	25709326336	1724099975	1516799
ww_fastpOut_reads_R	BAKTA (ww_fastpOut_reads_R)	COMPLETED	0	137997	1	-	65.2	0.5	3043307520	15659593728	1725156948	1527206
ww_fastpOut_reads_R	BAKTA (ww_fastpOut_reads_R)	COMPLETED	0	184508	1	-	48.6	0.5	3039862784	15659356160	1724086717	1528079
ww_fastpOut_reads_R	BAKTA (ww_fastpOut_reads_R)	COMPLETED	0	170611	1	-	54.8	0.5	3044556800	15143161856	2057327015	1484627
ww_fastpOut_reads_R	BAKTA (ww_fastpOut_reads_R)	COMPLETED	0	172442	1	-	53.3	0.5	3040182272	15201013760	2057393830	1483844
ww_fastpOut_reads_R	BAKTA (ww_fastpOut_reads_R)	COMPLETED	0	135038	1	-	66.4	0.5	3020832768	25713586176	1724649107	1528278
ww_fastpOut_reads_R	BAKTA (ww_fastpOut_reads_R)	COMPLETED	0	169046	1	-	54.5	0.5	3017879552	15181049856	2056985332	1457344
ww_fastpOut_reads_R	BAKTA (ww_fastpOut_reads_R)	COMPLETED	0	183279	1	-	47.6	0.5	3017465856	15512682496	1724254740	1515876
ww_fastpOut_reads_R	BAKTA (ww_fastpOut_reads_R)	COMPLETED	0	196521	1	-	44.7	0.5	3041247232	15244128256	1722969946	1503121
ww_fastpOut_reads_R	BAKTA (ww_fastpOut_reads_R)	COMPLETED	0	199066	1	-	47.5	0.5	3043725312	17396850688	2056671175	1456479
ww_fastpOut_reads_R	BAKTA (ww_fastpOut_reads_R)	COMPLETED	0	168106	1	-	52.5	0.5	3043688448	15530688512	1724368604	1515740
ww_fastpOut_reads_R	BAKTA (ww_fastpOut_reads_R)	COMPLETED	0	184947	1	-	48.7	0.5	3042017280	15623512064	1724006239	1528363
ww_fastpOut_reads_R	BAKTA (ww_fastpOut_reads_R)	COMPLETED	0	188985	1	-	49.5	0.5	3015712768	15290994688	2057108943	1471000
ww_fastpOut_reads_R	BAKTA (ww_fastpOut_reads_R)	COMPLETED	0	178075	1	-	52.0	0.5	3041554432	15103811584	2056438090	1471837
ww_fastpOut_reads_R	BAKTA (ww_fastpOut_reads_R)	COMPLETED	0	157789	1	-	55.5	0.5	3044372480	17314410496	1723886649	1484398
ww_fastpOut_reads_R	BAKTA (ww_fastpOut_reads_R)	COMPLETED	0	193262	1	-	45.9	0.5	3040190464	15408807936	1723485178	1485480
ww_fastpOut_reads_R	BAKTA (ww_fastpOut_reads_R)	COMPLETED	0	151987	1	-	61.5	0.5	3042832384	17310756864	1723065073	1468242
ww_fastpOut_reads_R	BAKTA (ww_fastpOut_reads_R)	COMPLETED	0	195972	1	-	46.8	0.5	3043745792	14724247552	2056703240	1472161
ww_fastpOut_reads_R	BAKTA (ww_fastpOut_reads_R)	COMPLETED	0	174959	1	-	53.3	0.5	3014299648	15114424320	2056391411	1455560
ww_fastpOut_reads_R	BAKTA (ww_fastpOut_reads_R)	COMPLETED	0	153227	1	-	59.8	0.5	3040927744	34028605440	2056895769	1455790
ww_fastpOut_reads_R	BAKTA (ww_fastpOut_reads_R)	COMPLETED	0	138279	1	-	64.1	0.5	3016077312	15383875584	1722758467	1514875
ww_fastpOut_reads_R	BAKTA (ww_fastpOut_reads_R)	COMPLETED	0	153578	1	-	56.3	0.5	3043131392	15450730496	1723796876	1484221
ww_fastpOut_reads_R	BAKTA (ww_fastpOut_reads_R)	COMPLETED	0	203102	1	-	46.3	0.5	3013738496	17329082368	2056567512	1456485
ww_fastpOut_reads_R	BAKTA (ww_fastpOut_reads_R)	COMPLETED	0	168132	1	-	55.0	0.5	3042697216	15293218816	1722708391	1468525
ww_fastpOut_reads_R	BAKTA (ww_fastpOut_reads_R)	COMPLETED	0	207651	1	-	44.5	0.5	3042127872	15252049920	1723136229	1481412
ww_fastpOut_reads_R	BAKTA (ww_fastpOut_reads_R)	COMPLETED	0	165632	1	-	55.0	0.5	3019001856	15105085440	1723278606	1480171
ww_fastpOut_reads_R	BAKTA (ww_fastpOut_reads_R)	COMPLETED	0	170873	1	-	51.4	0.5	3041804288	15405293568	1723964987	1514597
ww_fastpOut_reads_R	BAKTA (ww_fastpOut_reads_R)	COMPLETED	0	199608	1	-	45.5	0.5	3018285056	15174197248	1723315981	1481087
ww_fastpOut_reads_R	BAKTA (ww_fastpOut_reads_R)	COMPLETED	0	161987	1	-	57.0	0.5	3039449088	15160803328	1723427952	1468388
ww_fastpOut_reads_R	BAKTA (ww_fastpOut_reads_R)	COMPLETED	0	166734	1	-	52.5	0.5	3040858112	15248343040	1723099159	1447625
ww_fastpOut_reads_R	BAKTA (ww_fastpOut_reads_R)	COMPLETED	0	163345	1	-	55.6	0.5	3043049472	15629258752	1724643207	1527349
ww_fastpOut_reads_R	BAKTA (ww_fastpOut_reads_R)	COMPLETED	0	197385	1	-	44.7	0.5	3017719808	15521529856	1724312543	1498951
ww_fastpOut_reads_R	BAKTA (ww_fastpOut_reads_R)	COMPLETED	0	171315	1	-	52.2	0.5	3040878592	25705349120	1723326642	1502024
ww_fastpOut_reads_R	BAKTA (ww_fastpOut_reads_R)	COMPLETED	0	168637	1	-	53.1	0.5	3043799040	15062204416	1722088330	1452895
ww_fastpOut_reads_R	BAKTA (ww_fastpOut_reads_R)	COMPLETED	0	192703	1	-	46.8	0.5	3045498880	17372364800	1721838940	1453731
ww_fastpOut_reads_R	BAKTA (ww_fastpOut_reads_R)	COMPLETED	0	207584	1	-	44.9	0.5	3040874496	15093530624	1723103021	1467138
ww_fastpOut_reads_R	BAKTA (ww_fastpOut_reads_R)	COMPLETED	0	189056	1	-	48.8	0.5	2995961856	14701772800	1722731334	1467417
ww_fastpOut_reads_R	BAKTA (ww_fastpOut_reads_R)	COMPLETED	0	198396	1	-	45.8	0.5	3040481280	15063052288	1722854307	1451869
ww_fastpOut_reads_R	BAKTA (ww_fastpOut_reads_R)	COMPLETED	0	189772	1	-	47.0	0.5	3016900608	67334885376	1722849908	1437009
ww_fastpOut_reads_R	BAKTA (ww_fastpOut_reads_R)	COMPLETED	0	163308	1	-	55.0	0.4	3015618560	42378289152	1724588379	1513752
ww_fastpOut_reads_R	BAKTA (ww_fastpOut_reads_R)	COMPLETED	0	197651	1	-	44.2	0.5	3041615872	15239385088	1722652092	1448643
ww_fastpOut_reads_R	BAKTA (ww_fastpOut_reads_R)	COMPLETED	0	196012	1	-	46.1	0.5	3044200448	15532535808	1724223240	1514019
ww_fastpOut_reads_R	BAKTA (ww_fastpOut_reads_R)	COMPLETED	0	205106	1	-	44.8	0.5	3043418112	15065063424	1722142798	1452417
ww_fastpOut_reads_R	BAKTA (ww_fastpOut_reads_R)	COMPLETED	0	198039	1	-	45.6	0.5	3042217984	15189200896	1722570295	1452713
ww_fastpOut_reads_R	BAKTA (ww_fastpOut_reads_R)	COMPLETED	0	167162	1	-	53.6	0.5	3019321344	15111114752	1722553268	1451634
ww_fastpOut_reads_R	BAKTA (ww_fastpOut_reads_R)	COMPLETED	0	239401	1	-	38.7	0.5	3016368128	15225880576	1721864057	1437838
ww_fastpOut_reads_R	BAKTA (ww_fastpOut_reads_R)	COMPLETED	0	189088	1	-	46.6	0.5	3046473728	15652896768	1724869943	1525633
ww_fastpOut_reads_R	BAKTA (ww_fastpOut_reads_R)	COMPLETED	0	216320	1	-	41.7	0.5	3040845824	17372975104	1724222908	1526452
ww_fastpOut_reads_R	BAKTA (ww_fastpOut_reads_R)	COMPLETED	0	222234	1	-	41.6	0.5	3040980992	15248707584	1722785501	1479596
ww_fastpOut_reads_R	BAKTA (ww_fastpOut_reads_R)	COMPLETED	0	187275	1	-	48.4	0.5	3043360768	15106416640	1722332225	1436052
ww_fastpOut_reads_R	BAKTA (ww_fastpOut_reads_R)	COMPLETED	0	153199	1	-	57.3	0.5	3043958784	15529222144	1723903022	1498159
ww_fastpOut_reads_R	BAKTA (ww_fastpOut_reads_R)	COMPLETED	0	156532	1	-	56.5	0.5	3017322496	50663632896	1723639970	1498513
ww_fastpOut_reads_R	BAKTA (ww_fastpOut_reads_R)	COMPLETED	0	190862	1	-	45.9	0.4	3041071104	15534608384	1723563244	1498655
ww_fastpOut_reads_R	BAKTA (ww_fastpOut_reads_R)	COMPLETED	0	149302	1	-	60.5	0.5	3044540416	15504216064	1723668858	1482115
ww_fastpOut_reads_R	BAKTA (ww_fastpOut_reads_R)	COMPLETED	0	196353	1	-	44.3	0.5	3045396480	15394119680	1723554701	1483507
ww_fastpOut_reads_R	BAKTA (ww_fastpOut_reads_R)	COMPLETED	0	169916	1	-	52.2	0.5	3043278848	17372708864	1724377816	1514576
ww_fastpOut_reads_R	BAKTA (ww_fastpOut_reads_R)	COMPLETED	0	212341	1	-	42.1	0.5	3039494144	67316568064	1724138490	1513114
ww_fastpOut_reads_R	BAKTA (ww_fastpOut_reads_R)	COMPLETED	0	163552	1	-	55.6	0.5	3043241984	67315093504	1724838735	1527363
ww_fastpOut_reads_R	BAKTA (ww_fastpOut_reads_R)	COMPLETED	0	180581	1	-	51.1	0.5	3042635776	15535468544	1724791592	1516351
ww_fastpOut_reads_R	BAKTA (ww_fastpOut_reads_R)	COMPLETED	0	183730	1	-	52.1	0.5	3047522304	17366667264	2056771867	3038661
ww_fastpOut_reads_R	BAKTA (ww_fastpOut_reads_R)	COMPLETED	0	173074	1	-	50.7	0.5	3041533952	17372549120	1723762588	1482497
ww_fastpOut_reads_R	BAKTA (ww_fastpOut_reads_R)	COMPLETED	0	179978	1	-	50.2	0.5	3016417280	15526404096	1724323054	1515380
ww_fastpOut_reads_R	BAKTA (ww_fastpOut_reads_R)	COMPLETED	0	200721	1	-	44.6	0.5	3015606272	15629037568	1724479257	1528874
ww_fastpOut_reads_R	BAKTA (ww_fastpOut_reads_R)	COMPLETED	0	194931	1	-	46.1	0.5	3044679680	17309347840	1722940356	1515317
ww_fastpOut_reads_R	BAKTA (ww_fastpOut_reads_R)	COMPLETED	0	229304	1	-	38.9	0.5	3017220096	34041929728	1722247703	1435807
ww_fastpOut_reads_R	BAKTA (ww_fastpOut_reads_R)	COMPLETED	0	174947	1	-	51.2	0.5	3043106816	15505903616	1723879702	1514799
ww_fastpOut_reads_R	BAKTA (ww_fastpOut_reads_R)	COMPLETED	0	157926	1	-	55.6	0.4	3013898240	15386820608	1723560876	1485132
ww_fastpOut_reads_R	BAKTA (ww_fastpOut_reads_R)	COMPLETED	0	162517	1	-	54.6	0.5	3041177600	15482953728	1723505947	1500056
ww_fastpOut_reads_R	BAKTA (ww_fastpOut_reads_R)	COMPLETED	0	174853	1	-	49.0	0.5	3043340288	25706491904	1723442616	1515668
ww_fastpOut_reads_R	BAKTA (ww_fastpOut_reads_R)	COMPLETED	0	175789	1	-	48.8	0.5	3045765120	15419129856	1723537436	1500845
ww_fastpOut_reads_R	BAKTA (ww_fastpOut_reads_R)	COMPLETED	0	152018	1	-	59.1	0.5	3015835648	15532240896	1724628030	1526901
ww_fastpOut_reads_R	BAKTA (ww_fastpOut_reads_R)	COMPLETED	0	163804	1	-	53.3	0.5	3044732928	15389491200	1723347654	1484615
ww_fastpOut_reads_R	BAKTA (ww_fastpOut_reads_R)	COMPLETED	0	154240	1	-	58.1	0.5	3040743424	15518998528	1724393491	1515522
ww_fastpOut_reads_R	BAKTA (ww_fastpOut_reads_R)	COMPLETED	0	147587	1	-	60.6	0.4	3041738752	15595835392	1724348569	1515216
ww_fastpOut_reads_R	BAKTA (ww_fastpOut_reads_R)	COMPLETED	0	154430	1	-	57.9	0.5	3016073216	15643242496	1724814102	1514461
ww_fastpOut_reads_R	BAKTA (ww_fastpOut_reads_R)	COMPLETED	0	151027	1	-	57.5	0.5	3043688448	15412781056	1723414563	1500212
ww_fastpOut_reads_R	BAKTA (ww_fastpOut_reads_R)	COMPLETED	0	160748	1	-	54.7	0.5	3014926336	15527391232	1724109320	1499349
ww_fastpOut_reads_R	BAKTA (ww_fastpOut_reads_R)	COMPLETED	0	186189	1	-	48.3	0.5	3018362880	15475179520	1723834679	1500363
ww_fastpOut_reads_R	BAKTA (ww_fastpOut_reads_R)	COMPLETED	0	147123	1	-	61.9	0.5	3043643392	17372192768	1725264819	1525982
ww_fastpOut_reads_R	BAKTA (ww_fastpOut_reads_R)	COMPLETED	0	177375	1	-	52.3	0.5	3041644544	15721385984	1724512641	1527079
ww_fastpOut_reads_R	BAKTA (ww_fastpOut_reads_R)	COMPLETED	0	179941	1	-	48.9	0.5	3020922880	17373716480	1723991635	1499697
ww_fastpOut_reads_R	BAKTA (ww_fastpOut_reads_R)	COMPLETED	0	161844	1	-	69.4	0.8	4873678848	17918799872	2054920284	3007840
ww_fastpOut_reads_R	BAKTA (ww_fastpOut_reads_R)	COMPLETED	0	177605	1	-	50.7	0.5	3014070272	67309490176	1723856696	1484545
ww_fastpOut_reads_R	BAKTA (ww_fastpOut_reads_R)	COMPLETED	0	160427	1	-	56.2	0.5	3043344384	15622737920	1724183600	1513624
ww_fastpOut_reads_R	BAKTA (ww_fastpOut_reads_R)	COMPLETED	0	176661	1	-	50.9	0.5	3043188736	15521951744	1724090525	1514446
ww_fastpOut_reads_R	BAKTA (ww_fastpOut_reads_R)	COMPLETED	0	188745	1	-	46.9	0.5	3043450880	15502209024	1723538653	1483287
ww_fastpOut_reads_R	BAKTA (ww_fastpOut_reads_R)	COMPLETED	0	204371	1	-	44.4	0.5	3019378688	15600848896	1724598897	1526587
ww_fastpOut_reads_R	BAKTA (ww_fastpOut_reads_R)	COMPLETED	0	197611	1	-	44.9	0.5	3041796096	15602933760	1723705465	1498732
ww_fastpOut_reads_R	BAKTA (ww_fastpOut_reads_R)	COMPLETED	0	196844	1	-	45.2	0.5	3043307520	15300665344	1723548465	1503278
ww_fastpOut_reads_R	BAKTA (ww_fastpOut_reads_R)	COMPLETED	0	147227	1	-	59.3	0.5	3044528128	15466758144	1724392480	1482162
ww_fastpOut_reads_R	BAKTA (ww_fastpOut_reads_R)	COMPLETED	0	181902	1	-	46.9	0.5	3014950912	34047541248	1724251552	1499074
ww_fastpOut_reads_R	BAKTA (ww_fastpOut_reads_R)	COMPLETED	0	165976	1	-	52.3	0.5	3044528128	25640779776	1723846251	1502964
ww_fastpOut_reads_R	BAKTA (ww_fastpOut_reads_R)	COMPLETED	0	160117	1	-	57.1	0.5	3045330944	15639916544	1724952228	1526459
ww_fastpOut_reads_R	BAKTA (ww_fastpOut_reads_R)	COMPLETED	0	190217	1	-	47.4	0.5	3043643392	15670005760	1725038502	1514170
ww_fastpOut_reads_R	BAKTA (ww_fastpOut_reads_R)	COMPLETED	0	97421	1	-	92.8	0.5	3015823360	15379595264	2470959769	18712606
ww_fastpOut_reads_R	BAKTA (ww_fastpOut_reads_R)	COMPLETED	0	216786	1	-	41.8	0.5	3043790848	15576555520	1724643432	1513331
ww_fastpOut_reads_R	BAKTA (ww_fastpOut_reads_R)	COMPLETED	0	151804	1	-	62.6	0.5	3014569984	15326187520	2471062751	18713273
ww_fastpOut_reads_R	BAKTA (ww_fastpOut_reads_R)	COMPLETED	0	188935	1	-	49.7	0.5	3041337344	15723786240	1724547820	1527546
ww_fastpOut_reads_R	BAKTA (ww_fastpOut_reads_R)	COMPLETED	0	202375	1	-	42.1	0.5	3044249600	15380709376	1723369246	1483537
ww_fastpOut_reads_R	BAKTA (ww_fastpOut_reads_R)	COMPLETED	0	202934	1	-	42.7	0.5	3016249344	15332646912	1723380983	1483531
ww_fastpOut_reads_R	BAKTA (ww_fastpOut_reads_R)	COMPLETED	0	208016	1	-	41.9	0.5	3016007680	17372188672	1723809009	1499893
ww_fastpOut_reads_R	BAKTA (ww_fastpOut_reads_R)	COMPLETED	0	166049	1	-	54.5	0.5	3043594240	15525179392	1724521721	1512986
ww_fastpOut_reads_R	BAKTA (ww_fastpOut_reads_R)	COMPLETED	0	162691	1	-	54.7	0.5	3015065600	15391236096	1723849672	1499538
ww_fastpOut_reads_R	BAKTA (ww_fastpOut_reads_R)	COMPLETED	0	178537	1	-	47.8	0.5	3040251904	84039385088	1723336288	1499831
ww_fastpOut_reads_R	BAKTA (ww_fastpOut_reads_R)	COMPLETED	0	189031	1	-	47.1	0.5	3043680256	15531503616	1723922136	1515037
ww_fastpOut_reads_R	BAKTA (ww_fastpOut_reads_R)	COMPLETED	0	200568	1	-	45.3	0.5	3042738176	15785357312	1724576295	1526618
ww_fastpOut_reads_R	BAKTA (ww_fastpOut_reads_R)	COMPLETED	0	163220	1	-	54.2	0.5	3044466688	42383663104	1723101283	1499451
ww_fastpOut_reads_R	BAKTA (ww_fastpOut_reads_R)	COMPLETED	0	207711	1	-	41.4	0.5	3044593664	15587438592	1723957440	1498941
ww_fastpOut_reads_R	BAKTA (ww_fastpOut_reads_R)	COMPLETED	0	194135	1	-	45.0	0.5	3043389440	15540895744	1724784402	1513926
ww_fastpOut_reads_R	BAKTA (ww_fastpOut_reads_R)	COMPLETED	0	209096	1	-	41.8	0.5	3041611776	15350403072	1723590461	1483380
ww_fastpOut_reads_R	BAKTA (ww_fastpOut_reads_R)	COMPLETED	0	152048	1	-	56.5	0.5	3045662720	15241867264	1723099966	1502545
ww_fastpOut_reads_R	BAKTA (ww_fastpOut_reads_R)	COMPLETED	0	197660	1	-	46.5	0.5	3043074048	17312157696	1725157390	1526176
ww_fastpOut_reads_R	BAKTA (ww_fastpOut_reads_R)	COMPLETED	0	166754	1	-	51.9	0.5	3044827136	17375014912	1723724410	1502424
ww_fastpOut_reads_R	BAKTA (ww_fastpOut_reads_R)	COMPLETED	0	165443	1	-	52.8	0.5	3015684096	15300296704	1723377436	1482701
ww_fastpOut_reads_R	BAKTA (ww_fastpOut_reads_R)	COMPLETED	0	213068	1	-	42.6	0.5	3046658048	15650840576	1724396087	1514169
ww_fastpOut_reads_R	BAKTA (ww_fastpOut_reads_R)	COMPLETED	0	168618	1	-	52.6	0.5	3042185216	25704108032	1723648055	1498353
ww_fastpOut_reads_R	BAKTA (ww_fastpOut_reads_R)	COMPLETED	0	179064	1	-	49.0	0.5	3043065856	15303372800	1722862455	1498902
ww_fastpOut_reads_R	BAKTA (ww_fastpOut_reads_R)	COMPLETED	0	217072	1	-	41.1	0.5	3041689600	15473864704	1723357472	1499174
ww_fastpOut_reads_R	BAKTA (ww_fastpOut_reads_R)	COMPLETED	0	160241	1	-	53.7	0.4	3040075776	15235907584	1722696358	1498164
ww_fastpOut_reads_R	BAKTA (ww_fastpOut_reads_R)	COMPLETED	0	163835	1	-	52.8	0.5	3017113600	17374629888	1722899988	1483067
ww_fastpOut_reads_R	BAKTA (ww_fastpOut_reads_R)	COMPLETED	0	179801	1	-	47.1	0.5	3041742848	15280365568	1722320492	1487379
ww_fastpOut_reads_R	BAKTA (ww_fastpOut_reads_R)	COMPLETED	0	168794	1	-	50.3	0.5	3041083392	15232942080	1722514613	1471613
ww_fastpOut_reads_R	BAKTA (ww_fastpOut_reads_R)	COMPLETED	0	174208	1	-	49.4	0.5	3044085760	17373675520	1722581077	1498406
ww_fastpOut_reads_R	BAKTA (ww_fastpOut_reads_R)	COMPLETED	0	172234	1	-	50.5	0.5	3020029952	34048462848	1723817572	1514347
ww_fastpOut_reads_R	BAKTA (ww_fastpOut_reads_R)	COMPLETED	0	192619	1	-	43.9	0.5	3044089856	17373577216	1721813011	1486782
ww_fastpOut_reads_R	BAKTA (ww_fastpOut_reads_R)	COMPLETED	0	172197	1	-	50.0	0.5	3043459072	15342096384	1723092901	1501242
ww_fastpOut_reads_R	BAKTA (ww_fastpOut_reads_R)	COMPLETED	0	140317	1	-	59.6	0.5	3040583680	15296884736	1722146212	1469909
ww_fastpOut_reads_R	BAKTA (ww_fastpOut_reads_R)	COMPLETED	0	159507	1	-	54.3	0.5	3042873344	42372567040	1723861343	1497662
ww_fastpOut_reads_R	BAKTA (ww_fastpOut_reads_R)	COMPLETED	0	161443	1	-	52.3	0.5	3043196928	15202021376	1721762508	1485674
ww_fastpOut_reads_R	BAKTA (ww_fastpOut_reads_R)	COMPLETED	0	163684	1	-	52.3	0.5	3042156544	15275118592	1722122405	1486359
ww_fastpOut_reads_R	BAKTA (ww_fastpOut_reads_R)	COMPLETED	0	178847	1	-	48.4	0.5	3046744064	15334744064	1723526375	1483885
ww_fastpOut_reads_R	BAKTA (ww_fastpOut_reads_R)	COMPLETED	0	142413	1	-	61.1	0.5	3042500608	15459991552	1724033157	1497399
ww_fastpOut_reads_R	BAKTA (ww_fastpOut_reads_R)	COMPLETED	0	164421	1	-	51.9	0.5	3042492416	84044599296	1723797709	1482982
ww_fastpOut_reads_R	BAKTA (ww_fastpOut_reads_R)	COMPLETED	0	171842	1	-	50.5	0.5	3015569408	15229440000	1722347979	1485917
ww_fastpOut_reads_R	BAKTA (ww_fastpOut_reads_R)	COMPLETED	0	145541	1	-	68.0	0.5	3043221504	14724120576	2805739883	18701651
ww_fastpOut_reads_R	BAKTA (ww_fastpOut_reads_R)	COMPLETED	0	181139	1	-	47.7	0.5	3020017664	34041839616	1723138474	1481642
ww_fastpOut_reads_R	BAKTA (ww_fastpOut_reads_R)	COMPLETED	0	108061	1	-	88.1	0.5	3018231808	15233187840	2805231825	18701870
ww_fastpOut_reads_R	BAKTA (ww_fastpOut_reads_R)	COMPLETED	0	169588	1	-	50.0	0.5	3041439744	15241756672	1722476738	1470532
ww_fastpOut_reads_R	BAKTA (ww_fastpOut_reads_R)	COMPLETED	0	163726	1	-	53.0	0.5	3018027008	15311417344	1723390161	1501505
ww_fastpOut_reads_R	BAKTA (ww_fastpOut_reads_R)	COMPLETED	0	137167	1	-	70.8	0.5	3042742272	15261204480	2805185294	18703371
ww_fastpOut_reads_R	BAKTA (ww_fastpOut_reads_R)	COMPLETED	0	163161	1	-	54.8	0.5	3043614720	15660974080	1724700105	1528039
ww_fastpOut_reads_R	BAKTA (ww_fastpOut_reads_R)	COMPLETED	0	159994	1	-	54.0	0.5	3011588096	15213584384	1722463982	1470115
ww_fastpOut_reads_R	BAKTA (ww_fastpOut_reads_R)	COMPLETED	0	162094	1	-	56.3	0.5	3016179712	14702366720	1724759062	1527737
ww_fastpOut_reads_R	BAKTA (ww_fastpOut_reads_R)	COMPLETED	0	183189	1	-	49.5	0.5	3042545664	15201538048	2056937479	3040332
ww_fastpOut_reads_R	BAKTA (ww_fastpOut_reads_R)	COMPLETED	0	209211	1	-	42.1	0.5	3040571392	15220453376	1722780478	1470720
ww_fastpOut_reads_R	BAKTA (ww_fastpOut_reads_R)	COMPLETED	0	147212	1	-	66.3	0.5	3045666816	15250882560	2805558401	18702729
ww_fastpOut_reads_R	BAKTA (ww_fastpOut_reads_R)	COMPLETED	0	186389	1	-	47.8	0.5	3044589568	15329083392	1723471469	1514609
ww_fastpOut_reads_R	BAKTA (ww_fastpOut_reads_R)	COMPLETED	0	145306	1	-	59.8	0.4	3044626432	15394607104	1723287179	1513599
ww_fastpOut_reads_R	BAKTA (ww_fastpOut_reads_R)	COMPLETED	0	169954	1	-	53.7	0.5	3012124672	15695433728	1724620728	1526109
ww_fastpOut_reads_R	BAKTA (ww_fastpOut_reads_R)	COMPLETED	0	196109	1	-	43.3	0.4	3041828864	17307914240	1722455762	1487005
ww_fastpOut_reads_R	BAKTA (ww_fastpOut_reads_R)	COMPLETED	0	190463	1	-	48.1	0.5	3015307264	15434522624	1724003840	1514607
ww_fastpOut_reads_R	BAKTA (ww_fastpOut_reads_R)	COMPLETED	0	182185	1	-	48.2	0.5	3046461440	15361097728	1722780140	1484400
ww_fastpOut_reads_R	BAKTA (ww_fastpOut_reads_R)	COMPLETED	0	216224	1	-	42.6	0.5	3018223616	15703887872	1724405324	1527149
ww_fastpOut_reads_R	BAKTA (ww_fastpOut_reads_R)	COMPLETED	0	221689	1	-	42.7	0.5	3044118528	17356206080	2057000481	1491311
ww_fastpOut_reads_R	BAKTA (ww_fastpOut_reads_R)	COMPLETED	0	195790	1	-	47.8	0.5	3045453824	17356550144	2056773033	1489282
ww_fastpOut_reads_R	BAKTA (ww_fastpOut_reads_R)	COMPLETED	0	191849	1	-	46.5	0.5	3046346752	15403806720	1723616531	1499651
ww_fastpOut_reads_R	BAKTA (ww_fastpOut_reads_R)	COMPLETED	0	109920	1	-	83.7	0.5	3043168256	15359668224	2471605487	18713542
ww_fastpOut_reads_R	BAKTA (ww_fastpOut_reads_R)	COMPLETED	0	168430	1	-	51.7	0.5	3014877184	15311671296	1722709552	1513749
ww_fastpOut_reads_R	BAKTA (ww_fastpOut_reads_R)	COMPLETED	0	172484	1	-	49.8	0.5	3042361344	15348416512	1723523067	1483145
ww_fastpOut_reads_R	BAKTA (ww_fastpOut_reads_R)	COMPLETED	0	179086	1	-	51.7	0.5	3041943552	25732132864	2056355198	1478019
ww_fastpOut_reads_R	BAKTA (ww_fastpOut_reads_R)	COMPLETED	0	206158	1	-	43.8	0.5	3041832960	15300325376	1723490387	1483934
ww_fastpOut_reads_R	BAKTA (ww_fastpOut_reads_R)	COMPLETED	0	210003	1	-	44.7	0.5	3044278272	15245938688	2056708157	1478724
ww_fastpOut_reads_R	BAKTA (ww_fastpOut_reads_R)	COMPLETED	0	181880	1	-	48.5	0.5	3045060608	15390908416	1723990700	1497843
ww_fastpOut_reads_R	BAKTA (ww_fastpOut_reads_R)	COMPLETED	0	130398	1	-	71.0	0.5	3041726464	15297839104	2471442859	18713863
ww_fastpOut_reads_R	BAKTA (ww_fastpOut_reads_R)	COMPLETED	0	125184	1	-	74.7	0.5	3040120832	15485149184	2471258971	18711731
ww_fastpOut_reads_R	BAKTA (ww_fastpOut_reads_R)	COMPLETED	0	119595	1	-	74.3	0.5	3042021376	15419723776	2471014790	18713431
ww_fastpOut_reads_R	BAKTA (ww_fastpOut_reads_R)	COMPLETED	0	179353	1	-	49.2	0.5	3043119104	17306546176	1723841344	1482932
ww_fastpOut_reads_R	BAKTA (ww_fastpOut_reads_R)	COMPLETED	0	193013	1	-	45.8	0.5	3044364288	25639612416	1723922194	1498603
ww_fastpOut_reads_R	BAKTA (ww_fastpOut_reads_R)	COMPLETED	0	133596	1	-	72.6	0.4	3046010880	15329263616	2805206480	18703113
ww_fastpOut_reads_R	BAKTA (ww_fastpOut_reads_R)	COMPLETED	0	164857	1	-	53.7	0.5	3042713600	15451746304	1723914884	1498052
ww_fastpOut_reads_R	BAKTA (ww_fastpOut_reads_R)	COMPLETED	0	154597	1	-	55.1	0.4	3045019648	15405940736	1723204855	1501926
ww_fastpOut_reads_R	BAKTA (ww_fastpOut_reads_R)	COMPLETED	0	154702	1	-	60.5	0.5	3042959360	15405998080	2470964802	18713477
ww_fastpOut_reads_R	BAKTA (ww_fastpOut_reads_R)	COMPLETED	0	142246	1	-	70.8	0.5	3043643392	17382002688	2805172194	18703390
ww_fastpOut_reads_R	BAKTA (ww_fastpOut_reads_R)	COMPLETED	0	164646	1	-	52.0	0.5	3014443008	34042699776	1723435987	1482475
ww_fastpOut_reads_R	BAKTA (ww_fastpOut_reads_R)	COMPLETED	0	130618	1	-	71.7	0.5	3045478400	15392006144	2471513793	18712701
ww_fastpOut_reads_R	BAKTA (ww_fastpOut_reads_R)	COMPLETED	0	166661	1	-	52.6	0.5	3015626752	15297708032	1723299379	1499118
ww_fastpOut_reads_R	BAKTA (ww_fastpOut_reads_R)	COMPLETED	0	141021	1	-	70.2	0.5	3038408704	17384226816	2805686718	18702490
ww_fastpOut_reads_R	BAKTA (ww_fastpOut_reads_R)	COMPLETED	0	166469	1	-	56.7	0.5	3044614144	15077126144	2056487809	1462166
ww_fastpOut_reads_R	BAKTA (ww_fastpOut_reads_R)	COMPLETED	0	182997	1	-	48.2	0.5	3043385344	15289536512	1722766594	1500249
ww_fastpOut_reads_R	BAKTA (ww_fastpOut_reads_R)	COMPLETED	0	215935	1	-	42.9	0.5	3014914048	15161266176	2056696928	1477984
ww_fastpOut_reads_R	BAKTA (ww_fastpOut_reads_R)	COMPLETED	0	137985	1	-	71.4	0.5	3017420800	15301861376	2804708462	18702629
ww_fastpOut_reads_R	BAKTA (ww_fastpOut_reads_R)	COMPLETED	0	204035	1	-	46.3	0.5	3037028352	17385619456	2056950636	1476874
ww_fastpOut_reads_R	BAKTA (ww_fastpOut_reads_R)	COMPLETED	0	199434	1	-	45.8	0.5	3041566720	59115720704	2056726302	1461784
ww_fastpOut_reads_R	BAKTA (ww_fastpOut_reads_R)	COMPLETED	0	196784	1	-	48.8	0.5	3044200448	42452045824	2058073130	1490788
ww_fastpOut_reads_R	BAKTA (ww_fastpOut_reads_R)	COMPLETED	0	220614	1	-	41.8	0.5	3013500928	15127547904	2056958531	1461295
ww_fastpOut_reads_R	BAKTA (ww_fastpOut_reads_R)	COMPLETED	0	209766	1	-	46.1	0.5	3043237888	15282065408	2057334757	1491501
ww_fastpOut_reads_R	BAKTA (ww_fastpOut_reads_R)	COMPLETED	0	186863	1	-	46.0	0.5	3041271808	15295049728	1722314379	1499248
ww_fastpOut_reads_R	BAKTA (ww_fastpOut_reads_R)	COMPLETED	0	182026	1	-	47.2	0.4	3043311616	17308717056	1722139767	1471518
ww_fastpOut_reads_R	BAKTA (ww_fastpOut_reads_R)	COMPLETED	0	143681	1	-	67.7	0.5	3043287040	25730146304	2805276876	18702595
ww_fastpOut_reads_R	BAKTA (ww_fastpOut_reads_R)	COMPLETED	0	184101	1	-	46.2	0.5	3043577856	17306497024	1721924513	1471102
ww_fastpOut_reads_R	BAKTA (ww_fastpOut_reads_R)	COMPLETED	0	205774	1	-	44.7	0.5	3043164160	15245942784	2056392285	1479030
ww_fastpOut_reads_R	BAKTA (ww_fastpOut_reads_R)	COMPLETED	0	218636	1	-	40.4	0.5	3041550336	15392153600	1722408348	1487667
ww_fastpOut_reads_R	BAKTA (ww_fastpOut_reads_R)	COMPLETED	0	144597	1	-	66.8	0.5	3044040704	25762004992	2805916421	18702177
ww_fastpOut_reads_R	BAKTA (ww_fastpOut_reads_R)	COMPLETED	0	174049	1	-	50.4	0.5	3046637568	59061342208	1723841099	1502280
ww_fastpOut_reads_R	BAKTA (ww_fastpOut_reads_R)	COMPLETED	0	156201	1	-	62.6	0.5	3016843264	59124318208	2805224133	18703476
ww_fastpOut_reads_R	BAKTA (ww_fastpOut_reads_R)	COMPLETED	0	191446	1	-	49.5	0.5	3041734656	15173750784	2056733231	1479340
ww_fastpOut_reads_R	BAKTA (ww_fastpOut_reads_R)	COMPLETED	0	198291	1	-	43.8	0.5	3041611776	15159906304	1722105087	1471897
ww_fastpOut_reads_R	BAKTA (ww_fastpOut_reads_R)	COMPLETED	0	145042	1	-	67.6	0.5	3041988608	15190593536	2805610467	18701787
ww_fastpOut_reads_R	BAKTA (ww_fastpOut_reads_R)	COMPLETED	0	177314	1	-	50.9	0.5	3014746112	15200104448	2057006447	1462442
ww_fastpOut_reads_R	BAKTA (ww_fastpOut_reads_R)	COMPLETED	0	198267	1	-	43.1	0.5	3013087232	15220592640	1722585161	1470906
ww_fastpOut_reads_R	BAKTA (ww_fastpOut_reads_R)	COMPLETED	0	178152	1	-	52.3	0.5	3018653696	15272517632	2057642341	1491017
ww_fastpOut_reads_R	BAKTA (ww_fastpOut_reads_R)	COMPLETED	0	195756	1	-	48.8	0.5	3043627008	14662303744	2056571148	1477285
ww_fastpOut_reads_R	BAKTA (ww_fastpOut_reads_R)	COMPLETED	0	158173	1	-	55.3	0.5	3046006784	15317327872	1722188539	1487480
ww_fastpOut_reads_R	BAKTA (ww_fastpOut_reads_R)	COMPLETED	0	164369	1	-	52.3	0.5	3040927744	15105187840	1722598500	1478319
ww_fastpOut_reads_R	BAKTA (ww_fastpOut_reads_R)	COMPLETED	0	228152	1	-	40.3	0.5	3018354688	15288127488	2056747054	1478251
ww_fastpOut_reads_R	BAKTA (ww_fastpOut_reads_R)	COMPLETED	0	177130	1	-	52.4	0.5	3042721792	15140126720	2056376191	1462649
ww_fastpOut_reads_R	BAKTA (ww_fastpOut_reads_R)	COMPLETED	0	196849	1	-	46.7	0.5	3043627008	15210340352	2057210475	1490280
ww_fastpOut_reads_R	BAKTA (ww_fastpOut_reads_R)	COMPLETED	0	200003	1	-	45.7	0.5	3016503296	17362800640	2057564248	1490509
ww_fastpOut_reads_R	BAKTA (ww_fastpOut_reads_R)	COMPLETED	0	175615	1	-	53.8	0.5	3042848768	15207190528	2056813014	1462857
ww_fastpOut_reads_R	BAKTA (ww_fastpOut_reads_R)	COMPLETED	0	194870	1	-	48.5	0.5	3041923072	15138783232	2057611730	1490417
ww_fastpOut_reads_R	BAKTA (ww_fastpOut_reads_R)	COMPLETED	0	192424	1	-	48.2	0.5	3043418112	25730535424	2057376063	1490040
ww_fastpOut_reads_R	BAKTA (ww_fastpOut_reads_R)	COMPLETED	0	191209	1	-	44.0	0.5	3043823616	15172816896	1722125959	1477971
ww_fastpOut_reads_R	BAKTA (ww_fastpOut_reads_R)	COMPLETED	0	199410	1	-	47.8	0.5	3039256576	15203319808	2057297479	1489545
ww_fastpOut_reads_R	BAKTA (ww_fastpOut_reads_R)	COMPLETED	0	179393	1	-	51.0	0.5	3045113856	15173746688	2056130693	1479020
ww_fastpOut_reads_R	BAKTA (ww_fastpOut_reads_R)	COMPLETED	0	198515	1	-	47.9	0.5	3015790592	15194570752	2056578019	1463202
ww_fastpOut_reads_R	BAKTA (ww_fastpOut_reads_R)	COMPLETED	0	177175	1	-	52.7	0.5	3044528128	15233691648	2056798629	1477891
ww_fastpOut_reads_R	BAKTA (ww_fastpOut_reads_R)	COMPLETED	0	196040	1	-	44.7	0.5	3044425728	15171362816	1721586635	1477141
ww_fastpOut_reads_R	BAKTA (ww_fastpOut_reads_R)	COMPLETED	0	122752	1	-	79.1	0.5	3042693120	15395422208	2805669628	18704059
ww_fastpOut_reads_R	BAKTA (ww_fastpOut_reads_R)	COMPLETED	0	172681	1	-	48.6	0.5	3041730560	15148646400	1721789455	1461577
ww_fastpOut_reads_R	BAKTA (ww_fastpOut_reads_R)	COMPLETED	0	169113	1	-	50.3	0.5	3041869824	15102955520	1722040958	1476214
ww_fastpOut_reads_R	BAKTA (ww_fastpOut_reads_R)	COMPLETED	0	179166	1	-	51.5	0.5	3044061184	15140102144	2056716122	1462122
ww_fastpOut_reads_R	BAKTA (ww_fastpOut_reads_R)	COMPLETED	0	157110	1	-	58.2	0.5	3039436800	15166869504	2056756472	1477100
ww_fastpOut_reads_R	BAKTA (ww_fastpOut_reads_R)	COMPLETED	0	145861	1	-	58.0	0.4	3042258944	92406878208	1721053740	1446595
ww_fastpOut_reads_R	BAKTA (ww_fastpOut_reads_R)	COMPLETED	0	142923	1	-	59.2	0.5	3017322496	15097196544	1721219996	1447106
ww_fastpOut_reads_R	BAKTA (ww_fastpOut_reads_R)	COMPLETED	0	209362	1	-	44.5	0.5	3043430400	42467729408	2055949382	1462390
ww_fastpOut_reads_R	BAKTA (ww_fastpOut_reads_R)	COMPLETED	0	202761	1	-	45.9	0.5	3040632832	15313117184	2056441538	1477666
ww_fastpOut_reads_R	BAKTA (ww_fastpOut_reads_R)	COMPLETED	0	171377	1	-	50.0	0.5	3040600064	15085801472	1722175920	1461355
ww_fastpOut_reads_R	BAKTA (ww_fastpOut_reads_R)	COMPLETED	0	129890	1	-	74.4	0.5	3042750464	15195242496	2805753162	18703026
ww_fastpOut_reads_R	BAKTA (ww_fastpOut_reads_R)	COMPLETED	0	143312	1	-	60.3	0.5	3015802880	15228624896	1721966922	1486280
ww_fastpOut_reads_R	BAKTA (ww_fastpOut_reads_R)	COMPLETED	0	135547	1	-	71.0	0.5	3043147776	15323238400	2805496790	18701993
ww_fastpOut_reads_R	BAKTA (ww_fastpOut_reads_R)	COMPLETED	0	158724	1	-	52.7	0.5	3012210688	92374110208	1721692615	1429266
ww_fastpOut_reads_R	BAKTA (ww_fastpOut_reads_R)	COMPLETED	0	167456	1	-	51.2	0.5	3042172928	17309274112	1721918173	1461682
ww_fastpOut_reads_R	BAKTA (ww_fastpOut_reads_R)	COMPLETED	0	152946	1	-	56.2	0.5	3015614464	25711292416	1722045055	1427486
ww_fastpOut_reads_R	BAKTA (ww_fastpOut_reads_R)	COMPLETED	0	137042	1	-	71.5	0.5	3015864320	15173386240	2805554011	18702699
ww_fastpOut_reads_R	BAKTA (ww_fastpOut_reads_R)	COMPLETED	0	162665	1	-	51.5	0.5	3016081408	15172583424	1721178668	1445539
ww_fastpOut_reads_R	BAKTA (ww_fastpOut_reads_R)	COMPLETED	0	182302	1	-	50.1	0.5	3012321280	75848396800	2056725294	1461090
ww_fastpOut_reads_R	BAKTA (ww_fastpOut_reads_R)	COMPLETED	0	169571	1	-	50.6	0.5	3041640448	15392501760	1722254280	1486716
ww_fastpOut_reads_R	BAKTA (ww_fastpOut_reads_R)	COMPLETED	0	179542	1	-	46.2	0.4	3015733248	17307865088	1720950288	1429411
ww_fastpOut_reads_R	BAKTA (ww_fastpOut_reads_R)	COMPLETED	0	158914	1	-	53.0	0.5	3015524352	15079211008	1721349288	1428478
ww_fastpOut_reads_R	BAKTA (ww_fastpOut_reads_R)	COMPLETED	0	160333	1	-	59.6	0.5	3040780288	25678983168	2057203049	1490028
ww_fastpOut_reads_R	BAKTA (ww_fastpOut_reads_R)	COMPLETED	0	173369	1	-	49.8	0.5	3043627008	15250030592	1722587934	1486635
ww_fastpOut_reads_R	BAKTA (ww_fastpOut_reads_R)	COMPLETED	0	177204	1	-	52.2	0.4	3017375744	15190429696	2057528252	1490867
ww_fastpOut_reads_R	BAKTA (ww_fastpOut_reads_R)	COMPLETED	0	181266	1	-	51.3	0.5	3044446208	15147126784	2057254613	1489732
ww_fastpOut_reads_R	BAKTA (ww_fastpOut_reads_R)	COMPLETED	0	224198	1	-	40.8	0.5	3040387072	17395216384	2056902465	1490886
ww_fastpOut_reads_R	BAKTA (ww_fastpOut_reads_R)	COMPLETED	0	179512	1	-	48.3	0.5	3044888576	17374253056	1722614434	1469816
ww_fastpOut_reads_R	BAKTA (ww_fastpOut_reads_R)	COMPLETED	0	182473	1	-	47.5	0.5	3041566720	15300308992	1722746277	1485289
ww_fastpOut_reads_R	BAKTA (ww_fastpOut_reads_R)	COMPLETED	0	166858	1	-	54.0	0.5	3043876864	25640501248	1724106932	3112268
ww_fastpOut_reads_R	BAKTA (ww_fastpOut_reads_R)	COMPLETED	0	201441	1	-	46.0	0.5	3041296384	15142821888	2057310980	1490454
ww_fastpOut_reads_R	BAKTA (ww_fastpOut_reads_R)	COMPLETED	0	177827	1	-	48.1	0.4	3014537216	17310724096	1723644747	1498132
ww_fastpOut_reads_R	BAKTA (ww_fastpOut_reads_R)	COMPLETED	0	163542	1	-	71.5	0.5	3102003200	16142913536	3086082773	26735568
ww_fastpOut_reads_R	BAKTA (ww_fastpOut_reads_R)	COMPLETED	0	164799	1	-	55.8	0.5	3044401152	15140339712	2056147196	1462858
ww_fastpOut_reads_R	BAKTA (ww_fastpOut_reads_R)	COMPLETED	0	179629	1	-	50.5	0.4	3016314880	67377745920	2056365652	1463651
ww_fastpOut_reads_R	BAKTA (ww_fastpOut_reads_R)	COMPLETED	0	162939	1	-	52.0	0.5	3044311040	15260233728	2037101010	1583650
ww_fastpOut_reads_R	BAKTA (ww_fastpOut_reads_R)	COMPLETED	0	162044	1	-	52.5	0.5	3015655424	15281119232	1722856905	1471941
ww_fastpOut_reads_R	BAKTA (ww_fastpOut_reads_R)	COMPLETED	0	143892	1	-	59.7	0.5	3042738176	14724100096	1721726781	1462682
ww_fastpOut_reads_R	BAKTA (ww_fastpOut_reads_R)	COMPLETED	0	184150	1	-	49.7	0.5	3014369280	17381199872	2056644703	1477972
ww_fastpOut_reads_R	BAKTA (ww_fastpOut_reads_R)	COMPLETED	0	166983	1	-	52.6	0.5	3044843520	17374179328	1721195576	1461749
ww_fastpOut_reads_R	BAKTA (ww_fastpOut_reads_R)	COMPLETED	0	227409	1	-	41.2	0.5	3044409344	15274164224	2056577926	1463170
ww_fastpOut_reads_R	BAKTA (ww_fastpOut_reads_R)	COMPLETED	0	198421	1	-	49.8	0.7	3799375872	16780668928	2046729859	1463294
ww_fastpOut_reads_R	BAKTA (ww_fastpOut_reads_R)	COMPLETED	0	174671	1	-	51.4	0.5	3042004992	15233720320	2046931496	1921546
ww_fastpOut_reads_R	BAKTA (ww_fastpOut_reads_R)	COMPLETED	0	249204	1	-	37.5	0.5	3044114432	34026819584	2056718351	1478499
ww_fastpOut_reads_R	BAKTA (ww_fastpOut_reads_R)	COMPLETED	0	225489	1	-	41.7	0.5	3014352896	17332129792	2056620015	1477534
ww_fastpOut_reads_R	BAKTA (ww_fastpOut_reads_R)	COMPLETED	0	142074	1	-	61.2	0.5	3041591296	15378710528	1721963921	1470825
ww_fastpOut_reads_R	BAKTA (ww_fastpOut_reads_R)	COMPLETED	0	222431	1	-	42.2	0.5	3015245824	15127343104	2056683571	1462317
ww_fastpOut_reads_R	BAKTA (ww_fastpOut_reads_R)	COMPLETED	0	160845	1	-	53.5	0.5	3046469632	15106355200	1722134308	1477471
ww_fastpOut_reads_R	BAKTA (ww_fastpOut_reads_R)	COMPLETED	0	235736	1	-	39.9	0.5	3045523456	15178231808	2056761536	1478281
ww_fastpOut_reads_R	BAKTA (ww_fastpOut_reads_R)	COMPLETED	0	227718	1	-	41.6	0.5	3043389440	15140409344	2056305809	1461802
ww_fastpOut_reads_R	BAKTA (ww_fastpOut_reads_R)	COMPLETED	0	148043	1	-	57.2	0.5	3045253120	15085723648	1722518566	1460589
ww_fastpOut_reads_R	BAKTA (ww_fastpOut_reads_R)	COMPLETED	0	233676	1	-	40.6	0.5	3016052736	15063113728	2056509521	1461405
ww_fastpOut_reads_R	BAKTA (ww_fastpOut_reads_R)	COMPLETED	0	198359	1	-	42.2	0.5	3040710656	17373179904	1721901117	1462385
ww_fastpOut_reads_R	BAKTA (ww_fastpOut_reads_R)	COMPLETED	0	222665	1	-	41.0	0.5	3016065024	25751166976	2055607648	3024806
ww_fastpOut_reads_R	BAKTA (ww_fastpOut_reads_R)	COMPLETED	0	168220	1	-	50.0	0.5	3013398528	17371365376	1721936228	1476499
ww_fastpOut_reads_R	BAKTA (ww_fastpOut_reads_R)	COMPLETED	0	156961	1	-	81.1	0.5	3048759296	50859114496	3274009999	30363410
ww_fastpOut_reads_R	BAKTA (ww_fastpOut_reads_R)	COMPLETED	0	203524	1	-	46.3	0.6	4066000896	17163481088	1715540178	2876038
ww_fastpOut_reads_R	BAKTA (ww_fastpOut_reads_R)	COMPLETED	0	179727	1	-	53.7	0.6	3429097472	16602873856	2049365831	2527768
ww_fastpOut_reads_R	BAKTA (ww_fastpOut_reads_R)	COMPLETED	0	169051	1	-	51.9	0.5	3044827136	42381000704	1722721608	1471081
ww_fastpOut_reads_R	BAKTA (ww_fastpOut_reads_R)	COMPLETED	0	42553	1	-	20.9	0.0	396460032	9313394688	70564259	71175
ww_fastpOut_reads_R	BAKTA (ww_fastpOut_reads_R)	COMPLETED	0	190239	1	-	44.8	0.5	3041406976	14659821568	1722376834	1477009
ww_fastpOut_reads_R	BAKTA (ww_fastpOut_reads_R)	COMPLETED	0	191170	1	-	44.3	0.5	3013050368	15121829888	2041411481	1152051
ww_fastpOut_reads_R	BAKTA (ww_fastpOut_reads_R)	COMPLETED	0	171325	1	-	51.4	0.5	3016966144	15231455232	1721917198	1446196
ww_fastpOut_reads_R	BAKTA (ww_fastpOut_reads_R)	COMPLETED	0	153467	1	-	54.5	0.5	3015966720	15164329984	1721270987	1446093
ww_fastpOut_reads_R	BAKTA (ww_fastpOut_reads_R)	COMPLETED	0	22516	1	-	39.0	0.0	367284224	9250803712	69689375	72684
ww_fastpOut_reads_R	BAKTA (ww_fastpOut_reads_R)	COMPLETED	0	200031	1	-	42.5	0.5	3042287616	15044780032	1721017726	1445773
ww_fastpOut_reads_R	BAKTA (ww_fastpOut_reads_R)	COMPLETED	0	147073	1	-	57.5	0.5	3040727040	50709827584	1720444769	1428726
ww_fastpOut_reads_R	BAKTA (ww_fastpOut_reads_R)	COMPLETED	0	167890	1	-	51.1	0.5	3015323648	15077015552	1721233681	1428451
ww_fastpOut_reads_R	BAKTA (ww_fastpOut_reads_R)	COMPLETED	0	185326	1	-	45.0	0.5	3040104448	15283007488	1721623945	1460837
ww_fastpOut_reads_R	BAKTA (ww_fastpOut_reads_R)	COMPLETED	0	174809	1	-	47.7	0.5	3013353472	15097184256	1721443335	1444813
ww_fastpOut_reads_R	BAKTA (ww_fastpOut_reads_R)	COMPLETED	0	177930	1	-	50.3	0.5	3040002048	17307365376	1722695305	1486066
ww_fastpOut_reads_R	BAKTA (ww_fastpOut_reads_R)	COMPLETED	0	171396	1	-	48.0	0.5	3015127040	15164497920	1722104143	1445278
ww_fastpOut_reads_R	BAKTA (ww_fastpOut_reads_R)	COMPLETED	0	169832	1	-	46.6	0.5	3017551872	15011844096	1704143391	1122858
ww_fastpOut_reads_R	BAKTA (ww_fastpOut_reads_R)	COMPLETED	0	185177	1	-	52.7	0.5	3066392576	16334880768	2048958118	1847346
ww_fastpOut_reads_R	BAKTA (ww_fastpOut_reads_R)	COMPLETED	0	151228	1	-	50.8	0.5	3014266880	15139807232	1703714142	1135027
ww_fastpOut_reads_R	BAKTA (ww_fastpOut_reads_R)	COMPLETED	0	183019	1	-	57.0	0.8	4422623232	17481474048	2049202159	1688908
ww_fastpOut_reads_R	BAKTA (ww_fastpOut_reads_R)	COMPLETED	0	205518	1	-	45.1	0.5	3042631680	15028576256	2055493796	2721565
ww_fastpOut_reads_R	BAKTA (ww_fastpOut_reads_R)	COMPLETED	0	193296	1	-	47.9	0.5	3043753984	34124730368	2052187009	1420679
ww_fastpOut_reads_R	BAKTA (ww_fastpOut_reads_R)	COMPLETED	0	213640	1	-	45.6	0.6	3390758912	16456110080	2048837220	2527453
ww_fastpOut_reads_R	BAKTA (ww_fastpOut_reads_R)	COMPLETED	0	187669	1	-	47.0	0.5	3038613504	14658125824	2043658858	1172676
ww_fastpOut_reads_R	BAKTA (ww_fastpOut_reads_R)	COMPLETED	0	153106	1	-	58.1	0.5	3014156288	25640460288	1723710221	1514078
ww_fastpOut_reads_R	BAKTA (ww_fastpOut_reads_R)	COMPLETED	0	190635	1	-	43.5	0.5	3042869248	50708156416	1721791146	1428131
ww_fastpOut_reads_R	BAKTA (ww_fastpOut_reads_R)	COMPLETED	0	173667	1	-	56.4	0.5	3574087680	16604286976	2044155857	1568891
ww_fastpOut_reads_R	BAKTA (ww_fastpOut_reads_R)	COMPLETED	0	165009	1	-	53.3	0.5	3015602176	15419166720	1723307336	1498579
ww_fastpOut_reads_R	BAKTA (ww_fastpOut_reads_R)	COMPLETED	0	164427	1	-	51.7	0.5	3045695488	15259889664	1722436214	1485619
ww_fastpOut_reads_R	BAKTA (ww_fastpOut_reads_R)	COMPLETED	0	39137	1	-	22.7	0.0	366465024	10877300736	68107488	70672
ww_fastpOut_reads_R	BAKTA (ww_fastpOut_reads_R)	COMPLETED	0	179844	1	-	49.7	0.5	3015020544	15154765824	1722052401	1471024
ww_fastpOut_reads_R	BAKTA (ww_fastpOut_reads_R)	COMPLETED	0	162514	1	-	53.8	0.6	3261296640	16505274368	1703749340	1146684
ww_fastpOut_reads_R	BAKTA (ww_fastpOut_reads_R)	COMPLETED	0	176274	1	-	46.8	0.5	3045826560	15023689728	1721108267	1427573
ww_fastpOut_reads_R	BAKTA (ww_fastpOut_reads_R)	COMPLETED	0	188003	1	-	46.1	0.5	3043000320	15299436544	1722436747	1470610
ww_fastpOut_reads_R	BAKTA (ww_fastpOut_reads_R)	COMPLETED	0	159968	1	-	54.1	0.5	3042668544	15125463040	2045313906	2262304
ww_fastpOut_reads_R	BAKTA (ww_fastpOut_reads_R)	COMPLETED	0	177270	1	-	47.0	0.5	3016257536	15247323136	2041164565	1155809
ww_fastpOut_reads_R	BAKTA (ww_fastpOut_reads_R)	COMPLETED	0	190847	1	-	46.0	0.5	3018461184	15226843136	1722396853	1470097
ww_fastpOut_reads_R	BAKTA (ww_fastpOut_reads_R)	COMPLETED	0	172022	1	-	48.4	0.6	3212783616	16257830912	1702481042	1106360
ww_fastpOut_reads_R	BAKTA (ww_fastpOut_reads_R)	COMPLETED	0	164398	1	-	66.3	0.9	5282988032	18324652032	1720404901	2814536
ww_fastpOut_reads_R	BAKTA (ww_fastpOut_reads_R)	COMPLETED	0	178434	1	-	52.3	0.6	3561062400	16605102080	2044413487	1568884
ww_fastpOut_reads_R	BAKTA (ww_fastpOut_reads_R)	COMPLETED	0	169151	1	-	46.4	0.4	3041169408	15013339136	1715167747	2414566
ww_fastpOut_reads_R	BAKTA (ww_fastpOut_reads_R)	COMPLETED	0	164877	1	-	87.7	0.5	3051581440	75944452096	3525166541	37997930
ww_fastpOut_reads_R	BAKTA (ww_fastpOut_reads_R)	COMPLETED	0	162026	1	-	54.4	0.5	3016974336	17327206400	2049691024	1350645
ww_fastpOut_reads_R	BAKTA (ww_fastpOut_reads_R)	COMPLETED	0	174682	1	-	53.3	0.5	3015888896	15717449728	2046851708	1441959
ww_fastpOut_reads_R	BAKTA (ww_fastpOut_reads_R)	COMPLETED	0	185017	1	-	42.3	0.5	3015294976	15153311744	1707630352	1180983
ww_fastpOut_reads_R	BAKTA (ww_fastpOut_reads_R)	COMPLETED	0	189972	1	-	43.3	0.5	3043291136	15206932480	2030176838	1166233
ww_fastpOut_reads_R	BAKTA (ww_fastpOut_reads_R)	COMPLETED	0	201777	1	-	47.1	0.5	3038781440	15316267008	2053631470	4245526
ww_fastpOut_reads_R	BAKTA (ww_fastpOut_reads_R)	COMPLETED	0	166246	1	-	54.6	0.6	3465601024	16577613824	1714242577	2647573
ww_fastpOut_reads_R	BAKTA (ww_fastpOut_reads_R)	COMPLETED	0	178231	1	-	47.9	0.5	3041112064	15210778624	2037705923	1109344
ww_fastpOut_reads_R	BAKTA (ww_fastpOut_reads_R)	COMPLETED	0	183523	1	-	54.9	0.9	4866101248	18046418944	1711679334	2817390
ww_fastpOut_reads_R	BAKTA (ww_fastpOut_reads_R)	COMPLETED	0	214547	1	-	47.1	0.8	4466204672	17504239616	1718746585	1834285
ww_fastpOut_reads_R	BAKTA (ww_fastpOut_reads_R)	COMPLETED	0	162893	1	-	49.0	0.5	3014107136	15120162816	1700344957	2563731
ww_fastpOut_reads_R	BAKTA (ww_fastpOut_reads_R)	COMPLETED	0	177028	1	-	56.8	0.8	4470198272	17568501760	1718468701	1834153
ww_fastpOut_reads_R	BAKTA (ww_fastpOut_reads_R)	COMPLETED	0	196278	1	-	46.6	0.5	3017805824	15273730048	2046659646	1231518
ww_fastpOut_reads_R	BAKTA (ww_fastpOut_reads_R)	COMPLETED	0	200710	1	-	44.8	0.5	3013160960	15156326400	1717249546	2697531
ww_fastpOut_reads_R	BAKTA (ww_fastpOut_reads_R)	COMPLETED	0	190261	1	-	47.4	0.5	3053731840	16094158848	2031013220	1092837
ww_fastpOut_reads_R	BAKTA (ww_fastpOut_reads_R)	COMPLETED	0	164590	1	-	79.9	1.0	5853057024	18951958528	2898298288	21021201
ww_fastpOut_reads_R	BAKTA (ww_fastpOut_reads_R)	COMPLETED	0	165010	1	-	77.5	1.0	5851742208	18889211904	2898590919	21021702
ww_fastpOut_reads_R	BAKTA (ww_fastpOut_reads_R)	COMPLETED	0	198410	1	-	45.1	0.5	3040333824	15352184832	2047190287	1929343
ww_fastpOut_reads_R	BAKTA (ww_fastpOut_reads_R)	COMPLETED	0	195787	1	-	44.8	0.5	3013922816	15379378176	2035134665	1103983
ww_fastpOut_reads_R	BAKTA (ww_fastpOut_reads_R)	COMPLETED	0	208639	1	-	96.2	0.5	3052347392	25754660864	3741195528	43139639
ww_fastpOut_reads_R	BAKTA (ww_fastpOut_reads_R)	COMPLETED	0	203682	1	-	45.3	0.5	3015450624	15166783488	2053506425	1413645
ww_fastpOut_reads_R	BAKTA (ww_fastpOut_reads_R)	COMPLETED	0	155752	1	-	49.8	0.5	3014352896	15409008640	1709687031	1121285
ww_fastpOut_reads_R	BAKTA (ww_fastpOut_reads_R)	COMPLETED	0	208336	1	-	99.2	0.4	3058327552	15602135040	3758462500	44063783
ww_fastpOut_reads_R	BAKTA (ww_fastpOut_reads_R)	COMPLETED	0	204523	1	-	44.3	0.5	3039662080	15762231296	2047975822	1939713
ww_fastpOut_reads_R	BAKTA (ww_fastpOut_reads_R)	COMPLETED	0	182333	1	-	50.5	0.5	3041812480	15287328768	2055945412	1554641
ww_fastpOut_reads_R	BAKTA (ww_fastpOut_reads_R)	COMPLETED	0	216193	1	-	39.8	0.5	3043770368	15071428608	2046736917	1589346
ww_fastpOut_reads_R	BAKTA (ww_fastpOut_reads_R)	COMPLETED	0	184931	1	-	51.4	0.8	4462878720	17638641664	1714051281	1315341
ww_fastpOut_reads_R	BAKTA (ww_fastpOut_reads_R)	COMPLETED	0	192113	1	-	49.2	0.6	3550564352	16662257664	2044352032	1568871
ww_fastpOut_reads_R	BAKTA (ww_fastpOut_reads_R)	COMPLETED	0	190686	1	-	43.6	0.5	3016253440	14994104320	2031909641	1097799
ww_fastpOut_reads_R	BAKTA (ww_fastpOut_reads_R)	COMPLETED	0	199212	1	-	54.2	0.9	5272412160	18383089664	1719955815	2814728
ww_fastpOut_reads_R	BAKTA (ww_fastpOut_reads_R)	COMPLETED	0	199194	1	-	51.0	0.8	4467654656	17574318080	1718358748	1834552
ww_fastpOut_reads_R	BAKTA (ww_fastpOut_reads_R)	COMPLETED	0	187194	1	-	41.9	0.5	3042426880	15082491904	1699937939	1257148
ww_fastpOut_reads_R	BAKTA (ww_fastpOut_reads_R)	COMPLETED	0	188226	1	-	48.2	0.5	3018047488	15618977792	2047575112	1331237
ww_fastpOut_reads_R	BAKTA (ww_fastpOut_reads_R)	COMPLETED	0	194513	1	-	45.9	0.5	3044265984	15793205248	2037330053	1149796
ww_fastpOut_reads_R	BAKTA (ww_fastpOut_reads_R)	COMPLETED	0	187524	1	-	47.9	0.5	3015753728	15837855744	2043625403	1172690
ww_fastpOut_reads_R	BAKTA (ww_fastpOut_reads_R)	COMPLETED	0	206828	1	-	47.7	0.7	4188340224	17619308544	1714396794	1201583
ww_fastpOut_reads_R	BAKTA (ww_fastpOut_reads_R)	COMPLETED	0	195374	1	-	76.5	0.5	3019939840	17388249088	3474929263	36884137
ww_fastpOut_reads_R	BAKTA (ww_fastpOut_reads_R)	COMPLETED	0	188295	1	-	63.0	0.6	3570712576	16723165184	2772714658	19585275
ww_fastpOut_reads_R	BAKTA (ww_fastpOut_reads_R)	COMPLETED	0	242147	1	-	41.4	0.6	3293224960	16404357120	2049282264	2527445
ww_fastpOut_reads_R	BAKTA (ww_fastpOut_reads_R)	COMPLETED	0	149041	1	-	57.7	0.6	3209281536	16492617728	1703420550	1146755
ww_fastpOut_reads_R	BAKTA (ww_fastpOut_reads_R)	COMPLETED	0	158944	1	-	82.9	0.5	3024392192	16158023680	3148493366	27000854
ww_fastpOut_reads_R	BAKTA (ww_fastpOut_reads_R)	COMPLETED	0	195253	1	-	50.6	0.6	3189719040	16172236800	2052336357	1348998
ww_fastpOut_reads_R	BAKTA (ww_fastpOut_reads_R)	COMPLETED	0	222493	1	-	45.2	0.6	3222913024	16328474624	2053201233	1349779
ww_fastpOut_reads_R	BAKTA (ww_fastpOut_reads_R)	COMPLETED	0	192846	1	-	49.0	0.5	3042713600	59059765248	2050630595	1278943
ww_fastpOut_reads_R	BAKTA (ww_fastpOut_reads_R)	COMPLETED	0	190485	1	-	48.8	0.5	3041779712	15434866688	2051177831	1449000
ww_fastpOut_reads_R	BAKTA (ww_fastpOut_reads_R)	COMPLETED	0	161677	1	-	53.4	0.6	3305644032	16505167872	1703830815	1146675
ww_fastpOut_reads_R	BAKTA (ww_fastpOut_reads_R)	COMPLETED	0	239196	1	-	41.0	0.5	3041083392	17389768704	2051971509	1313971
ww_fastpOut_reads_R	BAKTA (ww_fastpOut_reads_R)	COMPLETED	0	160617	1	-	52.9	0.5	3011010560	15048536064	2040805555	1155806
ww_fastpOut_reads_R	BAKTA (ww_fastpOut_reads_R)	COMPLETED	0	171013	1	-	53.3	0.5	3042381824	15190536192	2046423508	1240286
ww_fastpOut_reads_R	BAKTA (ww_fastpOut_reads_R)	COMPLETED	0	214703	1	-	47.1	0.5	3019501568	16014553088	2053114192	1346167
ww_fastpOut_reads_R	BAKTA (ww_fastpOut_reads_R)	COMPLETED	0	144466	1	-	63.4	0.5	3013554176	15481688064	2051643061	1448187
ww_fastpOut_reads_R	BAKTA (ww_fastpOut_reads_R)	COMPLETED	0	193328	1	-	43.4	0.6	3160408064	16505278464	1704526391	1147658
ww_fastpOut_reads_R	BAKTA (ww_fastpOut_reads_R)	COMPLETED	0	186652	1	-	53.5	0.5	3086405632	16246460416	2053508120	1549484
ww_fastpOut_reads_R	BAKTA (ww_fastpOut_reads_R)	COMPLETED	0	161245	1	-	54.1	0.6	3303972864	16505171968	1704595315	1147644
ww_fastpOut_reads_R	BAKTA (ww_fastpOut_reads_R)	COMPLETED	0	222267	1	-	43.4	0.5	3041169408	15693279232	2051845187	1515032
ww_fastpOut_reads_R	BAKTA (ww_fastpOut_reads_R)	COMPLETED	0	198138	1	-	48.1	0.5	3041509376	14660952064	2054489665	1606685
ww_fastpOut_reads_R	BAKTA (ww_fastpOut_reads_R)	COMPLETED	0	168184	1	-	51.2	0.5	3015618560	14702190592	2040942487	1155795
ww_fastpOut_reads_R	BAKTA (ww_fastpOut_reads_R)	COMPLETED	0	183144	1	-	50.4	0.5	3040784384	15130411008	2054853938	1605875
ww_fastpOut_reads_R	BAKTA (ww_fastpOut_reads_R)	COMPLETED	0	202034	1	-	44.3	0.5	3015589888	15031218176	2054450679	1571938
ww_fastpOut_reads_R	BAKTA (ww_fastpOut_reads_R)	COMPLETED	0	188373	1	-	45.9	0.5	3043524608	15277740032	2039417602	1136789
ww_fastpOut_reads_R	BAKTA (ww_fastpOut_reads_R)	COMPLETED	0	176893	1	-	54.3	0.7	3796508672	16883499008	2048383299	1193182
ww_fastpOut_reads_R	BAKTA (ww_fastpOut_reads_R)	COMPLETED	0	187714	1	-	53.2	0.5	3053916160	16151425024	2053893210	1549563
ww_fastpOut_reads_R	BAKTA (ww_fastpOut_reads_R)	COMPLETED	0	142631	1	-	63.5	0.6	3458170880	16509358080	1713500253	1672836
ww_fastpOut_reads_R	BAKTA (ww_fastpOut_reads_R)	COMPLETED	0	181894	1	-	50.2	0.5	3017621504	15163289600	2054397723	1571507
ww_fastpOut_reads_R	BAKTA (ww_fastpOut_reads_R)	COMPLETED	0	190137	1	-	49.6	0.5	3041382400	15174717440	2055348731	1496085
ww_fastpOut_reads_R	BAKTA (ww_fastpOut_reads_R)	COMPLETED	0	149755	1	-	67.4	0.5	3014422528	15103856640	2855197735	19950314
ww_fastpOut_reads_R	BAKTA (ww_fastpOut_reads_R)	COMPLETED	0	187740	1	-	41.3	0.5	3012714496	15148240896	1694860227	1122195
ww_fastpOut_reads_R	BAKTA (ww_fastpOut_reads_R)	COMPLETED	0	188226	1	-	49.0	0.5	3045064704	15200837632	2055469510	1606202
ww_fastpOut_reads_R	BAKTA (ww_fastpOut_reads_R)	COMPLETED	0	133231	1	-	101.4	0.7	4229525504	17397125120	3305458580	30299424
ww_fastpOut_reads_R	BAKTA (ww_fastpOut_reads_R)	COMPLETED	0	188602	1	-	45.6	0.5	3012833280	15190458368	2046156355	1132711
ww_fastpOut_reads_R	BAKTA (ww_fastpOut_reads_R)	COMPLETED	0	148697	1	-	58.0	0.5	3045531648	15258914816	2031947302	1148687
ww_fastpOut_reads_R	BAKTA (ww_fastpOut_reads_R)	COMPLETED	0	178176	1	-	53.5	0.5	3015884800	50778001408	2054701239	1607525
ww_fastpOut_reads_R	BAKTA (ww_fastpOut_reads_R)	COMPLETED	0	187304	1	-	48.5	0.5	3013316608	15250366464	2054293904	1607767
ww_fastpOut_reads_R	BAKTA (ww_fastpOut_reads_R)	COMPLETED	0	159003	1	-	53.6	0.5	3044339712	15205806080	2036445222	1119810
ww_fastpOut_reads_R	BAKTA (ww_fastpOut_reads_R)	COMPLETED	0	196603	1	-	45.2	0.5	3046051840	15359266816	2048496844	1449690
ww_fastpOut_reads_R	BAKTA (ww_fastpOut_reads_R)	COMPLETED	0	208196	1	-	45.1	0.5	3014152192	17333972992	2050761539	1487890
ww_fastpOut_reads_R	BAKTA (ww_fastpOut_reads_R)	COMPLETED	0	138114	1	-	88.9	0.5	3047649280	15319293952	3138053661	26794400
ww_fastpOut_reads_R	BAKTA (ww_fastpOut_reads_R)	COMPLETED	0	172377	1	-	53.2	0.5	3015401472	15301410816	2051839736	1447906
ww_fastpOut_reads_R	BAKTA (ww_fastpOut_reads_R)	COMPLETED	0	195552	1	-	48.4	0.5	3045748736	25753415680	2051827722	1515833
ww_fastpOut_reads_R	BAKTA (ww_fastpOut_reads_R)	COMPLETED	0	176829	1	-	43.2	0.5	3043528704	15137845248	1696778119	1152245
ww_fastpOut_reads_R	BAKTA (ww_fastpOut_reads_R)	COMPLETED	0	177028	1	-	45.2	0.5	3041439744	15136149504	1715332786	1200591
ww_fastpOut_reads_R	BAKTA (ww_fastpOut_reads_R)	COMPLETED	0	121263	1	-	94.8	0.5	3019247616	15040761856	3089977819	25561208
ww_fastpOut_reads_R	BAKTA (ww_fastpOut_reads_R)	COMPLETED	0	205029	1	-	48.7	0.6	3285438464	16334745600	2048595182	1847286
ww_fastpOut_reads_R	BAKTA (ww_fastpOut_reads_R)	COMPLETED	0	163542	1	-	56.7	0.5	3040575488	15614636032	2050316131	1444156
ww_fastpOut_reads_R	BAKTA (ww_fastpOut_reads_R)	COMPLETED	0	198576	1	-	45.0	0.5	3043291136	15582261248	2043226969	1252913
ww_fastpOut_reads_R	BAKTA (ww_fastpOut_reads_R)	COMPLETED	0	179471	1	-	54.2	0.5	3042226176	15375847424	2056734292	1622999
ww_fastpOut_reads_R	BAKTA (ww_fastpOut_reads_R)	COMPLETED	0	174295	1	-	65.2	0.8	4727902208	17893679104	2055046339	3008396
ww_fastpOut_reads_R	BAKTA (ww_fastpOut_reads_R)	COMPLETED	0	180341	1	-	52.0	0.5	3040423936	15694159872	2052366249	1513858
ww_fastpOut_reads_R	BAKTA (ww_fastpOut_reads_R)	COMPLETED	0	167155	1	-	58.4	0.5	3060240384	16226467840	2053074832	1549043
ww_fastpOut_reads_R	BAKTA (ww_fastpOut_reads_R)	COMPLETED	0	203625	1	-	46.5	0.5	3041017856	15579901952	2051668816	1487481
ww_fastpOut_reads_R	BAKTA (ww_fastpOut_reads_R)	COMPLETED	0	194104	1	-	51.5	0.5	3016134656	84163317760	2063438484	1817319
ww_fastpOut_reads_R	BAKTA (ww_fastpOut_reads_R)	COMPLETED	0	168776	1	-	54.4	0.5	3042242560	50725564416	2055609921	1605762
ww_fastpOut_reads_R	BAKTA (ww_fastpOut_reads_R)	COMPLETED	0	180209	1	-	53.8	0.5	3042381824	17386569728	2060543623	1749857
ww_fastpOut_reads_R	BAKTA (ww_fastpOut_reads_R)	COMPLETED	0	162410	1	-	55.6	0.5	3044200448	15378542592	2051374590	1448263
ww_fastpOut_reads_R	BAKTA (ww_fastpOut_reads_R)	COMPLETED	0	145662	1	-	72.8	0.5	3043454976	15092088832	2941423476	23224556
ww_fastpOut_reads_R	BAKTA (ww_fastpOut_reads_R)	COMPLETED	0	170670	1	-	53.3	0.5	3014008832	15848615936	2047423831	1441985
ww_fastpOut_reads_R	BAKTA (ww_fastpOut_reads_R)	COMPLETED	0	187086	1	-	55.7	0.8	4710027264	17761415168	2046568457	1308565
ww_fastpOut_reads_R	BAKTA (ww_fastpOut_reads_R)	COMPLETED	0	183412	1	-	51.1	0.5	3040215040	17378652160	2054499507	1570998
ww_fastpOut_reads_R	BAKTA (ww_fastpOut_reads_R)	COMPLETED	0	170181	1	-	56.5	0.5	3040129024	34073931776	2052319102	1310254
ww_fastpOut_reads_R	BAKTA (ww_fastpOut_reads_R)	COMPLETED	0	171458	1	-	57.9	0.5	3043770368	16191520768	2053487056	1548795
ww_fastpOut_reads_R	BAKTA (ww_fastpOut_reads_R)	COMPLETED	0	188765	1	-	52.2	0.5	3088326656	17384226816	2052846205	1550187
ww_fastpOut_reads_R	BAKTA (ww_fastpOut_reads_R)	COMPLETED	0	193882	1	-	46.5	0.5	3043885056	15406784512	2051752705	1448204
ww_fastpOut_reads_R	BAKTA (ww_fastpOut_reads_R)	COMPLETED	0	179535	1	-	54.9	0.5	3237572608	17336815616	2052760355	1549919
ww_fastpOut_reads_R	BAKTA (ww_fastpOut_reads_R)	COMPLETED	0	195817	1	-	46.6	0.5	3012870144	17383313408	2054441396	1606948
ww_fastpOut_reads_R	BAKTA (ww_fastpOut_reads_R)	COMPLETED	0	185282	1	-	49.4	0.5	3014336512	15053041664	2055281102	1606400
ww_fastpOut_reads_R	BAKTA (ww_fastpOut_reads_R)	COMPLETED	0	165651	1	-	56.1	0.5	3012853760	15094575104	2054857475	1570687
ww_fastpOut_reads_R	BAKTA (ww_fastpOut_reads_R)	COMPLETED	0	162885	1	-	56.3	0.5	3044077568	15107547136	2053955596	1571815
ww_fastpOut_reads_R	BAKTA (ww_fastpOut_reads_R)	COMPLETED	0	175310	1	-	53.9	0.5	3044646912	15601541120	2052437376	1514307
ww_fastpOut_reads_R	BAKTA (ww_fastpOut_reads_R)	COMPLETED	0	170986	1	-	54.3	0.5	3014504448	15230472192	2054137510	1571845
ww_fastpOut_reads_R	BAKTA (ww_fastpOut_reads_R)	COMPLETED	0	179976	1	-	55.6	0.5	3121815552	16166481920	2053534840	1548516
ww_fastpOut_reads_R	BAKTA (ww_fastpOut_reads_R)	COMPLETED	0	170583	1	-	58.5	0.6	3155542016	16138199040	2052426645	1551010
ww_fastpOut_reads_R	BAKTA (ww_fastpOut_reads_R)	COMPLETED	0	190873	1	-	52.7	0.5	3014975488	16074645504	2053802212	1549106
ww_fastpOut_reads_R	BAKTA (ww_fastpOut_reads_R)	COMPLETED	0	194596	1	-	49.8	0.5	3135369216	16170942464	2053589155	1548044
ww_fastpOut_reads_R	BAKTA (ww_fastpOut_reads_R)	COMPLETED	0	213153	1	-	45.0	0.5	3042578432	15702831104	2052478690	1514803
ww_fastpOut_reads_R	BAKTA (ww_fastpOut_reads_R)	COMPLETED	0	183291	1	-	48.9	0.5	3013455872	15481929728	2051306947	1448890
ww_fastpOut_reads_R	BAKTA (ww_fastpOut_reads_R)	COMPLETED	0	178555	1	-	56.1	0.4	3148275712	16247025664	2052980502	1549635
ww_fastpOut_reads_R	BAKTA (ww_fastpOut_reads_R)	COMPLETED	0	178123	1	-	51.7	0.5	3041411072	15466229760	2051436038	1448246
ww_fastpOut_reads_R	BAKTA (ww_fastpOut_reads_R)	COMPLETED	0	188503	1	-	50.6	0.5	3037741056	15130353664	2055663809	1606148
ww_fastpOut_reads_R	BAKTA (ww_fastpOut_reads_R)	COMPLETED	0	196360	1	-	49.8	0.5	3081277440	16176340992	2053006804	1549713
ww_fastpOut_reads_R	BAKTA (ww_fastpOut_reads_R)	COMPLETED	0	185097	1	-	48.9	0.5	3043786752	15107211264	2054827724	1572761
ww_fastpOut_reads_R	BAKTA (ww_fastpOut_reads_R)	COMPLETED	0	176489	1	-	52.5	0.5	3043782656	15279620096	2051265600	1448291
ww_fastpOut_reads_R	BAKTA (ww_fastpOut_reads_R)	COMPLETED	0	199215	1	-	47.3	0.5	3018665984	15609335808	2052804703	1514432
ww_fastpOut_reads_R	BAKTA (ww_fastpOut_reads_R)	COMPLETED	0	221772	1	-	45.0	0.6	3224236032	17398710272	2053257143	1550740
ww_fastpOut_reads_R	BAKTA (ww_fastpOut_reads_R)	COMPLETED	0	193264	1	-	49.4	0.5	3013115904	15116083200	2054922240	1605958
ww_fastpOut_reads_R	BAKTA (ww_fastpOut_reads_R)	COMPLETED	0	165290	1	-	60.6	0.6	3262173184	16423235584	2053106978	1550518
ww_fastpOut_reads_R	BAKTA (ww_fastpOut_reads_R)	COMPLETED	0	203712	1	-	49.5	0.5	3126689792	16226631680	2053728339	1549021
ww_fastpOut_reads_R	BAKTA (ww_fastpOut_reads_R)	COMPLETED	0	201587	1	-	49.5	0.5	3105267712	16154988544	2052983233	1549308
ww_fastpOut_reads_R	BAKTA (ww_fastpOut_reads_R)	COMPLETED	0	175977	1	-	58.0	0.5	3017306112	16097689600	2054304906	1549353
ww_fastpOut_reads_R	BAKTA (ww_fastpOut_reads_R)	COMPLETED	0	204328	1	-	46.1	0.5	3044372480	15084810240	2055307054	1605691
ww_fastpOut_reads_R	BAKTA (ww_fastpOut_reads_R)	COMPLETED	0	160811	1	-	57.6	0.5	3040747520	15405637632	2052101362	1487715
ww_fastpOut_reads_R	BAKTA (ww_fastpOut_reads_R)	COMPLETED	0	203008	1	-	49.3	0.5	3190153216	16298311680	2053023320	1550767
ww_fastpOut_reads_R	BAKTA (ww_fastpOut_reads_R)	COMPLETED	0	154191	1	-	60.9	0.5	3016437760	15186665472	2056324637	1606033
ww_fastpOut_reads_R	BAKTA (ww_fastpOut_reads_R)	COMPLETED	0	173111	1	-	53.8	0.5	3043131392	15244984320	2054962479	1571328
ww_fastpOut_reads_R	BAKTA (ww_fastpOut_reads_R)	COMPLETED	0	156845	1	-	60.1	0.5	3040714752	15660199936	2051902636	1515423
ww_fastpOut_reads_R	BAKTA (ww_fastpOut_reads_R)	COMPLETED	0	167326	1	-	61.0	0.5	3012632576	16117518336	2053921739	1549087
ww_fastpOut_reads_R	BAKTA (ww_fastpOut_reads_R)	COMPLETED	0	163291	1	-	57.2	0.4	3042803712	42377089024	2055616416	1605419
ww_fastpOut_reads_R	BAKTA (ww_fastpOut_reads_R)	COMPLETED	0	178672	1	-	55.4	0.5	3102801920	17340780544	2053221222	1548879
ww_fastpOut_reads_R	BAKTA (ww_fastpOut_reads_R)	COMPLETED	0	193210	1	-	48.5	0.5	3041378304	15688822784	2052895852	1514239
ww_fastpOut_reads_R	BAKTA (ww_fastpOut_reads_R)	COMPLETED	0	180594	1	-	54.3	0.5	3015442432	100810330112	2053090703	1548738
ww_fastpOut_reads_R	BAKTA (ww_fastpOut_reads_R)	COMPLETED	0	168095	1	-	53.5	0.5	3041714176	15418032128	2051573947	1448046
ww_fastpOut_reads_R	BAKTA (ww_fastpOut_reads_R)	COMPLETED	0	173653	1	-	53.0	0.5	3044827136	15132364800	2054394612	1607018
ww_fastpOut_reads_R	BAKTA (ww_fastpOut_reads_R)	COMPLETED	0	167712	1	-	59.1	0.6	3169927168	16216113152	2053129393	1548519
ww_fastpOut_reads_R	BAKTA (ww_fastpOut_reads_R)	COMPLETED	0	154905	1	-	61.4	0.5	3013562368	42473103360	2055668757	1605192
ww_fastpOut_reads_R	BAKTA (ww_fastpOut_reads_R)	COMPLETED	0	181716	1	-	50.5	0.5	3041771520	17385689088	2056056720	1605373
ww_fastpOut_reads_R	BAKTA (ww_fastpOut_reads_R)	COMPLETED	0	169870	1	-	55.3	0.5	3014475776	15829655552	2053551536	1513610
ww_fastpOut_reads_R	BAKTA (ww_fastpOut_reads_R)	COMPLETED	0	173898	1	-	52.6	0.5	3041828864	15438422016	2051842934	1448648
ww_fastpOut_reads_R	BAKTA (ww_fastpOut_reads_R)	COMPLETED	0	198252	1	-	51.0	0.5	3128442880	16194682880	2054005653	1548309
ww_fastpOut_reads_R	BAKTA (ww_fastpOut_reads_R)	COMPLETED	0	165615	1	-	55.8	0.5	3044790272	15199924224	2054873126	1605122
ww_fastpOut_reads_R	BAKTA (ww_fastpOut_reads_R)	COMPLETED	0	193615	1	-	47.1	0.5	3042639872	34074173440	2054919998	1607286
ww_fastpOut_reads_R	BAKTA (ww_fastpOut_reads_R)	COMPLETED	0	196752	1	-	47.1	0.5	3016130560	15096184832	2054630873	1570693
ww_fastpOut_reads_R	BAKTA (ww_fastpOut_reads_R)	COMPLETED	0	187162	1	-	49.3	0.5	3042603008	15197659136	2055571954	1606743
ww_fastpOut_reads_R	BAKTA (ww_fastpOut_reads_R)	COMPLETED	0	187501	1	-	48.6	0.5	3014389760	15183339520	2055528882	1605073
ww_fastpOut_reads_R	BAKTA (ww_fastpOut_reads_R)	COMPLETED	0	184713	1	-	50.9	0.5	3042222080	15177949184	2055332368	1618908
ww_fastpOut_reads_R	BAKTA (ww_fastpOut_reads_R)	COMPLETED	0	188717	1	-	58.1	0.7	4152868864	17258225664	2053618714	1562531
ww_fastpOut_reads_R	BAKTA (ww_fastpOut_reads_R)	COMPLETED	0	172372	1	-	55.0	0.5	3043213312	34095681536	2055158445	1584248
ww_fastpOut_reads_R	BAKTA (ww_fastpOut_reads_R)	COMPLETED	0	209077	1	-	43.4	0.5	3043287040	15243239424	2054817931	1572328
ww_fastpOut_reads_R	BAKTA (ww_fastpOut_reads_R)	COMPLETED	0	200486	1	-	45.2	0.5	3042332672	15043850240	2054557431	1572147
ww_fastpOut_reads_R	BAKTA (ww_fastpOut_reads_R)	COMPLETED	0	206279	1	-	44.7	0.5	3042000896	15128793088	2054990833	1607048
ww_fastpOut_reads_R	BAKTA (ww_fastpOut_reads_R)	COMPLETED	0	174418	1	-	53.8	0.5	3042586624	15174557696	2054226508	1570381
ww_fastpOut_reads_R	BAKTA (ww_fastpOut_reads_R)	COMPLETED	0	209833	1	-	47.8	0.5	3248295936	16360665088	2053278204	1550223
ww_fastpOut_reads_R	BAKTA (ww_fastpOut_reads_R)	COMPLETED	0	204760	1	-	46.9	0.5	3039715328	15177846784	2055653543	1619188
ww_fastpOut_reads_R	BAKTA (ww_fastpOut_reads_R)	COMPLETED	0	163204	1	-	56.3	0.5	3045863424	15132639232	2055284420	1605437
ww_fastpOut_reads_R	BAKTA (ww_fastpOut_reads_R)	COMPLETED	0	165484	1	-	59.9	0.5	3016732672	16189632512	2053088679	1550591
ww_fastpOut_reads_R	BAKTA (ww_fastpOut_reads_R)	COMPLETED	0	160149	1	-	57.6	0.4	3043901440	15128956928	2054810996	1606771
ww_fastpOut_reads_R	BAKTA (ww_fastpOut_reads_R)	COMPLETED	0	194009	1	-	48.0	0.5	3014672384	15847190528	2051997451	1513279
ww_fastpOut_reads_R	BAKTA (ww_fastpOut_reads_R)	COMPLETED	0	178048	1	-	51.8	0.5	3045265408	15065096192	2054593577	1606453
ww_fastpOut_reads_R	BAKTA (ww_fastpOut_reads_R)	COMPLETED	0	184893	1	-	51.8	0.5	3017134080	25771053056	2051000305	1499108
ww_fastpOut_reads_R	BAKTA (ww_fastpOut_reads_R)	COMPLETED	0	173836	1	-	61.6	0.7	3975155712	17404493824	2052914819	1563762
ww_fastpOut_reads_R	BAKTA (ww_fastpOut_reads_R)	COMPLETED	0	167292	1	-	57.4	0.5	3041619968	15577804800	2052053072	1514165
ww_fastpOut_reads_R	BAKTA (ww_fastpOut_reads_R)	COMPLETED	0	204917	1	-	46.8	0.5	3042340864	15684947968	2051565127	1514738
ww_fastpOut_reads_R	BAKTA (ww_fastpOut_reads_R)	COMPLETED	0	186660	1	-	54.3	0.5	3123941376	16238968832	2053019725	1549256
ww_fastpOut_reads_R	BAKTA (ww_fastpOut_reads_R)	COMPLETED	0	183336	1	-	55.7	0.6	3324248064	17388605440	2052495977	1528567
ww_fastpOut_reads_R	BAKTA (ww_fastpOut_reads_R)	COMPLETED	0	225102	1	-	43.4	0.5	3282243584	34069131264	2052769982	1549600
ww_fastpOut_reads_R	BAKTA (ww_fastpOut_reads_R)	COMPLETED	0	215596	1	-	43.5	0.5	3016491008	25697845248	2055633313	1618592
ww_fastpOut_reads_R	BAKTA (ww_fastpOut_reads_R)	COMPLETED	0	189722	1	-	50.7	0.5	3015516160	15250169856	2055075135	1605921
ww_fastpOut_reads_R	BAKTA (ww_fastpOut_reads_R)	COMPLETED	0	176021	1	-	53.0	0.5	3016454144	17343344640	2055152774	1620451
ww_fastpOut_reads_R	BAKTA (ww_fastpOut_reads_R)	COMPLETED	0	215786	1	-	41.8	0.5	3045445632	50810908672	2055486574	1604823
ww_fastpOut_reads_R	BAKTA (ww_fastpOut_reads_R)	COMPLETED	0	159245	1	-	57.4	0.5	3019608064	15073722368	2054859546	1585136
ww_fastpOut_reads_R	BAKTA (ww_fastpOut_reads_R)	COMPLETED	0	199144	1	-	55.1	0.8	4234620928	17301356544	2053285774	1563035
ww_fastpOut_reads_R	BAKTA (ww_fastpOut_reads_R)	COMPLETED	0	199391	1	-	45.6	0.5	3041243136	42421866496	2055155441	1605606
ww_fastpOut_reads_R	BAKTA (ww_fastpOut_reads_R)	COMPLETED	0	161154	1	-	56.5	0.5	3017764864	15094378496	2054712404	1571278
ww_fastpOut_reads_R	BAKTA (ww_fastpOut_reads_R)	COMPLETED	0	168199	1	-	53.0	0.5	3014901760	15499354112	2051800713	1448214
ww_fastpOut_reads_R	BAKTA (ww_fastpOut_reads_R)	COMPLETED	0	211227	1	-	43.7	0.5	3041243136	15044005888	2054098711	1571513
ww_fastpOut_reads_R	BAKTA (ww_fastpOut_reads_R)	COMPLETED	0	166406	1	-	54.3	0.5	3044478976	15368134656	2051542026	1447945
ww_fastpOut_reads_R	BAKTA (ww_fastpOut_reads_R)	COMPLETED	0	180654	1	-	51.1	0.5	3017220096	15637516288	1724012646	3110603
ww_fastpOut_reads_R	BAKTA (ww_fastpOut_reads_R)	COMPLETED	0	169473	1	-	54.8	0.5	3045777408	15045681152	2055189548	1571007
ww_fastpOut_reads_R	BAKTA (ww_fastpOut_reads_R)	COMPLETED	0	214312	1	-	43.6	0.5	3042496512	15241379840	2053880671	1572599
ww_fastpOut_reads_R	BAKTA (ww_fastpOut_reads_R)	COMPLETED	0	218095	1	-	45.6	0.5	3113455616	17384738816	2052660108	1548862
ww_fastpOut_reads_R	BAKTA (ww_fastpOut_reads_R)	COMPLETED	0	212868	1	-	42.8	0.5	3042029568	34009075712	2052243051	1515433
ww_fastpOut_reads_R	BAKTA (ww_fastpOut_reads_R)	COMPLETED	0	213160	1	-	45.5	0.5	3040055296	15846293504	2052710234	1513916
ww_fastpOut_reads_R	BAKTA (ww_fastpOut_reads_R)	COMPLETED	0	199296	1	-	52.7	0.6	4267470848	17371750400	2053436962	1562846
ww_fastpOut_reads_R	BAKTA (ww_fastpOut_reads_R)	COMPLETED	0	207327	1	-	48.3	0.5	3115491328	17335840768	2053135264	1548743
ww_fastpOut_reads_R	BAKTA (ww_fastpOut_reads_R)	COMPLETED	0	223912	1	-	45.9	0.7	3984633856	17391702016	2053351926	1564427
ww_fastpOut_reads_R	BAKTA (ww_fastpOut_reads_R)	COMPLETED	0	221163	1	-	40.4	0.5	3016593408	17384222720	2054592172	1607139
ww_fastpOut_reads_R	BAKTA (ww_fastpOut_reads_R)	COMPLETED	0	204279	1	-	46.1	0.5	3043188736	15214555136	2054700702	1586428
ww_fastpOut_reads_R	BAKTA (ww_fastpOut_reads_R)	COMPLETED	0	188680	1	-	51.5	0.5	3014029312	15855374336	2052513920	1499835
ww_fastpOut_reads_R	BAKTA (ww_fastpOut_reads_R)	COMPLETED	0	193002	1	-	47.3	0.5	3015958528	15390806016	2051550150	1447938
ww_fastpOut_reads_R	BAKTA (ww_fastpOut_reads_R)	COMPLETED	0	168867	1	-	56.0	0.4	3017342976	17390575616	2055596366	1618962
ww_fastpOut_reads_R	BAKTA (ww_fastpOut_reads_R)	COMPLETED	0	181221	1	-	51.0	0.5	3042373632	15732830208	2052169626	1515192
ww_fastpOut_reads_R	BAKTA (ww_fastpOut_reads_R)	COMPLETED	0	200816	1	-	48.2	0.5	3039088640	15657934848	2052255344	1513723
ww_fastpOut_reads_R	BAKTA (ww_fastpOut_reads_R)	COMPLETED	0	159354	1	-	59.3	0.5	3014164480	15816196096	2051460494	1499518
ww_fastpOut_reads_R	BAKTA (ww_fastpOut_reads_R)	COMPLETED	0	209297	1	-	52.2	0.8	4355985408	17458204672	2053899957	1562166
ww_fastpOut_reads_R	BAKTA (ww_fastpOut_reads_R)	COMPLETED	0	218140	1	-	49.8	0.7	4369977344	17539502080	2053975679	1562562
ww_fastpOut_reads_R	BAKTA (ww_fastpOut_reads_R)	COMPLETED	0	192695	1	-	53.2	0.5	3307180032	16410447872	2052932881	1550023
ww_fastpOut_reads_R	BAKTA (ww_fastpOut_reads_R)	COMPLETED	0	229559	1	-	40.2	0.5	3041341440	15066136576	2055141234	1605670
ww_fastpOut_reads_R	BAKTA (ww_fastpOut_reads_R)	COMPLETED	0	174356	1	-	58.7	0.5	3040903168	16362229760	2052565653	1527080
ww_fastpOut_reads_R	BAKTA (ww_fastpOut_reads_R)	COMPLETED	0	209883	1	-	47.1	0.6	3271815168	59097133056	2052999656	1550321
ww_fastpOut_reads_R	BAKTA (ww_fastpOut_reads_R)	COMPLETED	0	201727	1	-	52.9	0.8	4290072576	17325932544	2054009564	1562180
ww_fastpOut_reads_R	BAKTA (ww_fastpOut_reads_R)	COMPLETED	0	190921	1	-	57.9	0.7	4148240384	17309589504	2053301922	1561910
ww_fastpOut_reads_R	BAKTA (ww_fastpOut_reads_R)	COMPLETED	0	232412	1	-	40.8	0.5	3042332672	84159197184	2055485919	1605502
ww_fastpOut_reads_R	BAKTA (ww_fastpOut_reads_R)	COMPLETED	0	194905	1	-	48.5	0.5	3045801984	34084409344	2055393774	3020633
ww_fastpOut_reads_R	BAKTA (ww_fastpOut_reads_R)	COMPLETED	0	197238	1	-	54.0	0.7	4089229312	17264807936	2053139142	1562261
ww_fastpOut_reads_R	BAKTA (ww_fastpOut_reads_R)	COMPLETED	0	188115	1	-	49.0	0.5	3015180288	15072800768	2054566352	1584003
ww_fastpOut_reads_R	BAKTA (ww_fastpOut_reads_R)	COMPLETED	0	199050	1	-	48.2	0.5	3013795840	15892422656	2051952954	1500991
ww_fastpOut_reads_R	BAKTA (ww_fastpOut_reads_R)	COMPLETED	0	175917	1	-	57.1	0.6	3273711616	16378417152	2053144761	1528637
ww_fastpOut_reads_R	BAKTA (ww_fastpOut_reads_R)	COMPLETED	0	199258	1	-	47.7	0.5	3040550912	34052231168	2051282837	1500614
ww_fastpOut_reads_R	BAKTA (ww_fastpOut_reads_R)	COMPLETED	0	173302	1	-	63.0	0.7	4166221824	17215025152	2053311091	1563458
ww_fastpOut_reads_R	BAKTA (ww_fastpOut_reads_R)	COMPLETED	0	180662	1	-	53.2	0.5	3043733504	15244386304	2056127782	1620493
ww_fastpOut_reads_R	BAKTA (ww_fastpOut_reads_R)	COMPLETED	0	178295	1	-	53.4	0.5	3040575488	15110643712	2055124337	1620121
ww_fastpOut_reads_R	BAKTA (ww_fastpOut_reads_R)	COMPLETED	0	179145	1	-	52.8	0.5	3042811904	15175794688	2055955804	1620099
ww_fastpOut_reads_R	BAKTA (ww_fastpOut_reads_R)	COMPLETED	0	183914	1	-	50.9	0.5	3041329152	15147700224	2054320028	1585625
ww_fastpOut_reads_R	BAKTA (ww_fastpOut_reads_R)	COMPLETED	0	180372	1	-	56.8	0.5	3061022720	16262107136	2052297906	1528197
ww_fastpOut_reads_R	BAKTA (ww_fastpOut_reads_R)	COMPLETED	0	224703	1	-	46.5	0.7	4056588288	67535294464	2053115280	1563343
ww_fastpOut_reads_R	BAKTA (ww_fastpOut_reads_R)	COMPLETED	0	149986	1	-	62.6	0.5	3044413440	15284695040	2055561845	1585450
ww_fastpOut_reads_R	BAKTA (ww_fastpOut_reads_R)	COMPLETED	0	205866	1	-	53.8	0.8	4264693760	67504427008	2053481619	1562723
ww_fastpOut_reads_R	BAKTA (ww_fastpOut_reads_R)	COMPLETED	0	174364	1	-	53.8	0.5	3042013184	15143321600	2056626215	3040317
ww_fastpOut_reads_R	BAKTA (ww_fastpOut_reads_R)	COMPLETED	0	174988	1	-	53.0	0.5	3045531648	17403584512	2054718364	1584751
ww_fastpOut_reads_R	BAKTA (ww_fastpOut_reads_R)	COMPLETED	0	175481	1	-	55.3	0.5	3016167424	42513948672	2052080519	1501783
ww_fastpOut_reads_R	BAKTA (ww_fastpOut_reads_R)	COMPLETED	0	176960	1	-	61.5	0.7	4139626496	17246552064	2053846499	1563447
ww_fastpOut_reads_R	BAKTA (ww_fastpOut_reads_R)	COMPLETED	0	193594	1	-	54.7	0.8	4303314944	17478340608	2053414232	1563033
ww_fastpOut_reads_R	BAKTA (ww_fastpOut_reads_R)	COMPLETED	0	179291	1	-	56.4	0.6	3328745472	16308461568	2052854856	1529877
ww_fastpOut_reads_R	BAKTA (ww_fastpOut_reads_R)	COMPLETED	0	185877	1	-	58.5	0.7	3791069184	17346424832	2053942368	1565024
ww_fastpOut_reads_R	BAKTA (ww_fastpOut_reads_R)	COMPLETED	0	193213	1	-	48.8	0.5	3014598656	15780749312	2052553048	1500240
ww_fastpOut_reads_R	BAKTA (ww_fastpOut_reads_R)	COMPLETED	0	177269	1	-	53.9	0.5	3018067968	15163138048	2055216710	1619450
ww_fastpOut_reads_R	BAKTA (ww_fastpOut_reads_R)	COMPLETED	0	177709	1	-	53.3	0.5	3039510528	15175856128	2055106896	1619800
ww_fastpOut_reads_R	BAKTA (ww_fastpOut_reads_R)	COMPLETED	0	191284	1	-	49.9	0.5	3014324224	15816597504	2051773061	1500003
ww_fastpOut_reads_R	BAKTA (ww_fastpOut_reads_R)	COMPLETED	0	200884	1	-	46.6	0.5	3043028992	15799840768	2052752775	1500273
ww_fastpOut_reads_R	BAKTA (ww_fastpOut_reads_R)	COMPLETED	0	207878	1	-	47.6	0.6	3301265408	16408743936	2053091192	1527851
ww_fastpOut_reads_R	BAKTA (ww_fastpOut_reads_R)	COMPLETED	0	214588	1	-	47.2	0.5	3292565504	84182691840	2053381104	1528220
ww_fastpOut_reads_R	BAKTA (ww_fastpOut_reads_R)	COMPLETED	0	194682	1	-	55.7	0.6	4295409664	134477860864	2053917345	1563076
ww_fastpOut_reads_R	BAKTA (ww_fastpOut_reads_R)	COMPLETED	0	195288	1	-	56.0	0.6	4151558144	17399095296	2053879989	1563373
ww_fastpOut_reads_R	BAKTA (ww_fastpOut_reads_R)	COMPLETED	0	168100	1	-	57.6	0.5	3042418688	15776264192	2051483297	1501378
ww_fastpOut_reads_R	BAKTA (ww_fastpOut_reads_R)	COMPLETED	0	205685	1	-	50.7	0.7	4036096000	17391415296	2053030046	1564098
ww_fastpOut_reads_R	BAKTA (ww_fastpOut_reads_R)	COMPLETED	0	174741	1	-	58.3	0.6	3312021504	16344641536	2053080018	1527810
ww_fastpOut_reads_R	BAKTA (ww_fastpOut_reads_R)	COMPLETED	0	217072	1	-	43.8	0.5	3042398208	17351413760	2051912808	1500286
ww_fastpOut_reads_R	BAKTA (ww_fastpOut_reads_R)	COMPLETED	0	214025	1	-	44.5	0.5	3041185792	15181565952	2055474076	1620004
ww_fastpOut_reads_R	BAKTA (ww_fastpOut_reads_R)	COMPLETED	0	189739	1	-	48.6	0.5	3040620544	15216254976	2054334029	1585227
ww_fastpOut_reads_R	BAKTA (ww_fastpOut_reads_R)	COMPLETED	0	176524	1	-	53.6	0.5	3043229696	100936409088	2056282807	1619671
ww_fastpOut_reads_R	BAKTA (ww_fastpOut_reads_R)	COMPLETED	0	171334	1	-	54.9	0.5	3039920128	15217958912	2054638389	1584666
ww_fastpOut_reads_R	BAKTA (ww_fastpOut_reads_R)	COMPLETED	0	181899	1	-	52.3	0.5	3042967552	15190106112	2055582015	1619238
ww_fastpOut_reads_R	BAKTA (ww_fastpOut_reads_R)	COMPLETED	0	190739	1	-	48.9	0.5	3012325376	15163494400	2055778132	1621460
ww_fastpOut_reads_R	BAKTA (ww_fastpOut_reads_R)	COMPLETED	0	171872	1	-	53.2	0.5	3040145408	25746157568	2054659391	1584413
ww_fastpOut_reads_R	BAKTA (ww_fastpOut_reads_R)	COMPLETED	0	201873	1	-	46.3	0.5	3014893568	15096336384	2055096652	1621235
ww_fastpOut_reads_R	BAKTA (ww_fastpOut_reads_R)	COMPLETED	0	215062	1	-	46.7	0.6	3300814848	17342935040	2052387664	1529393
ww_fastpOut_reads_R	BAKTA (ww_fastpOut_reads_R)	COMPLETED	0	166293	1	-	57.5	0.5	3044184064	17404395520	2056017165	1619319
ww_fastpOut_reads_R	BAKTA (ww_fastpOut_reads_R)	COMPLETED	0	223001	1	-	42.0	0.5	3017199616	17376219136	2054822031	1620943
ww_fastpOut_reads_R	BAKTA (ww_fastpOut_reads_R)	COMPLETED	0	190911	1	-	58.4	0.5	4234354688	17389699072	2053538847	1562612
ww_fastpOut_reads_R	BAKTA (ww_fastpOut_reads_R)	COMPLETED	0	196642	1	-	55.7	0.6	4269400064	17435701248	2053935908	1563825
ww_fastpOut_reads_R	BAKTA (ww_fastpOut_reads_R)	COMPLETED	0	202768	1	-	52.5	0.7	3795562496	17120202752	2053551509	1564176
ww_fastpOut_reads_R	BAKTA (ww_fastpOut_reads_R)	COMPLETED	0	217840	1	-	46.5	0.6	3301462016	16411541504	2052793394	1527437
ww_fastpOut_reads_R	BAKTA (ww_fastpOut_reads_R)	COMPLETED	0	207375	1	-	47.9	0.5	3016138752	17401663488	2051892894	1499439
ww_fastpOut_reads_R	BAKTA (ww_fastpOut_reads_R)	COMPLETED	0	223664	1	-	48.5	0.7	4029575168	17135112192	2053740138	1564612
ww_fastpOut_reads_R	BAKTA (ww_fastpOut_reads_R)	COMPLETED	0	208106	1	-	51.3	0.7	4159987712	17209733120	2053013323	1563799
ww_fastpOut_reads_R	BAKTA (ww_fastpOut_reads_R)	COMPLETED	0	159119	1	-	67.1	0.7	4267569152	17435557888	2054787641	1563558
ww_fastpOut_reads_R	BAKTA (ww_fastpOut_reads_R)	COMPLETED	0	169701	1	-	54.7	0.5	3043196928	15086698496	2054138829	1585962
ww_fastpOut_reads_R	BAKTA (ww_fastpOut_reads_R)	COMPLETED	0	170239	1	-	56.9	0.6	3312447488	25744994304	2053964915	1528714
ww_fastpOut_reads_R	BAKTA (ww_fastpOut_reads_R)	COMPLETED	0	187324	1	-	49.0	0.5	3039318016	15172579328	2055092876	1620780
ww_fastpOut_reads_R	BAKTA (ww_fastpOut_reads_R)	COMPLETED	0	184170	1	-	49.3	0.5	3043856384	15243235328	2055621515	1620415
ww_fastpOut_reads_R	BAKTA (ww_fastpOut_reads_R)	COMPLETED	0	229925	1	-	44.0	0.6	3350392832	25740492800	2052618447	1528916
ww_fastpOut_reads_R	BAKTA (ww_fastpOut_reads_R)	COMPLETED	0	171030	1	-	52.3	0.4	3041300480	15147433984	2054392719	1587219
ww_fastpOut_reads_R	BAKTA (ww_fastpOut_reads_R)	COMPLETED	0	186335	1	-	56.8	0.6	4004753408	17106030592	2053151759	1565486
ww_fastpOut_reads_R	BAKTA (ww_fastpOut_reads_R)	COMPLETED	0	186274	1	-	50.9	0.5	3043328000	15310036992	2055481975	1620318
ww_fastpOut_reads_R	BAKTA (ww_fastpOut_reads_R)	COMPLETED	0	192465	1	-	49.1	0.5	3014438912	15163256832	2055835844	1620606
ww_fastpOut_reads_R	BAKTA (ww_fastpOut_reads_R)	COMPLETED	0	204299	1	-	52.8	0.7	4218847232	17345114112	2053637026	1563714
ww_fastpOut_reads_R	BAKTA (ww_fastpOut_reads_R)	COMPLETED	0	196310	1	-	49.4	0.5	3041878016	25897943040	2052104890	1500697
ww_fastpOut_reads_R	BAKTA (ww_fastpOut_reads_R)	COMPLETED	0	177674	1	-	51.1	0.5	3044835328	109383176192	2055478583	1619805
ww_fastpOut_reads_R	BAKTA (ww_fastpOut_reads_R)	COMPLETED	0	183411	1	-	49.8	0.5	3046363136	15150661632	2055141711	1585216
ww_fastpOut_reads_R	BAKTA (ww_fastpOut_reads_R)	COMPLETED	0	156912	1	-	59.5	0.5	3041923072	15110090752	2055924326	1620178
ww_fastpOut_reads_R	BAKTA (ww_fastpOut_reads_R)	COMPLETED	0	205374	1	-	46.8	0.5	3042238464	15259123712	2056176866	1620087
ww_fastpOut_reads_R	BAKTA (ww_fastpOut_reads_R)	COMPLETED	0	206651	1	-	52.1	0.8	4304003072	17471246336	2054522001	1563357
ww_fastpOut_reads_R	BAKTA (ww_fastpOut_reads_R)	COMPLETED	0	204428	1	-	52.3	0.7	4003315712	17015681024	2053122861	1565130
ww_fastpOut_reads_R	BAKTA (ww_fastpOut_reads_R)	COMPLETED	0	183942	1	-	60.1	0.7	4738793472	17776111616	2054517295	3006909
ww_fastpOut_reads_R	BAKTA (ww_fastpOut_reads_R)	COMPLETED	0	220624	1	-	44.2	0.6	3254280192	16328613888	2052744073	1528493
ww_fastpOut_reads_R	BAKTA (ww_fastpOut_reads_R)	COMPLETED	0	184382	1	-	49.2	0.5	3041185792	15175737344	2055339444	1621242
ww_fastpOut_reads_R	BAKTA (ww_fastpOut_reads_R)	COMPLETED	0	203870	1	-	47.5	0.5	3043909632	92658839552	2052348785	1500621
ww_fastpOut_reads_R	BAKTA (ww_fastpOut_reads_R)	COMPLETED	0	178496	1	-	52.1	0.5	3017613312	17389015040	2055635549	1619725
ww_fastpOut_reads_R	BAKTA (ww_fastpOut_reads_R)	COMPLETED	0	209210	1	-	43.5	0.5	3043172352	15152041984	2053815419	1586783
ww_fastpOut_reads_R	BAKTA (ww_fastpOut_reads_R)	COMPLETED	0	189109	1	-	48.3	0.5	3044110336	15149129728	2054918638	1586707
ww_fastpOut_reads_R	BAKTA (ww_fastpOut_reads_R)	COMPLETED	0	194419	1	-	50.5	0.6	3308638208	16416661504	2052690133	1527938
ww_fastpOut_reads_R	BAKTA (ww_fastpOut_reads_R)	COMPLETED	0	193052	1	-	54.7	0.7	4267188224	17300160512	2053666912	1562759
ww_fastpOut_reads_R	BAKTA (ww_fastpOut_reads_R)	COMPLETED	0	220459	1	-	42.4	0.5	3041304576	15324454912	2055405690	1620083
ww_fastpOut_reads_R	BAKTA (ww_fastpOut_reads_R)	COMPLETED	0	175960	1	-	52.1	0.5	3041955840	15112474624	2055874748	1619438
ww_fastpOut_reads_R	BAKTA (ww_fastpOut_reads_R)	COMPLETED	0	223774	1	-	46.6	0.7	4116389888	17350029312	2053604845	1564564
ww_fastpOut_reads_R	BAKTA (ww_fastpOut_reads_R)	COMPLETED	0	202396	1	-	45.7	0.5	3043868672	75836682240	2054805030	1585176
ww_fastpOut_reads_R	BAKTA (ww_fastpOut_reads_R)	COMPLETED	0	192730	1	-	48.9	0.5	3017166848	15097225216	2055388356	1621627
ww_fastpOut_reads_R	BAKTA (ww_fastpOut_reads_R)	COMPLETED	0	204508	1	-	47.8	0.5	3015634944	16026591232	2052246799	1501824
ww_fastpOut_reads_R	BAKTA (ww_fastpOut_reads_R)	COMPLETED	0	164264	1	-	57.1	0.5	3044311040	42424356864	2052264336	1501542
ww_fastpOut_reads_R	BAKTA (ww_fastpOut_reads_R)	COMPLETED	0	189850	1	-	52.4	0.6	3255836672	16243236864	2053731758	1529464
ww_fastpOut_reads_R	BAKTA (ww_fastpOut_reads_R)	COMPLETED	0	159015	1	-	58.8	0.4	3014459392	15136468992	2054080505	1584843
ww_fastpOut_reads_R	BAKTA (ww_fastpOut_reads_R)	COMPLETED	0	192624	1	-	55.7	0.7	4211548160	17390346240	2053799745	1564551
ww_fastpOut_reads_R	BAKTA (ww_fastpOut_reads_R)	COMPLETED	0	176217	1	-	54.0	0.5	3044696064	15126659072	2056501275	1620906
ww_fastpOut_reads_R	BAKTA (ww_fastpOut_reads_R)	COMPLETED	0	186933	1	-	49.7	0.5	3014004736	15230296064	2056368479	1621183
ww_fastpOut_reads_R	BAKTA (ww_fastpOut_reads_R)	COMPLETED	0	162905	1	-	57.2	0.5	3041595392	50743226368	2055869908	1621168
ww_fastpOut_reads_R	BAKTA (ww_fastpOut_reads_R)	COMPLETED	0	153625	1	-	65.3	0.5	3355181056	16456814592	2052550012	1529546
ww_fastpOut_reads_R	BAKTA (ww_fastpOut_reads_R)	COMPLETED	0	203492	1	-	51.6	0.7	4073934848	17117200384	2053301696	1564292
ww_fastpOut_reads_R	BAKTA (ww_fastpOut_reads_R)	COMPLETED	0	146970	1	-	62.9	0.3	3041513472	15281922048	2053900665	1586424
ww_fastpOut_reads_R	BAKTA (ww_fastpOut_reads_R)	COMPLETED	0	192909	1	-	55.9	0.6	3487502336	17278902272	2053852410	1563886
ww_fastpOut_reads_R	BAKTA (ww_fastpOut_reads_R)	COMPLETED	0	174809	1	-	55.7	0.5	3042021376	15783763968	2051360559	1499943
ww_fastpOut_reads_R	BAKTA (ww_fastpOut_reads_R)	COMPLETED	0	182105	1	-	52.1	0.5	3021078528	17375604736	2055647834	1619779
ww_fastpOut_reads_R	BAKTA (ww_fastpOut_reads_R)	COMPLETED	0	167725	1	-	63.1	0.7	4193112064	17361846272	2053963156	1564291
ww_fastpOut_reads_R	BAKTA (ww_fastpOut_reads_R)	COMPLETED	0	169978	1	-	55.4	0.5	3017662464	15718068224	2051854144	1501326
ww_fastpOut_reads_R	BAKTA (ww_fastpOut_reads_R)	COMPLETED	0	171818	1	-	57.0	0.5	3228086272	34094714880	2053160999	1529188
ww_fastpOut_reads_R	BAKTA (ww_fastpOut_reads_R)	COMPLETED	0	169078	1	-	56.6	0.5	3041812480	17391865856	2051220829	1501441
ww_fastpOut_reads_R	BAKTA (ww_fastpOut_reads_R)	COMPLETED	0	178636	1	-	58.4	0.7	3993612288	17125056512	2054096239	1564289
ww_fastpOut_reads_R	BAKTA (ww_fastpOut_reads_R)	COMPLETED	0	190047	1	-	49.7	0.5	3042971648	14724104192	2052000331	1502704
ww_fastpOut_reads_R	BAKTA (ww_fastpOut_reads_R)	COMPLETED	0	190999	1	-	51.0	0.5	3098050560	42475495424	2053397200	1548691
ww_fastpOut_reads_R	BAKTA (ww_fastpOut_reads_R)	COMPLETED	0	197266	1	-	46.7	0.4	3039965184	59116748800	2056007378	1620653
ww_fastpOut_reads_R	BAKTA (ww_fastpOut_reads_R)	COMPLETED	0	205091	1	-	44.4	0.5	3042996224	34098237440	2054409411	1585919
ww_fastpOut_reads_R	BAKTA (ww_fastpOut_reads_R)	COMPLETED	0	174632	1	-	53.6	0.5	3016704000	34100236288	2055679227	1605617
ww_fastpOut_reads_R	BAKTA (ww_fastpOut_reads_R)	COMPLETED	0	194022	1	-	47.8	0.5	3016515584	15376687104	2051035408	1448285
ww_fastpOut_reads_R	BAKTA (ww_fastpOut_reads_R)	COMPLETED	0	227192	1	-	44.6	0.5	3016589312	16115187712	2053237396	1548922
ww_fastpOut_reads_R	BAKTA (ww_fastpOut_reads_R)	COMPLETED	0	190064	1	-	48.3	0.5	3014803456	15163248640	2056880005	1620790
ww_fastpOut_reads_R	BAKTA (ww_fastpOut_reads_R)	COMPLETED	0	189110	1	-	48.2	0.5	3040841728	34011090944	2055315026	1605260
ww_fastpOut_reads_R	BAKTA (ww_fastpOut_reads_R)	COMPLETED	0	216075	1	-	45.1	0.5	3071520768	16173023232	2054038347	1548380
ww_fastpOut_reads_R	BAKTA (ww_fastpOut_reads_R)	COMPLETED	0	221378	1	-	43.3	0.5	3012878336	15695630336	2053379807	1513924
ww_fastpOut_reads_R	BAKTA (ww_fastpOut_reads_R)	COMPLETED	0	181635	1	-	62.3	0.7	4025909248	67447209984	2939606186	21794126
ww_fastpOut_reads_R	BAKTA (ww_fastpOut_reads_R)	COMPLETED	0	160273	1	-	66.8	0.5	4289277952	17451413504	2054110294	1563755
ww_fastpOut_reads_R	BAKTA (ww_fastpOut_reads_R)	COMPLETED	0	180772	1	-	52.9	0.5	3043852288	15762145280	2052048845	1500751
ww_fastpOut_reads_R	BAKTA (ww_fastpOut_reads_R)	COMPLETED	0	197924	1	-	50.3	0.5	3067580416	17385054208	2053738685	1548649
ww_fastpOut_reads_R	BAKTA (ww_fastpOut_reads_R)	COMPLETED	0	171877	1	-	59.1	0.6	3320176640	16420921344	2053177202	1530295
ww_fastpOut_reads_R	BAKTA (ww_fastpOut_reads_R)	COMPLETED	0	235514	1	-	39.5	0.5	3042648064	15283097600	2055079164	1587448
ww_fastpOut_reads_R	BAKTA (ww_fastpOut_reads_R)	COMPLETED	0	202585	1	-	46.3	0.5	3043164160	15843373056	2051482622	1502293
ww_fastpOut_reads_R	BAKTA (ww_fastpOut_reads_R)	COMPLETED	0	157289	1	-	70.7	0.7	3792224256	42424389632	2939220707	21796607
ww_fastpOut_reads_R	BAKTA (ww_fastpOut_reads_R)	COMPLETED	0	217658	1	-	41.2	0.5	3042000896	15243276288	2055099188	1570918
ww_fastpOut_reads_R	BAKTA (ww_fastpOut_reads_R)	COMPLETED	0	194983	1	-	58.4	0.7	4024307712	17331212288	2939580908	21794842
ww_fastpOut_reads_R	BAKTA (ww_fastpOut_reads_R)	COMPLETED	0	222254	1	-	47.0	0.7	4091383808	17402576896	2053996295	1563867
ww_fastpOut_reads_R	BAKTA (ww_fastpOut_reads_R)	COMPLETED	0	210834	1	-	51.6	0.8	4353937408	17461174272	2054145678	1563309
ww_fastpOut_reads_R	BAKTA (ww_fastpOut_reads_R)	COMPLETED	0	217905	1	-	41.7	0.5	3043762176	15216062464	2054967259	1585683
ww_fastpOut_reads_R	BAKTA (ww_fastpOut_reads_R)	COMPLETED	0	224467	1	-	44.2	0.5	3071512576	16314978304	2052601494	1549926
ww_fastpOut_reads_R	BAKTA (ww_fastpOut_reads_R)	COMPLETED	0	231048	1	-	39.1	0.5	3043627008	59194249216	2055290391	1622300
ww_fastpOut_reads_R	BAKTA (ww_fastpOut_reads_R)	COMPLETED	0	223559	1	-	45.2	0.6	3610595328	34109644800	2052303953	1314254
ww_fastpOut_reads_R	BAKTA (ww_fastpOut_reads_R)	COMPLETED	0	235320	1	-	38.6	0.5	3045122048	15265054720	2055164556	1605260
ww_fastpOut_reads_R	BAKTA (ww_fastpOut_reads_R)	COMPLETED	0	224403	1	-	41.2	0.5	3041300480	15111827456	2055340490	1621977
ww_fastpOut_reads_R	BAKTA (ww_fastpOut_reads_R)	COMPLETED	0	150227	1	-	75.8	0.6	3634417664	17057988608	2939083868	21795377
ww_fastpOut_reads_R	BAKTA (ww_fastpOut_reads_R)	COMPLETED	0	154517	1	-	74.7	0.7	4099665920	34029375488	2939035615	21795638
ww_fastpOut_reads_R	BAKTA (ww_fastpOut_reads_R)	COMPLETED	0	194805	1	-	47.8	0.4	3040370688	17391239168	2056334396	1620040
ww_fastpOut_reads_R	BAKTA (ww_fastpOut_reads_R)	COMPLETED	0	192731	1	-	56.1	0.7	4338839552	17445470208	2053418820	1562966
ww_fastpOut_reads_R	BAKTA (ww_fastpOut_reads_R)	COMPLETED	0	210315	1	-	44.4	0.5	3045801984	15174115328	2056396027	1620336
ww_fastpOut_reads_R	BAKTA (ww_fastpOut_reads_R)	COMPLETED	0	160202	1	-	71.9	0.7	4109557760	17386971136	2939519983	21794827
ww_fastpOut_reads_R	BAKTA (ww_fastpOut_reads_R)	COMPLETED	0	176221	1	-	60.3	0.7	4235833344	17334784000	2054078957	1563394
ww_fastpOut_reads_R	BAKTA (ww_fastpOut_reads_R)	COMPLETED	0	198279	1	-	45.9	0.5	3045638144	15284940800	2055851164	1585394
ww_fastpOut_reads_R	BAKTA (ww_fastpOut_reads_R)	COMPLETED	0	193595	1	-	52.1	0.6	3551326208	17363415040	2051498641	1314656
ww_fastpOut_reads_R	BAKTA (ww_fastpOut_reads_R)	COMPLETED	0	197684	1	-	51.0	0.6	3295866880	16342683648	2053033277	1528268
ww_fastpOut_reads_R	BAKTA (ww_fastpOut_reads_R)	COMPLETED	0	166794	1	-	69.1	0.7	4116054016	17215700992	2939572347	21796162
ww_fastpOut_reads_R	BAKTA (ww_fastpOut_reads_R)	COMPLETED	0	171265	1	-	67.1	0.7	4096425984	17205202944	2939358737	21795698
ww_fastpOut_reads_R	BAKTA (ww_fastpOut_reads_R)	COMPLETED	0	198699	1	-	45.8	0.5	3040964608	50803314688	2055590680	1621427
ww_fastpOut_reads_R	BAKTA (ww_fastpOut_reads_R)	COMPLETED	0	224077	1	-	47.4	0.6	4156317696	17331269632	2053571723	1564638
ww_fastpOut_reads_R	BAKTA (ww_fastpOut_reads_R)	COMPLETED	0	175708	1	-	66.6	0.7	4119748608	17290272768	2939141567	21795765
ww_fastpOut_reads_R	BAKTA (ww_fastpOut_reads_R)	COMPLETED	0	135744	1	-	76.7	0.5	3043676160	15134068736	3075475511	24939574
ww_fastpOut_reads_R	BAKTA (ww_fastpOut_reads_R)	COMPLETED	0	215498	1	-	46.0	0.6	3360690176	25736032256	2052536002	1529777
ww_fastpOut_reads_R	BAKTA (ww_fastpOut_reads_R)	COMPLETED	0	177565	1	-	59.7	0.6	4306546688	17339826176	2054174147	1564228
ww_fastpOut_reads_R	BAKTA (ww_fastpOut_reads_R)	COMPLETED	0	229123	1	-	45.6	0.7	4025356288	17134718976	2053697655	1564894
ww_fastpOut_reads_R	BAKTA (ww_fastpOut_reads_R)	COMPLETED	0	182244	1	-	48.5	0.5	3045593088	15451082752	1724251668	3114066
ww_fastpOut_reads_R	BAKTA (ww_fastpOut_reads_R)	COMPLETED	0	241426	1	-	38.0	0.5	3041198080	75825967104	2055306221	1621729
ww_fastpOut_reads_R	BAKTA (ww_fastpOut_reads_R)	COMPLETED	0	176660	1	-	63.7	0.6	4039495680	17210167296	2939212827	21794949
ww_fastpOut_reads_R	BAKTA (ww_fastpOut_reads_R)	COMPLETED	0	151427	1	-	69.1	0.5	3016294400	42436444160	3075079777	24942640
ww_fastpOut_reads_R	BAKTA (ww_fastpOut_reads_R)	COMPLETED	0	220047	1	-	44.3	0.6	3293044736	16463822848	2052865341	1529032
ww_fastpOut_reads_R	BAKTA (ww_fastpOut_reads_R)	COMPLETED	0	172579	1	-	65.6	0.7	4037824512	17141592064	2939870173	21794190
ww_fastpOut_reads_R	BAKTA (ww_fastpOut_reads_R)	COMPLETED	0	230405	1	-	40.1	0.5	3014696960	17346072576	2055319339	1586243
ww_fastpOut_reads_R	BAKTA (ww_fastpOut_reads_R)	COMPLETED	0	216265	1	-	46.0	0.6	3340169216	16505974784	2053401487	1530646
ww_fastpOut_reads_R	BAKTA (ww_fastpOut_reads_R)	COMPLETED	0	182367	1	-	58.7	0.5	3045396480	75867881472	3075493292	24944158
ww_fastpOut_reads_R	BAKTA (ww_fastpOut_reads_R)	COMPLETED	0	201448	1	-	52.3	0.5	3019235328	15189557248	3075586490	24939269
ww_fastpOut_reads_R	BAKTA (ww_fastpOut_reads_R)	COMPLETED	0	181604	1	-	57.5	0.5	3017760768	50767134720	3075398397	24939505
ww_fastpOut_reads_R	BAKTA (ww_fastpOut_reads_R)	COMPLETED	0	224407	1	-	41.3	0.5	3046531072	15111077888	2055920311	1622493
ww_fastpOut_reads_R	BAKTA (ww_fastpOut_reads_R)	COMPLETED	0	178723	1	-	58.3	0.5	3016044544	17340772352	3075121121	24944018
ww_fastpOut_reads_R	BAKTA (ww_fastpOut_reads_R)	COMPLETED	0	218186	1	-	49.2	0.7	4114403328	59162550272	2053328581	1565349
ww_fastpOut_reads_R	BAKTA (ww_fastpOut_reads_R)	COMPLETED	0	226769	1	-	46.4	0.7	4111368192	34086563840	2053703217	1565721
ww_fastpOut_reads_R	BAKTA (ww_fastpOut_reads_R)	COMPLETED	0	227212	1	-	40.1	0.5	3041964032	15308263424	2056053248	1620842
ww_fastpOut_reads_R	BAKTA (ww_fastpOut_reads_R)	COMPLETED	0	176208	1	-	64.5	0.6	4044726272	17387958272	2939552127	21795625
ww_fastpOut_reads_R	BAKTA (ww_fastpOut_reads_R)	COMPLETED	0	176680	1	-	58.1	0.5	3016323072	15191355392	3075178800	24942696
ww_fastpOut_reads_R	BAKTA (ww_fastpOut_reads_R)	COMPLETED	0	177704	1	-	59.0	0.5	3041292288	15069618176	3075280771	24934776
ww_fastpOut_reads_R	BAKTA (ww_fastpOut_reads_R)	COMPLETED	0	192078	1	-	55.1	0.5	3014004736	59134439424	3075290405	24940310
ww_fastpOut_reads_R	BAKTA (ww_fastpOut_reads_R)	COMPLETED	0	175156	1	-	60.0	0.5	3046080512	15134658560	3075452030	24936245
ww_fastpOut_reads_R	BAKTA (ww_fastpOut_reads_R)	COMPLETED	0	174460	1	-	60.1	0.5	3044474880	15141605376	3075259972	24938667
ww_fastpOut_reads_R	BAKTA (ww_fastpOut_reads_R)	COMPLETED	0	235647	1	-	38.7	0.5	3047063552	15242842112	2055572167	1622096
ww_fastpOut_reads_R	BAKTA (ww_fastpOut_reads_R)	COMPLETED	0	215602	1	-	48.8	0.5	3042365440	17350848512	3075321394	24939607
ww_fastpOut_reads_R	BAKTA (ww_fastpOut_reads_R)	COMPLETED	0	239220	1	-	37.7	0.5	3048050688	15130664960	2055185031	1604771
ww_fastpOut_reads_R	BAKTA (ww_fastpOut_reads_R)	COMPLETED	0	212279	1	-	42.8	0.5	3040423936	15356846080	2050981843	1447974
ww_fastpOut_reads_R	BAKTA (ww_fastpOut_reads_R)	COMPLETED	0	160651	1	-	70.4	0.7	4119638016	17338978304	2939329828	21795108
ww_fastpOut_reads_R	BAKTA (ww_fastpOut_reads_R)	COMPLETED	0	236049	1	-	39.2	0.5	3045216256	15243345920	2054783526	1570430
ww_fastpOut_reads_R	BAKTA (ww_fastpOut_reads_R)	COMPLETED	0	182736	1	-	62.4	0.6	4026945536	34085675008	2939864488	21794456
ww_fastpOut_reads_R	BAKTA (ww_fastpOut_reads_R)	COMPLETED	0	244723	1	-	40.7	0.6	3480244224	16631685120	2052545952	1314129
ww_fastpOut_reads_R	BAKTA (ww_fastpOut_reads_R)	COMPLETED	0	174813	1	-	60.5	0.5	3017924608	15125352448	3075522966	24939804
ww_fastpOut_reads_R	BAKTA (ww_fastpOut_reads_R)	COMPLETED	0	170121	1	-	65.8	0.6	3556696064	17125412864	2939108717	21795792
ww_fastpOut_reads_R	BAKTA (ww_fastpOut_reads_R)	COMPLETED	0	152855	1	-	75.0	0.7	4103778304	25731342336	2939377772	21796108
ww_fastpOut_reads_R	BAKTA (ww_fastpOut_reads_R)	COMPLETED	0	164491	1	-	69.1	0.7	4072022016	17065652224	2938662702	21795705
ww_fastpOut_reads_R	BAKTA (ww_fastpOut_reads_R)	COMPLETED	0	136042	1	-	82.3	0.5	4031848448	17202704384	2939262855	21795542
ww_fastpOut_reads_R	BAKTA (ww_fastpOut_reads_R)	COMPLETED	0	187388	1	-	55.8	0.5	3042058240	15272349696	3075222010	24940845
ww_fastpOut_reads_R	BAKTA (ww_fastpOut_reads_R)	COMPLETED	0	168597	1	-	66.7	0.5	4053602304	34080215040	2939704682	21795314
ww_fastpOut_reads_R	BAKTA (ww_fastpOut_reads_R)	COMPLETED	0	179233	1	-	63.3	0.6	4094717952	17263656960	2939290397	21795011
ww_fastpOut_reads_R	BAKTA (ww_fastpOut_reads_R)	COMPLETED	0	242130	1	-	42.1	0.5	3014033408	16566444032	2051169722	1314009
ww_fastpOut_reads_R	BAKTA (ww_fastpOut_reads_R)	COMPLETED	0	157560	1	-	73.0	0.6	3676536832	17006637056	2939532723	21796318
ww_fastpOut_reads_R	BAKTA (ww_fastpOut_reads_R)	COMPLETED	0	170882	1	-	66.1	0.5	4020518912	17064067072	2939680395	21795186
ww_fastpOut_reads_R	BAKTA (ww_fastpOut_reads_R)	COMPLETED	0	207433	1	-	56.3	0.7	4081561600	17192652800	2939684904	21796309
ww_fastpOut_reads_R	BAKTA (ww_fastpOut_reads_R)	COMPLETED	0	243664	1	-	41.0	0.6	3595882496	59108499456	2051932179	1315454
ww_fastpOut_reads_R	BAKTA (ww_fastpOut_reads_R)	COMPLETED	0	172143	1	-	60.9	0.5	3049545728	109346902016	3075414428	24939202
ww_fastpOut_reads_R	BAKTA (ww_fastpOut_reads_R)	COMPLETED	0	186991	1	-	55.0	0.5	3017351168	17389547520	3075312063	24941379
ww_fastpOut_reads_R	BAKTA (ww_fastpOut_reads_R)	COMPLETED	0	207586	1	-	54.4	0.7	4088320000	25678626816	2939440479	21796251
ww_fastpOut_reads_R	BAKTA (ww_fastpOut_reads_R)	COMPLETED	0	211711	1	-	53.6	0.7	4021358592	134183669760	2939830480	21795414
ww_fastpOut_reads_R	BAKTA (ww_fastpOut_reads_R)	COMPLETED	0	183556	1	-	57.3	0.5	3047354368	15063896064	3075460841	24944030
ww_fastpOut_reads_R	BAKTA (ww_fastpOut_reads_R)	COMPLETED	0	216391	1	-	53.4	0.6	4042309632	17077137408	2938974465	21794416
ww_fastpOut_reads_R	BAKTA (ww_fastpOut_reads_R)	COMPLETED	0	178087	1	-	59.2	0.5	3020902400	15264542720	3119742947	25956803
ww_fastpOut_reads_R	BAKTA (ww_fastpOut_reads_R)	COMPLETED	0	187742	1	-	56.3	0.5	3042193408	15272222720	3075487783	24939098
ww_fastpOut_reads_R	BAKTA (ww_fastpOut_reads_R)	COMPLETED	0	201805	1	-	51.6	0.5	3048472576	15269699584	3075435801	24943765
ww_fastpOut_reads_R	BAKTA (ww_fastpOut_reads_R)	COMPLETED	0	213782	1	-	53.6	0.7	4097249280	17269997568	2939514926	21796192
ww_fastpOut_reads_R	BAKTA (ww_fastpOut_reads_R)	COMPLETED	0	205265	1	-	51.0	0.5	3045810176	34112884736	3075174604	24936174
ww_fastpOut_reads_R	BAKTA (ww_fastpOut_reads_R)	COMPLETED	0	180363	1	-	57.2	0.5	3045642240	34104086528	3031446973	23924380
ww_fastpOut_reads_R	BAKTA (ww_fastpOut_reads_R)	COMPLETED	0	229785	1	-	49.8	0.7	4045733888	17399824384	2939406072	21795683
ww_fastpOut_reads_R	BAKTA (ww_fastpOut_reads_R)	COMPLETED	0	219309	1	-	53.8	0.7	4091703296	17196556288	2939186285	21795504
ww_fastpOut_reads_R	BAKTA (ww_fastpOut_reads_R)	COMPLETED	0	200305	1	-	52.9	0.5	3015589888	15125581824	3075574664	24943751
ww_fastpOut_reads_R	BAKTA (ww_fastpOut_reads_R)	COMPLETED	0	211616	1	-	50.9	0.5	3014291456	15060119552	3075631929	24943693
ww_fastpOut_reads_R	BAKTA (ww_fastpOut_reads_R)	COMPLETED	0	208253	1	-	50.8	0.5	3044028416	15192731648	3075668623	24944061
ww_fastpOut_reads_R	BAKTA (ww_fastpOut_reads_R)	COMPLETED	0	201727	1	-	50.9	0.5	3021778944	42480340992	3031151470	23924134
ww_fastpOut_reads_R	BAKTA (ww_fastpOut_reads_R)	COMPLETED	0	194374	1	-	54.1	0.5	3043213312	15127994368	3075524458	24940797
ww_fastpOut_reads_R	BAKTA (ww_fastpOut_reads_R)	COMPLETED	0	189033	1	-	54.3	0.5	3043778560	17339797504	3075432041	24939636
ww_fastpOut_reads_R	BAKTA (ww_fastpOut_reads_R)	COMPLETED	0	185790	1	-	56.4	0.5	3042246656	100897107968	3075728659	24943443
ww_fastpOut_reads_R	BAKTA (ww_fastpOut_reads_R)	COMPLETED	0	199486	1	-	52.4	0.5	3045924864	59133333504	3075351644	24943552
ww_fastpOut_reads_R	BAKTA (ww_fastpOut_reads_R)	COMPLETED	0	204087	1	-	51.3	0.5	3044454400	34056376320	3031057189	23924020
ww_fastpOut_reads_R	BAKTA (ww_fastpOut_reads_R)	COMPLETED	0	180927	1	-	58.1	0.5	3020169216	15060762624	3075624116	24936076
ww_fastpOut_reads_R	BAKTA (ww_fastpOut_reads_R)	COMPLETED	0	222760	1	-	48.2	0.5	3041849344	15189995520	3075003328	24944310
ww_fastpOut_reads_R	BAKTA (ww_fastpOut_reads_R)	COMPLETED	0	242404	1	-	41.5	0.6	3683516416	16849199104	2052316981	1314977
ww_fastpOut_reads_R	BAKTA (ww_fastpOut_reads_R)	COMPLETED	0	207419	1	-	51.8	0.5	3042922496	25743020032	3075179478	24943983
ww_fastpOut_reads_R	BAKTA (ww_fastpOut_reads_R)	COMPLETED	0	213790	1	-	48.6	0.5	3017281536	15121543168	3031160911	23924662
ww_fastpOut_reads_R	BAKTA (ww_fastpOut_reads_R)	COMPLETED	0	251658	1	-	43.9	0.7	4750049280	17789923328	2054920944	3008931
ww_fastpOut_reads_R	BAKTA (ww_fastpOut_reads_R)	COMPLETED	0	178603	1	-	58.2	0.5	3017867264	15056863232	3074467924	24942595
ww_fastpOut_reads_R	BAKTA (ww_fastpOut_reads_R)	COMPLETED	0	136689	1	-	76.2	0.5	3046150144	15269556224	3074827519	24941028
ww_fastpOut_reads_R	BAKTA (ww_fastpOut_reads_R)	COMPLETED	0	171053	1	-	60.4	0.5	3042586624	15208480768	3074812370	24939419
ww_fastpOut_reads_R	BAKTA (ww_fastpOut_reads_R)	COMPLETED	0	161159	1	-	63.7	0.5	3015917568	15197286400	3075092780	24940992
ww_fastpOut_reads_R	BAKTA (ww_fastpOut_reads_R)	COMPLETED	0	221052	1	-	47.3	0.5	3043758080	42386677760	3075456156	24943190
ww_fastpOut_reads_R	BAKTA (ww_fastpOut_reads_R)	COMPLETED	0	201835	1	-	50.8	0.5	3045289984	15073345536	3074946329	24940239
ww_fastpOut_reads_R	BAKTA (ww_fastpOut_reads_R)	COMPLETED	0	187617	1	-	54.0	0.5	3046178816	15134232576	3031050080	23925372
ww_fastpOut_reads_R	BAKTA (ww_fastpOut_reads_R)	COMPLETED	0	260613	1	-	38.6	0.5	3621273600	16784306176	2052024694	1315659
ww_fastpOut_reads_R	BAKTA (ww_fastpOut_reads_R)	COMPLETED	0	169571	1	-	60.2	0.5	3041984512	15121608704	3075452861	24939781
ww_fastpOut_reads_R	BAKTA (ww_fastpOut_reads_R)	COMPLETED	0	188342	1	-	55.9	0.5	3017895936	75940065280	3075554312	24936360
ww_fastpOut_reads_R	BAKTA (ww_fastpOut_reads_R)	COMPLETED	0	172442	1	-	59.9	0.4	3015528448	15128567808	3075148277	24939509
ww_fastpOut_reads_R	BAKTA (ww_fastpOut_reads_R)	COMPLETED	0	184561	1	-	57.1	0.5	3019915264	15061286912	3075744318	24943682
ww_fastpOut_reads_R	BAKTA (ww_fastpOut_reads_R)	COMPLETED	0	172635	1	-	60.4	0.5	3017670656	17338208256	3075731513	24939528
ww_fastpOut_reads_R	BAKTA (ww_fastpOut_reads_R)	COMPLETED	0	159052	1	-	63.6	0.5	3045859328	17384124416	3030974964	23920728
ww_fastpOut_reads_R	BAKTA (ww_fastpOut_reads_R)	COMPLETED	0	164288	1	-	62.1	0.5	3043631104	17385492480	3075563547	24940739
ww_fastpOut_reads_R	BAKTA (ww_fastpOut_reads_R)	COMPLETED	0	164528	1	-	62.8	0.5	3045457920	17341198336	3119434402	25956608
ww_fastpOut_reads_R	BAKTA (ww_fastpOut_reads_R)	COMPLETED	0	190611	1	-	54.4	0.5	3021582336	15201251328	3074885336	24940814
ww_fastpOut_reads_R	BAKTA (ww_fastpOut_reads_R)	COMPLETED	0	178491	1	-	58.1	0.5	3045031936	15139610624	3075458125	24942000
ww_fastpOut_reads_R	BAKTA (ww_fastpOut_reads_R)	COMPLETED	0	189444	1	-	54.7	0.5	3019624448	25730416640	3075244984	24939777
ww_fastpOut_reads_R	BAKTA (ww_fastpOut_reads_R)	COMPLETED	0	194426	1	-	53.8	0.5	3043385344	15122345984	3075063718	24935892
ww_fastpOut_reads_R	BAKTA (ww_fastpOut_reads_R)	COMPLETED	0	221866	1	-	44.4	0.5	3463942144	16628371456	2052889077	1313910
ww_fastpOut_reads_R	BAKTA (ww_fastpOut_reads_R)	COMPLETED	0	197676	1	-	51.9	0.5	3017093120	17388904448	3075078071	24942868
ww_fastpOut_reads_R	BAKTA (ww_fastpOut_reads_R)	COMPLETED	0	212015	1	-	50.1	0.5	3042762752	15140216832	3118515257	25952950
ww_fastpOut_reads_R	BAKTA (ww_fastpOut_reads_R)	COMPLETED	0	205336	1	-	50.1	0.5	3014848512	15256870912	3074818612	24943249
ww_fastpOut_reads_R	BAKTA (ww_fastpOut_reads_R)	COMPLETED	0	213843	1	-	49.1	0.5	3015782400	34067083264	3074948553	24940041
ww_fastpOut_reads_R	BAKTA (ww_fastpOut_reads_R)	COMPLETED	0	195176	1	-	52.9	0.5	3019673600	15199145984	3075470374	24942604
ww_fastpOut_reads_R	BAKTA (ww_fastpOut_reads_R)	COMPLETED	0	213053	1	-	48.5	0.5	3042844672	15056117760	3075530737	24939329
ww_fastpOut_reads_R	BAKTA (ww_fastpOut_reads_R)	COMPLETED	0	234936	1	-	41.9	0.6	3327537152	16497836032	2052737519	1313221
ww_fastpOut_reads_R	BAKTA (ww_fastpOut_reads_R)	COMPLETED	0	202517	1	-	50.9	0.5	3019702272	15113281536	3075234631	24939570
ww_fastpOut_reads_R	BAKTA (ww_fastpOut_reads_R)	COMPLETED	0	202792	1	-	51.2	0.5	3047002112	15067447296	3031124655	23921152
ww_fastpOut_reads_R	BAKTA (ww_fastpOut_reads_R)	COMPLETED	0	208357	1	-	49.6	0.5	3016400896	15125880832	3075284081	24942478
ww_fastpOut_reads_R	BAKTA (ww_fastpOut_reads_R)	COMPLETED	0	217973	1	-	48.0	0.5	3014672384	15122792448	3075427368	24939372
ww_fastpOut_reads_R	BAKTA (ww_fastpOut_reads_R)	COMPLETED	0	200630	1	-	51.6	0.5	3016699904	25737428992	3075147072	24938572
ww_fastpOut_reads_R	BAKTA (ww_fastpOut_reads_R)	COMPLETED	0	197604	1	-	51.5	0.5	3013644288	15130165248	3074912389	24940459
ww_fastpOut_reads_R	BAKTA (ww_fastpOut_reads_R)	COMPLETED	0	210940	1	-	48.9	0.5	3045654528	15124348928	3074951271	24935890
ww_fastpOut_reads_R	BAKTA (ww_fastpOut_reads_R)	COMPLETED	0	226052	1	-	47.2	0.5	3042758656	15131172864	3031084334	23923805
ww_fastpOut_reads_R	BAKTA (ww_fastpOut_reads_R)	COMPLETED	0	238812	1	-	41.8	0.5	3611414528	42470862848	2052299490	1314396
ww_fastpOut_reads_R	BAKTA (ww_fastpOut_reads_R)	COMPLETED	0	172830	1	-	60.6	0.5	3043053568	15259955200	3075604481	24940601
ww_fastpOut_reads_R	BAKTA (ww_fastpOut_reads_R)	COMPLETED	0	214120	1	-	46.0	0.6	3580321792	16678080512	2052519212	1314679
ww_fastpOut_reads_R	BAKTA (ww_fastpOut_reads_R)	COMPLETED	0	196573	1	-	53.7	0.5	3017007104	15122833408	3074661724	24942180
ww_fastpOut_reads_R	BAKTA (ww_fastpOut_reads_R)	COMPLETED	0	168681	1	-	61.0	0.5	3017060352	15125872640	3074693591	24942735
ww_fastpOut_reads_R	BAKTA (ww_fastpOut_reads_R)	COMPLETED	0	183427	1	-	56.9	0.5	3044343808	15069614080	3075044787	24938819
ww_fastpOut_reads_R	BAKTA (ww_fastpOut_reads_R)	COMPLETED	0	178164	1	-	58.8	0.5	3015069696	15044558848	3075105595	24942903
ww_fastpOut_reads_R	BAKTA (ww_fastpOut_reads_R)	COMPLETED	0	218015	1	-	48.9	0.5	3014549504	15062786048	3074925667	24938603
ww_fastpOut_reads_R	BAKTA (ww_fastpOut_reads_R)	COMPLETED	0	198094	1	-	52.4	0.5	3015999488	15128596480	3074410098	24938809
ww_fastpOut_reads_R	BAKTA (ww_fastpOut_reads_R)	COMPLETED	0	141157	1	-	72.9	0.5	3018280960	14702395392	3075221965	24939210
ww_fastpOut_reads_R	BAKTA (ww_fastpOut_reads_R)	COMPLETED	0	293944	1	-	32.1	0.5	3041669120	17384660992	2055468421	3022492
ww_fastpOut_reads_R	BAKTA (ww_fastpOut_reads_R)	COMPLETED	0	183277	1	-	56.8	0.5	3018280960	84148228096	3074627486	24937726
ww_fastpOut_reads_R	BAKTA (ww_fastpOut_reads_R)	COMPLETED	0	194239	1	-	53.8	0.5	3043905536	15204810752	3074799354	24938569
ww_fastpOut_reads_R	BAKTA (ww_fastpOut_reads_R)	COMPLETED	0	233071	1	-	42.1	0.5	3527204864	16631476224	2051150969	1313484
ww_fastpOut_reads_R	BAKTA (ww_fastpOut_reads_R)	COMPLETED	0	205957	1	-	51.2	0.5	3046965248	15201296384	3031247120	23925582
ww_fastpOut_reads_R	BAKTA (ww_fastpOut_reads_R)	COMPLETED	0	160208	1	-	66.0	0.5	3044970496	17384931328	3031128661	23924606
ww_fastpOut_reads_R	BAKTA (ww_fastpOut_reads_R)	COMPLETED	0	158824	1	-	67.3	0.5	3019644928	15200616448	3075185618	24939059
ww_fastpOut_reads_R	BAKTA (ww_fastpOut_reads_R)	COMPLETED	0	212115	1	-	49.8	0.5	3044376576	15073304576	3075209655	24940562
ww_fastpOut_reads_R	BAKTA (ww_fastpOut_reads_R)	COMPLETED	0	133177	1	-	76.7	0.5	3043610624	15131303936	3031135394	23923403
ww_fastpOut_reads_R	BAKTA (ww_fastpOut_reads_R)	COMPLETED	0	203455	1	-	48.8	0.6	3287801856	17365168128	2052421825	1314319
ww_fastpOut_reads_R	BAKTA (ww_fastpOut_reads_R)	COMPLETED	0	168002	1	-	62.6	0.5	3043229696	34022248448	3074762986	24938575
ww_fastpOut_reads_R	BAKTA (ww_fastpOut_reads_R)	COMPLETED	0	146414	1	-	70.6	0.5	3020636160	15192739840	3118828334	25952733
ww_fastpOut_reads_R	BAKTA (ww_fastpOut_reads_R)	COMPLETED	0	214751	1	-	48.8	0.5	3015786496	15053250560	3030858706	23923479
ww_fastpOut_reads_R	BAKTA (ww_fastpOut_reads_R)	COMPLETED	0	205497	1	-	51.1	0.5	3016568832	100815900672	3074937275	24943459
ww_fastpOut_reads_R	BAKTA (ww_fastpOut_reads_R)	COMPLETED	0	203901	1	-	51.2	0.5	3018190848	50836611072	3075136281	24938435
ww_fastpOut_reads_R	BAKTA (ww_fastpOut_reads_R)	COMPLETED	0	169897	1	-	75.3	1.0	5694246912	18791759872	3030929820	23890913
ww_fastpOut_reads_R	BAKTA (ww_fastpOut_reads_R)	COMPLETED	0	215162	1	-	48.8	0.5	3045228544	15062241280	3075572364	24940298
ww_fastpOut_reads_R	BAKTA (ww_fastpOut_reads_R)	COMPLETED	0	220145	1	-	47.9	0.5	3045969920	17401720832	3074889585	24942958
ww_fastpOut_reads_R	BAKTA (ww_fastpOut_reads_R)	COMPLETED	0	175436	1	-	60.8	0.5	3016380416	15256780800	3075136385	24938832
ww_fastpOut_reads_R	BAKTA (ww_fastpOut_reads_R)	COMPLETED	0	202545	1	-	51.3	0.5	3021574144	17402609664	3074995261	24939189
ww_fastpOut_reads_R	BAKTA (ww_fastpOut_reads_R)	COMPLETED	0	175214	1	-	59.2	0.5	3047411712	15141376000	3074719647	24939874
ww_fastpOut_reads_R	BAKTA (ww_fastpOut_reads_R)	COMPLETED	0	213849	1	-	48.5	0.5	3045457920	15141281792	3074993802	24939981
ww_fastpOut_reads_R	BAKTA (ww_fastpOut_reads_R)	COMPLETED	0	264147	1	-	38.9	0.5	3532664832	34077171712	2052163159	1314746
ww_fastpOut_reads_R	BAKTA (ww_fastpOut_reads_R)	COMPLETED	0	231204	1	-	47.3	0.5	3016630272	15256653824	3075195179	24938432
ww_fastpOut_reads_R	BAKTA (ww_fastpOut_reads_R)	COMPLETED	0	216336	1	-	47.9	0.5	3048398848	15269597184	3074465652	24942852
ww_fastpOut_reads_R	BAKTA (ww_fastpOut_reads_R)	COMPLETED	0	203374	1	-	61.3	0.9	5114265600	18281099264	2986823247	22869638
ww_fastpOut_reads_R	BAKTA (ww_fastpOut_reads_R)	COMPLETED	0	217032	1	-	47.8	0.5	3020615680	15127207936	3075063394	24941956
ww_fastpOut_reads_R	BAKTA (ww_fastpOut_reads_R)	COMPLETED	0	224617	1	-	46.6	0.5	3048525824	15141285888	3075369813	24940419
ww_fastpOut_reads_R	BAKTA (ww_fastpOut_reads_R)	COMPLETED	0	183149	1	-	56.7	0.5	3016343552	15063531520	3074677911	24939085
ww_fastpOut_reads_R	BAKTA (ww_fastpOut_reads_R)	COMPLETED	0	217003	1	-	59.0	1.0	5624086528	18723991552	3030707769	23889450
ww_fastpOut_reads_R	BAKTA (ww_fastpOut_reads_R)	COMPLETED	0	224669	1	-	54.7	0.8	5039960064	18208714752	2986599953	22869174
ww_fastpOut_reads_R	BAKTA (ww_fastpOut_reads_R)	COMPLETED	0	221163	1	-	47.2	0.5	3015815168	75760422912	3030710300	23923488
ww_fastpOut_reads_R	BAKTA (ww_fastpOut_reads_R)	COMPLETED	0	218976	1	-	59.3	1.0	5698158592	18727813120	3030655350	23889172
ww_fastpOut_reads_R	BAKTA (ww_fastpOut_reads_R)	COMPLETED	0	238363	1	-	52.7	0.8	5044391936	18143875072	2986406064	22867874
ww_fastpOut_reads_R	BAKTA (ww_fastpOut_reads_R)	COMPLETED	0	248236	1	-	42.0	0.5	3018625024	15124709376	3074383588	24942144
ww_fastpOut_reads_R	BAKTA (ww_fastpOut_reads_R)	COMPLETED	0	245169	1	-	51.8	0.9	5177606144	18272632832	2986211061	22876136
ww_fastpOut_reads_R	BAKTA (ww_fastpOut_reads_R)	COMPLETED	0	253112	1	-	41.9	0.5	3019927552	15131926528	3074775091	24940109
ww_fastpOut_reads_R	BAKTA (ww_fastpOut_reads_R)	COMPLETED	0	176984	1	-	58.1	0.5	3019849728	15195115520	3074769978	24943380
ww_fastpOut_reads_R	BAKTA (ww_fastpOut_reads_R)	COMPLETED	0	227013	1	-	44.9	0.5	3044708352	15020617728	3030751244	23892944
ww_fastpOut_reads_R	BAKTA (ww_fastpOut_reads_R)	COMPLETED	0	213677	1	-	58.7	0.9	5077811200	18149224448	2985922876	22875076
ww_fastpOut_reads_R	BAKTA (ww_fastpOut_reads_R)	COMPLETED	0	195714	1	-	54.5	0.5	3045347328	17338200064	3074740191	24938739
ww_fastpOut_reads_R	BAKTA (ww_fastpOut_reads_R)	COMPLETED	0	186321	1	-	56.0	0.5	3043434496	34036076544	3074908263	24939079
ww_fastpOut_reads_R	BAKTA (ww_fastpOut_reads_R)	COMPLETED	0	210095	1	-	50.9	0.5	3016142848	59086315520	3074835664	24941028
ww_fastpOut_reads_R	BAKTA (ww_fastpOut_reads_R)	COMPLETED	0	209318	1	-	51.3	0.5	3047321600	15269462016	3075067472	24938106
ww_fastpOut_reads_R	BAKTA (ww_fastpOut_reads_R)	COMPLETED	0	239430	1	-	42.0	0.6	3611037696	16588640256	2052439740	1315377
ww_fastpOut_reads_R	BAKTA (ww_fastpOut_reads_R)	COMPLETED	0	209740	1	-	59.5	0.9	5043126272	18141474816	2986117860	22869231
ww_fastpOut_reads_R	BAKTA (ww_fastpOut_reads_R)	COMPLETED	0	189226	1	-	55.5	0.5	3047178240	75903287296	3030685400	23924286
ww_fastpOut_reads_R	BAKTA (ww_fastpOut_reads_R)	COMPLETED	0	199517	1	-	63.6	0.9	5012217856	18110611456	2986395580	22872488
ww_fastpOut_reads_R	BAKTA (ww_fastpOut_reads_R)	COMPLETED	0	235465	1	-	45.6	0.5	3019661312	15256907776	3074719798	24942468
ww_fastpOut_reads_R	BAKTA (ww_fastpOut_reads_R)	COMPLETED	0	224968	1	-	47.1	0.5	3017957376	15058874368	3074599929	24938261
ww_fastpOut_reads_R	BAKTA (ww_fastpOut_reads_R)	COMPLETED	0	234071	1	-	55.2	0.9	5317242880	18414358528	2986426740	22874393
ww_fastpOut_reads_R	BAKTA (ww_fastpOut_reads_R)	COMPLETED	0	223277	1	-	57.0	0.9	5044510720	50722664448	2986615959	22872783
ww_fastpOut_reads_R	BAKTA (ww_fastpOut_reads_R)	COMPLETED	0	218097	1	-	59.5	0.9	5608972288	59133325312	2986729675	22880824
ww_fastpOut_reads_R	BAKTA (ww_fastpOut_reads_R)	COMPLETED	0	212431	1	-	47.9	0.5	3049484288	17398571008	3030746049	23923658
ww_fastpOut_reads_R	BAKTA (ww_fastpOut_reads_R)	COMPLETED	0	211036	1	-	48.9	0.5	3019489280	15122472960	3075114804	24938958
ww_fastpOut_reads_R	BAKTA (ww_fastpOut_reads_R)	COMPLETED	0	204843	1	-	63.7	1.0	5636661248	18737500160	2986830486	22882798
ww_fastpOut_reads_R	BAKTA (ww_fastpOut_reads_R)	COMPLETED	0	187639	1	-	68.6	0.8	4528218112	18125037568	2986660610	22877483
ww_fastpOut_reads_R	BAKTA (ww_fastpOut_reads_R)	COMPLETED	0	218075	1	-	47.5	0.5	3017117696	25731596288	3030698051	23924113
ww_fastpOut_reads_R	BAKTA (ww_fastpOut_reads_R)	COMPLETED	0	222252	1	-	43.8	0.6	3435347968	16494161920	2052400954	1314083
ww_fastpOut_reads_R	BAKTA (ww_fastpOut_reads_R)	COMPLETED	0	225433	1	-	56.4	0.7	5051637760	18088087552	2986470973	22869864
ww_fastpOut_reads_R	BAKTA (ww_fastpOut_reads_R)	COMPLETED	0	205813	1	-	60.5	0.9	5205303296	18246742016	2986733623	22876270
ww_fastpOut_reads_R	BAKTA (ww_fastpOut_reads_R)	COMPLETED	0	193416	1	-	54.3	0.5	3018080256	15057379328	3075226910	24939461
ww_fastpOut_reads_R	BAKTA (ww_fastpOut_reads_R)	COMPLETED	0	220917	1	-	55.8	0.9	4957577216	18001182720	2986559327	22868896
ww_fastpOut_reads_R	BAKTA (ww_fastpOut_reads_R)	COMPLETED	0	200047	1	-	51.6	0.5	3043934208	15204806656	3074586999	24939205
ww_fastpOut_reads_R	BAKTA (ww_fastpOut_reads_R)	COMPLETED	0	205119	1	-	50.8	0.5	3016716288	15118487552	3031052136	23923291
ww_fastpOut_reads_R	BAKTA (ww_fastpOut_reads_R)	COMPLETED	0	196978	1	-	54.3	0.5	3044192256	15135207424	3074692564	24936770
ww_fastpOut_reads_R	BAKTA (ww_fastpOut_reads_R)	COMPLETED	0	211704	1	-	50.0	0.5	3016323072	25728286720	3074932495	24937394
ww_fastpOut_reads_R	BAKTA (ww_fastpOut_reads_R)	COMPLETED	0	220171	1	-	48.1	0.5	3015696384	15060389888	3074874513	24937087
ww_fastpOut_reads_R	BAKTA (ww_fastpOut_reads_R)	COMPLETED	0	214548	1	-	58.8	0.8	5099937792	18136047616	2986398641	22868545
ww_fastpOut_reads_R	BAKTA (ww_fastpOut_reads_R)	COMPLETED	0	218152	1	-	47.0	0.5	3047272448	42499702784	3074368415	24938887
ww_fastpOut_reads_R	BAKTA (ww_fastpOut_reads_R)	COMPLETED	0	254319	1	-	39.3	0.6	3681296384	34123874304	2051429700	1314909
ww_fastpOut_reads_R	BAKTA (ww_fastpOut_reads_R)	COMPLETED	0	255250	1	-	35.7	0.5	3015262208	17373814784	1724133439	3110225
ww_fastpOut_reads_R	BAKTA (ww_fastpOut_reads_R)	COMPLETED	0	216611	1	-	58.5	0.7	5066776576	18099032064	2986775947	22870006
ww_fastpOut_reads_R	BAKTA (ww_fastpOut_reads_R)	COMPLETED	0	217329	1	-	58.0	0.9	5170577408	25684652032	2986399599	22877524
ww_fastpOut_reads_R	BAKTA (ww_fastpOut_reads_R)	COMPLETED	0	210899	1	-	59.5	0.9	5062725632	25732485120	2986393857	22870923
ww_fastpOut_reads_R	BAKTA (ww_fastpOut_reads_R)	COMPLETED	0	199303	1	-	60.9	0.7	3895296000	18040131584	2985985625	22870400
ww_fastpOut_reads_R	BAKTA (ww_fastpOut_reads_R)	COMPLETED	0	207564	1	-	60.2	0.9	4954832896	18055610368	2986273768	22868695
ww_fastpOut_reads_R	BAKTA (ww_fastpOut_reads_R)	COMPLETED	0	283612	1	-	36.8	0.5	3620155392	16722022400	2052069073	1315546
ww_fastpOut_reads_R	BAKTA (ww_fastpOut_reads_R)	COMPLETED	0	312202	1	-	32.7	0.6	3597213696	16579702784	2051714403	1314251
ww_fastpOut_reads_R	BAKTA (ww_fastpOut_reads_R)	COMPLETED	0	203368	1	-	63.6	1.0	5412356096	18517237760	3030675233	23891491
ww_fastpOut_reads_R	BAKTA (ww_fastpOut_reads_R)	COMPLETED	0	197249	1	-	67.4	0.9	5644726272	18736812032	3030790549	23888757
ww_fastpOut_reads_R	BAKTA (ww_fastpOut_reads_R)	COMPLETED	0	219986	1	-	47.2	0.5	3042394112	75787497472	3030748582	23891793
ww_fastpOut_reads_R	BAKTA (ww_fastpOut_reads_R)	COMPLETED	0	204389	1	-	61.9	0.9	5300539392	18336034816	2986438112	22874755
ww_fastpOut_reads_R	BAKTA (ww_fastpOut_reads_R)	COMPLETED	0	189895	1	-	53.8	0.5	3049553920	15023333376	3030658540	23892626
ww_fastpOut_reads_R	BAKTA (ww_fastpOut_reads_R)	COMPLETED	0	191156	1	-	66.1	0.9	5036630016	18075643904	2986259307	22868687
ww_fastpOut_reads_R	BAKTA (ww_fastpOut_reads_R)	COMPLETED	0	214206	1	-	58.6	0.9	5207822336	18311680000	2986466354	22881669
ww_fastpOut_reads_R	BAKTA (ww_fastpOut_reads_R)	COMPLETED	0	222939	1	-	57.1	0.9	5071540224	18174509056	2986498663	22869980
ww_fastpOut_reads_R	BAKTA (ww_fastpOut_reads_R)	COMPLETED	0	197309	1	-	63.3	1.0	5352468480	18449616896	2986198378	22874290
ww_fastpOut_reads_R	BAKTA (ww_fastpOut_reads_R)	COMPLETED	0	222339	1	-	59.7	1.0	5522243584	75878535168	3030626813	23890274
ww_fastpOut_reads_R	BAKTA (ww_fastpOut_reads_R)	COMPLETED	0	311328	1	-	32.6	0.6	3601317888	16579829760	2051375580	1313962
ww_fastpOut_reads_R	BAKTA (ww_fastpOut_reads_R)	COMPLETED	0	219243	1	-	58.7	0.9	5525020672	117527736320	3030623950	23890792
ww_fastpOut_reads_R	BAKTA (ww_fastpOut_reads_R)	COMPLETED	0	277404	1	-	46.1	0.9	5330243584	75803475968	2986779591	22878127
ww_fastpOut_reads_R	BAKTA (ww_fastpOut_reads_R)	COMPLETED	0	220722	1	-	57.7	0.9	5175468032	18270994432	2986529003	22876237
ww_fastpOut_reads_R	BAKTA (ww_fastpOut_reads_R)	COMPLETED	0	213110	1	-	59.7	0.9	5259624448	18427764736	2986243710	22874036
ww_fastpOut_reads_R	BAKTA (ww_fastpOut_reads_R)	COMPLETED	0	224073	1	-	57.4	0.9	5242482688	18338349056	2986237724	22876094
ww_fastpOut_reads_R	BAKTA (ww_fastpOut_reads_R)	COMPLETED	0	231304	1	-	54.1	0.9	5104041984	18137944064	2986512462	22875971
ww_fastpOut_reads_R	BAKTA (ww_fastpOut_reads_R)	COMPLETED	0	248562	1	-	52.6	0.9	5623623680	18660610048	3030681246	23890229
ww_fastpOut_reads_R	BAKTA (ww_fastpOut_reads_R)	COMPLETED	0	257071	1	-	39.6	0.5	3547213824	50724728832	2052160690	1314519
ww_fastpOut_reads_R	BAKTA (ww_fastpOut_reads_R)	COMPLETED	0	241011	1	-	53.3	0.8	5111676928	18214576128	2986128783	22875788
ww_fastpOut_reads_R	BAKTA (ww_fastpOut_reads_R)	COMPLETED	0	248190	1	-	51.7	0.9	5261373440	34087727104	2986102856	22872886
ww_fastpOut_reads_R	BAKTA (ww_fastpOut_reads_R)	COMPLETED	0	223608	1	-	59.6	1.0	5642559488	42491670528	2986531802	22880979
ww_fastpOut_reads_R	BAKTA (ww_fastpOut_reads_R)	COMPLETED	0	217540	1	-	59.3	0.9	5068652544	18162368512	2986492670	22870373
ww_fastpOut_reads_R	BAKTA (ww_fastpOut_reads_R)	COMPLETED	0	241899	1	-	52.3	0.9	5009727488	84188438528	2986212792	22872813
ww_fastpOut_reads_R	BAKTA (ww_fastpOut_reads_R)	COMPLETED	0	240833	1	-	53.5	0.9	5320237056	18354253824	2986684394	22877966
ww_fastpOut_reads_R	BAKTA (ww_fastpOut_reads_R)	COMPLETED	0	215983	1	-	56.3	0.7	4976091136	18071003136	2986316467	22869441
ww_fastpOut_reads_R	BAKTA (ww_fastpOut_reads_R)	COMPLETED	0	239505	1	-	53.9	1.0	5443170304	59069886464	3030389788	23892157
ww_fastpOut_reads_R	BAKTA (ww_fastpOut_reads_R)	COMPLETED	0	248806	1	-	40.4	0.6	3594592256	16635576320	2052097502	1314319
ww_fastpOut_reads_R	BAKTA (ww_fastpOut_reads_R)	COMPLETED	0	261936	1	-	48.9	0.9	5237399552	18341769216	2986427689	22876604
ww_fastpOut_reads_R	BAKTA (ww_fastpOut_reads_R)	COMPLETED	0	258161	1	-	38.7	0.6	3658133504	16770981888	2051704176	1315203
ww_fastpOut_reads_R	BAKTA (ww_fastpOut_reads_R)	COMPLETED	0	189684	1	-	66.9	0.9	5080006656	18113482752	2985948628	22870878
ww_fastpOut_reads_R	BAKTA (ww_fastpOut_reads_R)	COMPLETED	0	242133	1	-	53.0	0.7	5590548480	18630512640	2986607863	22881821
ww_fastpOut_reads_R	BAKTA (ww_fastpOut_reads_R)	COMPLETED	0	226903	1	-	56.8	0.9	5268291584	34112262144	2985876738	22872723
ww_fastpOut_reads_R	BAKTA (ww_fastpOut_reads_R)	COMPLETED	0	225196	1	-	58.7	1.0	5717671936	42382888960	3030212263	23890707
ww_fastpOut_reads_R	BAKTA (ww_fastpOut_reads_R)	COMPLETED	0	159104	1	-	80.1	0.9	5069246464	18176516096	2986035126	22868831
ww_fastpOut_reads_R	BAKTA (ww_fastpOut_reads_R)	COMPLETED	0	229042	1	-	57.8	1.0	5616365568	50845818880	2986592543	22881045
ww_fastpOut_reads_R	BAKTA (ww_fastpOut_reads_R)	COMPLETED	0	227521	1	-	55.7	0.8	5171896320	50776588288	2985868602	22876275
ww_fastpOut_reads_R	BAKTA (ww_fastpOut_reads_R)	COMPLETED	0	206521	1	-	65.2	1.0	5649809408	18807447552	2986648630	22882035
ww_fastpOut_reads_R	BAKTA (ww_fastpOut_reads_R)	COMPLETED	0	239144	1	-	42.7	0.5	3044130816	16607719424	2052461422	1314733
ww_fastpOut_reads_R	BAKTA (ww_fastpOut_reads_R)	COMPLETED	0	193206	1	-	68.3	1.0	5616828416	18794627072	2986837889	22882424
ww_fastpOut_reads_R	BAKTA (ww_fastpOut_reads_R)	COMPLETED	0	206442	1	-	62.1	0.9	5102645248	18203324416	2985932786	22875503
ww_fastpOut_reads_R	BAKTA (ww_fastpOut_reads_R)	COMPLETED	0	202397	1	-	62.8	0.9	5196955648	18362142720	2985711357	22875836
ww_fastpOut_reads_R	BAKTA (ww_fastpOut_reads_R)	COMPLETED	0	214684	1	-	59.4	0.9	5195423744	18362007552	2986092460	22875909
ww_fastpOut_reads_R	BAKTA (ww_fastpOut_reads_R)	COMPLETED	0	208192	1	-	61.8	0.9	5067759616	18167832576	2986419613	22871065
ww_fastpOut_reads_R	BAKTA (ww_fastpOut_reads_R)	COMPLETED	0	214921	1	-	59.9	0.9	5272158208	25736581120	2986020607	22877024
ww_fastpOut_reads_R	BAKTA (ww_fastpOut_reads_R)	COMPLETED	0	228695	1	-	56.5	0.8	4631785472	17935667200	2986203970	22868944
ww_fastpOut_reads_R	BAKTA (ww_fastpOut_reads_R)	COMPLETED	0	228469	1	-	58.7	1.0	5617524736	18720292864	2986577200	22882999
ww_fastpOut_reads_R	BAKTA (ww_fastpOut_reads_R)	COMPLETED	0	219056	1	-	58.2	0.8	5014454272	18107252736	2986138357	22869775
ww_fastpOut_reads_R	BAKTA (ww_fastpOut_reads_R)	COMPLETED	0	219655	1	-	57.9	0.9	5071663104	18174648320	2986488039	22871073
ww_fastpOut_reads_R	BAKTA (ww_fastpOut_reads_R)	COMPLETED	0	226864	1	-	56.7	0.9	5223063552	18391068672	2986236059	22879971
ww_fastpOut_reads_R	BAKTA (ww_fastpOut_reads_R)	COMPLETED	0	213888	1	-	60.6	1.0	5589655552	50735484928	2986756498	22882016
ww_fastpOut_reads_R	BAKTA (ww_fastpOut_reads_R)	COMPLETED	0	208277	1	-	60.3	0.9	5211795456	59202412544	2986330856	22882166
ww_fastpOut_reads_R	BAKTA (ww_fastpOut_reads_R)	COMPLETED	0	190194	1	-	67.9	0.8	5260668928	18298277888	2986584795	22873206
ww_fastpOut_reads_R	BAKTA (ww_fastpOut_reads_R)	COMPLETED	0	201640	1	-	64.8	0.9	5316452352	18412748800	2986136576	22873742
ww_fastpOut_reads_R	BAKTA (ww_fastpOut_reads_R)	COMPLETED	0	203382	1	-	61.6	0.8	5201227776	109409136640	2985841575	22875716
ww_fastpOut_reads_R	BAKTA (ww_fastpOut_reads_R)	COMPLETED	0	223327	1	-	55.9	0.9	5212168192	18247090176	2986546104	22881667
ww_fastpOut_reads_R	BAKTA (ww_fastpOut_reads_R)	COMPLETED	0	208754	1	-	60.6	0.9	5249953792	59155894272	2985826843	22872838
ww_fastpOut_reads_R	BAKTA (ww_fastpOut_reads_R)	COMPLETED	0	212915	1	-	59.1	0.9	5014650880	18054127616	2985735057	22869082
ww_fastpOut_reads_R	BAKTA (ww_fastpOut_reads_R)	COMPLETED	0	199591	1	-	64.6	0.9	5229584384	18390622208	2985936144	22875516
ww_fastpOut_reads_R	BAKTA (ww_fastpOut_reads_R)	COMPLETED	0	239876	1	-	42.9	0.5	3444191232	16550318080	2052123324	1313878
ww_fastpOut_reads_R	BAKTA (ww_fastpOut_reads_R)	COMPLETED	0	204607	1	-	63.4	0.7	5094215680	18122670080	2986127873	22869880
ww_fastpOut_reads_R	BAKTA (ww_fastpOut_reads_R)	COMPLETED	0	241112	1	-	54.2	1.0	5350662144	18516865024	2986279383	22874569
ww_fastpOut_reads_R	BAKTA (ww_fastpOut_reads_R)	COMPLETED	0	243623	1	-	52.3	1.0	5321781248	18488631296	2986046426	22874123
ww_fastpOut_reads_R	BAKTA (ww_fastpOut_reads_R)	COMPLETED	0	267433	1	-	37.9	0.6	3554623488	16720601088	2053024159	1314780
ww_fastpOut_reads_R	BAKTA (ww_fastpOut_reads_R)	COMPLETED	0	191442	1	-	68.8	0.8	4699156480	18178613248	2985910595	22875950
ww_fastpOut_reads_R	BAKTA (ww_fastpOut_reads_R)	COMPLETED	0	242574	1	-	52.4	0.9	5160603648	18263842816	2986132787	22874929
ww_fastpOut_reads_R	BAKTA (ww_fastpOut_reads_R)	COMPLETED	0	219177	1	-	58.6	0.9	5164314624	101004926976	2985952229	22875424
ww_fastpOut_reads_R	BAKTA (ww_fastpOut_reads_R)	COMPLETED	0	198853	1	-	64.8	0.9	5264670720	18363174912	2985818229	22872544
ww_fastpOut_reads_R	BAKTA (ww_fastpOut_reads_R)	COMPLETED	0	195249	1	-	68.8	1.0	5679706112	18844864512	3030559559	23889370
ww_fastpOut_reads_R	BAKTA (ww_fastpOut_reads_R)	COMPLETED	0	238862	1	-	53.0	0.9	5255888896	18425778176	2985950631	22875383
ww_fastpOut_reads_R	BAKTA (ww_fastpOut_reads_R)	COMPLETED	0	255141	1	-	40.5	0.6	3607359488	16778600448	2052174974	1314401
ww_fastpOut_reads_R	BAKTA (ww_fastpOut_reads_R)	COMPLETED	0	251462	1	-	49.1	0.9	5077295104	18174754816	2985686243	22869451
ww_fastpOut_reads_R	BAKTA (ww_fastpOut_reads_R)	COMPLETED	0	202241	1	-	63.0	0.9	5121740800	18281816064	2986175006	22875211
ww_fastpOut_reads_R	BAKTA (ww_fastpOut_reads_R)	COMPLETED	0	252732	1	-	50.8	0.9	5318512640	59109855232	2985980785	22873541
ww_fastpOut_reads_R	BAKTA (ww_fastpOut_reads_R)	COMPLETED	0	252542	1	-	51.2	1.0	5640925184	18675515392	2986497642	22880979
ww_fastpOut_reads_R	BAKTA (ww_fastpOut_reads_R)	COMPLETED	0	275079	1	-	37.6	0.6	3509436416	17385054208	2052411574	1313356
ww_fastpOut_reads_R	BAKTA (ww_fastpOut_reads_R)	COMPLETED	0	195336	1	-	66.6	0.9	5327273984	67443412992	2986019598	22873554
ww_fastpOut_reads_R	BAKTA (ww_fastpOut_reads_R)	COMPLETED	0	255340	1	-	50.4	0.9	5178978304	34085801984	2985773582	22876220
ww_fastpOut_reads_R	BAKTA (ww_fastpOut_reads_R)	COMPLETED	0	247301	1	-	50.2	0.9	5182832640	18350432256	2985602423	22876580
ww_fastpOut_reads_R	BAKTA (ww_fastpOut_reads_R)	COMPLETED	0	232499	1	-	55.5	0.8	5238456320	18405310464	2985904515	22876655
ww_fastpOut_reads_R	BAKTA (ww_fastpOut_reads_R)	COMPLETED	0	199928	1	-	63.9	0.9	5196320768	18363109376	2985839559	22876442
ww_fastpOut_reads_R	BAKTA (ww_fastpOut_reads_R)	COMPLETED	0	239654	1	-	52.2	0.9	5272129536	50724581376	2985754839	22872827
ww_fastpOut_reads_R	BAKTA (ww_fastpOut_reads_R)	COMPLETED	0	194021	1	-	67.0	0.9	5224058880	42422177792	2986218943	22876389
ww_fastpOut_reads_R	BAKTA (ww_fastpOut_reads_R)	COMPLETED	0	200010	1	-	64.9	0.9	4992126976	18092945408	2985742571	22867812
ww_fastpOut_reads_R	BAKTA (ww_fastpOut_reads_R)	COMPLETED	0	232092	1	-	44.4	0.6	3576750080	16674832384	2052731979	1314711
ww_fastpOut_reads_R	BAKTA (ww_fastpOut_reads_R)	COMPLETED	0	195492	1	-	67.1	0.8	5059768320	50776092672	2986152058	22870124
ww_fastpOut_reads_R	BAKTA (ww_fastpOut_reads_R)	COMPLETED	0	230494	1	-	44.4	0.5	3014762496	16481468416	2052612507	1314118
ww_fastpOut_reads_R	BAKTA (ww_fastpOut_reads_R)	COMPLETED	0	179952	1	-	71.2	0.7	4983275520	18078687232	2985736437	22868118
ww_fastpOut_reads_R	BAKTA (ww_fastpOut_reads_R)	COMPLETED	0	215774	1	-	57.1	0.9	5167702016	92670193664	2985913420	22876974
ww_fastpOut_reads_R	BAKTA (ww_fastpOut_reads_R)	COMPLETED	0	299512	1	-	33.8	0.6	3690168320	84164915200	2051719700	1316371
ww_fastpOut_reads_R	BAKTA (ww_fastpOut_reads_R)	COMPLETED	0	202861	1	-	62.9	0.8	5258665984	75815731200	2985892108	22877248
ww_fastpOut_reads_R	BAKTA (ww_fastpOut_reads_R)	COMPLETED	0	275879	1	-	36.3	0.6	3621978112	25722683392	2052109637	1316524
ww_fastpOut_reads_R	BAKTA (ww_fastpOut_reads_R)	COMPLETED	0	263924	1	-	38.3	0.5	3620331520	17335365632	2051451388	1315871
ww_fastpOut_reads_R	BAKTA (ww_fastpOut_reads_R)	COMPLETED	0	190394	1	-	64.8	0.9	5264035840	18364526592	2985934604	22877225
ww_fastpOut_reads_R	BAKTA (ww_fastpOut_reads_R)	COMPLETED	0	193617	1	-	63.9	0.8	5015580672	18117795840	2985738953	22869114
ww_fastpOut_reads_R	BAKTA (ww_fastpOut_reads_R)	COMPLETED	0	184677	1	-	69.8	0.9	5214363648	34135150592	2985969077	22875214
ww_fastpOut_reads_R	BAKTA (ww_fastpOut_reads_R)	COMPLETED	0	227409	1	-	40.8	0.5	3043364864	15420944384	1724461090	3110060
ww_fastpOut_reads_R	BAKTA (ww_fastpOut_reads_R)	COMPLETED	0	229557	1	-	45.1	0.5	3607347200	16711720960	2052075876	1316093
ww_fastpOut_reads_R	BAKTA (ww_fastpOut_reads_R)	COMPLETED	0	176654	1	-	72.6	0.9	5060608000	18229186560	2986214295	22869670
ww_fastpOut_reads_R	BAKTA (ww_fastpOut_reads_R)	COMPLETED	0	221900	1	-	45.0	0.6	3554357248	16661139456	2052402164	1315727
ww_fastpOut_reads_R	BAKTA (ww_fastpOut_reads_R)	COMPLETED	0	248023	1	-	42.1	0.6	3640639488	17385304064	2052487314	1316393
ww_fastpOut_reads_R	BAKTA (ww_fastpOut_reads_R)	COMPLETED	0	195870	1	-	63.9	0.9	5089861632	18123280384	2985971139	22870454
ww_fastpOut_reads_R	BAKTA (ww_fastpOut_reads_R)	COMPLETED	0	250381	1	-	41.0	0.6	3552927744	17382543360	2051937206	1315548
ww_fastpOut_reads_R	BAKTA (ww_fastpOut_reads_R)	COMPLETED	0	231635	1	-	45.4	0.6	3653070848	16650039296	2052184778	1314838
ww_fastpOut_reads_R	BAKTA (ww_fastpOut_reads_R)	COMPLETED	0	227568	1	-	44.4	0.6	3570417664	16681897984	2052206533	1316227
ww_fastpOut_reads_R	BAKTA (ww_fastpOut_reads_R)	COMPLETED	0	222211	1	-	44.7	0.6	3345301504	16564391936	2052743391	1316419
ww_fastpOut_reads_R	BAKTA (ww_fastpOut_reads_R)	COMPLETED	0	195989	1	-	65.6	0.9	5272354816	67410776064	2985966065	22876858
ww_fastpOut_reads_R	BAKTA (ww_fastpOut_reads_R)	COMPLETED	0	227090	1	-	45.4	0.6	3618680832	25733234688	2051870932	1315915
ww_fastpOut_reads_R	BAKTA (ww_fastpOut_reads_R)	COMPLETED	0	176143	1	-	71.2	0.9	5228093440	25763082240	2985473670	22876110
ww_fastpOut_reads_R	BAKTA (ww_fastpOut_reads_R)	COMPLETED	0	228341	1	-	44.4	0.5	3616886784	17330360320	2052749259	1315929
ww_fastpOut_reads_R	BAKTA (ww_fastpOut_reads_R)	COMPLETED	0	231225	1	-	44.1	0.6	3614314496	16785940480	2052136527	1315747
ww_fastpOut_reads_R	BAKTA (ww_fastpOut_reads_R)	COMPLETED	0	205702	1	-	62.3	0.9	5232820224	18279186432	2986066981	22876482
ww_fastpOut_reads_R	BAKTA (ww_fastpOut_reads_R)	COMPLETED	0	235551	1	-	43.3	0.6	3612348416	16645971968	2051736731	1314093
ww_fastpOut_reads_R	BAKTA (ww_fastpOut_reads_R)	COMPLETED	0	235350	1	-	42.0	0.6	3526467584	16564310016	2051805913	1313594
ww_fastpOut_reads_R	BAKTA (ww_fastpOut_reads_R)	COMPLETED	0	228653	1	-	45.2	0.7	3688079360	16859287552	2051777623	1317259
ww_fastpOut_reads_R	BAKTA (ww_fastpOut_reads_R)	COMPLETED	0	193309	1	-	65.2	0.9	5032517632	25676660736	2985780095	22869460
ww_fastpOut_reads_R	BAKTA (ww_fastpOut_reads_R)	COMPLETED	0	269862	1	-	38.7	0.6	3420246016	16659681280	2052095843	1316985
ww_fastpOut_reads_R	BAKTA (ww_fastpOut_reads_R)	COMPLETED	0	180112	1	-	69.5	0.9	4974288896	25743142912	2986088584	22867863
ww_fastpOut_reads_R	BAKTA (ww_fastpOut_reads_R)	COMPLETED	0	188858	1	-	68.2	1.0	5411938304	25733840896	2985656243	22874351
ww_fastpOut_reads_R	BAKTA (ww_fastpOut_reads_R)	COMPLETED	0	243897	1	-	42.0	0.5	3644043264	59120410624	2052399892	1316570
ww_fastpOut_reads_R	BAKTA (ww_fastpOut_reads_R)	COMPLETED	0	202515	1	-	49.1	0.6	3635838976	17388032000	2052461915	1316405
ww_fastpOut_reads_R	BAKTA (ww_fastpOut_reads_R)	COMPLETED	0	206079	1	-	49.9	0.6	3621519360	84056002560	2052420821	1315871
ww_fastpOut_reads_R	BAKTA (ww_fastpOut_reads_R)	COMPLETED	0	168490	1	-	75.1	0.7	5194780672	18229649408	2986097301	22876113
ww_fastpOut_reads_R	BAKTA (ww_fastpOut_reads_R)	COMPLETED	0	214534	1	-	47.9	0.6	3606036480	50695426048	2051447931	1316075
ww_fastpOut_reads_R	BAKTA (ww_fastpOut_reads_R)	COMPLETED	0	167746	1	-	75.4	0.7	5034594304	18135166976	2985941742	22869411
ww_fastpOut_reads_R	BAKTA (ww_fastpOut_reads_R)	COMPLETED	0	215819	1	-	47.8	0.6	3585306624	16755671040	2052118202	1315275
ww_fastpOut_reads_R	BAKTA (ww_fastpOut_reads_R)	COMPLETED	0	164648	1	-	76.2	0.8	4989607936	18158481408	2986001708	22868520
ww_fastpOut_reads_R	BAKTA (ww_fastpOut_reads_R)	COMPLETED	0	179797	1	-	69.4	0.9	5082705920	18187059200	2985684635	22870650
ww_fastpOut_reads_R	BAKTA (ww_fastpOut_reads_R)	COMPLETED	0	227941	1	-	44.7	0.6	3540156416	25732325376	2052083799	1315517
ww_fastpOut_reads_R	BAKTA (ww_fastpOut_reads_R)	COMPLETED	0	174847	1	-	57.4	0.5	3015421952	16556797952	2051629163	1315072
ww_fastpOut_reads_R	BAKTA (ww_fastpOut_reads_R)	COMPLETED	0	158682	1	-	77.3	0.8	5016121344	18117660672	2985765274	22868961
ww_fastpOut_reads_R	BAKTA (ww_fastpOut_reads_R)	COMPLETED	0	186599	1	-	53.7	0.5	3614629888	16720322560	2051686174	1316000
ww_fastpOut_reads_R	BAKTA (ww_fastpOut_reads_R)	COMPLETED	0	205898	1	-	48.8	0.6	3553001472	50767847424	2051811904	1315578
ww_fastpOut_reads_R	BAKTA (ww_fastpOut_reads_R)	COMPLETED	0	210988	1	-	47.9	0.6	3587932160	67398127616	2051772696	1316239
ww_fastpOut_reads_R	BAKTA (ww_fastpOut_reads_R)	COMPLETED	0	186532	1	-	53.7	0.6	3628814336	16667570176	2052347183	1316515
ww_fastpOut_reads_R	BAKTA (ww_fastpOut_reads_R)	COMPLETED	0	189304	1	-	52.7	0.5	3118215168	17332957184	2052152700	1316065
ww_fastpOut_reads_R	BAKTA (ww_fastpOut_reads_R)	COMPLETED	0	186102	1	-	54.1	0.6	3640553472	25731366912	2052142736	1316740
ww_fastpOut_reads_R	BAKTA (ww_fastpOut_reads_R)	COMPLETED	0	181781	1	-	55.5	0.6	3201859584	42375024640	2052759354	1316554
ww_fastpOut_reads_R	BAKTA (ww_fastpOut_reads_R)	COMPLETED	0	190075	1	-	52.6	0.6	3564679168	16543834112	2052053622	1315075
ww_fastpOut_reads_R	BAKTA (ww_fastpOut_reads_R)	COMPLETED	0	189000	1	-	52.4	0.5	3054682112	16573284352	2051484362	1316192
ww_fastpOut_reads_R	BAKTA (ww_fastpOut_reads_R)	COMPLETED	0	211829	1	-	48.0	0.6	3562110976	16728248320	2052355320	1315651
ww_fastpOut_reads_R	BAKTA (ww_fastpOut_reads_R)	COMPLETED	0	196771	1	-	51.2	0.6	3364122624	16725065728	2052495103	1316978
ww_fastpOut_reads_R	BAKTA (ww_fastpOut_reads_R)	COMPLETED	0	228610	1	-	45.1	0.5	3596713984	16702808064	2052331148	1315321
ww_fastpOut_reads_R	BAKTA (ww_fastpOut_reads_R)	COMPLETED	0	186294	1	-	53.8	0.6	3643785216	84102754304	2052054447	1317220
ww_fastpOut_reads_R	BAKTA (ww_fastpOut_reads_R)	COMPLETED	0	198162	1	-	52.0	0.5	3040108544	17385848832	2051743334	1315762
ww_fastpOut_reads_R	BAKTA (ww_fastpOut_reads_R)	COMPLETED	0	210977	1	-	47.1	0.6	3545387008	34088103936	2051946480	1315263
ww_fastpOut_reads_R	BAKTA (ww_fastpOut_reads_R)	COMPLETED	0	202605	1	-	49.7	0.6	3345960960	50718183424	2051748039	1315676
ww_fastpOut_reads_R	BAKTA (ww_fastpOut_reads_R)	COMPLETED	0	199885	1	-	48.9	0.6	3616931840	34080002048	2052029559	1316237
ww_fastpOut_reads_R	BAKTA (ww_fastpOut_reads_R)	COMPLETED	0	193767	1	-	51.8	0.6	3698708480	16733732864	2051693278	1316693
ww_fastpOut_reads_R	BAKTA (ww_fastpOut_reads_R)	COMPLETED	0	192240	1	-	52.5	0.7	3682693120	16792313856	2051902462	1317101
ww_fastpOut_reads_R	BAKTA (ww_fastpOut_reads_R)	COMPLETED	0	186598	1	-	53.0	0.6	3603468288	16638889984	2052195303	1315141
ww_fastpOut_reads_R	BAKTA (ww_fastpOut_reads_R)	COMPLETED	0	199465	1	-	50.6	0.6	3455217664	16725069824	2052324423	1316901
ww_fastpOut_reads_R	BAKTA (ww_fastpOut_reads_R)	COMPLETED	0	203597	1	-	50.0	0.6	3583299584	16694730752	2052028756	1316196
ww_fastpOut_reads_R	BAKTA (ww_fastpOut_reads_R)	COMPLETED	0	200073	1	-	49.1	0.6	3463983104	16628379648	2052557957	1314001
ww_fastpOut_reads_R	BAKTA (ww_fastpOut_reads_R)	COMPLETED	0	207322	1	-	48.2	0.6	3600764928	16759996416	2052210525	1316229
ww_fastpOut_reads_R	BAKTA (ww_fastpOut_reads_R)	COMPLETED	0	200477	1	-	49.3	0.5	3603546112	16707801088	2052690086	1315859
ww_fastpOut_reads_R	BAKTA (ww_fastpOut_reads_R)	COMPLETED	0	217965	1	-	46.6	0.6	3673124864	16715091968	2051985075	1315109
ww_fastpOut_reads_R	BAKTA (ww_fastpOut_reads_R)	COMPLETED	0	206678	1	-	49.4	0.6	3580928000	16625770496	2052451079	1316441
ww_fastpOut_reads_R	BAKTA (ww_fastpOut_reads_R)	COMPLETED	0	200639	1	-	50.0	0.6	3383951360	16573739008	2052529069	1315949
ww_fastpOut_reads_R	BAKTA (ww_fastpOut_reads_R)	COMPLETED	0	187251	1	-	53.3	0.6	3446509568	16663228416	2051996267	1317074
ww_fastpOut_reads_R	BAKTA (ww_fastpOut_reads_R)	COMPLETED	0	214214	1	-	47.2	0.6	3615932416	16721825792	2052344243	1315781
ww_fastpOut_reads_R	BAKTA (ww_fastpOut_reads_R)	COMPLETED	0	191260	1	-	52.4	0.6	3451076608	16651513856	2052598122	1316258
ww_fastpOut_reads_R	BAKTA (ww_fastpOut_reads_R)	COMPLETED	0	192764	1	-	52.2	0.6	3617329152	16729763840	2051864993	1316618
ww_fastpOut_reads_R	BAKTA (ww_fastpOut_reads_R)	COMPLETED	0	191690	1	-	52.5	0.6	3549634560	16594153472	2052240757	1315901
ww_fastpOut_reads_R	BAKTA (ww_fastpOut_reads_R)	COMPLETED	0	216443	1	-	46.6	0.6	3595624448	16759984128	2052267939	1316279
ww_fastpOut_reads_R	BAKTA (ww_fastpOut_reads_R)	COMPLETED	0	200994	1	-	49.5	0.6	3584860160	16755679232	2051665073	1315369
ww_fastpOut_reads_R	BAKTA (ww_fastpOut_reads_R)	COMPLETED	0	178812	1	-	57.7	0.6	3677470720	16784162816	2051786388	1316862
ww_fastpOut_reads_R	BAKTA (ww_fastpOut_reads_R)	COMPLETED	0	203609	1	-	48.8	0.6	3593457664	50781741056	2052097020	1315089
ww_fastpOut_reads_R	BAKTA (ww_fastpOut_reads_R)	COMPLETED	0	200655	1	-	51.5	0.6	3694747648	16796721152	2052377549	1316773
ww_fastpOut_reads_R	BAKTA (ww_fastpOut_reads_R)	COMPLETED	0	209402	1	-	47.6	0.6	3693551616	16731189248	2052268322	1316580
ww_fastpOut_reads_R	BAKTA (ww_fastpOut_reads_R)	COMPLETED	0	202765	1	-	49.4	0.5	3602235392	34085068800	2052440779	1315079
ww_fastpOut_reads_R	BAKTA (ww_fastpOut_reads_R)	COMPLETED	0	187661	1	-	53.8	0.5	3558313984	34016137216	2052144473	1315995
ww_fastpOut_reads_R	BAKTA (ww_fastpOut_reads_R)	COMPLETED	0	192486	1	-	51.1	0.6	3558461440	17331499008	2051945891	1315849
ww_fastpOut_reads_R	BAKTA (ww_fastpOut_reads_R)	COMPLETED	0	180145	1	-	55.6	0.5	3617087488	16784302080	2051432515	1315437
ww_fastpOut_reads_R	BAKTA (ww_fastpOut_reads_R)	COMPLETED	0	193246	1	-	52.2	0.6	3550740480	16653492224	2051454129	1314768
ww_fastpOut_reads_R	BAKTA (ww_fastpOut_reads_R)	COMPLETED	0	168365	1	-	58.3	0.6	3600187392	17385111552	2052175522	1315713
ww_fastpOut_reads_R	BAKTA (ww_fastpOut_reads_R)	COMPLETED	0	161079	1	-	63.1	0.6	3607482368	16796725248	2052065822	1316575
ww_fastpOut_reads_R	BAKTA (ww_fastpOut_reads_R)	COMPLETED	0	175684	1	-	58.9	0.6	3621875712	16724336640	2052214720	1316141
ww_fastpOut_reads_R	BAKTA (ww_fastpOut_reads_R)	COMPLETED	0	151636	1	-	66.5	0.6	3693158400	16863821824	2052409617	1316618
ww_fastpOut_reads_R	BAKTA (ww_fastpOut_reads_R)	COMPLETED	0	163507	1	-	61.2	0.6	3534860288	16522498048	2052503738	1314685
ww_fastpOut_reads_R	BAKTA (ww_fastpOut_reads_R)	COMPLETED	0	214177	1	-	46.5	0.6	3618168832	17385541632	2051554789	1315883
ww_fastpOut_reads_R	BAKTA (ww_fastpOut_reads_R)	COMPLETED	0	152136	1	-	64.6	0.5	3109457920	16634134528	2052126879	1315295
ww_fastpOut_reads_R	BAKTA (ww_fastpOut_reads_R)	COMPLETED	0	192566	1	-	52.3	0.6	3694202880	75784105984	2052243363	1316731
ww_fastpOut_reads_R	BAKTA (ww_fastpOut_reads_R)	COMPLETED	0	181613	1	-	56.0	0.6	3695579136	16798883840	2052267935	1316681
ww_fastpOut_reads_R	BAKTA (ww_fastpOut_reads_R)	COMPLETED	0	193178	1	-	51.3	0.6	3622055936	16729841664	2053088157	1316292
ww_fastpOut_reads_R	BAKTA (ww_fastpOut_reads_R)	COMPLETED	0	199823	1	-	49.9	0.6	3582513152	16622960640	2051830423	1314970
ww_fastpOut_reads_R	BAKTA (ww_fastpOut_reads_R)	COMPLETED	0	202827	1	-	49.6	0.5	3622109184	16786075648	2052315138	1315702
ww_fastpOut_reads_R	BAKTA (ww_fastpOut_reads_R)	COMPLETED	0	208378	1	-	48.1	0.6	3558965248	16661262336	2051720852	1315814
ww_fastpOut_reads_R	BAKTA (ww_fastpOut_reads_R)	COMPLETED	0	230412	1	-	43.8	0.6	3566694400	17335259136	2052639121	1316472
ww_fastpOut_reads_R	BAKTA (ww_fastpOut_reads_R)	COMPLETED	0	198392	1	-	50.9	0.5	3646369792	16744562688	2051625115	1316587
ww_fastpOut_reads_R	BAKTA (ww_fastpOut_reads_R)	COMPLETED	0	193563	1	-	52.5	0.7	3681271808	17331277824	2052054639	1317025
ww_fastpOut_reads_R	BAKTA (ww_fastpOut_reads_R)	COMPLETED	0	215684	1	-	46.4	0.6	3639054336	16678121472	2052046669	1316471
ww_fastpOut_reads_R	BAKTA (ww_fastpOut_reads_R)	COMPLETED	0	194831	1	-	51.0	0.6	3600519168	16706023424	2052544381	1316008
ww_fastpOut_reads_R	BAKTA (ww_fastpOut_reads_R)	COMPLETED	0	208037	1	-	48.2	0.6	3583598592	16571039744	2052428076	1315294
ww_fastpOut_reads_R	BAKTA (ww_fastpOut_reads_R)	COMPLETED	0	180017	1	-	56.1	0.6	3623661568	16729759744	2052029527	1316692
ww_fastpOut_reads_R	BAKTA (ww_fastpOut_reads_R)	COMPLETED	0	209169	1	-	47.9	0.6	3614945280	16718843904	2052446053	1315775
ww_fastpOut_reads_R	BAKTA (ww_fastpOut_reads_R)	COMPLETED	0	206669	1	-	48.3	0.6	3671638016	16717615104	2052631482	1317156
ww_fastpOut_reads_R	BAKTA (ww_fastpOut_reads_R)	COMPLETED	0	212048	1	-	47.3	0.6	3588812800	16759996416	2052046663	1316354
ww_fastpOut_reads_R	BAKTA (ww_fastpOut_reads_R)	COMPLETED	0	221947	1	-	45.0	0.6	3686645760	16859283456	2051851979	1317016
ww_fastpOut_reads_R	BAKTA (ww_fastpOut_reads_R)	COMPLETED	0	193366	1	-	52.4	0.6	3565182976	84242673664	2052900449	1315554
ww_fastpOut_reads_R	BAKTA (ww_fastpOut_reads_R)	COMPLETED	0	207388	1	-	49.6	0.6	3517759488	16631734272	2052101842	1313516
ww_fastpOut_reads_R	BAKTA (ww_fastpOut_reads_R)	COMPLETED	0	223140	1	-	45.7	0.6	3571523584	16680329216	2052134916	1316406
ww_fastpOut_reads_R	BAKTA (ww_fastpOut_reads_R)	COMPLETED	0	166210	1	-	61.0	0.6	3544252416	16587329536	2052296970	1315971
ww_fastpOut_reads_R	BAKTA (ww_fastpOut_reads_R)	COMPLETED	0	203244	1	-	49.6	0.7	3685838848	17382887424	2052398462	1316749
ww_fastpOut_reads_R	BAKTA (ww_fastpOut_reads_R)	COMPLETED	0	217215	1	-	47.6	0.6	3597975552	16702742528	2051625766	1315491
ww_fastpOut_reads_R	BAKTA (ww_fastpOut_reads_R)	COMPLETED	0	217159	1	-	46.8	0.6	3576741888	16560279552	2051890086	1316476
ww_fastpOut_reads_R	BAKTA (ww_fastpOut_reads_R)	COMPLETED	0	167927	1	-	58.8	0.6	3291619328	16621408256	2052723805	1315265
ww_fastpOut_reads_R	BAKTA (ww_fastpOut_reads_R)	COMPLETED	0	189371	1	-	53.3	0.6	3673604096	16715116544	2052333060	1317130
ww_fastpOut_reads_R	BAKTA (ww_fastpOut_reads_R)	COMPLETED	0	221722	1	-	45.8	0.6	3605880832	16651726848	2051547355	1315986
ww_fastpOut_reads_R	BAKTA (ww_fastpOut_reads_R)	COMPLETED	0	176307	1	-	57.0	0.6	3576098816	16613715968	2052034081	1314847
ww_fastpOut_reads_R	BAKTA (ww_fastpOut_reads_R)	COMPLETED	0	233876	1	-	43.3	0.5	3600257024	16701243392	2051559565	1315264
ww_fastpOut_reads_R	BAKTA (ww_fastpOut_reads_R)	COMPLETED	0	174703	1	-	58.9	0.6	3602554880	16588230656	2052326334	1316005
ww_fastpOut_reads_R	BAKTA (ww_fastpOut_reads_R)	COMPLETED	0	186412	1	-	53.7	0.6	3694542848	25677889536	2051595884	1316942
ww_fastpOut_reads_R	BAKTA (ww_fastpOut_reads_R)	COMPLETED	0	207660	1	-	47.5	0.6	3612614656	34029801472	2051638087	1314420
ww_fastpOut_reads_R	BAKTA (ww_fastpOut_reads_R)	COMPLETED	0	191067	1	-	52.9	0.7	3685122048	16729608192	2052001444	1316946
ww_fastpOut_reads_R	BAKTA (ww_fastpOut_reads_R)	COMPLETED	0	196659	1	-	50.2	0.6	3676110848	50775101440	2051900892	1317416
ww_fastpOut_reads_R	BAKTA (ww_fastpOut_reads_R)	COMPLETED	0	172879	1	-	59.6	0.6	3540033536	16561106944	2052005539	1316667
ww_fastpOut_reads_R	BAKTA (ww_fastpOut_reads_R)	COMPLETED	0	179539	1	-	56.4	0.5	3623358464	16785862656	2052500438	1316154
ww_fastpOut_reads_R	BAKTA (ww_fastpOut_reads_R)	COMPLETED	0	187813	1	-	53.9	0.6	3517399040	16675336192	2052331941	1316623
ww_fastpOut_reads_R	BAKTA (ww_fastpOut_reads_R)	COMPLETED	0	161744	1	-	63.7	0.6	3634962432	92653400064	2052321348	1316634
ww_fastpOut_reads_R	BAKTA (ww_fastpOut_reads_R)	COMPLETED	0	182221	1	-	56.7	0.6	3566194688	16568991744	2052049631	1315117
ww_fastpOut_reads_R	BAKTA (ww_fastpOut_reads_R)	COMPLETED	0	234031	1	-	44.4	0.5	3590971392	16695795712	2051863809	1316367
ww_fastpOut_reads_R	BAKTA (ww_fastpOut_reads_R)	COMPLETED	0	181468	1	-	55.1	0.6	3590524928	16706289664	2052428440	1315678
ww_fastpOut_reads_R	BAKTA (ww_fastpOut_reads_R)	COMPLETED	0	156161	1	-	63.3	0.5	3596595200	16636796928	2052164606	1315450
ww_fastpOut_reads_R	BAKTA (ww_fastpOut_reads_R)	COMPLETED	0	164455	1	-	60.5	0.5	3624108032	16718835712	2051574485	1315830
ww_fastpOut_reads_R	BAKTA (ww_fastpOut_reads_R)	COMPLETED	0	185130	1	-	54.3	0.5	3642732544	92484988928	2052132148	1316704
ww_fastpOut_reads_R	BAKTA (ww_fastpOut_reads_R)	COMPLETED	0	197163	1	-	50.9	0.6	3569725440	16747315200	2051577797	1316209
ww_fastpOut_reads_R	BAKTA (ww_fastpOut_reads_R)	COMPLETED	0	189113	1	-	54.6	0.5	3126484992	16663126016	2052251210	1317157
ww_fastpOut_reads_R	BAKTA (ww_fastpOut_reads_R)	COMPLETED	0	163337	1	-	62.3	0.6	3600998400	16675332096	2051832495	1316531
ww_fastpOut_reads_R	BAKTA (ww_fastpOut_reads_R)	COMPLETED	0	211129	1	-	47.4	0.6	4264079360	192826134528	2051879005	1316232
ww_fastpOut_reads_R	BAKTA (ww_fastpOut_reads_R)	COMPLETED	0	212610	1	-	44.0	0.5	3041259520	15144980480	2056152730	3041429
ww_fastpOut_reads_R	BAKTA (ww_fastpOut_reads_R)	COMPLETED	0	211088	1	-	47.8	0.6	3559342080	34083524608	2052297834	1317351
ww_fastpOut_reads_R	BAKTA (ww_fastpOut_reads_R)	COMPLETED	0	208146	1	-	48.0	0.5	3043463168	16588328960	2052221124	1315682
ww_fastpOut_reads_R	BAKTA (ww_fastpOut_reads_R)	COMPLETED	0	165213	1	-	60.8	0.6	3580985344	16639000576	2051977472	1316130
ww_fastpOut_reads_R	BAKTA (ww_fastpOut_reads_R)	COMPLETED	0	194858	1	-	51.5	0.6	3551776768	16531992576	2052546671	1315624
ww_fastpOut_reads_R	BAKTA (ww_fastpOut_reads_R)	COMPLETED	0	201223	1	-	49.7	0.6	3618811904	16655065088	2052452308	1316002
ww_fastpOut_reads_R	BAKTA (ww_fastpOut_reads_R)	COMPLETED	0	170401	1	-	58.7	0.6	3616698368	16785944576	2052568245	1316198
ww_fastpOut_reads_R	BAKTA (ww_fastpOut_reads_R)	COMPLETED	0	208610	1	-	48.5	0.6	3666665472	16665313280	2052430556	1316436
ww_fastpOut_reads_R	BAKTA (ww_fastpOut_reads_R)	COMPLETED	0	196798	1	-	52.2	0.5	3012231168	16597671936	2052173740	1316775
ww_fastpOut_reads_R	BAKTA (ww_fastpOut_reads_R)	COMPLETED	0	198482	1	-	50.5	0.6	3549122560	25717456896	2052434418	1315760
ww_fastpOut_reads_R	BAKTA (ww_fastpOut_reads_R)	COMPLETED	0	195984	1	-	50.5	0.5	3593023488	17385631744	2052007145	1314297
ww_fastpOut_reads_R	BAKTA (ww_fastpOut_reads_R)	COMPLETED	0	190270	1	-	52.6	0.6	3572531200	17336283136	2052604378	1316338
ww_fastpOut_reads_R	BAKTA (ww_fastpOut_reads_R)	COMPLETED	0	193151	1	-	52.4	0.6	3287306240	16562012160	2052191614	1316456
ww_fastpOut_reads_R	BAKTA (ww_fastpOut_reads_R)	COMPLETED	0	189711	1	-	53.4	0.6	3205267456	16516386816	2052403951	1315968
ww_fastpOut_reads_R	BAKTA (ww_fastpOut_reads_R)	COMPLETED	0	203315	1	-	49.3	0.6	3600138240	16773185536	2052304274	1316250
ww_fastpOut_reads_R	BAKTA (ww_fastpOut_reads_R)	COMPLETED	0	201625	1	-	50.6	0.6	3696390144	16801742848	2052616545	1316699
ww_fastpOut_reads_R	BAKTA (ww_fastpOut_reads_R)	COMPLETED	0	197927	1	-	51.5	0.6	3580112896	16688648192	2052250452	1315430
ww_fastpOut_reads_R	BAKTA (ww_fastpOut_reads_R)	COMPLETED	0	191404	1	-	52.8	0.6	3606966272	16645980160	2052633271	1314503
ww_fastpOut_reads_R	BAKTA (ww_fastpOut_reads_R)	COMPLETED	0	162157	1	-	63.3	0.7	3690762240	16863952896	2051782208	1316727
ww_fastpOut_reads_R	BAKTA (ww_fastpOut_reads_R)	COMPLETED	0	222454	1	-	45.3	0.6	3402084352	16651513856	2051826873	1316226
ww_fastpOut_reads_R	BAKTA (ww_fastpOut_reads_R)	COMPLETED	0	206761	1	-	49.3	0.6	3635834880	16677343232	2051840839	1316551
ww_fastpOut_reads_R	BAKTA (ww_fastpOut_reads_R)	COMPLETED	0	209682	1	-	48.0	0.6	3699519488	16798687232	2051889804	1316890
ww_fastpOut_reads_R	BAKTA (ww_fastpOut_reads_R)	COMPLETED	0	141531	1	-	70.2	0.6	3694768128	16797970432	2052425822	1317225
ww_fastpOut_reads_R	BAKTA (ww_fastpOut_reads_R)	COMPLETED	0	216812	1	-	46.4	0.6	3393105920	34085953536	2052384342	1315705
ww_fastpOut_reads_R	BAKTA (ww_fastpOut_reads_R)	COMPLETED	0	229853	1	-	43.3	0.6	3572785152	16614776832	2052374914	1316188
ww_fastpOut_reads_R	BAKTA (ww_fastpOut_reads_R)	COMPLETED	0	209785	1	-	47.3	0.5	3568513024	16661127168	2052361814	1315728
ww_fastpOut_reads_R	BAKTA (ww_fastpOut_reads_R)	COMPLETED	0	221031	1	-	45.3	0.6	3599290368	16768352256	2052215627	1315317
ww_fastpOut_reads_R	BAKTA (ww_fastpOut_reads_R)	COMPLETED	0	225084	1	-	45.3	0.6	3575070720	16677658624	2051929795	1314987
ww_fastpOut_reads_R	BAKTA (ww_fastpOut_reads_R)	COMPLETED	0	200561	1	-	50.5	0.6	3621916672	17331064832	2052370119	1315812
ww_fastpOut_reads_R	BAKTA (ww_fastpOut_reads_R)	COMPLETED	0	225380	1	-	44.4	0.6	3598336000	16773046272	2052635111	1316266
ww_fastpOut_reads_R	BAKTA (ww_fastpOut_reads_R)	COMPLETED	0	228931	1	-	45.4	0.6	3560128512	16728387584	2052378277	1315939
ww_fastpOut_reads_R	BAKTA (ww_fastpOut_reads_R)	COMPLETED	0	250032	1	-	40.6	0.6	3592937472	16578756608	2052176802	1314383
ww_fastpOut_reads_R	BAKTA (ww_fastpOut_reads_R)	COMPLETED	0	209797	1	-	47.8	0.5	3040817152	16729739264	2052156331	1316499
ww_fastpOut_reads_R	BAKTA (ww_fastpOut_reads_R)	COMPLETED	0	151327	1	-	66.6	0.5	3688112128	16859287552	2052301486	1317100
ww_fastpOut_reads_R	BAKTA (ww_fastpOut_reads_R)	COMPLETED	0	172754	1	-	57.1	0.6	3603263488	16588304384	2051499723	1316008
ww_fastpOut_reads_R	BAKTA (ww_fastpOut_reads_R)	COMPLETED	0	178532	1	-	55.1	0.6	3594993664	16640757760	2051666660	1315829
ww_fastpOut_reads_R	BAKTA (ww_fastpOut_reads_R)	COMPLETED	0	175370	1	-	57.3	0.5	3650932736	17395953664	2052017863	1316361
ww_fastpOut_reads_R	BAKTA (ww_fastpOut_reads_R)	COMPLETED	0	181959	1	-	55.1	0.6	3687043072	17385783296	2052810996	1317257
ww_fastpOut_reads_R	BAKTA (ww_fastpOut_reads_R)	COMPLETED	0	161354	1	-	61.5	0.6	3484774400	16569004032	2052444111	1315342
ww_fastpOut_reads_R	BAKTA (ww_fastpOut_reads_R)	COMPLETED	0	195696	1	-	51.5	0.6	3238739968	16639000576	2052084005	1315953
ww_fastpOut_reads_R	BAKTA (ww_fastpOut_reads_R)	COMPLETED	0	178206	1	-	55.9	0.6	3401850880	16638832640	2051821857	1316153
ww_fastpOut_reads_R	BAKTA (ww_fastpOut_reads_R)	COMPLETED	0	200641	1	-	49.4	0.6	3601870848	16636006400	2052813822	1315154
ww_fastpOut_reads_R	BAKTA (ww_fastpOut_reads_R)	COMPLETED	0	204037	1	-	49.0	0.6	3357052928	16574435328	2052287217	1315848
ww_fastpOut_reads_R	BAKTA (ww_fastpOut_reads_R)	COMPLETED	0	217357	1	-	46.2	0.6	3590344704	92425191424	2052158943	1316492
ww_fastpOut_reads_R	BAKTA (ww_fastpOut_reads_R)	COMPLETED	0	214364	1	-	46.9	0.5	3557945344	16661139456	2052590394	1315585
ww_fastpOut_reads_R	BAKTA (ww_fastpOut_reads_R)	COMPLETED	0	202844	1	-	48.9	0.6	3561275392	67401306112	2052734403	1315599
ww_fastpOut_reads_R	BAKTA (ww_fastpOut_reads_R)	COMPLETED	0	198154	1	-	50.5	0.6	3435454464	16481476608	2051973925	1314048
ww_fastpOut_reads_R	BAKTA (ww_fastpOut_reads_R)	COMPLETED	0	212812	1	-	47.2	0.5	3678580736	16721453056	2052080371	1316555
ww_fastpOut_reads_R	BAKTA (ww_fastpOut_reads_R)	COMPLETED	0	197644	1	-	50.8	0.6	3627532288	16647835648	2052052748	1316999
ww_fastpOut_reads_R	BAKTA (ww_fastpOut_reads_R)	COMPLETED	0	188060	1	-	52.8	0.6	3642126336	16716926976	2051564973	1316667
ww_fastpOut_reads_R	BAKTA (ww_fastpOut_reads_R)	COMPLETED	0	206641	1	-	47.9	0.6	3616702464	16598528000	2052281120	1316554
ww_fastpOut_reads_R	BAKTA (ww_fastpOut_reads_R)	COMPLETED	0	187488	1	-	52.8	0.6	3609280512	16718831616	2051505652	1315858
ww_fastpOut_reads_R	BAKTA (ww_fastpOut_reads_R)	COMPLETED	0	219269	1	-	46.0	0.6	3596623872	16760127488	2051627794	1316151
ww_fastpOut_reads_R	BAKTA (ww_fastpOut_reads_R)	COMPLETED	0	201416	1	-	50.2	0.5	3041189888	17334775808	2052606200	1313580
ww_fastpOut_reads_R	BAKTA (ww_fastpOut_reads_R)	COMPLETED	0	184016	1	-	62.7	0.7	4025573376	17129127936	2939669074	21793830
ww_fastpOut_reads_R	BAKTA (ww_fastpOut_reads_R)	COMPLETED	0	191602	1	-	52.9	0.6	3645616128	16744153088	2052127202	1316631
ww_fastpOut_reads_R	BAKTA (ww_fastpOut_reads_R)	COMPLETED	0	191285	1	-	51.8	0.6	3602513920	17386024960	2052329217	1315070
ww_fastpOut_reads_R	BAKTA (ww_fastpOut_reads_R)	COMPLETED	0	151898	1	-	77.2	0.7	4105863168	17212305408	2939475096	21795485
ww_fastpOut_reads_R	BAKTA (ww_fastpOut_reads_R)	COMPLETED	0	147007	1	-	77.1	0.6	4097363968	34079784960	2939572716	21796076
ww_fastpOut_reads_R	BAKTA (ww_fastpOut_reads_R)	COMPLETED	0	213945	1	-	46.3	0.6	3672813568	17382883328	2052056558	1317090
ww_fastpOut_reads_R	BAKTA (ww_fastpOut_reads_R)	COMPLETED	0	212229	1	-	47.6	0.6	3614523392	16651649024	2051658048	1315673
ww_fastpOut_reads_R	BAKTA (ww_fastpOut_reads_R)	COMPLETED	0	198185	1	-	52.2	0.6	3592069120	16693018624	2052075780	1316424
ww_fastpOut_reads_R	BAKTA (ww_fastpOut_reads_R)	COMPLETED	0	200628	1	-	50.6	0.5	3601403904	16706068480	2051199860	1315992
ww_fastpOut_reads_R	BAKTA (ww_fastpOut_reads_R)	COMPLETED	0	187451	1	-	53.1	0.6	3459350528	16594026496	2052455896	1315863
ww_fastpOut_reads_R	BAKTA (ww_fastpOut_reads_R)	COMPLETED	0	233379	1	-	43.3	0.6	3552014336	17328697344	2051916569	1314566
ww_fastpOut_reads_R	BAKTA (ww_fastpOut_reads_R)	COMPLETED	0	221707	1	-	45.8	0.6	3600285696	16703668224	2051700328	1315376
ww_fastpOut_reads_R	BAKTA (ww_fastpOut_reads_R)	COMPLETED	0	194078	1	-	51.3	0.6	3694350336	17384869888	2052403106	1316665
ww_fastpOut_reads_R	BAKTA (ww_fastpOut_reads_R)	COMPLETED	0	184192	1	-	55.3	0.5	3592306688	16692887552	2052409333	1316532
ww_fastpOut_reads_R	BAKTA (ww_fastpOut_reads_R)	COMPLETED	0	121354	1	-	92.7	0.6	3164499968	17061339136	2938900411	21796070
ww_fastpOut_reads_R	BAKTA (ww_fastpOut_reads_R)	COMPLETED	0	199600	1	-	50.3	0.6	3675549696	16781250560	2052047335	1317131
ww_fastpOut_reads_R	BAKTA (ww_fastpOut_reads_R)	COMPLETED	0	112506	1	-	99.8	0.7	4050935808	17148276736	2939997443	21796106
ww_fastpOut_reads_R	BAKTA (ww_fastpOut_reads_R)	COMPLETED	0	203578	1	-	51.0	0.5	3671986176	25726017536	2052596784	1317283
ww_fastpOut_reads_R	BAKTA (ww_fastpOut_reads_R)	COMPLETED	0	212077	1	-	47.7	0.6	3603484672	16706109440	2051878520	1315826
ww_fastpOut_reads_R	BAKTA (ww_fastpOut_reads_R)	COMPLETED	0	200436	1	-	49.0	0.6	3586707456	16574136320	2051730805	1316157
ww_fastpOut_reads_R	BAKTA (ww_fastpOut_reads_R)	COMPLETED	0	144510	1	-	80.8	0.7	4046209024	59077455872	2938913270	21794651
ww_fastpOut_reads_R	BAKTA (ww_fastpOut_reads_R)	COMPLETED	0	219359	1	-	44.8	0.6	3529682944	16567926784	2052373529	1313701
ww_fastpOut_reads_R	BAKTA (ww_fastpOut_reads_R)	COMPLETED	0	215590	1	-	46.6	0.6	3582926848	16675463168	2052313477	1316681
ww_fastpOut_reads_R	BAKTA (ww_fastpOut_reads_R)	COMPLETED	0	212831	1	-	46.8	0.6	3411251200	16587153408	2052186807	1315853
ww_fastpOut_reads_R	BAKTA (ww_fastpOut_reads_R)	COMPLETED	0	181612	1	-	56.0	0.6	3555520512	84213084160	2053389229	1316325
ww_fastpOut_reads_R	BAKTA (ww_fastpOut_reads_R)	COMPLETED	0	137488	1	-	81.4	0.5	4023144448	25685278720	2939273384	21795242
ww_fastpOut_reads_R	BAKTA (ww_fastpOut_reads_R)	COMPLETED	0	160284	1	-	61.5	0.6	3592351744	16651649024	2052669217	1316084
ww_fastpOut_reads_R	BAKTA (ww_fastpOut_reads_R)	COMPLETED	0	161157	1	-	61.2	0.5	3437809664	16615645184	2052949715	1314409
ww_fastpOut_reads_R	BAKTA (ww_fastpOut_reads_R)	COMPLETED	0	202586	1	-	49.4	0.5	3575296000	25713467392	2052209823	1316335
ww_fastpOut_reads_R	BAKTA (ww_fastpOut_reads_R)	COMPLETED	0	212058	1	-	47.7	0.6	3572776960	34077540352	2052211715	1315131
ww_fastpOut_reads_R	BAKTA (ww_fastpOut_reads_R)	COMPLETED	0	207468	1	-	48.3	0.5	3542573056	117483122688	2052776034	1315865
ww_fastpOut_reads_R	BAKTA (ww_fastpOut_reads_R)	COMPLETED	0	185139	1	-	62.6	0.7	4026527744	17202573312	2939393369	21794800
ww_fastpOut_reads_R	BAKTA (ww_fastpOut_reads_R)	COMPLETED	0	169441	1	-	68.6	0.7	4121784320	17382727680	2939459115	21796111
ww_fastpOut_reads_R	BAKTA (ww_fastpOut_reads_R)	COMPLETED	0	183089	1	-	53.8	0.5	3582885888	17386196992	2052432596	1315412
ww_fastpOut_reads_R	BAKTA (ww_fastpOut_reads_R)	COMPLETED	0	195257	1	-	51.4	0.6	3340095488	16675332096	2051862745	1316345
ww_fastpOut_reads_R	BAKTA (ww_fastpOut_reads_R)	COMPLETED	0	213226	1	-	47.9	0.6	3585093632	16625770496	2052397191	1316347
ww_fastpOut_reads_R	BAKTA (ww_fastpOut_reads_R)	COMPLETED	0	183156	1	-	63.9	0.6	4088926208	17127170048	2939393193	21795168
ww_fastpOut_reads_R	BAKTA (ww_fastpOut_reads_R)	COMPLETED	0	154998	1	-	71.9	0.5	3042844672	17081040896	2939795243	21796410
ww_fastpOut_reads_R	BAKTA (ww_fastpOut_reads_R)	COMPLETED	0	197997	1	-	52.1	0.6	3627397120	17399558144	2051974020	1314933
ww_fastpOut_reads_R	BAKTA (ww_fastpOut_reads_R)	COMPLETED	0	207285	1	-	56.3	0.7	4097761280	17385349120	2939041404	21795354
ww_fastpOut_reads_R	BAKTA (ww_fastpOut_reads_R)	COMPLETED	0	255114	1	-	40.8	0.6	3695235072	16733024256	2052268744	1316682
ww_fastpOut_reads_R	BAKTA (ww_fastpOut_reads_R)	COMPLETED	0	243034	1	-	42.2	0.7	3683426304	16792174592	2052004330	1316859
ww_fastpOut_reads_R	BAKTA (ww_fastpOut_reads_R)	COMPLETED	0	204095	1	-	57.2	0.7	4092407808	17196552192	2939286248	21794600
ww_fastpOut_reads_R	BAKTA (ww_fastpOut_reads_R)	COMPLETED	0	220190	1	-	52.5	0.6	4040032256	50782924800	2939448553	21794659
ww_fastpOut_reads_R	BAKTA (ww_fastpOut_reads_R)	COMPLETED	0	244697	1	-	42.5	0.6	3692503040	34074066944	2052033606	1317238
ww_fastpOut_reads_R	BAKTA (ww_fastpOut_reads_R)	COMPLETED	0	193678	1	-	73.3	0.6	3483160576	16598347776	3412723439	33519933
ww_fastpOut_reads_R	BAKTA (ww_fastpOut_reads_R)	COMPLETED	0	177526	1	-	70.3	0.5	3016593408	14702497792	3315801489	30871042
ww_fastpOut_reads_R	BAKTA (ww_fastpOut_reads_R)	COMPLETED	0	246573	1	-	41.5	0.5	3555356672	16653627392	2051762479	1314840
ww_fastpOut_reads_R	BAKTA (ww_fastpOut_reads_R)	COMPLETED	0	156394	1	-	68.7	0.5	3050176512	34125320192	3041728688	24530153
ww_fastpOut_reads_R	BAKTA (ww_fastpOut_reads_R)	COMPLETED	0	203091	1	-	62.4	0.5	3047272448	15485521920	3315825695	30871908
ww_fastpOut_reads_R	BAKTA (ww_fastpOut_reads_R)	COMPLETED	0	218002	1	-	58.0	0.4	3046043648	15309045760	3316286534	31707235
ww_fastpOut_reads_R	BAKTA (ww_fastpOut_reads_R)	COMPLETED	0	199521	1	-	57.6	0.7	4038078464	34081251328	2939714745	21794726
ww_fastpOut_reads_R	BAKTA (ww_fastpOut_reads_R)	COMPLETED	0	240857	1	-	42.4	0.6	3638743040	16677015552	2052498759	1316603
ww_fastpOut_reads_R	BAKTA (ww_fastpOut_reads_R)	COMPLETED	0	195387	1	-	59.4	0.5	3022196736	15272071168	3178950188	27547779
ww_fastpOut_reads_R	BAKTA (ww_fastpOut_reads_R)	COMPLETED	0	200532	1	-	58.1	0.7	4040585216	17341018112	2939607996	21795593
ww_fastpOut_reads_R	BAKTA (ww_fastpOut_reads_R)	COMPLETED	0	233079	1	-	43.5	0.6	3682754560	16784801792	2051525841	1314804
ww_fastpOut_reads_R	BAKTA (ww_fastpOut_reads_R)	COMPLETED	0	204643	1	-	43.1	0.5	3015208960	15271456768	2046597646	1231442
ww_fastpOut_reads_R	BAKTA (ww_fastpOut_reads_R)	COMPLETED	0	242638	1	-	52.3	0.5	3018612736	84195299328	3315909620	30871290
ww_fastpOut_reads_R	BAKTA (ww_fastpOut_reads_R)	COMPLETED	0	240823	1	-	41.5	0.6	3605291008	50721198080	2051314427	1315694
ww_fastpOut_reads_R	BAKTA (ww_fastpOut_reads_R)	COMPLETED	0	209349	1	-	54.5	0.7	4031082496	17135468544	2939075052	21795720
ww_fastpOut_reads_R	BAKTA (ww_fastpOut_reads_R)	COMPLETED	0	227395	1	-	63.6	0.5	3052900352	67645411328	3518654864	36505488
ww_fastpOut_reads_R	BAKTA (ww_fastpOut_reads_R)	COMPLETED	0	149378	1	-	75.5	0.6	4022509568	17125093376	2939353776	21794984
ww_fastpOut_reads_R	BAKTA (ww_fastpOut_reads_R)	COMPLETED	0	231155	1	-	70.6	1.0	5401665536	18492530688	3416271974	33527453
ww_fastpOut_reads_R	BAKTA (ww_fastpOut_reads_R)	COMPLETED	0	218028	1	-	44.9	0.7	4459831296	17507487744	1713811125	1315323
ww_fastpOut_reads_R	BAKTA (ww_fastpOut_reads_R)	COMPLETED	0	250897	1	-	39.6	0.5	3044601856	15974318080	2052252781	1703019
ww_fastpOut_reads_R	BAKTA (ww_fastpOut_reads_R)	COMPLETED	0	162068	1	-	63.9	0.5	3015696384	42431557632	2942893464	21943427
ww_fastpOut_reads_R	BAKTA (ww_fastpOut_reads_R)	COMPLETED	0	186715	1	-	61.2	0.6	4023074816	17064943616	2939499291	21795041
ww_fastpOut_reads_R	BAKTA (ww_fastpOut_reads_R)	COMPLETED	0	264291	1	-	66.6	0.5	3026190336	15083536384	3587180169	38476471
ww_fastpOut_reads_R	BAKTA (ww_fastpOut_reads_R)	COMPLETED	0	197456	1	-	45.6	0.5	3044491264	15738224640	2047676393	1250667
ww_fastpOut_reads_R	BAKTA (ww_fastpOut_reads_R)	COMPLETED	0	188750	1	-	61.5	0.6	4107538432	59121983488	2939416713	21796388
ww_fastpOut_reads_R	BAKTA (ww_fastpOut_reads_R)	COMPLETED	0	169309	1	-	67.7	0.7	4085485568	42396893184	2939344388	21795796
ww_fastpOut_reads_R	BAKTA (ww_fastpOut_reads_R)	COMPLETED	0	189033	1	-	53.9	0.6	3617755136	16784302080	2052103117	1315533
ww_fastpOut_reads_R	BAKTA (ww_fastpOut_reads_R)	COMPLETED	0	139600	1	-	83.4	0.7	4086194176	17196896256	2939481795	21795441
ww_fastpOut_reads_R	BAKTA (ww_fastpOut_reads_R)	COMPLETED	0	204404	1	-	45.3	0.5	3015487488	125889011712	2052067629	1266370
ww_fastpOut_reads_R	BAKTA (ww_fastpOut_reads_R)	COMPLETED	0	187174	1	-	48.7	0.5	3040473088	15223988224	2051618861	1268646
ww_fastpOut_reads_R	BAKTA (ww_fastpOut_reads_R)	COMPLETED	0	177163	1	-	65.9	0.7	4103069696	100808282112	2938795256	21795514
ww_fastpOut_reads_R	BAKTA (ww_fastpOut_reads_R)	COMPLETED	0	207134	1	-	49.2	0.5	3594813440	17396441088	2051691603	1314206
ww_fastpOut_reads_R	BAKTA (ww_fastpOut_reads_R)	COMPLETED	0	248234	1	-	36.1	0.5	3012763648	15286816768	2050408817	1289938
ww_fastpOut_reads_R	BAKTA (ww_fastpOut_reads_R)	COMPLETED	0	166779	1	-	56.9	0.5	3041763328	17332506624	2052343211	1268363
ww_fastpOut_reads_R	BAKTA (ww_fastpOut_reads_R)	COMPLETED	0	254538	1	-	35.1	0.5	3041333248	34004422656	2052415173	1265485
ww_fastpOut_reads_R	BAKTA (ww_fastpOut_reads_R)	COMPLETED	0	238045	1	-	37.1	0.5	3039703040	109199147008	2052525142	1267348
ww_fastpOut_reads_R	BAKTA (ww_fastpOut_reads_R)	COMPLETED	0	222763	1	-	40.8	0.5	3014930432	17380352000	2052069868	1268320
ww_fastpOut_reads_R	BAKTA (ww_fastpOut_reads_R)	COMPLETED	0	177512	1	-	52.4	0.5	3041406976	15227265024	2051973477	1268138
ww_fastpOut_reads_R	BAKTA (ww_fastpOut_reads_R)	COMPLETED	0	247233	1	-	35.5	0.5	3041992704	15238447104	2051525450	1265673
ww_fastpOut_reads_R	BAKTA (ww_fastpOut_reads_R)	COMPLETED	0	159859	1	-	63.9	0.6	3537547264	16530321408	2052359829	1315918
ww_fastpOut_reads_R	BAKTA (ww_fastpOut_reads_R)	COMPLETED	0	202071	1	-	44.2	0.5	3042889728	17398464512	2051781347	1268903
ww_fastpOut_reads_R	BAKTA (ww_fastpOut_reads_R)	COMPLETED	0	186547	1	-	60.3	0.7	4054872064	34022215680	2938824051	21795906
ww_fastpOut_reads_R	BAKTA (ww_fastpOut_reads_R)	COMPLETED	0	175196	1	-	52.6	0.5	3042770944	15193337856	2051744264	1269901
ww_fastpOut_reads_R	BAKTA (ww_fastpOut_reads_R)	COMPLETED	0	163522	1	-	56.6	0.5	3042439168	17331023872	2052088876	1268512
ww_fastpOut_reads_R	BAKTA (ww_fastpOut_reads_R)	COMPLETED	0	192663	1	-	47.6	0.5	3043790848	34079035392	2052318625	1269177
ww_fastpOut_reads_R	BAKTA (ww_fastpOut_reads_R)	COMPLETED	0	192086	1	-	59.2	0.7	4027879424	17210163200	2939782456	21795585
ww_fastpOut_reads_R	BAKTA (ww_fastpOut_reads_R)	COMPLETED	0	206844	1	-	54.7	0.6	4039254016	17148432384	2939219321	21795390
ww_fastpOut_reads_R	BAKTA (ww_fastpOut_reads_R)	COMPLETED	0	234685	1	-	38.0	0.5	3015032832	15216062464	2051771949	1267307
ww_fastpOut_reads_R	BAKTA (ww_fastpOut_reads_R)	COMPLETED	0	219789	1	-	44.5	0.6	3422408704	16430317568	2052217699	1314120
ww_fastpOut_reads_R	BAKTA (ww_fastpOut_reads_R)	COMPLETED	0	172924	1	-	53.7	0.5	3046072320	15327678464	2052077656	1269232
ww_fastpOut_reads_R	BAKTA (ww_fastpOut_reads_R)	COMPLETED	0	142375	1	-	81.4	0.7	4104560640	17277591552	2939338721	21795406
ww_fastpOut_reads_R	BAKTA (ww_fastpOut_reads_R)	COMPLETED	0	182639	1	-	52.0	0.5	3016949760	15366922240	2052580273	1288969
ww_fastpOut_reads_R	BAKTA (ww_fastpOut_reads_R)	COMPLETED	0	220136	1	-	45.3	0.6	3602329600	16778579968	2051685199	1314279
ww_fastpOut_reads_R	BAKTA (ww_fastpOut_reads_R)	COMPLETED	0	245884	1	-	36.0	0.5	3040063488	17387458560	2051582332	1267693
ww_fastpOut_reads_R	BAKTA (ww_fastpOut_reads_R)	COMPLETED	0	144049	1	-	80.4	0.7	3964248064	25720041472	2939449973	21794143
ww_fastpOut_reads_R	BAKTA (ww_fastpOut_reads_R)	COMPLETED	0	172655	1	-	52.7	0.5	3044208640	15628685312	1724147943	3114488
ww_fastpOut_reads_R	BAKTA (ww_fastpOut_reads_R)	COMPLETED	0	221310	1	-	41.3	0.5	3039592448	67542568960	2051716584	1267293
ww_fastpOut_reads_R	BAKTA (ww_fastpOut_reads_R)	COMPLETED	0	241001	1	-	37.4	0.5	3038679040	15331086336	2052578874	1268791
ww_fastpOut_reads_R	BAKTA (ww_fastpOut_reads_R)	COMPLETED	0	181989	1	-	50.1	0.5	3014967296	15225765888	2051768332	1266345
ww_fastpOut_reads_R	BAKTA (ww_fastpOut_reads_R)	COMPLETED	0	182106	1	-	63.3	0.6	4022681600	59048509440	2938989607	21794736
ww_fastpOut_reads_R	BAKTA (ww_fastpOut_reads_R)	COMPLETED	0	167191	1	-	68.3	0.7	4093997056	17383620608	2939381645	21796461
ww_fastpOut_reads_R	BAKTA (ww_fastpOut_reads_R)	COMPLETED	0	211864	1	-	43.1	0.5	3044761600	15120728064	2052556862	1267849
ww_fastpOut_reads_R	BAKTA (ww_fastpOut_reads_R)	COMPLETED	0	221624	1	-	45.4	0.6	3692285952	17386057728	2052373512	1316750
ww_fastpOut_reads_R	BAKTA (ww_fastpOut_reads_R)	COMPLETED	0	146507	1	-	78.7	0.7	4098080768	17202888704	2939408176	21795961
ww_fastpOut_reads_R	BAKTA (ww_fastpOut_reads_R)	COMPLETED	0	217043	1	-	43.6	0.5	3015307264	15225868288	2052199279	1266501
ww_fastpOut_reads_R	BAKTA (ww_fastpOut_reads_R)	COMPLETED	0	145862	1	-	78.8	0.6	4028776448	17331982336	2939248445	21795386
ww_fastpOut_reads_R	BAKTA (ww_fastpOut_reads_R)	COMPLETED	0	240206	1	-	37.4	0.5	3041288192	15186128896	2051785848	1268465
ww_fastpOut_reads_R	BAKTA (ww_fastpOut_reads_R)	COMPLETED	0	189088	1	-	48.3	0.5	3045117952	15331270656	2051574440	1267495
ww_fastpOut_reads_R	BAKTA (ww_fastpOut_reads_R)	COMPLETED	0	194383	1	-	47.2	0.5	3042013184	15196917760	2051266811	1269284
ww_fastpOut_reads_R	BAKTA (ww_fastpOut_reads_R)	COMPLETED	0	175351	1	-	52.3	0.5	3011076096	15611203584	1722554342	1452661
ww_fastpOut_reads_R	BAKTA (ww_fastpOut_reads_R)	COMPLETED	0	164929	1	-	73.5	0.5	3016617984	25729613824	3126783436	26198253
ww_fastpOut_reads_R	BAKTA (ww_fastpOut_reads_R)	COMPLETED	0	204844	1	-	45.3	0.5	3043323904	75778158592	2052409474	1269924
ww_fastpOut_reads_R	BAKTA (ww_fastpOut_reads_R)	COMPLETED	0	198604	1	-	45.7	0.5	3042627584	15255969792	2051072931	1267329
ww_fastpOut_reads_R	BAKTA (ww_fastpOut_reads_R)	COMPLETED	0	199915	1	-	46.2	0.5	3042390016	92488863744	2051551652	1266733
ww_fastpOut_reads_R	BAKTA (ww_fastpOut_reads_R)	COMPLETED	0	191727	1	-	56.6	0.5	3040382976	100836126720	3035932888	24244705
ww_fastpOut_reads_R	BAKTA (ww_fastpOut_reads_R)	COMPLETED	0	209802	1	-	42.8	0.5	3040088064	15234871296	2051348011	1268587
ww_fastpOut_reads_R	BAKTA (ww_fastpOut_reads_R)	COMPLETED	0	197330	1	-	72.4	0.6	3567570944	17381441536	3412723838	33520734
ww_fastpOut_reads_R	BAKTA (ww_fastpOut_reads_R)	COMPLETED	0	201830	1	-	45.9	0.5	3042160640	15121055744	2051786967	1266729
ww_fastpOut_reads_R	BAKTA (ww_fastpOut_reads_R)	COMPLETED	0	197798	1	-	91.8	0.5	3055284224	15251652608	3642263006	40403434
ww_fastpOut_reads_R	BAKTA (ww_fastpOut_reads_R)	COMPLETED	0	222177	1	-	88.1	0.5	3053465600	15338844160	3741212337	43140002
ww_fastpOut_reads_R	BAKTA (ww_fastpOut_reads_R)	COMPLETED	0	224084	1	-	87.7	0.5	3055665152	25787330560	3741254079	43140089
ww_fastpOut_reads_R	BAKTA (ww_fastpOut_reads_R)	COMPLETED	0	177543	1	-	47.8	0.5	3039555584	15060922368	1716544545	1233448
ww_fastpOut_reads_R	BAKTA (ww_fastpOut_reads_R)	COMPLETED	0	203443	1	-	46.6	0.7	4032008192	17031806976	1715533699	2876441
ww_fastpOut_reads_R	BAKTA (ww_fastpOut_reads_R)	COMPLETED	0	176989	1	-	51.5	0.5	3043278848	15524057088	1721734678	1470636
ww_fastpOut_reads_R	BAKTA (ww_fastpOut_reads_R)	COMPLETED	0	197772	1	-	46.1	0.5	3042435072	15155023872	2049269630	1189909
ww_fastpOut_reads_R	BAKTA (ww_fastpOut_reads_R)	COMPLETED	0	186659	1	-	49.5	0.5	3018756096	15121653760	2052496999	1266906
ww_fastpOut_reads_R	BAKTA (ww_fastpOut_reads_R)	COMPLETED	0	198214	1	-	43.6	0.5	3368607744	16476930048	1704318612	1142746
ww_fastpOut_reads_R	BAKTA (ww_fastpOut_reads_R)	COMPLETED	0	190333	1	-	55.1	0.6	3495669760	16600432640	2055390043	1379032
ww_fastpOut_reads_R	BAKTA (ww_fastpOut_reads_R)	COMPLETED	0	187675	1	-	49.4	0.5	3047604224	15182716928	2052724430	1267676
ww_fastpOut_reads_R	BAKTA (ww_fastpOut_reads_R)	COMPLETED	0	204225	1	-	43.1	0.5	3041726464	15380860928	1720930411	1472095
ww_fastpOut_reads_R	BAKTA (ww_fastpOut_reads_R)	COMPLETED	0	214637	1	-	44.7	0.5	3042193408	17386049536	2056467989	1484314
ww_fastpOut_reads_R	BAKTA (ww_fastpOut_reads_R)	COMPLETED	0	201306	1	-	45.9	0.5	3040919552	15120625664	2052515563	1266612
ww_fastpOut_reads_R	BAKTA (ww_fastpOut_reads_R)	COMPLETED	0	215199	1	-	41.6	0.5	3045068800	15160934400	2052215301	1266051
ww_fastpOut_reads_R	BAKTA (ww_fastpOut_reads_R)	COMPLETED	0	183481	1	-	50.4	0.5	3043991552	25670090752	2051402001	1269104
ww_fastpOut_reads_R	BAKTA (ww_fastpOut_reads_R)	COMPLETED	0	188665	1	-	49.7	0.5	3046834176	17397886976	2051738225	1267152
ww_fastpOut_reads_R	BAKTA (ww_fastpOut_reads_R)	COMPLETED	0	206587	1	-	43.7	0.5	3043041280	17336848384	2051706654	1268085
ww_fastpOut_reads_R	BAKTA (ww_fastpOut_reads_R)	COMPLETED	0	191487	1	-	48.7	0.5	3040342016	75806707712	2052538147	1268854
ww_fastpOut_reads_R	BAKTA (ww_fastpOut_reads_R)	COMPLETED	0	186981	1	-	47.4	0.5	3041357824	15152427008	2045784381	1187351
ww_fastpOut_reads_R	BAKTA (ww_fastpOut_reads_R)	COMPLETED	0	196536	1	-	47.7	0.5	3041189888	15240101888	2051283988	1267700
ww_fastpOut_reads_R	BAKTA (ww_fastpOut_reads_R)	COMPLETED	0	190067	1	-	48.5	0.5	3015774208	15121199104	2051752691	1269550
ww_fastpOut_reads_R	BAKTA (ww_fastpOut_reads_R)	COMPLETED	0	197562	1	-	45.5	0.5	3041308672	15223992320	2051825111	1266611
ww_fastpOut_reads_R	BAKTA (ww_fastpOut_reads_R)	COMPLETED	0	207924	1	-	43.2	0.5	3045883904	15249702912	2051650169	1269506
ww_fastpOut_reads_R	BAKTA (ww_fastpOut_reads_R)	COMPLETED	0	204512	1	-	44.7	0.5	3014582272	15289257984	2051568710	1268149
ww_fastpOut_reads_R	BAKTA (ww_fastpOut_reads_R)	COMPLETED	0	221707	1	-	42.1	0.5	3012866048	15062945792	2054874868	1394010
ww_fastpOut_reads_R	BAKTA (ww_fastpOut_reads_R)	COMPLETED	0	188230	1	-	49.4	0.5	3041132544	84176998400	2051569847	1269222
ww_fastpOut_reads_R	BAKTA (ww_fastpOut_reads_R)	COMPLETED	0	159313	1	-	56.3	0.5	3016527872	17382203392	2051835069	1266913
ww_fastpOut_reads_R	BAKTA (ww_fastpOut_reads_R)	COMPLETED	0	216890	1	-	42.4	0.5	3016175616	15170043904	2051558058	1267192
ww_fastpOut_reads_R	BAKTA (ww_fastpOut_reads_R)	COMPLETED	0	142464	1	-	67.4	0.5	4317290496	17420570624	1714589357	1267934
ww_fastpOut_reads_R	BAKTA (ww_fastpOut_reads_R)	COMPLETED	0	180136	1	-	50.1	0.5	3042779136	117686841344	2051738047	1267966
ww_fastpOut_reads_R	BAKTA (ww_fastpOut_reads_R)	COMPLETED	0	252277	1	-	35.6	0.5	3040157696	17332350976	2051607052	1267228
ww_fastpOut_reads_R	BAKTA (ww_fastpOut_reads_R)	COMPLETED	0	178730	1	-	50.1	0.5	3013701632	15225864192	2051889925	1266049
ww_fastpOut_reads_R	BAKTA (ww_fastpOut_reads_R)	COMPLETED	0	172162	1	-	51.7	0.5	3041329152	15291092992	2051989463	1266244
ww_fastpOut_reads_R	BAKTA (ww_fastpOut_reads_R)	COMPLETED	0	173435	1	-	54.4	0.5	3039457280	15358214144	2052165755	1268465
ww_fastpOut_reads_R	BAKTA (ww_fastpOut_reads_R)	COMPLETED	0	170576	1	-	100.1	0.5	3026735104	92786298880	3587126054	38475052
ww_fastpOut_reads_R	BAKTA (ww_fastpOut_reads_R)	COMPLETED	0	167840	1	-	53.7	0.5	3040624640	15327916032	2052865808	1267602
ww_fastpOut_reads_R	BAKTA (ww_fastpOut_reads_R)	COMPLETED	0	162244	1	-	56.3	0.4	3041488896	34062876672	2052395375	1266515
ww_fastpOut_reads_R	BAKTA (ww_fastpOut_reads_R)	COMPLETED	0	161144	1	-	60.6	0.7	4215234560	17316417536	1715522668	1391770
ww_fastpOut_reads_R	BAKTA (ww_fastpOut_reads_R)	COMPLETED	0	178003	1	-	51.0	0.5	3545370624	159415742464	2051656101	1267609
ww_fastpOut_reads_R	BAKTA (ww_fastpOut_reads_R)	COMPLETED	0	181303	1	-	50.5	0.5	3041718272	15227400192	2052038152	1265715
ww_fastpOut_reads_R	BAKTA (ww_fastpOut_reads_R)	COMPLETED	0	180829	1	-	58.1	0.7	4958937088	17995390976	1714738375	1393153
ww_fastpOut_reads_R	BAKTA (ww_fastpOut_reads_R)	COMPLETED	0	187017	1	-	51.7	0.8	4486205440	17591607296	1715685732	1391598
ww_fastpOut_reads_R	BAKTA (ww_fastpOut_reads_R)	COMPLETED	0	175474	1	-	46.3	0.5	3041005568	15362994176	1711729724	1186022
ww_fastpOut_reads_R	BAKTA (ww_fastpOut_reads_R)	COMPLETED	0	175502	1	-	52.8	0.5	3042652160	15249821696	2051423440	1269731
ww_fastpOut_reads_R	BAKTA (ww_fastpOut_reads_R)	COMPLETED	0	160125	1	-	64.9	0.8	4771360768	17935253504	1714606319	1393083
ww_fastpOut_reads_R	BAKTA (ww_fastpOut_reads_R)	COMPLETED	0	112599	1	-	112.3	0.5	3051036672	15302717440	3361063821	31832217
ww_fastpOut_reads_R	BAKTA (ww_fastpOut_reads_R)	COMPLETED	0	190959	1	-	48.7	0.5	3042938880	15263809536	2052245429	1268085
ww_fastpOut_reads_R	BAKTA (ww_fastpOut_reads_R)	COMPLETED	0	164396	1	-	58.4	0.5	3013939200	15062708224	2055670059	1394060
ww_fastpOut_reads_R	BAKTA (ww_fastpOut_reads_R)	COMPLETED	0	177049	1	-	52.7	0.5	3042299904	15665868800	1721891848	1492802
ww_fastpOut_reads_R	BAKTA (ww_fastpOut_reads_R)	COMPLETED	0	176942	1	-	52.4	0.5	3042512896	15182848000	2052757167	1267321
ww_fastpOut_reads_R	BAKTA (ww_fastpOut_reads_R)	COMPLETED	0	140784	1	-	58.4	0.5	3041792000	15189757952	1712206254	1185818
ww_fastpOut_reads_R	BAKTA (ww_fastpOut_reads_R)	COMPLETED	0	174405	1	-	57.6	0.9	4961382400	18125832192	1714690740	1392812
ww_fastpOut_reads_R	BAKTA (ww_fastpOut_reads_R)	COMPLETED	0	151763	1	-	51.8	0.5	3039805440	15224967168	1711649605	1185784
ww_fastpOut_reads_R	BAKTA (ww_fastpOut_reads_R)	COMPLETED	0	148514	1	-	67.8	0.7	4391460864	17493671936	1715343644	1391523
ww_fastpOut_reads_R	BAKTA (ww_fastpOut_reads_R)	COMPLETED	0	243594	1	-	36.1	0.4	3040641024	25729048576	2052456231	1266927
ww_fastpOut_reads_R	BAKTA (ww_fastpOut_reads_R)	COMPLETED	0	176252	1	-	58.1	0.9	4949975040	18052980736	1714500528	1392829
ww_fastpOut_reads_R	BAKTA (ww_fastpOut_reads_R)	COMPLETED	0	225633	1	-	42.2	0.8	4560297984	17600106496	1715856074	1391569
ww_fastpOut_reads_R	BAKTA (ww_fastpOut_reads_R)	COMPLETED	0	194632	1	-	50.5	0.7	4489211904	17527926784	1715067141	1391674
ww_fastpOut_reads_R	BAKTA (ww_fastpOut_reads_R)	COMPLETED	0	209392	1	-	60.4	0.5	3045249024	15474262016	3407536940	33011563
ww_fastpOut_reads_R	BAKTA (ww_fastpOut_reads_R)	COMPLETED	0	207788	1	-	45.3	0.7	4199206912	17303728128	1714854252	1391382
ww_fastpOut_reads_R	BAKTA (ww_fastpOut_reads_R)	COMPLETED	0	194423	1	-	50.3	0.7	4212060160	17383661568	1715325591	1391503
ww_fastpOut_reads_R	BAKTA (ww_fastpOut_reads_R)	COMPLETED	0	184961	1	-	53.5	0.8	4767178752	17806016512	1715404494	1392770
ww_fastpOut_reads_R	BAKTA (ww_fastpOut_reads_R)	COMPLETED	0	144555	1	-	69.3	0.8	4365799424	17423708160	1715566513	1391741
ww_fastpOut_reads_R	BAKTA (ww_fastpOut_reads_R)	COMPLETED	0	200070	1	-	51.2	0.8	4266700800	17609396224	1715374951	1391378
ww_fastpOut_reads_R	BAKTA (ww_fastpOut_reads_R)	COMPLETED	0	247740	1	-	38.8	0.8	4633317376	17786433536	1715325900	1392696
ww_fastpOut_reads_R	BAKTA (ww_fastpOut_reads_R)	COMPLETED	0	230276	1	-	33.6	0.5	3015282688	15417286656	1711228840	1185910
ww_fastpOut_reads_R	BAKTA (ww_fastpOut_reads_R)	COMPLETED	0	173603	1	-	58.6	0.8	4753661952	17853538304	1714765269	1392904
ww_fastpOut_reads_R	BAKTA (ww_fastpOut_reads_R)	COMPLETED	0	224838	1	-	43.3	0.9	4956540928	18058711040	1714361461	1392946
ww_fastpOut_reads_R	BAKTA (ww_fastpOut_reads_R)	COMPLETED	0	204116	1	-	49.0	0.8	4744749056	17922564096	1714926635	1392835
ww_fastpOut_reads_R	BAKTA (ww_fastpOut_reads_R)	COMPLETED	0	166425	1	-	61.0	0.6	4473643008	17514373120	1715466040	1391293
ww_fastpOut_reads_R	BAKTA (ww_fastpOut_reads_R)	COMPLETED	0	155855	1	-	52.8	0.5	3041165312	15224967168	1711891525	1186125
ww_fastpOut_reads_R	BAKTA (ww_fastpOut_reads_R)	COMPLETED	0	171855	1	-	59.2	0.7	4494614528	17591611392	1715493405	1391275
ww_fastpOut_reads_R	BAKTA (ww_fastpOut_reads_R)	COMPLETED	0	213197	1	-	47.5	0.8	4763471872	17870336000	1714923104	1392946
ww_fastpOut_reads_R	BAKTA (ww_fastpOut_reads_R)	COMPLETED	0	190572	1	-	51.2	0.7	4373569536	17417187328	1715165996	1391767
ww_fastpOut_reads_R	BAKTA (ww_fastpOut_reads_R)	COMPLETED	0	166744	1	-	62.0	0.8	4627087360	17983987712	1714320578	1392646
ww_fastpOut_reads_R	BAKTA (ww_fastpOut_reads_R)	COMPLETED	0	173504	1	-	57.1	0.7	4750041088	17855709184	1714134171	1392763
ww_fastpOut_reads_R	BAKTA (ww_fastpOut_reads_R)	COMPLETED	0	188884	1	-	53.1	0.9	4952858624	18125824000	1714317489	1392854
ww_fastpOut_reads_R	BAKTA (ww_fastpOut_reads_R)	COMPLETED	0	246137	1	-	39.6	0.8	4764950528	17868288000	1714534544	1392903
ww_fastpOut_reads_R	BAKTA (ww_fastpOut_reads_R)	COMPLETED	0	264588	1	-	37.7	0.7	4945993728	18053255168	1714856759	1393201
ww_fastpOut_reads_R	BAKTA (ww_fastpOut_reads_R)	COMPLETED	0	189678	1	-	51.8	0.8	4556247040	17730932736	1715280285	1391698
ww_fastpOut_reads_R	BAKTA (ww_fastpOut_reads_R)	COMPLETED	0	188579	1	-	67.2	0.5	3021520896	15254573056	3274729178	30040220
ww_fastpOut_reads_R	BAKTA (ww_fastpOut_reads_R)	COMPLETED	0	207525	1	-	48.7	0.9	4918886400	17991614464	1714391110	1393157
ww_fastpOut_reads_R	BAKTA (ww_fastpOut_reads_R)	COMPLETED	0	162031	1	-	63.4	0.6	4769849344	17872613376	1715046820	1392689
ww_fastpOut_reads_R	BAKTA (ww_fastpOut_reads_R)	COMPLETED	0	185650	1	-	52.8	0.7	4022915072	17423691776	1714896552	1391544
ww_fastpOut_reads_R	BAKTA (ww_fastpOut_reads_R)	COMPLETED	0	154505	1	-	64.9	0.6	3526025216	17918943232	1714721808	1393166
ww_fastpOut_reads_R	BAKTA (ww_fastpOut_reads_R)	COMPLETED	0	185999	1	-	43.2	0.5	3042009088	15225094144	1711612333	1180102
ww_fastpOut_reads_R	BAKTA (ww_fastpOut_reads_R)	COMPLETED	0	144851	1	-	67.8	0.8	4522921984	17594339328	1716196498	1391745
ww_fastpOut_reads_R	BAKTA (ww_fastpOut_reads_R)	COMPLETED	0	188834	1	-	50.6	0.8	4378058752	17423687680	1714373459	1391563
ww_fastpOut_reads_R	BAKTA (ww_fastpOut_reads_R)	COMPLETED	0	185384	1	-	53.6	0.7	4204974080	17186684928	1715167600	1391323
ww_fastpOut_reads_R	BAKTA (ww_fastpOut_reads_R)	COMPLETED	0	178248	1	-	49.7	0.3	3042897920	15217889280	2049932278	1401028
ww_fastpOut_reads_R	BAKTA (ww_fastpOut_reads_R)	COMPLETED	0	178183	1	-	49.2	0.3	3013439488	14637047808	2034820686	1110761
ww_fastpOut_reads_R	BAKTA (ww_fastpOut_reads_R)	COMPLETED	0	203190	1	-	48.1	0.8	4755881984	17790271488	1714621343	1392860
ww_fastpOut_reads_R	BAKTA (ww_fastpOut_reads_R)	COMPLETED	0	205092	1	-	86.2	0.6	3303583744	16333758464	3626104765	39049318
ww_fastpOut_reads_R	BAKTA (ww_fastpOut_reads_R)	COMPLETED	0	171679	1	-	59.9	0.8	4947222528	17987379200	1714254285	1392982
ww_fastpOut_reads_R	BAKTA (ww_fastpOut_reads_R)	COMPLETED	0	202271	1	-	52.6	0.5	3656953856	16764071936	2055283943	1379589
ww_fastpOut_reads_R	BAKTA (ww_fastpOut_reads_R)	COMPLETED	0	185042	1	-	52.3	0.7	3768344576	17021337600	1716463083	1210525
ww_fastpOut_reads_R	BAKTA (ww_fastpOut_reads_R)	COMPLETED	0	164211	1	-	59.1	0.7	4215861248	17316544512	1715694143	1391803
ww_fastpOut_reads_R	BAKTA (ww_fastpOut_reads_R)	COMPLETED	0	153249	1	-	66.1	0.8	5033906176	18130956288	1716226637	1396390
ww_fastpOut_reads_R	BAKTA (ww_fastpOut_reads_R)	COMPLETED	0	180255	1	-	56.6	0.8	4763168768	17869770752	1714764493	1393032
ww_fastpOut_reads_R	BAKTA (ww_fastpOut_reads_R)	COMPLETED	0	196936	1	-	50.6	0.8	4748349440	17855590400	1715561254	1392859
ww_fastpOut_reads_R	BAKTA (ww_fastpOut_reads_R)	COMPLETED	0	157886	1	-	61.9	0.8	4577669120	17676627968	1715896322	1391834
ww_fastpOut_reads_R	BAKTA (ww_fastpOut_reads_R)	COMPLETED	0	182467	1	-	55.9	0.8	4989599744	18089570304	1716348260	1396267
ww_fastpOut_reads_R	BAKTA (ww_fastpOut_reads_R)	COMPLETED	0	201755	1	-	49.0	0.8	4740636672	17840807936	1714902284	1393022
ww_fastpOut_reads_R	BAKTA (ww_fastpOut_reads_R)	COMPLETED	0	200276	1	-	44.3	0.5	3040329728	15095554048	2050402851	1398657
ww_fastpOut_reads_R	BAKTA (ww_fastpOut_reads_R)	COMPLETED	0	150714	1	-	64.2	0.7	4374515712	17477988352	1715326139	1391518
ww_fastpOut_reads_R	BAKTA (ww_fastpOut_reads_R)	COMPLETED	0	169641	1	-	60.4	0.8	4964769792	18125824000	1714404457	1392814
ww_fastpOut_reads_R	BAKTA (ww_fastpOut_reads_R)	COMPLETED	0	155670	1	-	50.2	0.5	3043856384	15226081280	1713157424	1186073
ww_fastpOut_reads_R	BAKTA (ww_fastpOut_reads_R)	COMPLETED	0	156907	1	-	63.3	0.9	4947668992	17988927488	1714328173	1393123
ww_fastpOut_reads_R	BAKTA (ww_fastpOut_reads_R)	COMPLETED	0	193323	1	-	51.7	0.8	4728926208	17723244544	1715558909	1392999
ww_fastpOut_reads_R	BAKTA (ww_fastpOut_reads_R)	COMPLETED	0	166581	1	-	56.5	0.8	4391383040	17557905408	1715513926	1391487
ww_fastpOut_reads_R	BAKTA (ww_fastpOut_reads_R)	COMPLETED	0	180265	1	-	57.2	0.8	4987920384	18154893312	1715627332	1396586
ww_fastpOut_reads_R	BAKTA (ww_fastpOut_reads_R)	COMPLETED	0	181156	1	-	54.7	0.8	4489760768	17594744832	1714715147	1391624
ww_fastpOut_reads_R	BAKTA (ww_fastpOut_reads_R)	COMPLETED	0	156195	1	-	65.4	0.9	5034016768	18134409216	1715397321	1396512
ww_fastpOut_reads_R	BAKTA (ww_fastpOut_reads_R)	COMPLETED	0	164827	1	-	57.0	0.7	4216586240	17320644608	1715156899	1391731
ww_fastpOut_reads_R	BAKTA (ww_fastpOut_reads_R)	COMPLETED	0	182049	1	-	53.7	0.7	4494278656	17527205888	1715512060	1391721
ww_fastpOut_reads_R	BAKTA (ww_fastpOut_reads_R)	COMPLETED	0	166796	1	-	58.3	0.8	4579008512	17612087296	1714907637	1391608
ww_fastpOut_reads_R	BAKTA (ww_fastpOut_reads_R)	COMPLETED	0	172515	1	-	58.1	0.8	4328849408	17609396224	1715554329	1391572
ww_fastpOut_reads_R	BAKTA (ww_fastpOut_reads_R)	COMPLETED	0	174316	1	-	57.2	0.9	4902522880	18010636288	1715380815	1396438
ww_fastpOut_reads_R	BAKTA (ww_fastpOut_reads_R)	COMPLETED	0	217578	1	-	46.6	0.8	4552884224	17773748224	1714708736	1393098
ww_fastpOut_reads_R	BAKTA (ww_fastpOut_reads_R)	COMPLETED	0	194530	1	-	50.9	0.5	4575277056	17743589376	1715081563	1391621
ww_fastpOut_reads_R	BAKTA (ww_fastpOut_reads_R)	COMPLETED	0	204990	1	-	44.0	0.5	3014668288	15073476608	2050046131	1401084
ww_fastpOut_reads_R	BAKTA (ww_fastpOut_reads_R)	COMPLETED	0	168542	1	-	46.7	0.5	3014320128	15212240896	1711352370	1185634
ww_fastpOut_reads_R	BAKTA (ww_fastpOut_reads_R)	COMPLETED	0	187676	1	-	55.3	0.8	4929249280	17973985280	1714159221	1392665
ww_fastpOut_reads_R	BAKTA (ww_fastpOut_reads_R)	COMPLETED	0	192911	1	-	50.4	0.7	4493533184	17528885248	1715504287	1391447
ww_fastpOut_reads_R	BAKTA (ww_fastpOut_reads_R)	COMPLETED	0	164651	1	-	61.1	0.9	4954542080	18125828096	1714391804	1392792
ww_fastpOut_reads_R	BAKTA (ww_fastpOut_reads_R)	COMPLETED	0	193980	1	-	51.7	0.8	4738846720	17721348096	1714260033	1393004
ww_fastpOut_reads_R	BAKTA (ww_fastpOut_reads_R)	COMPLETED	0	203391	1	-	46.5	0.7	4211396608	17251434496	1715391424	1391644
ww_fastpOut_reads_R	BAKTA (ww_fastpOut_reads_R)	COMPLETED	0	178918	1	-	55.6	0.7	4927021056	17973116928	1714116627	1392769
ww_fastpOut_reads_R	BAKTA (ww_fastpOut_reads_R)	COMPLETED	0	149632	1	-	58.5	0.3	3042455552	15031361536	2049495455	1399839
ww_fastpOut_reads_R	BAKTA (ww_fastpOut_reads_R)	COMPLETED	0	156004	1	-	69.9	1.0	5588709376	18692829184	1714622001	1397778
ww_fastpOut_reads_R	BAKTA (ww_fastpOut_reads_R)	COMPLETED	0	156487	1	-	57.6	0.5	3014983680	15139409920	2050438173	1401104
ww_fastpOut_reads_R	BAKTA (ww_fastpOut_reads_R)	COMPLETED	0	222140	1	-	42.6	0.8	4229902336	17359654912	1714842590	1391334
ww_fastpOut_reads_R	BAKTA (ww_fastpOut_reads_R)	COMPLETED	0	203053	1	-	50.4	0.8	5371146240	18477543424	1715515141	1397520
ww_fastpOut_reads_R	BAKTA (ww_fastpOut_reads_R)	COMPLETED	0	201133	1	-	45.1	0.5	3015581696	15153868800	2050459533	1401038
ww_fastpOut_reads_R	BAKTA (ww_fastpOut_reads_R)	COMPLETED	0	165393	1	-	61.4	0.8	4925276160	18090430464	1715403148	1396512
ww_fastpOut_reads_R	BAKTA (ww_fastpOut_reads_R)	COMPLETED	0	220706	1	-	39.2	0.5	3018932224	15082745856	2049407046	1399816
ww_fastpOut_reads_R	BAKTA (ww_fastpOut_reads_R)	COMPLETED	0	181380	1	-	52.8	0.7	4199780352	17239588864	1715399709	1391424
ww_fastpOut_reads_R	BAKTA (ww_fastpOut_reads_R)	COMPLETED	0	180082	1	-	50.4	0.5	3039772672	15082393600	2049574226	1400981
ww_fastpOut_reads_R	BAKTA (ww_fastpOut_reads_R)	COMPLETED	0	184549	1	-	53.8	0.9	4958347264	18128134144	1715121614	1396569
ww_fastpOut_reads_R	BAKTA (ww_fastpOut_reads_R)	COMPLETED	0	153286	1	-	58.0	0.5	3015450624	15207133184	2050281390	1402527
ww_fastpOut_reads_R	BAKTA (ww_fastpOut_reads_R)	COMPLETED	0	210331	1	-	48.4	0.9	5244600320	18290642944	1714602469	1397716
ww_fastpOut_reads_R	BAKTA (ww_fastpOut_reads_R)	COMPLETED	0	219147	1	-	45.3	0.8	4765372416	17871020032	1714373503	1392659
ww_fastpOut_reads_R	BAKTA (ww_fastpOut_reads_R)	COMPLETED	0	141964	1	-	63.4	0.5	3014840320	15070404608	2050184000	1401010
ww_fastpOut_reads_R	BAKTA (ww_fastpOut_reads_R)	COMPLETED	0	195870	1	-	45.5	0.5	3012911104	15139794944	2049870015	1401141
ww_fastpOut_reads_R	BAKTA (ww_fastpOut_reads_R)	COMPLETED	0	171502	1	-	50.2	0.5	3043147776	15029698560	2050623188	1401161
ww_fastpOut_reads_R	BAKTA (ww_fastpOut_reads_R)	COMPLETED	0	169311	1	-	52.2	0.5	3014823936	15074353152	2049833581	1402526
ww_fastpOut_reads_R	BAKTA (ww_fastpOut_reads_R)	COMPLETED	0	179761	1	-	51.3	0.5	3016450048	15151587328	2050170313	1401029
ww_fastpOut_reads_R	BAKTA (ww_fastpOut_reads_R)	COMPLETED	0	175397	1	-	51.4	0.5	3043135488	15023742976	2049608152	1401295
ww_fastpOut_reads_R	BAKTA (ww_fastpOut_reads_R)	COMPLETED	0	200012	1	-	42.3	0.5	3044802560	15227387904	2050396308	1401057
ww_fastpOut_reads_R	BAKTA (ww_fastpOut_reads_R)	COMPLETED	0	181350	1	-	56.7	0.8	5385031680	18424430592	1714486656	1397695
ww_fastpOut_reads_R	BAKTA (ww_fastpOut_reads_R)	COMPLETED	0	188629	1	-	46.5	0.5	3014520832	15017963520	2050380095	1400048
ww_fastpOut_reads_R	BAKTA (ww_fastpOut_reads_R)	COMPLETED	0	170798	1	-	53.3	0.4	3019927552	15084834816	2050488970	1401261
ww_fastpOut_reads_R	BAKTA (ww_fastpOut_reads_R)	COMPLETED	0	190829	1	-	46.1	0.5	3012423680	15017488384	2050013010	1399844
ww_fastpOut_reads_R	BAKTA (ww_fastpOut_reads_R)	COMPLETED	0	191552	1	-	53.5	0.9	4930666496	17993777152	1714840152	1396137
ww_fastpOut_reads_R	BAKTA (ww_fastpOut_reads_R)	COMPLETED	0	196385	1	-	45.9	0.5	3013967872	15138099200	2050183899	1401045
ww_fastpOut_reads_R	BAKTA (ww_fastpOut_reads_R)	COMPLETED	0	167543	1	-	62.9	0.8	5683777536	18789814272	1715116627	1397707
ww_fastpOut_reads_R	BAKTA (ww_fastpOut_reads_R)	COMPLETED	0	195950	1	-	45.7	0.5	3044159488	15088467968	2050310521	1402448
ww_fastpOut_reads_R	BAKTA (ww_fastpOut_reads_R)	COMPLETED	0	176928	1	-	51.1	0.5	3016556544	15085408256	2050420349	1399912
ww_fastpOut_reads_R	BAKTA (ww_fastpOut_reads_R)	COMPLETED	0	199798	1	-	45.2	0.5	3018342400	15075176448	2050374562	1401058
ww_fastpOut_reads_R	BAKTA (ww_fastpOut_reads_R)	COMPLETED	0	177632	1	-	57.1	0.9	4904194048	17956216832	1715563861	1396262
ww_fastpOut_reads_R	BAKTA (ww_fastpOut_reads_R)	COMPLETED	0	181907	1	-	48.5	0.5	3017773056	15217094656	2049867883	1399929
ww_fastpOut_reads_R	BAKTA (ww_fastpOut_reads_R)	COMPLETED	0	179374	1	-	50.1	0.4	3041017856	15030018048	2050292073	1400969
ww_fastpOut_reads_R	BAKTA (ww_fastpOut_reads_R)	COMPLETED	0	178421	1	-	51.1	0.5	3012354048	15070404608	2050538756	1401022
ww_fastpOut_reads_R	BAKTA (ww_fastpOut_reads_R)	COMPLETED	0	190205	1	-	46.2	0.5	3011584000	15137255424	2050153951	1400858
ww_fastpOut_reads_R	BAKTA (ww_fastpOut_reads_R)	COMPLETED	0	188690	1	-	47.0	0.5	3018850304	15217414144	2050179073	1399795
ww_fastpOut_reads_R	BAKTA (ww_fastpOut_reads_R)	COMPLETED	0	191510	1	-	52.3	0.9	4960788480	18060881920	1716067880	1396400
ww_fastpOut_reads_R	BAKTA (ww_fastpOut_reads_R)	COMPLETED	0	182930	1	-	48.1	0.4	3015467008	15151636480	2050319633	1400970
ww_fastpOut_reads_R	BAKTA (ww_fastpOut_reads_R)	COMPLETED	0	170683	1	-	51.2	0.5	3012775936	15075045376	2050209139	1401249
ww_fastpOut_reads_R	BAKTA (ww_fastpOut_reads_R)	COMPLETED	0	163326	1	-	53.7	0.5	3014668288	15069745152	2050086088	1402315
ww_fastpOut_reads_R	BAKTA (ww_fastpOut_reads_R)	COMPLETED	0	175052	1	-	49.3	0.5	3015557120	15004270592	2049691022	1402349
ww_fastpOut_reads_R	BAKTA (ww_fastpOut_reads_R)	COMPLETED	0	193760	1	-	45.1	0.5	3041624064	15086952448	2049563410	1401247
ww_fastpOut_reads_R	BAKTA (ww_fastpOut_reads_R)	COMPLETED	0	158038	1	-	53.7	0.5	3017121792	15138705408	2049211810	1402177
ww_fastpOut_reads_R	BAKTA (ww_fastpOut_reads_R)	COMPLETED	0	169955	1	-	58.4	0.9	5253562368	18292547584	1715079672	1397778
ww_fastpOut_reads_R	BAKTA (ww_fastpOut_reads_R)	COMPLETED	0	159108	1	-	54.4	0.5	3015159808	15072149504	2050114051	1402246
ww_fastpOut_reads_R	BAKTA (ww_fastpOut_reads_R)	COMPLETED	0	159967	1	-	55.7	0.5	3040997376	15085596672	2049699454	1402316
ww_fastpOut_reads_R	BAKTA (ww_fastpOut_reads_R)	COMPLETED	0	198303	1	-	52.2	1.0	5686358016	18726543360	1714688804	1397494
ww_fastpOut_reads_R	BAKTA (ww_fastpOut_reads_R)	COMPLETED	0	166196	1	-	52.1	0.5	3018354688	15078162432	2050431814	1401329
ww_fastpOut_reads_R	BAKTA (ww_fastpOut_reads_R)	COMPLETED	0	184585	1	-	53.2	0.9	4986949632	18024112128	1714435264	1396366
ww_fastpOut_reads_R	BAKTA (ww_fastpOut_reads_R)	COMPLETED	0	154806	1	-	66.9	1.0	5692092416	18726420480	1714772326	1397600
ww_fastpOut_reads_R	BAKTA (ww_fastpOut_reads_R)	COMPLETED	0	174992	1	-	50.3	0.5	3017781248	15074136064	2049681305	1401393
ww_fastpOut_reads_R	BAKTA (ww_fastpOut_reads_R)	COMPLETED	0	177759	1	-	49.7	0.5	3015892992	15068708864	2049672794	1402311
ww_fastpOut_reads_R	BAKTA (ww_fastpOut_reads_R)	COMPLETED	0	200111	1	-	44.8	0.5	3038842880	15219814400	2050018916	1402344
ww_fastpOut_reads_R	BAKTA (ww_fastpOut_reads_R)	COMPLETED	0	159080	1	-	64.8	0.9	5231878144	18226933760	1715306813	1397813
ww_fastpOut_reads_R	BAKTA (ww_fastpOut_reads_R)	COMPLETED	0	199761	1	-	44.1	0.5	3014213632	15006142464	2049719260	1402229
ww_fastpOut_reads_R	BAKTA (ww_fastpOut_reads_R)	COMPLETED	0	170338	1	-	54.9	0.5	3014144000	15074422784	2049043067	1401329
ww_fastpOut_reads_R	BAKTA (ww_fastpOut_reads_R)	COMPLETED	0	165182	1	-	52.6	0.5	3045634048	15025725440	2048925647	1401089
ww_fastpOut_reads_R	BAKTA (ww_fastpOut_reads_R)	COMPLETED	0	169986	1	-	51.6	0.5	3018227712	15074422784	2049588293	1401085
ww_fastpOut_reads_R	BAKTA (ww_fastpOut_reads_R)	COMPLETED	0	179609	1	-	47.8	0.4	3018498048	15072411648	2050677090	1402454
ww_fastpOut_reads_R	BAKTA (ww_fastpOut_reads_R)	COMPLETED	0	165144	1	-	53.0	0.5	3040669696	15016927232	2049006934	1402193
ww_fastpOut_reads_R	BAKTA (ww_fastpOut_reads_R)	COMPLETED	0	166692	1	-	53.2	0.5	3041517568	15087562752	2049252416	1401189
ww_fastpOut_reads_R	BAKTA (ww_fastpOut_reads_R)	COMPLETED	0	180449	1	-	47.6	0.3	3042066432	15152504832	2049874348	1402237
ww_fastpOut_reads_R	BAKTA (ww_fastpOut_reads_R)	COMPLETED	0	177959	1	-	48.9	0.5	3013615616	15068987392	2049823256	1402301
ww_fastpOut_reads_R	BAKTA (ww_fastpOut_reads_R)	COMPLETED	0	195892	1	-	43.6	0.5	3043237888	15024971776	2049826066	1401166
ww_fastpOut_reads_R	BAKTA (ww_fastpOut_reads_R)	COMPLETED	0	176214	1	-	57.7	0.9	5253709824	18357620736	1714941899	1397580
ww_fastpOut_reads_R	BAKTA (ww_fastpOut_reads_R)	COMPLETED	0	167999	1	-	61.8	1.0	5667999744	18844377088	1714894868	1397764
ww_fastpOut_reads_R	BAKTA (ww_fastpOut_reads_R)	COMPLETED	0	140584	1	-	71.7	0.9	4932038656	17960099840	1715351233	1396391
ww_fastpOut_reads_R	BAKTA (ww_fastpOut_reads_R)	COMPLETED	0	146727	1	-	60.0	0.5	3013394432	15142961152	2049429793	1401122
ww_fastpOut_reads_R	BAKTA (ww_fastpOut_reads_R)	COMPLETED	0	183716	1	-	47.1	0.5	3016105984	15010566144	2050246940	1401346
ww_fastpOut_reads_R	BAKTA (ww_fastpOut_reads_R)	COMPLETED	0	179958	1	-	51.0	0.5	3014660096	15072280576	2049494028	1402187
ww_fastpOut_reads_R	BAKTA (ww_fastpOut_reads_R)	COMPLETED	0	209296	1	-	50.0	0.8	5387067392	18489188352	1715049996	1397679
ww_fastpOut_reads_R	BAKTA (ww_fastpOut_reads_R)	COMPLETED	0	208096	1	-	43.1	0.5	3012816896	15009787904	2049825350	1401242
ww_fastpOut_reads_R	BAKTA (ww_fastpOut_reads_R)	COMPLETED	0	141552	1	-	86.8	0.6	3371560960	17398243328	3171420510	27241002
ww_fastpOut_reads_R	BAKTA (ww_fastpOut_reads_R)	COMPLETED	0	184405	1	-	48.9	0.5	3040079872	15083708416	2050643819	1402360
ww_fastpOut_reads_R	BAKTA (ww_fastpOut_reads_R)	COMPLETED	0	176591	1	-	50.0	0.5	3016785920	14702460928	2050001863	1402368
ww_fastpOut_reads_R	BAKTA (ww_fastpOut_reads_R)	COMPLETED	0	196999	1	-	45.1	0.5	3017412608	15136722944	2050211605	1402128
ww_fastpOut_reads_R	BAKTA (ww_fastpOut_reads_R)	COMPLETED	0	212184	1	-	48.3	1.0	5384630272	18486345728	1715070677	1397649
ww_fastpOut_reads_R	BAKTA (ww_fastpOut_reads_R)	COMPLETED	0	164216	1	-	62.3	0.8	5241135104	18412048384	1715188122	1397541
ww_fastpOut_reads_R	BAKTA (ww_fastpOut_reads_R)	COMPLETED	0	208793	1	-	41.1	0.5	3017957376	15203667968	2049672817	1402237
ww_fastpOut_reads_R	BAKTA (ww_fastpOut_reads_R)	COMPLETED	0	197865	1	-	44.7	0.5	3013787648	15074418688	2050399590	1401293
ww_fastpOut_reads_R	BAKTA (ww_fastpOut_reads_R)	COMPLETED	0	182614	1	-	49.2	0.5	3015774208	15135821824	2049598105	1402132
ww_fastpOut_reads_R	BAKTA (ww_fastpOut_reads_R)	COMPLETED	0	217436	1	-	45.6	0.7	5252587520	18293260288	1714892469	1397449
ww_fastpOut_reads_R	BAKTA (ww_fastpOut_reads_R)	COMPLETED	0	148922	1	-	78.6	0.5	3020853248	16046174208	3037786552	24443341
ww_fastpOut_reads_R	BAKTA (ww_fastpOut_reads_R)	COMPLETED	0	171015	1	-	51.8	0.5	3017043968	15144099840	2049915403	1401205
ww_fastpOut_reads_R	BAKTA (ww_fastpOut_reads_R)	COMPLETED	0	223358	1	-	38.6	0.5	3017531392	15143792640	2050085965	1402360
ww_fastpOut_reads_R	BAKTA (ww_fastpOut_reads_R)	COMPLETED	0	236858	1	-	36.4	0.5	3017097216	15080615936	2050548839	1401007
ww_fastpOut_reads_R	BAKTA (ww_fastpOut_reads_R)	COMPLETED	0	214307	1	-	40.5	0.5	3013013504	15072415744	2050149467	1402163
ww_fastpOut_reads_R	BAKTA (ww_fastpOut_reads_R)	COMPLETED	0	162943	1	-	53.8	0.5	3042369536	15085305856	2050093421	1402347
ww_fastpOut_reads_R	BAKTA (ww_fastpOut_reads_R)	COMPLETED	0	196249	1	-	44.5	0.5	3015311360	15203827712	2050159961	1402193
ww_fastpOut_reads_R	BAKTA (ww_fastpOut_reads_R)	COMPLETED	0	191493	1	-	103.9	0.5	3055427584	67600916480	3698412684	42410177
ww_fastpOut_reads_R	BAKTA (ww_fastpOut_reads_R)	COMPLETED	0	232039	1	-	45.5	1.0	5589430272	18696183808	1714475664	1397620
ww_fastpOut_reads_R	BAKTA (ww_fastpOut_reads_R)	COMPLETED	0	218280	1	-	40.0	0.5	3013275648	15135817728	2049262734	1402258
ww_fastpOut_reads_R	BAKTA (ww_fastpOut_reads_R)	COMPLETED	0	177257	1	-	60.4	1.0	5609021440	18705514496	1714798114	1397651
ww_fastpOut_reads_R	BAKTA (ww_fastpOut_reads_R)	COMPLETED	0	195897	1	-	47.2	0.4	3041456128	15577362432	2042671563	1223543
ww_fastpOut_reads_R	BAKTA (ww_fastpOut_reads_R)	COMPLETED	0	173203	1	-	51.3	0.5	3015467008	15003770880	2049989872	1402067
ww_fastpOut_reads_R	BAKTA (ww_fastpOut_reads_R)	COMPLETED	0	196515	1	-	44.1	0.5	3012890624	15074996224	2049849957	1402435
ww_fastpOut_reads_R	BAKTA (ww_fastpOut_reads_R)	COMPLETED	0	160997	1	-	76.5	0.5	3017207808	59139936256	3273950667	30363715
ww_fastpOut_reads_R	BAKTA (ww_fastpOut_reads_R)	COMPLETED	0	173042	1	-	58.8	0.9	5384269824	18486349824	1714632206	1397443
ww_fastpOut_reads_R	BAKTA (ww_fastpOut_reads_R)	COMPLETED	0	171781	1	-	62.1	1.0	5669101568	18844196864	1714832617	1397465
ww_fastpOut_reads_R	BAKTA (ww_fastpOut_reads_R)	COMPLETED	0	185636	1	-	47.8	0.5	3016196096	15142694912	2050058896	1402152
ww_fastpOut_reads_R	BAKTA (ww_fastpOut_reads_R)	COMPLETED	0	185050	1	-	56.1	0.9	5364482048	18475872256	1714876907	1397469
ww_fastpOut_reads_R	BAKTA (ww_fastpOut_reads_R)	COMPLETED	0	191447	1	-	46.6	0.5	3016396800	15141371904	2050998500	1401187
ww_fastpOut_reads_R	BAKTA (ww_fastpOut_reads_R)	COMPLETED	0	188601	1	-	48.4	0.5	3017506816	15548469248	1723475386	3112727
ww_fastpOut_reads_R	BAKTA (ww_fastpOut_reads_R)	COMPLETED	0	190799	1	-	46.7	0.5	3016474624	15011008512	2049664576	1401112
ww_fastpOut_reads_R	BAKTA (ww_fastpOut_reads_R)	COMPLETED	0	181063	1	-	51.5	0.5	3042226176	15480750080	1724383586	3109564
ww_fastpOut_reads_R	BAKTA (ww_fastpOut_reads_R)	COMPLETED	0	167194	1	-	53.0	0.5	3045269504	15090106368	2050861721	1402557
ww_fastpOut_reads_R	BAKTA (ww_fastpOut_reads_R)	COMPLETED	0	180944	1	-	48.5	0.5	3040034816	15495983104	1723568383	3109909
ww_fastpOut_reads_R	BAKTA (ww_fastpOut_reads_R)	COMPLETED	0	190613	1	-	46.4	0.5	3018665984	15445164032	1723146622	3109840
ww_fastpOut_reads_R	BAKTA (ww_fastpOut_reads_R)	COMPLETED	0	193126	1	-	46.8	0.5	3016667136	15072014336	2049565157	1402191
ww_fastpOut_reads_R	BAKTA (ww_fastpOut_reads_R)	COMPLETED	0	176538	1	-	50.1	0.5	3041574912	15587946496	1724261274	3110585
ww_fastpOut_reads_R	BAKTA (ww_fastpOut_reads_R)	COMPLETED	0	204426	1	-	43.5	0.5	3018752000	15489052672	1723934308	3109290
ww_fastpOut_reads_R	BAKTA (ww_fastpOut_reads_R)	COMPLETED	0	168388	1	-	53.5	0.5	3014516736	15136096256	2050652167	1402256
ww_fastpOut_reads_R	BAKTA (ww_fastpOut_reads_R)	COMPLETED	0	209574	1	-	42.9	0.5	3041148928	15548923904	1723995418	3112952
ww_fastpOut_reads_R	BAKTA (ww_fastpOut_reads_R)	COMPLETED	0	174729	1	-	52.8	0.5	3042664448	15448432640	1724477813	3110933
ww_fastpOut_reads_R	BAKTA (ww_fastpOut_reads_R)	COMPLETED	0	174029	1	-	52.4	0.5	3020009472	15505108992	1724625807	3109621
ww_fastpOut_reads_R	BAKTA (ww_fastpOut_reads_R)	COMPLETED	0	178790	1	-	49.9	0.5	3043528704	15082004480	2050015800	1401970
ww_fastpOut_reads_R	BAKTA (ww_fastpOut_reads_R)	COMPLETED	0	176295	1	-	51.1	0.5	3017355264	15069454336	2050020490	1402296
ww_fastpOut_reads_R	BAKTA (ww_fastpOut_reads_R)	COMPLETED	0	192886	1	-	48.1	0.5	3013857280	15555670016	1724348491	3114266
ww_fastpOut_reads_R	BAKTA (ww_fastpOut_reads_R)	COMPLETED	0	175307	1	-	52.0	0.5	3018092544	17374605312	1724114844	3112422
ww_fastpOut_reads_R	BAKTA (ww_fastpOut_reads_R)	COMPLETED	0	163026	1	-	54.7	0.4	3046596608	17314402304	1724590392	3111812
ww_fastpOut_reads_R	BAKTA (ww_fastpOut_reads_R)	COMPLETED	0	196683	1	-	46.9	0.5	3039551488	16001130496	2039559055	1120854
ww_fastpOut_reads_R	BAKTA (ww_fastpOut_reads_R)	COMPLETED	0	166601	1	-	53.3	0.5	3043512320	15582326784	1723706486	3114262
ww_fastpOut_reads_R	BAKTA (ww_fastpOut_reads_R)	COMPLETED	0	198893	1	-	46.4	0.5	3042234368	15513755648	1724411866	3111627
ww_fastpOut_reads_R	BAKTA (ww_fastpOut_reads_R)	COMPLETED	0	195361	1	-	46.8	0.5	3042336768	15154540544	2049551532	1401249
ww_fastpOut_reads_R	BAKTA (ww_fastpOut_reads_R)	COMPLETED	0	195093	1	-	45.3	0.5	3015127040	14637649920	2050375108	1402300
ww_fastpOut_reads_R	BAKTA (ww_fastpOut_reads_R)	COMPLETED	0	186654	1	-	47.6	0.5	3017015296	15439822848	1723692846	3113648
ww_fastpOut_reads_R	BAKTA (ww_fastpOut_reads_R)	COMPLETED	0	190420	1	-	47.9	0.5	3015888896	17374289920	1723629300	3108896
ww_fastpOut_reads_R	BAKTA (ww_fastpOut_reads_R)	COMPLETED	0	183206	1	-	58.2	0.9	5690327040	18789814272	1714784065	1397572
ww_fastpOut_reads_R	BAKTA (ww_fastpOut_reads_R)	COMPLETED	0	160420	1	-	53.9	0.5	3016851456	15006609408	2049788299	1402278
ww_fastpOut_reads_R	BAKTA (ww_fastpOut_reads_R)	COMPLETED	0	133739	1	-	87.8	0.5	3049304064	16098504704	3039267421	24508727
ww_fastpOut_reads_R	BAKTA (ww_fastpOut_reads_R)	COMPLETED	0	188878	1	-	47.0	0.5	3041652736	15219048448	2049672476	1402369
ww_fastpOut_reads_R	BAKTA (ww_fastpOut_reads_R)	COMPLETED	0	173691	1	-	51.5	0.5	3014868992	15018754048	2050709515	1400059
ww_fastpOut_reads_R	BAKTA (ww_fastpOut_reads_R)	COMPLETED	0	169071	1	-	53.4	0.5	3041632256	15493914624	1723359736	3112976
ww_fastpOut_reads_R	BAKTA (ww_fastpOut_reads_R)	COMPLETED	0	135355	1	-	92.6	0.6	3852574720	34023297024	3173401696	27459512
ww_fastpOut_reads_R	BAKTA (ww_fastpOut_reads_R)	COMPLETED	0	200036	1	-	45.0	0.5	3043848192	58985447424	1724034540	3110783
ww_fastpOut_reads_R	BAKTA (ww_fastpOut_reads_R)	COMPLETED	0	173731	1	-	58.3	0.9	4937818112	17993904128	1715089768	1396296
ww_fastpOut_reads_R	BAKTA (ww_fastpOut_reads_R)	COMPLETED	0	182404	1	-	50.1	0.5	3016486912	117367365632	1723727290	3110841
ww_fastpOut_reads_R	BAKTA (ww_fastpOut_reads_R)	COMPLETED	0	177408	1	-	57.9	0.7	4985356288	18154893312	1714940348	1396483
ww_fastpOut_reads_R	BAKTA (ww_fastpOut_reads_R)	COMPLETED	0	183675	1	-	50.5	0.5	3016925184	15536316416	1724585322	3113974
ww_fastpOut_reads_R	BAKTA (ww_fastpOut_reads_R)	COMPLETED	0	187983	1	-	47.7	0.5	3041570816	15093174272	2049904511	1401182
ww_fastpOut_reads_R	BAKTA (ww_fastpOut_reads_R)	COMPLETED	0	187128	1	-	47.9	0.5	3014942720	15216271360	2050052390	1400070
ww_fastpOut_reads_R	BAKTA (ww_fastpOut_reads_R)	COMPLETED	0	181913	1	-	49.4	0.5	3042746368	15566499840	1723948427	3114627
ww_fastpOut_reads_R	BAKTA (ww_fastpOut_reads_R)	COMPLETED	0	165391	1	-	55.5	0.5	3042983936	15460421632	1724345568	3114519
ww_fastpOut_reads_R	BAKTA (ww_fastpOut_reads_R)	COMPLETED	0	175690	1	-	51.9	0.5	3044937728	15513755648	1724192359	3111977
ww_fastpOut_reads_R	BAKTA (ww_fastpOut_reads_R)	COMPLETED	0	165680	1	-	55.6	0.5	3045408768	15501328384	1723784099	3111434
ww_fastpOut_reads_R	BAKTA (ww_fastpOut_reads_R)	COMPLETED	0	167546	1	-	53.2	0.5	3017723904	15501078528	1724293894	3111249
ww_fastpOut_reads_R	BAKTA (ww_fastpOut_reads_R)	COMPLETED	0	211927	1	-	42.2	0.5	3014946816	15082618880	2050102430	1399956
ww_fastpOut_reads_R	BAKTA (ww_fastpOut_reads_R)	COMPLETED	0	138266	1	-	79.8	0.5	3046998016	15160401920	3033248968	23948668
ww_fastpOut_reads_R	BAKTA (ww_fastpOut_reads_R)	COMPLETED	0	207489	1	-	42.6	0.5	3043164160	17374494720	1724125131	3110637
ww_fastpOut_reads_R	BAKTA (ww_fastpOut_reads_R)	COMPLETED	0	202794	1	-	44.1	0.5	3047284736	25710886912	1724533909	3111955
ww_fastpOut_reads_R	BAKTA (ww_fastpOut_reads_R)	COMPLETED	0	181419	1	-	49.1	0.5	3040804864	15529410560	1724203888	3112234
ww_fastpOut_reads_R	BAKTA (ww_fastpOut_reads_R)	COMPLETED	0	193446	1	-	48.1	0.5	3043794944	17372336128	1723770362	3111378
ww_fastpOut_reads_R	BAKTA (ww_fastpOut_reads_R)	COMPLETED	0	184202	1	-	49.5	0.5	3047346176	15217049600	2050504092	1400989
ww_fastpOut_reads_R	BAKTA (ww_fastpOut_reads_R)	COMPLETED	0	186608	1	-	49.0	0.5	3044442112	50712125440	1724509464	3109364
ww_fastpOut_reads_R	BAKTA (ww_fastpOut_reads_R)	COMPLETED	0	192487	1	-	92.1	0.5	3053314048	16022343680	3581377561	38102501
ww_fastpOut_reads_R	BAKTA (ww_fastpOut_reads_R)	COMPLETED	0	178569	1	-	73.2	0.5	3047698432	15721934848	3276650962	29851384
ww_fastpOut_reads_R	BAKTA (ww_fastpOut_reads_R)	COMPLETED	0	161183	1	-	90.4	0.5	3022204928	15185985536	3476032209	34884605
ww_fastpOut_reads_R	BAKTA (ww_fastpOut_reads_R)	COMPLETED	0	178792	1	-	51.7	0.5	3040866304	15856439296	2026896503	1101181
ww_fastpOut_reads_R	BAKTA (ww_fastpOut_reads_R)	COMPLETED	0	197891	1	-	45.1	0.5	3015262208	15147724800	2049865833	1401144
ww_fastpOut_reads_R	BAKTA (ww_fastpOut_reads_R)	COMPLETED	0	205138	1	-	104.1	0.5	3059220480	15588368384	3762738688	44389623
ww_fastpOut_reads_R	BAKTA (ww_fastpOut_reads_R)	COMPLETED	0	188930	1	-	48.1	0.5	3044843520	15604576256	1723368656	3108709
ww_fastpOut_reads_R	BAKTA (ww_fastpOut_reads_R)	COMPLETED	0	208194	1	-	46.1	0.5	3016171520	17381953536	2057615936	1431365
ww_fastpOut_reads_R	BAKTA (ww_fastpOut_reads_R)	COMPLETED	0	239969	1	-	103.0	0.8	4515590144	42527989760	3789663213	46802007
ww_fastpOut_reads_R	BAKTA (ww_fastpOut_reads_R)	COMPLETED	0	163412	1	-	56.5	0.5	3045191680	15591428096	1723573211	3114965
ww_fastpOut_reads_R	BAKTA (ww_fastpOut_reads_R)	COMPLETED	0	160838	1	-	56.7	0.5	3042476032	17371193344	1723631339	3110724
ww_fastpOut_reads_R	BAKTA (ww_fastpOut_reads_R)	COMPLETED	0	163318	1	-	56.3	0.5	3044020224	33982025728	1723462034	3108198
ww_fastpOut_reads_R	BAKTA (ww_fastpOut_reads_R)	COMPLETED	0	161775	1	-	57.7	0.5	3046363136	17373491200	1723720740	3109528
ww_fastpOut_reads_R	BAKTA (ww_fastpOut_reads_R)	COMPLETED	0	159623	1	-	58.5	0.5	3013627904	15527837696	1724032509	3112748
ww_fastpOut_reads_R	BAKTA (ww_fastpOut_reads_R)	COMPLETED	0	165960	1	-	55.9	0.5	3041116160	15633743872	1724423552	3113633
ww_fastpOut_reads_R	BAKTA (ww_fastpOut_reads_R)	COMPLETED	0	201645	1	-	44.1	0.5	3019575296	67394277376	1723903389	3110528
ww_fastpOut_reads_R	BAKTA (ww_fastpOut_reads_R)	COMPLETED	0	198000	1	-	45.8	0.5	3042082816	15520710656	1723522283	3111313
ww_fastpOut_reads_R	BAKTA (ww_fastpOut_reads_R)	COMPLETED	0	211734	1	-	40.9	0.5	3012259840	15406526464	2039719101	1135226
ww_fastpOut_reads_R	BAKTA (ww_fastpOut_reads_R)	COMPLETED	0	197718	1	-	46.5	0.5	3040751616	15527157760	1723966928	3109528
ww_fastpOut_reads_R	BAKTA (ww_fastpOut_reads_R)	COMPLETED	0	226272	1	-	40.1	0.5	3046113280	15667351552	1724214892	3110058
ww_fastpOut_reads_R	BAKTA (ww_fastpOut_reads_R)	COMPLETED	0	154889	1	-	58.9	0.5	3016335360	15514873856	1723743064	3108618
ww_fastpOut_reads_R	BAKTA (ww_fastpOut_reads_R)	COMPLETED	0	133125	1	-	70.5	0.5	3044417536	15584292864	1724528312	3111684
ww_fastpOut_reads_R	BAKTA (ww_fastpOut_reads_R)	COMPLETED	0	227422	1	-	39.7	0.5	3045117952	134002331648	1723299412	3109951
ww_fastpOut_reads_R	BAKTA (ww_fastpOut_reads_R)	COMPLETED	0	172318	1	-	53.0	0.5	3039629312	15570354176	1724086909	3111090
ww_fastpOut_reads_R	BAKTA (ww_fastpOut_reads_R)	COMPLETED	0	129643	1	-	72.3	0.5	3018256384	15446220800	1723892485	3110188
ww_fastpOut_reads_R	BAKTA (ww_fastpOut_reads_R)	COMPLETED	0	223003	1	-	40.5	0.5	3042390016	15577088000	1723714643	3112460
ww_fastpOut_reads_R	BAKTA (ww_fastpOut_reads_R)	COMPLETED	0	177157	1	-	51.5	0.5	3044446208	15568568320	1724739832	3111218
ww_fastpOut_reads_R	BAKTA (ww_fastpOut_reads_R)	COMPLETED	0	198187	1	-	46.1	0.5	3042820096	15535181824	1724264916	3109255
ww_fastpOut_reads_R	BAKTA (ww_fastpOut_reads_R)	COMPLETED	0	239579	1	-	37.2	0.5	3040505856	15568445440	1723355479	3110351
ww_fastpOut_reads_R	BAKTA (ww_fastpOut_reads_R)	COMPLETED	0	233788	1	-	39.1	0.5	3042070528	17307185152	1723489438	3112777
ww_fastpOut_reads_R	BAKTA (ww_fastpOut_reads_R)	COMPLETED	0	233894	1	-	39.0	0.5	3043328000	75711635456	1724304365	3110661
ww_fastpOut_reads_R	BAKTA (ww_fastpOut_reads_R)	COMPLETED	0	139267	1	-	66.3	0.5	3016654848	15483162624	1724380468	3110998
ww_fastpOut_reads_R	BAKTA (ww_fastpOut_reads_R)	COMPLETED	0	266329	1	-	33.8	0.5	3041771520	100699426816	1724716144	3114148
ww_fastpOut_reads_R	BAKTA (ww_fastpOut_reads_R)	COMPLETED	0	126857	1	-	73.8	0.5	3015647232	75634696192	1724621779	3115329
ww_fastpOut_reads_R	BAKTA (ww_fastpOut_reads_R)	COMPLETED	0	211636	1	-	42.6	0.5	3043237888	15527243776	1722704717	3109303
ww_fastpOut_reads_R	BAKTA (ww_fastpOut_reads_R)	COMPLETED	0	158468	1	-	57.2	0.5	3044458496	15603965952	1725248956	3110322
ww_fastpOut_reads_R	BAKTA (ww_fastpOut_reads_R)	COMPLETED	0	261100	1	-	34.8	0.5	3014291456	15658516480	1724217996	3109789
ww_fastpOut_reads_R	BAKTA (ww_fastpOut_reads_R)	COMPLETED	0	160978	1	-	57.6	0.5	3046096896	15671074816	1724855051	3110917
ww_fastpOut_reads_R	BAKTA (ww_fastpOut_reads_R)	COMPLETED	0	142860	1	-	65.1	0.5	3045703680	15440105472	1724655036	3112199
ww_fastpOut_reads_R	BAKTA (ww_fastpOut_reads_R)	COMPLETED	0	263613	1	-	33.7	0.5	3044683776	15658504192	1723802527	3109862
ww_fastpOut_reads_R	BAKTA (ww_fastpOut_reads_R)	COMPLETED	0	172136	1	-	53.3	0.5	3042451456	15590821888	1724048243	3111577
ww_fastpOut_reads_R	BAKTA (ww_fastpOut_reads_R)	COMPLETED	0	147502	1	-	63.7	0.5	3017879552	15516553216	1724343171	3112986
ww_fastpOut_reads_R	BAKTA (ww_fastpOut_reads_R)	COMPLETED	0	135851	1	-	67.6	0.5	3017641984	15439609856	1724142500	3112760
ww_fastpOut_reads_R	BAKTA (ww_fastpOut_reads_R)	COMPLETED	0	208419	1	-	44.2	0.5	3041206272	15472865280	1724258789	3111090
ww_fastpOut_reads_R	BAKTA (ww_fastpOut_reads_R)	COMPLETED	0	217059	1	-	40.7	0.5	3015507968	17312165888	1723357023	3110248
ww_fastpOut_reads_R	BAKTA (ww_fastpOut_reads_R)	COMPLETED	0	152350	1	-	60.4	0.5	3045093376	15533264896	1723641389	3110223
ww_fastpOut_reads_R	BAKTA (ww_fastpOut_reads_R)	COMPLETED	0	218804	1	-	41.3	0.5	3014778880	15483162624	1723671048	3109466
ww_fastpOut_reads_R	BAKTA (ww_fastpOut_reads_R)	COMPLETED	0	138446	1	-	66.9	0.5	3040362496	50636099584	1725182515	3113380
ww_fastpOut_reads_R	BAKTA (ww_fastpOut_reads_R)	COMPLETED	0	249463	1	-	36.4	0.5	3037708288	75634769920	1724210880	3113674
ww_fastpOut_reads_R	BAKTA (ww_fastpOut_reads_R)	COMPLETED	0	254489	1	-	35.8	0.5	3039723520	15495766016	1723503630	3113696
ww_fastpOut_reads_R	BAKTA (ww_fastpOut_reads_R)	COMPLETED	0	153865	1	-	59.8	0.5	3043999744	15538409472	1724106329	3112277
ww_fastpOut_reads_R	BAKTA (ww_fastpOut_reads_R)	COMPLETED	0	203654	1	-	46.1	0.5	3041312768	15524147200	1724097893	3109609
ww_fastpOut_reads_R	BAKTA (ww_fastpOut_reads_R)	COMPLETED	0	224208	1	-	40.0	0.5	3039793152	67368132608	1724252292	3113775
ww_fastpOut_reads_R	BAKTA (ww_fastpOut_reads_R)	COMPLETED	0	222507	1	-	40.0	0.5	3040845824	15551791104	1724289436	3113144
ww_fastpOut_reads_R	BAKTA (ww_fastpOut_reads_R)	COMPLETED	0	198479	1	-	46.4	0.5	3039956992	67375312896	1723835686	3112781
ww_fastpOut_reads_R	BAKTA (ww_fastpOut_reads_R)	COMPLETED	0	147049	1	-	63.1	0.5	3040903168	84048703488	1725162301	3113900
ww_fastpOut_reads_R	BAKTA (ww_fastpOut_reads_R)	COMPLETED	0	206674	1	-	43.5	0.5	3018047488	25704505344	1723975963	3109427
ww_fastpOut_reads_R	BAKTA (ww_fastpOut_reads_R)	COMPLETED	0	220933	1	-	40.7	0.5	3045072896	34050101248	1723834640	3110147
ww_fastpOut_reads_R	BAKTA (ww_fastpOut_reads_R)	COMPLETED	0	155755	1	-	58.0	0.5	3014578176	15645679616	1724164037	3108815
ww_fastpOut_reads_R	BAKTA (ww_fastpOut_reads_R)	COMPLETED	0	217917	1	-	40.9	0.5	3014946816	15569887232	1724267828	3109309
ww_fastpOut_reads_R	BAKTA (ww_fastpOut_reads_R)	COMPLETED	0	217808	1	-	41.7	0.5	3040649216	15535439872	1723461859	3110757
ww_fastpOut_reads_R	BAKTA (ww_fastpOut_reads_R)	COMPLETED	0	158853	1	-	56.8	0.5	3043082240	15510106112	1724384230	3113318
ww_fastpOut_reads_R	BAKTA (ww_fastpOut_reads_R)	COMPLETED	0	220565	1	-	40.9	0.5	3043594240	15486201856	1723166990	3112254
ww_fastpOut_reads_R	BAKTA (ww_fastpOut_reads_R)	COMPLETED	0	151026	1	-	60.9	0.5	3043012608	25644003328	1724536435	3113207
ww_fastpOut_reads_R	BAKTA (ww_fastpOut_reads_R)	COMPLETED	0	139541	1	-	66.1	0.5	3046965248	15504990208	1724497193	3110091
ww_fastpOut_reads_R	BAKTA (ww_fastpOut_reads_R)	COMPLETED	0	158541	1	-	59.6	0.5	3015909376	15459438592	1724880603	3110608
ww_fastpOut_reads_R	BAKTA (ww_fastpOut_reads_R)	COMPLETED	0	140852	1	-	66.7	0.5	3044028416	15605383168	1723686190	3113383
ww_fastpOut_reads_R	BAKTA (ww_fastpOut_reads_R)	COMPLETED	0	137676	1	-	67.6	0.5	3015823360	15524167680	1724928661	3111394
ww_fastpOut_reads_R	BAKTA (ww_fastpOut_reads_R)	COMPLETED	0	177021	1	-	52.0	0.5	3044974592	15591383040	1724541997	3108886
ww_fastpOut_reads_R	BAKTA (ww_fastpOut_reads_R)	COMPLETED	0	168525	1	-	55.2	0.5	3045752832	15603957760	1723710513	3110642
ww_fastpOut_reads_R	BAKTA (ww_fastpOut_reads_R)	COMPLETED	0	163398	1	-	56.0	0.5	3040747520	15697575936	1724441871	3114693
ww_fastpOut_reads_R	BAKTA (ww_fastpOut_reads_R)	COMPLETED	0	131130	1	-	70.4	0.5	3043749888	15519178752	1724070348	3109390
ww_fastpOut_reads_R	BAKTA (ww_fastpOut_reads_R)	COMPLETED	0	225143	1	-	39.1	0.5	3042017280	17311739904	1723076492	3110203
ww_fastpOut_reads_R	BAKTA (ww_fastpOut_reads_R)	COMPLETED	0	189050	1	-	46.8	0.5	3044282368	17373536256	1724558551	3113843
ww_fastpOut_reads_R	BAKTA (ww_fastpOut_reads_R)	COMPLETED	0	198323	1	-	44.3	0.5	3040997376	42306379776	1724238066	3109901
ww_fastpOut_reads_R	BAKTA (ww_fastpOut_reads_R)	COMPLETED	0	155871	1	-	58.4	0.5	3043508224	15524270080	1724387798	3109681
ww_fastpOut_reads_R	BAKTA (ww_fastpOut_reads_R)	COMPLETED	0	194022	1	-	46.4	0.5	3014172672	42380128256	1724361214	3111463
ww_fastpOut_reads_R	BAKTA (ww_fastpOut_reads_R)	COMPLETED	0	159159	1	-	57.3	0.5	3018428416	15509954560	1723685539	3110700
ww_fastpOut_reads_R	BAKTA (ww_fastpOut_reads_R)	COMPLETED	0	184877	1	-	49.4	0.5	3039305728	15574933504	1724401349	3110806
ww_fastpOut_reads_R	BAKTA (ww_fastpOut_reads_R)	COMPLETED	0	186816	1	-	49.9	0.5	3040882688	17372622848	1723664118	3112815
ww_fastpOut_reads_R	BAKTA (ww_fastpOut_reads_R)	COMPLETED	0	152845	1	-	59.9	0.5	3042381824	15488892928	1723703736	3108677
ww_fastpOut_reads_R	BAKTA (ww_fastpOut_reads_R)	COMPLETED	0	136756	1	-	67.0	0.5	3017715712	15640719360	1723999147	3110720
ww_fastpOut_reads_R	BAKTA (ww_fastpOut_reads_R)	COMPLETED	0	208434	1	-	43.2	0.5	3014467584	15495114752	1724204219	3110759
ww_fastpOut_reads_R	BAKTA (ww_fastpOut_reads_R)	COMPLETED	0	179428	1	-	51.0	0.5	3044438016	17311526912	1724432899	3110616
ww_fastpOut_reads_R	BAKTA (ww_fastpOut_reads_R)	COMPLETED	0	139340	1	-	65.9	0.5	3044573184	15561322496	1723815737	3109449
ww_fastpOut_reads_R	BAKTA (ww_fastpOut_reads_R)	COMPLETED	0	169777	1	-	55.1	0.5	3014860800	15514349568	1724639720	3109290
ww_fastpOut_reads_R	BAKTA (ww_fastpOut_reads_R)	COMPLETED	0	230929	1	-	38.1	0.5	3039555584	15504977920	1723929648	3109142
ww_fastpOut_reads_R	BAKTA (ww_fastpOut_reads_R)	COMPLETED	0	140703	1	-	66.0	0.5	3044233216	15577317376	1724369770	3110528
ww_fastpOut_reads_R	BAKTA (ww_fastpOut_reads_R)	COMPLETED	0	159977	1	-	56.7	0.5	3016228864	17373683712	1724649760	3110450
ww_fastpOut_reads_R	BAKTA (ww_fastpOut_reads_R)	COMPLETED	0	127173	1	-	71.7	0.5	3045408768	15538409472	1724621005	3113648
ww_fastpOut_reads_R	BAKTA (ww_fastpOut_reads_R)	COMPLETED	0	175845	1	-	51.3	0.5	3044515840	15580758016	1724031092	3113652
ww_fastpOut_reads_R	BAKTA (ww_fastpOut_reads_R)	COMPLETED	0	139610	1	-	66.1	0.5	3044241408	15504838656	1724631993	3111293
ww_fastpOut_reads_R	BAKTA (ww_fastpOut_reads_R)	COMPLETED	0	130367	1	-	71.2	0.5	3043270656	50714640384	1724290449	3108960
ww_fastpOut_reads_R	BAKTA (ww_fastpOut_reads_R)	COMPLETED	0	211233	1	-	43.6	0.5	3043209216	15589658624	1724267964	3109927
ww_fastpOut_reads_R	BAKTA (ww_fastpOut_reads_R)	COMPLETED	0	226688	1	-	38.9	0.5	3041341440	67375157248	1723449002	3110577
ww_fastpOut_reads_R	BAKTA (ww_fastpOut_reads_R)	COMPLETED	0	190975	1	-	48.4	0.5	3015196672	15524233216	1723837403	3109922
ww_fastpOut_reads_R	BAKTA (ww_fastpOut_reads_R)	COMPLETED	0	187128	1	-	48.9	0.5	3044315136	59061178368	1724340320	3112968
ww_fastpOut_reads_R	BAKTA (ww_fastpOut_reads_R)	COMPLETED	0	135712	1	-	70.5	0.5	3046440960	15496269824	1724396961	3110543
ww_fastpOut_reads_R	BAKTA (ww_fastpOut_reads_R)	COMPLETED	0	209585	1	-	44.0	0.5	3041382400	15663632384	1724388766	3111976
ww_fastpOut_reads_R	BAKTA (ww_fastpOut_reads_R)	COMPLETED	0	153758	1	-	61.2	0.5	3016441856	15499939840	1724558090	3113249
ww_fastpOut_reads_R	BAKTA (ww_fastpOut_reads_R)	COMPLETED	0	171565	1	-	53.6	0.5	3046039552	15605383168	1724056216	3113035
ww_fastpOut_reads_R	BAKTA (ww_fastpOut_reads_R)	COMPLETED	0	181823	1	-	49.9	0.5	3011985408	84043169792	1724816304	3109685
ww_fastpOut_reads_R	BAKTA (ww_fastpOut_reads_R)	COMPLETED	0	175421	1	-	52.9	0.5	3042459648	15596396544	1724401679	3112301
ww_fastpOut_reads_R	BAKTA (ww_fastpOut_reads_R)	COMPLETED	0	208767	1	-	43.6	0.5	3040444416	15635066880	1724925360	3114312
ww_fastpOut_reads_R	BAKTA (ww_fastpOut_reads_R)	COMPLETED	0	242328	1	-	37.2	0.5	3040993280	15588986880	1722993674	3109854
ww_fastpOut_reads_R	BAKTA (ww_fastpOut_reads_R)	COMPLETED	0	136824	1	-	67.2	0.5	3042607104	15603961856	1724840545	3111358
ww_fastpOut_reads_R	BAKTA (ww_fastpOut_reads_R)	COMPLETED	0	226436	1	-	40.6	0.5	3012751360	17372499968	1724295518	3111140
ww_fastpOut_reads_R	BAKTA (ww_fastpOut_reads_R)	COMPLETED	0	205910	1	-	43.2	0.5	3040530432	17311748096	1723916272	3110122
ww_fastpOut_reads_R	BAKTA (ww_fastpOut_reads_R)	COMPLETED	0	190097	1	-	49.2	0.5	3043106816	15510106112	1724954832	3113949
ww_fastpOut_reads_R	BAKTA (ww_fastpOut_reads_R)	COMPLETED	0	129477	1	-	72.0	0.5	3045818368	15536852992	1725349979	3112171
ww_fastpOut_reads_R	BAKTA (ww_fastpOut_reads_R)	COMPLETED	0	143231	1	-	64.5	0.5	3045097472	15519195136	1724054414	3110042
ww_fastpOut_reads_R	BAKTA (ww_fastpOut_reads_R)	COMPLETED	0	214684	1	-	41.1	0.5	3042684928	25706905600	1724361441	3110317
ww_fastpOut_reads_R	BAKTA (ww_fastpOut_reads_R)	COMPLETED	0	135662	1	-	69.4	0.5	3043852288	15486959616	1724393686	3112172
ww_fastpOut_reads_R	BAKTA (ww_fastpOut_reads_R)	COMPLETED	0	231759	1	-	38.9	0.5	3043880960	15542599680	1724100160	3111725
ww_fastpOut_reads_R	BAKTA (ww_fastpOut_reads_R)	COMPLETED	0	158284	1	-	58.7	0.5	3044163584	15571951616	1724843509	3111511
ww_fastpOut_reads_R	BAKTA (ww_fastpOut_reads_R)	COMPLETED	0	146948	1	-	62.1	0.4	3044917248	50721058816	1724789635	3110595
ww_fastpOut_reads_R	BAKTA (ww_fastpOut_reads_R)	COMPLETED	0	225394	1	-	40.0	0.5	3043598336	15554203648	1723552491	3112613
ww_fastpOut_reads_R	BAKTA (ww_fastpOut_reads_R)	COMPLETED	0	215190	1	-	41.5	0.5	3040116736	15587807232	1723568227	3113796
ww_fastpOut_reads_R	BAKTA (ww_fastpOut_reads_R)	COMPLETED	0	235248	1	-	38.1	0.5	3041193984	15423074304	1723743341	3113210
ww_fastpOut_reads_R	BAKTA (ww_fastpOut_reads_R)	COMPLETED	0	163627	1	-	56.6	0.5	3046002688	15442780160	1724481823	3109962
ww_fastpOut_reads_R	BAKTA (ww_fastpOut_reads_R)	COMPLETED	0	179077	1	-	50.8	0.5	3045588992	15603961856	1724528551	3111239
ww_fastpOut_reads_R	BAKTA (ww_fastpOut_reads_R)	COMPLETED	0	209303	1	-	44.2	0.5	3042930688	17375752192	1724870261	3113354
ww_fastpOut_reads_R	BAKTA (ww_fastpOut_reads_R)	COMPLETED	0	175107	1	-	52.8	0.5	3041947648	15519047680	1723539376	3109735
ww_fastpOut_reads_R	BAKTA (ww_fastpOut_reads_R)	COMPLETED	0	181475	1	-	48.6	0.5	3043098624	15582429184	1723131698	3113351
ww_fastpOut_reads_R	BAKTA (ww_fastpOut_reads_R)	COMPLETED	0	178078	1	-	49.5	0.5	3044220928	15519051776	1723395239	3111186
ww_fastpOut_reads_R	BAKTA (ww_fastpOut_reads_R)	COMPLETED	0	190167	1	-	46.4	0.5	3041587200	15489908736	1723410404	3112842
ww_fastpOut_reads_R	BAKTA (ww_fastpOut_reads_R)	COMPLETED	0	200026	1	-	45.8	0.5	3044794368	17315688448	1723470193	3109323
ww_fastpOut_reads_R	BAKTA (ww_fastpOut_reads_R)	COMPLETED	0	164067	1	-	56.6	0.5	3044319232	15561150464	1724587041	3110065
ww_fastpOut_reads_R	BAKTA (ww_fastpOut_reads_R)	COMPLETED	0	157206	1	-	57.9	0.5	3039145984	15448457216	1724512816	3114439
ww_fastpOut_reads_R	BAKTA (ww_fastpOut_reads_R)	COMPLETED	0	161376	1	-	55.0	0.5	3016671232	58989703168	1724029517	3114104
ww_fastpOut_reads_R	BAKTA (ww_fastpOut_reads_R)	COMPLETED	0	161931	1	-	56.6	0.5	3015958528	15485874176	1724208154	3111364
ww_fastpOut_reads_R	BAKTA (ww_fastpOut_reads_R)	COMPLETED	0	154860	1	-	57.1	0.5	3017236480	15490617344	1723962747	3112372
ww_fastpOut_reads_R	BAKTA (ww_fastpOut_reads_R)	COMPLETED	0	169590	1	-	54.3	0.5	3014631424	15506325504	1724399546	3111436
ww_fastpOut_reads_R	BAKTA (ww_fastpOut_reads_R)	COMPLETED	0	173041	1	-	52.7	0.5	3040964608	17308356608	1724562373	3109781
ww_fastpOut_reads_R	BAKTA (ww_fastpOut_reads_R)	COMPLETED	0	167487	1	-	54.6	0.5	3041206272	15585984512	1723918384	3112797
ww_fastpOut_reads_R	BAKTA (ww_fastpOut_reads_R)	COMPLETED	0	166481	1	-	53.5	0.5	3041828864	50639933440	1724270063	3111967
ww_fastpOut_reads_R	BAKTA (ww_fastpOut_reads_R)	COMPLETED	0	194227	1	-	45.6	0.5	3041284096	92392632320	1724519137	3110907
ww_fastpOut_reads_R	BAKTA (ww_fastpOut_reads_R)	COMPLETED	0	170739	1	-	51.6	0.5	3043950592	33977044992	1724446552	3110643
ww_fastpOut_reads_R	BAKTA (ww_fastpOut_reads_R)	COMPLETED	0	163557	1	-	55.6	0.5	3017875456	15490531328	1724817589	3111154
ww_fastpOut_reads_R	BAKTA (ww_fastpOut_reads_R)	COMPLETED	0	184091	1	-	50.2	0.5	3042627584	15423672320	1724104788	3110793
ww_fastpOut_reads_R	BAKTA (ww_fastpOut_reads_R)	COMPLETED	0	175842	1	-	52.2	0.5	3014701056	15557640192	1724524797	3111087
ww_fastpOut_reads_R	BAKTA (ww_fastpOut_reads_R)	COMPLETED	0	178202	1	-	50.2	0.5	3044093952	15430062080	1724265272	3113031
ww_fastpOut_reads_R	BAKTA (ww_fastpOut_reads_R)	COMPLETED	0	179266	1	-	51.3	0.5	3012096000	42370383872	1724040933	3113784
ww_fastpOut_reads_R	BAKTA (ww_fastpOut_reads_R)	COMPLETED	0	171717	1	-	51.9	0.4	3041669120	15515369472	1723959469	3109967
ww_fastpOut_reads_R	BAKTA (ww_fastpOut_reads_R)	COMPLETED	0	186702	1	-	47.4	0.5	3017125888	17315999744	1724509676	3113719
ww_fastpOut_reads_R	BAKTA (ww_fastpOut_reads_R)	COMPLETED	0	183934	1	-	49.4	0.5	3044876288	17372913664	1723645831	3110470
ww_fastpOut_reads_R	BAKTA (ww_fastpOut_reads_R)	COMPLETED	0	183491	1	-	49.2	0.5	3043467264	15580749824	1724065159	3114847
ww_fastpOut_reads_R	BAKTA (ww_fastpOut_reads_R)	COMPLETED	0	175340	1	-	52.1	0.5	3016728576	14637146112	1723652052	3113265
ww_fastpOut_reads_R	BAKTA (ww_fastpOut_reads_R)	COMPLETED	0	204584	1	-	43.7	0.5	3038187520	15503216640	1724083560	3111781
ww_fastpOut_reads_R	BAKTA (ww_fastpOut_reads_R)	COMPLETED	0	185390	1	-	48.8	0.5	3044143104	15440416768	1723921757	3112626
ww_fastpOut_reads_R	BAKTA (ww_fastpOut_reads_R)	COMPLETED	0	162357	1	-	56.6	0.5	3042766848	15563255808	1723849483	3111242
ww_fastpOut_reads_R	BAKTA (ww_fastpOut_reads_R)	COMPLETED	0	181065	1	-	50.6	0.5	3044057088	15507025920	1723923244	3111854
ww_fastpOut_reads_R	BAKTA (ww_fastpOut_reads_R)	COMPLETED	0	161436	1	-	55.6	0.5	3042877440	15623241728	1724068378	3109130
ww_fastpOut_reads_R	BAKTA (ww_fastpOut_reads_R)	COMPLETED	0	204434	1	-	46.4	0.5	3043745792	15159201792	2056338593	3041814
ww_fastpOut_reads_R	BAKTA (ww_fastpOut_reads_R)	COMPLETED	0	199938	1	-	48.1	0.5	3017375744	15280750592	2055788262	3041236
ww_fastpOut_reads_R	BAKTA (ww_fastpOut_reads_R)	COMPLETED	0	186995	1	-	51.1	0.5	3011997696	15151792128	2056528655	3037926
ww_fastpOut_reads_R	BAKTA (ww_fastpOut_reads_R)	COMPLETED	0	159914	1	-	55.7	0.5	3044864000	15623249920	1723516582	3110517
ww_fastpOut_reads_R	BAKTA (ww_fastpOut_reads_R)	COMPLETED	0	220206	1	-	41.8	0.5	3040784384	92466671616	2057229491	3040450
ww_fastpOut_reads_R	BAKTA (ww_fastpOut_reads_R)	COMPLETED	0	189340	1	-	47.0	0.5	3040829440	15623245824	1723448845	3109748
ww_fastpOut_reads_R	BAKTA (ww_fastpOut_reads_R)	COMPLETED	0	151343	1	-	60.2	0.5	3045007360	17312223232	1724459024	3111611
ww_fastpOut_reads_R	BAKTA (ww_fastpOut_reads_R)	COMPLETED	0	164785	1	-	55.9	0.5	3019169792	15550570496	1724823800	3110973
ww_fastpOut_reads_R	BAKTA (ww_fastpOut_reads_R)	COMPLETED	0	194071	1	-	45.3	0.5	3044941824	15497846784	1723782216	3113367
ww_fastpOut_reads_R	BAKTA (ww_fastpOut_reads_R)	COMPLETED	0	161281	1	-	59.5	0.5	3046215680	15141363712	2057421018	3043067
ww_fastpOut_reads_R	BAKTA (ww_fastpOut_reads_R)	COMPLETED	0	179906	1	-	53.2	0.5	3041607680	75913781248	2057335254	3042498
ww_fastpOut_reads_R	BAKTA (ww_fastpOut_reads_R)	COMPLETED	0	199989	1	-	45.1	0.5	3011219456	15532863488	1723959009	3109294
ww_fastpOut_reads_R	BAKTA (ww_fastpOut_reads_R)	COMPLETED	0	156767	1	-	59.0	0.5	3042697216	15637561344	1724232957	3110818
ww_fastpOut_reads_R	BAKTA (ww_fastpOut_reads_R)	COMPLETED	0	213626	1	-	42.1	0.5	3013865472	15444209664	1723886283	3110375
ww_fastpOut_reads_R	BAKTA (ww_fastpOut_reads_R)	COMPLETED	0	170917	1	-	52.5	0.5	3016290304	15615750144	1724267771	3114255
ww_fastpOut_reads_R	BAKTA (ww_fastpOut_reads_R)	COMPLETED	0	187165	1	-	47.1	0.5	3016679424	15573606400	1723947504	3110441
ww_fastpOut_reads_R	BAKTA (ww_fastpOut_reads_R)	COMPLETED	0	188521	1	-	47.1	0.5	3043340288	15565225984	1723627328	3113484
ww_fastpOut_reads_R	BAKTA (ww_fastpOut_reads_R)	COMPLETED	0	207837	1	-	44.3	0.4	3040759808	15295299584	2056271157	3038631
ww_fastpOut_reads_R	BAKTA (ww_fastpOut_reads_R)	COMPLETED	0	154060	1	-	60.1	0.5	3044241408	15515086848	1724236183	3109364
ww_fastpOut_reads_R	BAKTA (ww_fastpOut_reads_R)	COMPLETED	0	178222	1	-	50.2	0.5	3042295808	15548801024	1723737371	3112809
ww_fastpOut_reads_R	BAKTA (ww_fastpOut_reads_R)	COMPLETED	0	142297	1	-	65.2	0.5	3045978112	42387419136	1724058891	3110129
ww_fastpOut_reads_R	BAKTA (ww_fastpOut_reads_R)	COMPLETED	0	190121	1	-	48.9	0.5	3012874240	15130558464	2056841594	3040432
ww_fastpOut_reads_R	BAKTA (ww_fastpOut_reads_R)	COMPLETED	0	238532	1	-	38.4	0.5	3043848192	17384591360	2056944253	3041609
ww_fastpOut_reads_R	BAKTA (ww_fastpOut_reads_R)	COMPLETED	0	198175	1	-	45.1	0.5	3043479552	15623245824	1723225034	3109759
ww_fastpOut_reads_R	BAKTA (ww_fastpOut_reads_R)	COMPLETED	0	187769	1	-	47.7	0.5	3013423104	15569387520	1723082845	3108658
ww_fastpOut_reads_R	BAKTA (ww_fastpOut_reads_R)	COMPLETED	0	150631	1	-	63.7	0.5	3040817152	15211888640	2056740807	3041765
ww_fastpOut_reads_R	BAKTA (ww_fastpOut_reads_R)	COMPLETED	0	206304	1	-	44.4	0.5	3040243712	34080063488	2056275332	3038479
ww_fastpOut_reads_R	BAKTA (ww_fastpOut_reads_R)	COMPLETED	0	152682	1	-	60.0	0.5	3042852864	15432097792	1724689971	3111786
ww_fastpOut_reads_R	BAKTA (ww_fastpOut_reads_R)	COMPLETED	0	213771	1	-	43.4	0.5	3043446784	92527673344	2055883990	3039197
ww_fastpOut_reads_R	BAKTA (ww_fastpOut_reads_R)	COMPLETED	0	151126	1	-	61.3	0.5	3043385344	15450779648	1723585608	3113574
ww_fastpOut_reads_R	BAKTA (ww_fastpOut_reads_R)	COMPLETED	0	165894	1	-	58.0	0.5	3044388864	15228059648	2056339235	3038376
ww_fastpOut_reads_R	BAKTA (ww_fastpOut_reads_R)	COMPLETED	0	153185	1	-	59.9	0.5	3045830656	15563395072	1724091681	3110997
ww_fastpOut_reads_R	BAKTA (ww_fastpOut_reads_R)	COMPLETED	0	178223	1	-	54.0	0.5	3014254592	15083257856	2056358246	3039125
ww_fastpOut_reads_R	BAKTA (ww_fastpOut_reads_R)	COMPLETED	0	151801	1	-	61.2	0.5	3043966976	15586152448	1724177470	3110764
ww_fastpOut_reads_R	BAKTA (ww_fastpOut_reads_R)	COMPLETED	0	195954	1	-	45.7	0.5	3044773888	15630356480	1724325501	3110197
ww_fastpOut_reads_R	BAKTA (ww_fastpOut_reads_R)	COMPLETED	0	212431	1	-	43.7	0.5	3017900032	34112864256	2056774645	3039713
ww_fastpOut_reads_R	BAKTA (ww_fastpOut_reads_R)	COMPLETED	0	193402	1	-	46.3	0.5	3043082240	15440166912	1723892239	3111592
ww_fastpOut_reads_R	BAKTA (ww_fastpOut_reads_R)	COMPLETED	0	161962	1	-	59.9	0.5	3015548928	15201001472	2056496333	3037813
ww_fastpOut_reads_R	BAKTA (ww_fastpOut_reads_R)	COMPLETED	0	151984	1	-	60.9	0.5	3043078144	15487094784	1723132409	3112915
ww_fastpOut_reads_R	BAKTA (ww_fastpOut_reads_R)	COMPLETED	0	191230	1	-	47.9	0.5	3017310208	15070830592	2056876485	3039146
ww_fastpOut_reads_R	BAKTA (ww_fastpOut_reads_R)	COMPLETED	0	162490	1	-	56.0	0.5	3042230272	15523303424	1723456920	3110799
ww_fastpOut_reads_R	BAKTA (ww_fastpOut_reads_R)	COMPLETED	0	162055	1	-	58.9	0.5	3043667968	15143112704	2057331095	3039517
ww_fastpOut_reads_R	BAKTA (ww_fastpOut_reads_R)	COMPLETED	0	188213	1	-	46.5	0.5	3014324224	15573561344	1723820400	3109962
ww_fastpOut_reads_R	BAKTA (ww_fastpOut_reads_R)	COMPLETED	0	137698	1	-	66.9	0.5	3042717696	17307406336	1723964997	3113588
ww_fastpOut_reads_R	BAKTA (ww_fastpOut_reads_R)	COMPLETED	0	216988	1	-	42.2	0.5	3041927168	17386516480	2056234340	3038348
ww_fastpOut_reads_R	BAKTA (ww_fastpOut_reads_R)	COMPLETED	0	164849	1	-	58.6	0.5	3044827136	15266377728	2057840824	3042904
ww_fastpOut_reads_R	BAKTA (ww_fastpOut_reads_R)	COMPLETED	0	172126	1	-	55.3	0.5	3043143680	15070437376	2057063017	3042214
ww_fastpOut_reads_R	BAKTA (ww_fastpOut_reads_R)	COMPLETED	0	160378	1	-	55.9	0.5	3042529280	15490686976	1723750406	3110119
ww_fastpOut_reads_R	BAKTA (ww_fastpOut_reads_R)	COMPLETED	0	173732	1	-	52.4	0.5	3042009088	15519903744	1723923306	3112153
ww_fastpOut_reads_R	BAKTA (ww_fastpOut_reads_R)	COMPLETED	0	198986	1	-	48.2	0.5	3015331840	17398644736	2057363710	3042787
ww_fastpOut_reads_R	BAKTA (ww_fastpOut_reads_R)	COMPLETED	0	234831	1	-	39.1	0.5	3043602432	15097110528	2056461173	3039774
ww_fastpOut_reads_R	BAKTA (ww_fastpOut_reads_R)	COMPLETED	0	150829	1	-	60.0	0.5	3042639872	15513776128	1723988699	3115172
ww_fastpOut_reads_R	BAKTA (ww_fastpOut_reads_R)	COMPLETED	0	154795	1	-	61.7	0.5	3014696960	15197126656	2056642246	3043129
ww_fastpOut_reads_R	BAKTA (ww_fastpOut_reads_R)	COMPLETED	0	205271	1	-	44.1	0.5	3014471680	15599849472	1723713561	3109986
ww_fastpOut_reads_R	BAKTA (ww_fastpOut_reads_R)	COMPLETED	0	205023	1	-	44.9	0.5	3041239040	15135805440	2056625172	3038885
ww_fastpOut_reads_R	BAKTA (ww_fastpOut_reads_R)	COMPLETED	0	214031	1	-	43.0	0.5	3038167040	15295307776	2056676384	3038992
ww_fastpOut_reads_R	BAKTA (ww_fastpOut_reads_R)	COMPLETED	0	211484	1	-	44.3	0.5	3042222080	15203049472	2056557210	3039605
ww_fastpOut_reads_R	BAKTA (ww_fastpOut_reads_R)	COMPLETED	0	210620	1	-	45.6	0.5	3039436800	34011926528	2056786865	3040338
ww_fastpOut_reads_R	BAKTA (ww_fastpOut_reads_R)	COMPLETED	0	159029	1	-	57.6	0.5	3014574080	15485886464	1724757002	3111354
ww_fastpOut_reads_R	BAKTA (ww_fastpOut_reads_R)	COMPLETED	0	150021	1	-	61.9	0.5	3041341440	42376704000	1724580097	3109982
ww_fastpOut_reads_R	BAKTA (ww_fastpOut_reads_R)	COMPLETED	0	220532	1	-	41.1	0.5	3039346688	83996381184	1724202134	3114306
ww_fastpOut_reads_R	BAKTA (ww_fastpOut_reads_R)	COMPLETED	0	170750	1	-	53.4	0.5	3019362304	15481483264	1724552381	3114442
ww_fastpOut_reads_R	BAKTA (ww_fastpOut_reads_R)	COMPLETED	0	195985	1	-	44.3	0.5	3042971648	15427117056	1723435590	3109388
ww_fastpOut_reads_R	BAKTA (ww_fastpOut_reads_R)	COMPLETED	0	225661	1	-	41.3	0.5	3040440320	15159070720	2055795862	3042533
ww_fastpOut_reads_R	BAKTA (ww_fastpOut_reads_R)	COMPLETED	0	162689	1	-	59.6	0.5	3044253696	17357090816	2057097718	3041350
ww_fastpOut_reads_R	BAKTA (ww_fastpOut_reads_R)	COMPLETED	0	169617	1	-	53.5	0.5	3042357248	15582023680	1724032842	3110062
ww_fastpOut_reads_R	BAKTA (ww_fastpOut_reads_R)	COMPLETED	0	165161	1	-	57.8	0.5	3045625856	15143243776	2056291833	3040284
ww_fastpOut_reads_R	BAKTA (ww_fastpOut_reads_R)	COMPLETED	0	168953	1	-	56.5	0.5	3042996224	15201435648	2056749449	3042595
ww_fastpOut_reads_R	BAKTA (ww_fastpOut_reads_R)	COMPLETED	0	171222	1	-	56.1	0.5	3041484800	25735184384	2056136396	3038058
ww_fastpOut_reads_R	BAKTA (ww_fastpOut_reads_R)	COMPLETED	0	220058	1	-	41.3	0.4	3012464640	15068811264	2055632451	3038022
ww_fastpOut_reads_R	BAKTA (ww_fastpOut_reads_R)	COMPLETED	0	193721	1	-	48.9	0.5	3013410816	15282491392	2056363726	3039328
ww_fastpOut_reads_R	BAKTA (ww_fastpOut_reads_R)	COMPLETED	0	204507	1	-	46.5	0.5	3017097216	17398296576	2057108103	3039786
ww_fastpOut_reads_R	BAKTA (ww_fastpOut_reads_R)	COMPLETED	0	148063	1	-	61.7	0.5	3016167424	15536185344	1725157415	3114383
ww_fastpOut_reads_R	BAKTA (ww_fastpOut_reads_R)	COMPLETED	0	220312	1	-	39.9	0.5	3046326272	15583891456	1724053749	3112348
ww_fastpOut_reads_R	BAKTA (ww_fastpOut_reads_R)	COMPLETED	0	200362	1	-	45.4	0.5	3041562624	75714813952	1723442892	3109404
ww_fastpOut_reads_R	BAKTA (ww_fastpOut_reads_R)	COMPLETED	0	220425	1	-	42.5	0.5	3038404608	75795939328	2056430025	3040453
ww_fastpOut_reads_R	BAKTA (ww_fastpOut_reads_R)	COMPLETED	0	169734	1	-	54.7	0.5	3016769536	34112061440	2056385691	3038785
ww_fastpOut_reads_R	BAKTA (ww_fastpOut_reads_R)	COMPLETED	0	223303	1	-	41.5	0.5	3039637504	59136102400	2056542927	3039876
ww_fastpOut_reads_R	BAKTA (ww_fastpOut_reads_R)	COMPLETED	0	219738	1	-	43.1	0.5	3016912896	34018480128	2056550176	3037351
ww_fastpOut_reads_R	BAKTA (ww_fastpOut_reads_R)	COMPLETED	0	171355	1	-	54.6	0.5	3044212736	15213686784	2056623674	3038110
ww_fastpOut_reads_R	BAKTA (ww_fastpOut_reads_R)	COMPLETED	0	177231	1	-	53.0	0.5	3040194560	15098392576	2056820112	3041851
ww_fastpOut_reads_R	BAKTA (ww_fastpOut_reads_R)	COMPLETED	0	208022	1	-	44.1	0.5	3043061760	15280984064	2056241668	3041842
ww_fastpOut_reads_R	BAKTA (ww_fastpOut_reads_R)	COMPLETED	0	173221	1	-	54.5	0.5	3013505024	42361835520	2057364781	3042357
ww_fastpOut_reads_R	BAKTA (ww_fastpOut_reads_R)	COMPLETED	0	186450	1	-	51.1	0.5	3018469376	17396412416	2057173247	3039163
ww_fastpOut_reads_R	BAKTA (ww_fastpOut_reads_R)	COMPLETED	0	180571	1	-	53.0	0.5	3013353472	15066849280	2057031565	3039043
ww_fastpOut_reads_R	BAKTA (ww_fastpOut_reads_R)	COMPLETED	0	180879	1	-	52.4	0.5	3014561792	15124680704	2056724025	3039805
ww_fastpOut_reads_R	BAKTA (ww_fastpOut_reads_R)	COMPLETED	0	174953	1	-	54.2	0.5	3040587776	15164710912	2056648598	3039825
ww_fastpOut_reads_R	BAKTA (ww_fastpOut_reads_R)	COMPLETED	0	159290	1	-	57.8	0.5	3014746112	15130238976	2056122992	3041016
ww_fastpOut_reads_R	BAKTA (ww_fastpOut_reads_R)	COMPLETED	0	205554	1	-	45.3	0.5	3039383552	17386938368	2056165760	3041623
ww_fastpOut_reads_R	BAKTA (ww_fastpOut_reads_R)	COMPLETED	0	154372	1	-	61.4	0.5	3042361344	15084097536	2056089173	3038657
ww_fastpOut_reads_R	BAKTA (ww_fastpOut_reads_R)	COMPLETED	0	161068	1	-	58.5	0.5	3042541568	15212072960	2056692124	3040408
ww_fastpOut_reads_R	BAKTA (ww_fastpOut_reads_R)	COMPLETED	0	174682	1	-	50.5	0.5	3042258944	15679766528	1723974585	3110678
ww_fastpOut_reads_R	BAKTA (ww_fastpOut_reads_R)	COMPLETED	0	215164	1	-	42.8	0.5	3013623808	15133900800	2056460969	3038463
ww_fastpOut_reads_R	BAKTA (ww_fastpOut_reads_R)	COMPLETED	0	165560	1	-	58.1	0.5	3042660352	15135965184	2056340591	3039769
ww_fastpOut_reads_R	BAKTA (ww_fastpOut_reads_R)	COMPLETED	0	186564	1	-	50.7	0.5	3047399424	17401143296	2057165904	3040219
ww_fastpOut_reads_R	BAKTA (ww_fastpOut_reads_R)	COMPLETED	0	220423	1	-	42.3	0.5	3015327744	67457466368	2056408814	3042262
ww_fastpOut_reads_R	BAKTA (ww_fastpOut_reads_R)	COMPLETED	0	183239	1	-	50.3	0.5	3016187904	67435532288	2056911050	3043009
ww_fastpOut_reads_R	BAKTA (ww_fastpOut_reads_R)	COMPLETED	0	168851	1	-	54.4	0.5	3044933632	17361620992	2056212433	3042266
ww_fastpOut_reads_R	BAKTA (ww_fastpOut_reads_R)	COMPLETED	0	162875	1	-	59.7	0.5	3042209792	15210037248	2055871273	3041439
ww_fastpOut_reads_R	BAKTA (ww_fastpOut_reads_R)	COMPLETED	0	188036	1	-	49.1	0.5	3014238208	15199088640	2057065028	3039811
ww_fastpOut_reads_R	BAKTA (ww_fastpOut_reads_R)	COMPLETED	0	181057	1	-	51.6	0.5	3042254848	15230152704	2056120712	3042028
ww_fastpOut_reads_R	BAKTA (ww_fastpOut_reads_R)	COMPLETED	0	179768	1	-	51.9	0.5	3045175296	15083913216	2057058248	3041111
ww_fastpOut_reads_R	BAKTA (ww_fastpOut_reads_R)	COMPLETED	0	189534	1	-	48.5	0.5	3015884800	17326985216	2056268030	3043658
ww_fastpOut_reads_R	BAKTA (ww_fastpOut_reads_R)	COMPLETED	0	184535	1	-	51.0	0.5	3044470784	67560718336	2056893537	3039615
ww_fastpOut_reads_R	BAKTA (ww_fastpOut_reads_R)	COMPLETED	0	179281	1	-	53.8	0.5	3042717696	17330638848	2055732172	3041629
ww_fastpOut_reads_R	BAKTA (ww_fastpOut_reads_R)	COMPLETED	0	174546	1	-	52.6	0.5	3041734656	15210221568	2057020650	3040993
ww_fastpOut_reads_R	BAKTA (ww_fastpOut_reads_R)	COMPLETED	0	173267	1	-	53.1	0.4	3015753728	17386582016	2056090932	3038956
ww_fastpOut_reads_R	BAKTA (ww_fastpOut_reads_R)	COMPLETED	0	168224	1	-	54.9	0.5	3043713024	15099146240	2055768351	3039698
ww_fastpOut_reads_R	BAKTA (ww_fastpOut_reads_R)	COMPLETED	0	188415	1	-	50.9	0.5	3044347904	14661836800	2056247614	3039449
ww_fastpOut_reads_R	BAKTA (ww_fastpOut_reads_R)	COMPLETED	0	152586	1	-	60.4	0.5	3045208064	15164719104	2056153112	3040407
ww_fastpOut_reads_R	BAKTA (ww_fastpOut_reads_R)	COMPLETED	0	192909	1	-	48.4	0.5	3038609408	15146766336	2056375296	3042208
ww_fastpOut_reads_R	BAKTA (ww_fastpOut_reads_R)	COMPLETED	0	188065	1	-	47.8	0.5	3042414592	15146577920	2056040620	3038877
ww_fastpOut_reads_R	BAKTA (ww_fastpOut_reads_R)	COMPLETED	0	190371	1	-	50.3	0.5	3042066432	15295275008	2056775778	3039434
ww_fastpOut_reads_R	BAKTA (ww_fastpOut_reads_R)	COMPLETED	0	197608	1	-	47.8	0.5	3037093888	25734873088	2056266053	3038709
ww_fastpOut_reads_R	BAKTA (ww_fastpOut_reads_R)	COMPLETED	0	205077	1	-	46.0	0.5	3041898496	15282728960	2056394519	3039757
ww_fastpOut_reads_R	BAKTA (ww_fastpOut_reads_R)	COMPLETED	0	199663	1	-	47.2	0.5	3043315712	15142928384	2056936172	3042114
ww_fastpOut_reads_R	BAKTA (ww_fastpOut_reads_R)	COMPLETED	0	199561	1	-	48.3	0.5	3037593600	15146573824	2056487049	3038825
ww_fastpOut_reads_R	BAKTA (ww_fastpOut_reads_R)	COMPLETED	0	199403	1	-	47.3	0.5	3042902016	15078080512	2057234083	3043805
ww_fastpOut_reads_R	BAKTA (ww_fastpOut_reads_R)	COMPLETED	0	172804	1	-	56.0	0.5	3044458496	15162675200	2057004941	3042588
ww_fastpOut_reads_R	BAKTA (ww_fastpOut_reads_R)	COMPLETED	0	188165	1	-	50.4	0.5	3011764224	15133732864	2057077629	3040797
ww_fastpOut_reads_R	BAKTA (ww_fastpOut_reads_R)	COMPLETED	0	188639	1	-	48.6	0.5	3011645440	109127798784	2056965762	3039948
ww_fastpOut_reads_R	BAKTA (ww_fastpOut_reads_R)	COMPLETED	0	198138	1	-	47.9	0.5	3041603584	15096061952	2056769084	3040133
ww_fastpOut_reads_R	BAKTA (ww_fastpOut_reads_R)	COMPLETED	0	201111	1	-	46.6	0.5	3039629312	75784437760	2056346232	3039471
ww_fastpOut_reads_R	BAKTA (ww_fastpOut_reads_R)	COMPLETED	0	168105	1	-	56.5	0.5	3041497088	15202910208	2056764186	3039205
ww_fastpOut_reads_R	BAKTA (ww_fastpOut_reads_R)	COMPLETED	0	198343	1	-	46.5	0.5	3042951168	17397915648	2057092305	3040031
ww_fastpOut_reads_R	BAKTA (ww_fastpOut_reads_R)	COMPLETED	0	186265	1	-	50.5	0.5	3042369536	15132155904	2057521890	3043143
ww_fastpOut_reads_R	BAKTA (ww_fastpOut_reads_R)	COMPLETED	0	188905	1	-	48.6	0.5	3043270656	15162671104	2056110299	3042424
ww_fastpOut_reads_R	BAKTA (ww_fastpOut_reads_R)	COMPLETED	0	181161	1	-	52.8	0.5	3042729984	15143116800	2057474450	3041153
ww_fastpOut_reads_R	BAKTA (ww_fastpOut_reads_R)	COMPLETED	0	171202	1	-	55.5	0.5	3040071680	15082053632	2056363656	3042531
ww_fastpOut_reads_R	BAKTA (ww_fastpOut_reads_R)	COMPLETED	0	155523	1	-	58.5	0.5	3041583104	15215628288	2056291774	3039307
ww_fastpOut_reads_R	BAKTA (ww_fastpOut_reads_R)	COMPLETED	0	185404	1	-	51.0	0.5	3016114176	15149998080	2056265022	3043159
ww_fastpOut_reads_R	BAKTA (ww_fastpOut_reads_R)	COMPLETED	0	191212	1	-	50.8	0.5	3042271232	67457433600	2056365847	3039207
ww_fastpOut_reads_R	BAKTA (ww_fastpOut_reads_R)	COMPLETED	0	169343	1	-	56.0	0.5	3014946816	15152021504	2056721958	3039236
ww_fastpOut_reads_R	BAKTA (ww_fastpOut_reads_R)	COMPLETED	0	176100	1	-	54.6	0.5	3043078144	15148642304	2056158199	3038670
ww_fastpOut_reads_R	BAKTA (ww_fastpOut_reads_R)	COMPLETED	0	185862	1	-	50.8	0.5	3043766272	15014760448	2055751116	3023289
ww_fastpOut_reads_R	BAKTA (ww_fastpOut_reads_R)	COMPLETED	0	192539	1	-	49.6	0.5	3014049792	25665667072	2057287322	3040633
ww_fastpOut_reads_R	BAKTA (ww_fastpOut_reads_R)	COMPLETED	0	180086	1	-	51.9	0.5	3012481024	25734881280	2056687463	3041027
ww_fastpOut_reads_R	BAKTA (ww_fastpOut_reads_R)	COMPLETED	0	182555	1	-	53.6	0.5	3012534272	17335971840	2055883740	3038532
ww_fastpOut_reads_R	BAKTA (ww_fastpOut_reads_R)	COMPLETED	0	187029	1	-	51.8	0.5	3015770112	15087251456	2056640788	3040009
ww_fastpOut_reads_R	BAKTA (ww_fastpOut_reads_R)	COMPLETED	0	186469	1	-	52.0	0.5	3018280960	15270047744	2056164936	3037893
ww_fastpOut_reads_R	BAKTA (ww_fastpOut_reads_R)	COMPLETED	0	187640	1	-	51.1	0.5	3018153984	17358278656	2056801337	3042320
ww_fastpOut_reads_R	BAKTA (ww_fastpOut_reads_R)	COMPLETED	0	193869	1	-	47.9	0.5	3013705728	15201013760	2056368237	3041147
ww_fastpOut_reads_R	BAKTA (ww_fastpOut_reads_R)	COMPLETED	0	174439	1	-	51.7	0.5	3039682560	15552266240	1724381317	3113676
ww_fastpOut_reads_R	BAKTA (ww_fastpOut_reads_R)	COMPLETED	0	200013	1	-	47.9	0.5	3013091328	15202906112	2056408122	3038665
ww_fastpOut_reads_R	BAKTA (ww_fastpOut_reads_R)	COMPLETED	0	186283	1	-	48.8	0.5	3042603008	34078412800	2056663897	3040456
ww_fastpOut_reads_R	BAKTA (ww_fastpOut_reads_R)	COMPLETED	0	191267	1	-	50.4	0.5	3044233216	15143071744	2056869651	3042895
ww_fastpOut_reads_R	BAKTA (ww_fastpOut_reads_R)	COMPLETED	0	187798	1	-	49.2	0.5	3043176448	42472042496	2056550059	3041799
ww_fastpOut_reads_R	BAKTA (ww_fastpOut_reads_R)	COMPLETED	0	203067	1	-	46.2	0.5	3040514048	15148523520	2056241034	3039321
ww_fastpOut_reads_R	BAKTA (ww_fastpOut_reads_R)	COMPLETED	0	203526	1	-	46.3	0.5	3040477184	15162802176	2056316582	3042906
ww_fastpOut_reads_R	BAKTA (ww_fastpOut_reads_R)	COMPLETED	0	171880	1	-	56.3	0.4	3042091008	15079419904	2056444431	3039635
ww_fastpOut_reads_R	BAKTA (ww_fastpOut_reads_R)	COMPLETED	0	203942	1	-	44.8	0.5	3038707712	15136104448	2056797646	3039689
ww_fastpOut_reads_R	BAKTA (ww_fastpOut_reads_R)	COMPLETED	0	142311	1	-	65.1	0.4	3017011200	15132409856	2056537778	3041137
ww_fastpOut_reads_R	BAKTA (ww_fastpOut_reads_R)	COMPLETED	0	152746	1	-	60.1	0.5	3014905856	15270043648	2055904583	3039143
ww_fastpOut_reads_R	BAKTA (ww_fastpOut_reads_R)	COMPLETED	0	170506	1	-	56.2	0.5	3041431552	15080996864	2057085467	3040323
ww_fastpOut_reads_R	BAKTA (ww_fastpOut_reads_R)	COMPLETED	0	144794	1	-	62.4	0.5	3016269824	17374560256	1724339527	3111727
ww_fastpOut_reads_R	BAKTA (ww_fastpOut_reads_R)	COMPLETED	0	169478	1	-	55.6	0.5	3043049472	42435485696	2056012109	3039141
ww_fastpOut_reads_R	BAKTA (ww_fastpOut_reads_R)	COMPLETED	0	176762	1	-	53.1	0.5	3043450880	15154171904	2056424231	3038244
ww_fastpOut_reads_R	BAKTA (ww_fastpOut_reads_R)	COMPLETED	0	179711	1	-	52.5	0.5	3013861376	15066005504	2057010677	3043437
ww_fastpOut_reads_R	BAKTA (ww_fastpOut_reads_R)	COMPLETED	0	174775	1	-	53.1	0.5	3016073216	17389273088	2056431914	3043375
ww_fastpOut_reads_R	BAKTA (ww_fastpOut_reads_R)	COMPLETED	0	175235	1	-	54.3	0.5	3044827136	14724120576	2055429142	3024874
ww_fastpOut_reads_R	BAKTA (ww_fastpOut_reads_R)	COMPLETED	0	177614	1	-	53.6	0.5	3015634944	17398366208	2056807586	3044013
ww_fastpOut_reads_R	BAKTA (ww_fastpOut_reads_R)	COMPLETED	0	177238	1	-	50.2	0.5	3044302848	15593291776	1724587940	3113000
ww_fastpOut_reads_R	BAKTA (ww_fastpOut_reads_R)	COMPLETED	0	163474	1	-	59.4	0.5	3017232384	67442683904	2056947265	3039505
ww_fastpOut_reads_R	BAKTA (ww_fastpOut_reads_R)	COMPLETED	0	186368	1	-	48.8	0.5	3041460224	15212158976	2056193195	3024516
ww_fastpOut_reads_R	BAKTA (ww_fastpOut_reads_R)	COMPLETED	0	193094	1	-	48.1	0.5	3040710656	15203082240	2057205762	3040171
ww_fastpOut_reads_R	BAKTA (ww_fastpOut_reads_R)	COMPLETED	0	185100	1	-	48.6	0.5	3041271808	15522545664	1724330771	3111862
ww_fastpOut_reads_R	BAKTA (ww_fastpOut_reads_R)	COMPLETED	0	187383	1	-	50.2	0.5	3042766848	15135969280	2057063014	3040114
ww_fastpOut_reads_R	BAKTA (ww_fastpOut_reads_R)	COMPLETED	0	208684	1	-	46.0	0.5	3015094272	15121539072	2056214815	3042720
ww_fastpOut_reads_R	BAKTA (ww_fastpOut_reads_R)	COMPLETED	0	151014	1	-	62.0	0.5	3041525760	15589654528	1724917896	3111173
ww_fastpOut_reads_R	BAKTA (ww_fastpOut_reads_R)	COMPLETED	0	187214	1	-	50.6	0.5	3042578432	15147909120	2056796409	3041455
ww_fastpOut_reads_R	BAKTA (ww_fastpOut_reads_R)	COMPLETED	0	152885	1	-	62.9	0.5	3042140160	17333039104	2056947586	3040918
ww_fastpOut_reads_R	BAKTA (ww_fastpOut_reads_R)	COMPLETED	0	161710	1	-	59.3	0.5	3044630528	15279181824	2057277212	3040767
ww_fastpOut_reads_R	BAKTA (ww_fastpOut_reads_R)	COMPLETED	0	153558	1	-	62.9	0.5	3044802560	15153242112	2056742787	3040080
ww_fastpOut_reads_R	BAKTA (ww_fastpOut_reads_R)	COMPLETED	0	158189	1	-	60.3	0.5	3041267712	15085371392	2055482209	3021094
ww_fastpOut_reads_R	BAKTA (ww_fastpOut_reads_R)	COMPLETED	0	193771	1	-	47.0	0.5	3015241728	15000985600	2055794097	3021125
ww_fastpOut_reads_R	BAKTA (ww_fastpOut_reads_R)	COMPLETED	0	174155	1	-	54.6	0.5	3041337344	15164571648	2056558664	3039910
ww_fastpOut_reads_R	BAKTA (ww_fastpOut_reads_R)	COMPLETED	0	164894	1	-	57.8	0.5	3038593024	15077519360	2057368542	3044353
ww_fastpOut_reads_R	BAKTA (ww_fastpOut_reads_R)	COMPLETED	0	166179	1	-	57.4	0.5	3046641664	15081541632	2055250358	3020555
ww_fastpOut_reads_R	BAKTA (ww_fastpOut_reads_R)	COMPLETED	0	193049	1	-	47.8	0.5	3038457856	15077945344	2055867423	3025331
ww_fastpOut_reads_R	BAKTA (ww_fastpOut_reads_R)	COMPLETED	0	189509	1	-	47.9	0.5	3015204864	15065223168	2055473774	3021895
ww_fastpOut_reads_R	BAKTA (ww_fastpOut_reads_R)	COMPLETED	0	168595	1	-	53.6	0.5	3013505024	15579344896	1724478006	3110385
ww_fastpOut_reads_R	BAKTA (ww_fastpOut_reads_R)	COMPLETED	0	189054	1	-	50.4	0.5	3040555008	15298789376	2056516141	3040664
ww_fastpOut_reads_R	BAKTA (ww_fastpOut_reads_R)	COMPLETED	0	175469	1	-	53.4	0.5	3016085504	15007195136	2055371047	3021849
ww_fastpOut_reads_R	BAKTA (ww_fastpOut_reads_R)	COMPLETED	0	188811	1	-	48.9	0.5	3015405568	25728634880	2056178239	3043043
ww_fastpOut_reads_R	BAKTA (ww_fastpOut_reads_R)	COMPLETED	0	184570	1	-	51.8	0.5	3043610624	50779553792	2056114765	3039388
ww_fastpOut_reads_R	BAKTA (ww_fastpOut_reads_R)	COMPLETED	0	224049	1	-	41.0	0.5	3044331520	15149580288	2055690600	3025931
ww_fastpOut_reads_R	BAKTA (ww_fastpOut_reads_R)	COMPLETED	0	184903	1	-	49.6	0.5	3041304576	15089188864	2055490757	3022548
ww_fastpOut_reads_R	BAKTA (ww_fastpOut_reads_R)	COMPLETED	0	189107	1	-	49.0	0.5	3036811264	15016456192	2055367921	3021881
ww_fastpOut_reads_R	BAKTA (ww_fastpOut_reads_R)	COMPLETED	0	164778	1	-	58.3	0.5	3037732864	15077429248	2056271695	3043670
ww_fastpOut_reads_R	BAKTA (ww_fastpOut_reads_R)	COMPLETED	0	195101	1	-	47.7	0.5	3044163584	15212441600	2056271280	3025593
ww_fastpOut_reads_R	BAKTA (ww_fastpOut_reads_R)	COMPLETED	0	184697	1	-	51.3	0.5	3045015552	15078232064	2055841063	3026419
ww_fastpOut_reads_R	BAKTA (ww_fastpOut_reads_R)	COMPLETED	0	163462	1	-	57.1	0.5	3019390976	15072690176	2055871571	3020640
ww_fastpOut_reads_R	BAKTA (ww_fastpOut_reads_R)	COMPLETED	0	190451	1	-	49.6	0.5	3012984832	15000031232	2055705745	3025706
ww_fastpOut_reads_R	BAKTA (ww_fastpOut_reads_R)	COMPLETED	0	173929	1	-	53.1	0.5	3043356672	15212072960	2056979650	3040355
ww_fastpOut_reads_R	BAKTA (ww_fastpOut_reads_R)	COMPLETED	0	183548	1	-	49.8	0.5	3041153024	17362907136	2055830780	3022942
ww_fastpOut_reads_R	BAKTA (ww_fastpOut_reads_R)	COMPLETED	0	184391	1	-	51.3	0.5	3041239040	15270187008	2056890302	3040466
ww_fastpOut_reads_R	BAKTA (ww_fastpOut_reads_R)	COMPLETED	0	164510	1	-	56.3	0.5	3046199296	17356615680	2055016516	3025613
ww_fastpOut_reads_R	BAKTA (ww_fastpOut_reads_R)	COMPLETED	0	163280	1	-	56.6	0.5	3041992704	15215796224	2055266384	3024979
ww_fastpOut_reads_R	BAKTA (ww_fastpOut_reads_R)	COMPLETED	0	181969	1	-	49.0	0.5	3041034240	15515500544	1724494008	3110546
ww_fastpOut_reads_R	BAKTA (ww_fastpOut_reads_R)	COMPLETED	0	190544	1	-	49.5	0.5	3041079296	34011074560	2055804540	3024850
ww_fastpOut_reads_R	BAKTA (ww_fastpOut_reads_R)	COMPLETED	0	163380	1	-	57.6	0.5	3043258368	15215751168	2055888697	3020841
ww_fastpOut_reads_R	BAKTA (ww_fastpOut_reads_R)	COMPLETED	0	176587	1	-	53.3	0.5	3012554752	15072821248	2056045740	3021319
ww_fastpOut_reads_R	BAKTA (ww_fastpOut_reads_R)	COMPLETED	0	193516	1	-	48.5	0.5	3014320128	15069016064	2054876353	3023481
ww_fastpOut_reads_R	BAKTA (ww_fastpOut_reads_R)	COMPLETED	0	192744	1	-	51.1	0.5	3015634944	17397997568	2056658098	3041128
ww_fastpOut_reads_R	BAKTA (ww_fastpOut_reads_R)	COMPLETED	0	164501	1	-	56.9	0.5	3042865152	34082201600	2055505302	3020127
ww_fastpOut_reads_R	BAKTA (ww_fastpOut_reads_R)	COMPLETED	0	178312	1	-	53.3	0.5	3043618816	15017938944	2055425700	3021553
ww_fastpOut_reads_R	BAKTA (ww_fastpOut_reads_R)	COMPLETED	0	155573	1	-	58.8	0.5	3015278592	15536078848	1724349051	3113741
ww_fastpOut_reads_R	BAKTA (ww_fastpOut_reads_R)	COMPLETED	0	220135	1	-	41.4	0.5	3016261632	134112759808	2055126354	3024209
ww_fastpOut_reads_R	BAKTA (ww_fastpOut_reads_R)	COMPLETED	0	168434	1	-	56.7	0.5	3015081984	15072817152	2055842505	3021496
ww_fastpOut_reads_R	BAKTA (ww_fastpOut_reads_R)	COMPLETED	0	190766	1	-	49.4	0.5	3013111808	25675669504	2055680094	3024136
ww_fastpOut_reads_R	BAKTA (ww_fastpOut_reads_R)	COMPLETED	0	164499	1	-	57.3	0.5	3044429824	15081668608	2054572227	3020825
ww_fastpOut_reads_R	BAKTA (ww_fastpOut_reads_R)	COMPLETED	0	164516	1	-	59.2	0.5	3015507968	15065645056	2056647040	3025250
ww_fastpOut_reads_R	BAKTA (ww_fastpOut_reads_R)	COMPLETED	0	200294	1	-	46.9	0.4	3483475968	159302860800	2056809514	3040356
ww_fastpOut_reads_R	BAKTA (ww_fastpOut_reads_R)	COMPLETED	0	197410	1	-	46.5	0.5	3017392128	15068811264	2055682347	3021405
ww_fastpOut_reads_R	BAKTA (ww_fastpOut_reads_R)	COMPLETED	0	161680	1	-	59.9	0.5	3014041600	15065505792	2056254875	3022552
ww_fastpOut_reads_R	BAKTA (ww_fastpOut_reads_R)	COMPLETED	0	166245	1	-	57.6	0.5	3038060544	15078195200	2055862583	3023267
ww_fastpOut_reads_R	BAKTA (ww_fastpOut_reads_R)	COMPLETED	0	191806	1	-	48.7	0.5	3044261888	15023710208	2055348995	3022109
ww_fastpOut_reads_R	BAKTA (ww_fastpOut_reads_R)	COMPLETED	0	215522	1	-	42.0	0.5	3043553280	15078223872	2055701680	3026553
ww_fastpOut_reads_R	BAKTA (ww_fastpOut_reads_R)	COMPLETED	0	201643	1	-	45.8	0.5	3014713344	15069630464	2055750403	3022504
ww_fastpOut_reads_R	BAKTA (ww_fastpOut_reads_R)	COMPLETED	0	200662	1	-	45.5	0.5	3044446208	15077945344	2055141980	3026019
ww_fastpOut_reads_R	BAKTA (ww_fastpOut_reads_R)	COMPLETED	0	200478	1	-	47.8	0.5	3041284096	14661570560	2056029224	3021721
ww_fastpOut_reads_R	BAKTA (ww_fastpOut_reads_R)	COMPLETED	0	173500	1	-	52.3	0.5	3040649216	15522549760	1724902583	3111132
ww_fastpOut_reads_R	BAKTA (ww_fastpOut_reads_R)	COMPLETED	0	182799	1	-	50.0	0.5	3013533696	15508815872	1724272978	3109753
ww_fastpOut_reads_R	BAKTA (ww_fastpOut_reads_R)	COMPLETED	0	153161	1	-	63.0	0.5	3041538048	15016398848	2055738321	3024772
ww_fastpOut_reads_R	BAKTA (ww_fastpOut_reads_R)	COMPLETED	0	193412	1	-	48.5	0.5	3041116160	25730441216	2055852951	3022555
ww_fastpOut_reads_R	BAKTA (ww_fastpOut_reads_R)	COMPLETED	0	192654	1	-	48.1	0.5	3041427456	75768999936	2055587878	3022708
ww_fastpOut_reads_R	BAKTA (ww_fastpOut_reads_R)	COMPLETED	0	196801	1	-	47.1	0.5	3016003584	15065182208	2055306451	3023398
ww_fastpOut_reads_R	BAKTA (ww_fastpOut_reads_R)	COMPLETED	0	175922	1	-	53.2	0.5	3014930432	15208931328	2055367692	3024575
ww_fastpOut_reads_R	BAKTA (ww_fastpOut_reads_R)	COMPLETED	0	176681	1	-	53.4	0.5	3013894144	67463884800	2056536893	3022708
ww_fastpOut_reads_R	BAKTA (ww_fastpOut_reads_R)	COMPLETED	0	204110	1	-	44.2	0.5	3043979264	15212122112	2055533984	3022514
ww_fastpOut_reads_R	BAKTA (ww_fastpOut_reads_R)	COMPLETED	0	149636	1	-	63.5	0.5	3016404992	15074545664	2055415500	3021230
ww_fastpOut_reads_R	BAKTA (ww_fastpOut_reads_R)	COMPLETED	0	158710	1	-	61.2	0.5	3044061184	15085404160	2055611053	3024650
ww_fastpOut_reads_R	BAKTA (ww_fastpOut_reads_R)	COMPLETED	0	178831	1	-	52.1	0.5	3041488896	92503302144	2055696675	3021918
ww_fastpOut_reads_R	BAKTA (ww_fastpOut_reads_R)	COMPLETED	0	193481	1	-	48.8	0.5	3016396800	15007567872	2055521103	3023885
ww_fastpOut_reads_R	BAKTA (ww_fastpOut_reads_R)	COMPLETED	0	220795	1	-	41.4	0.5	3039031296	15021756416	2055575600	3025227
ww_fastpOut_reads_R	BAKTA (ww_fastpOut_reads_R)	COMPLETED	0	203495	1	-	46.3	0.5	3016921088	15006220288	2055297974	3023916
ww_fastpOut_reads_R	BAKTA (ww_fastpOut_reads_R)	COMPLETED	0	174877	1	-	54.6	0.5	3042988032	15150080000	2055274730	3021237
ww_fastpOut_reads_R	BAKTA (ww_fastpOut_reads_R)	COMPLETED	0	200586	1	-	45.3	0.5	3016777728	17395425280	2055020444	3021955
ww_fastpOut_reads_R	BAKTA (ww_fastpOut_reads_R)	COMPLETED	0	168582	1	-	56.7	0.5	3042590720	25671450624	2055610138	3023010
ww_fastpOut_reads_R	BAKTA (ww_fastpOut_reads_R)	COMPLETED	0	170672	1	-	57.2	0.5	3044630528	42413764608	2056028410	3021231
ww_fastpOut_reads_R	BAKTA (ww_fastpOut_reads_R)	COMPLETED	0	216412	1	-	42.2	0.5	3040690176	17382973440	2054433057	3022005
ww_fastpOut_reads_R	BAKTA (ww_fastpOut_reads_R)	COMPLETED	0	216962	1	-	43.0	0.5	3039776768	15219568640	2055540287	3021788
ww_fastpOut_reads_R	BAKTA (ww_fastpOut_reads_R)	COMPLETED	0	170914	1	-	56.0	0.5	3017859072	15065501696	2056622873	3022472
ww_fastpOut_reads_R	BAKTA (ww_fastpOut_reads_R)	COMPLETED	0	190442	1	-	48.3	0.4	3042787328	50739511296	2055709760	3025092
ww_fastpOut_reads_R	BAKTA (ww_fastpOut_reads_R)	COMPLETED	0	184736	1	-	47.6	0.5	3015278592	15438323712	1725070201	3111309
ww_fastpOut_reads_R	BAKTA (ww_fastpOut_reads_R)	COMPLETED	0	204207	1	-	45.4	0.5	3015204864	17331802112	2056304127	3025706
ww_fastpOut_reads_R	BAKTA (ww_fastpOut_reads_R)	COMPLETED	0	170759	1	-	55.7	0.5	3041505280	15078244352	2055584905	3023012
ww_fastpOut_reads_R	BAKTA (ww_fastpOut_reads_R)	COMPLETED	0	172103	1	-	55.1	0.5	3017834496	15137423360	2056115348	3023127
ww_fastpOut_reads_R	BAKTA (ww_fastpOut_reads_R)	COMPLETED	0	171819	1	-	52.1	0.5	3039375360	15080640512	2054740726	3022383
ww_fastpOut_reads_R	BAKTA (ww_fastpOut_reads_R)	COMPLETED	0	192732	1	-	48.2	0.4	3045163008	15151075328	2055568628	3025019
ww_fastpOut_reads_R	BAKTA (ww_fastpOut_reads_R)	COMPLETED	0	193121	1	-	47.9	0.5	3037499392	15013060608	2056743883	3022349
ww_fastpOut_reads_R	BAKTA (ww_fastpOut_reads_R)	COMPLETED	0	169782	1	-	55.1	0.5	3042979840	15087239168	2055911895	3022324
ww_fastpOut_reads_R	BAKTA (ww_fastpOut_reads_R)	COMPLETED	0	200230	1	-	47.0	0.5	3036680192	15078182912	2055847904	3022811
ww_fastpOut_reads_R	BAKTA (ww_fastpOut_reads_R)	COMPLETED	0	198496	1	-	45.6	0.5	3038425088	17384972288	2055693656	3023624
ww_fastpOut_reads_R	BAKTA (ww_fastpOut_reads_R)	COMPLETED	0	145166	1	-	60.3	0.5	3042095104	15452614656	1724719903	3110494
ww_fastpOut_reads_R	BAKTA (ww_fastpOut_reads_R)	COMPLETED	0	176342	1	-	52.7	0.5	3045515264	50660773888	1724128462	3110274
ww_fastpOut_reads_R	BAKTA (ww_fastpOut_reads_R)	COMPLETED	0	168313	1	-	57.6	0.5	3041341440	17384538112	2057111209	3040195
ww_fastpOut_reads_R	BAKTA (ww_fastpOut_reads_R)	COMPLETED	0	209283	1	-	46.2	0.5	3044171776	15014658048	2056753292	3022212
ww_fastpOut_reads_R	BAKTA (ww_fastpOut_reads_R)	COMPLETED	0	193187	1	-	48.8	0.5	3041304576	42360745984	2056054380	3021685
ww_fastpOut_reads_R	BAKTA (ww_fastpOut_reads_R)	COMPLETED	0	174019	1	-	53.2	0.5	3041841152	15018561536	2055287295	3025237
ww_fastpOut_reads_R	BAKTA (ww_fastpOut_reads_R)	COMPLETED	0	198149	1	-	48.5	0.5	3015442432	17322995712	2056441088	3023659
ww_fastpOut_reads_R	BAKTA (ww_fastpOut_reads_R)	COMPLETED	0	190195	1	-	50.9	0.5	3044917248	15077912576	2055928478	3023105
ww_fastpOut_reads_R	BAKTA (ww_fastpOut_reads_R)	COMPLETED	0	177890	1	-	51.4	0.5	3038674944	15077912576	2056377374	3022363
ww_fastpOut_reads_R	BAKTA (ww_fastpOut_reads_R)	COMPLETED	0	196896	1	-	49.3	0.5	3042029568	15087235072	2055685337	3023086
ww_fastpOut_reads_R	BAKTA (ww_fastpOut_reads_R)	COMPLETED	0	178094	1	-	52.1	0.5	3040841728	34102874112	2055884106	3024182
ww_fastpOut_reads_R	BAKTA (ww_fastpOut_reads_R)	COMPLETED	0	168146	1	-	52.8	0.5	3040284672	15079723008	2055527171	3022825
ww_fastpOut_reads_R	BAKTA (ww_fastpOut_reads_R)	COMPLETED	0	183485	1	-	50.4	0.5	3016925184	25749991424	2054873497	3022206
ww_fastpOut_reads_R	BAKTA (ww_fastpOut_reads_R)	COMPLETED	0	182309	1	-	51.5	0.5	3042004992	14658818048	2055422123	3020816
ww_fastpOut_reads_R	BAKTA (ww_fastpOut_reads_R)	COMPLETED	0	185242	1	-	49.6	0.5	3040305152	15085375488	2055586146	3021523
ww_fastpOut_reads_R	BAKTA (ww_fastpOut_reads_R)	COMPLETED	0	175427	1	-	51.0	0.5	3013148672	15065743360	2055169044	3026875
ww_fastpOut_reads_R	BAKTA (ww_fastpOut_reads_R)	COMPLETED	0	129991	1	-	65.6	0.5	3041423360	17308463104	1724195658	3109647
ww_fastpOut_reads_R	BAKTA (ww_fastpOut_reads_R)	COMPLETED	0	200787	1	-	47.4	0.5	3042119680	15018340352	2055112437	3021775
ww_fastpOut_reads_R	BAKTA (ww_fastpOut_reads_R)	COMPLETED	0	205336	1	-	45.9	0.5	3012325376	14999736320	2055853746	3022767
ww_fastpOut_reads_R	BAKTA (ww_fastpOut_reads_R)	COMPLETED	0	176848	1	-	50.9	0.5	3042512896	15013003264	2055298712	3026227
ww_fastpOut_reads_R	BAKTA (ww_fastpOut_reads_R)	COMPLETED	0	200083	1	-	47.7	0.5	3018035200	15011454976	2055499288	3022072
ww_fastpOut_reads_R	BAKTA (ww_fastpOut_reads_R)	COMPLETED	0	142302	1	-	62.1	0.4	3014746112	15433965568	1723963553	3109036
ww_fastpOut_reads_R	BAKTA (ww_fastpOut_reads_R)	COMPLETED	0	176484	1	-	53.3	0.5	3015733248	15001006080	2055978585	3023423
ww_fastpOut_reads_R	BAKTA (ww_fastpOut_reads_R)	COMPLETED	0	180145	1	-	52.3	0.5	3044081664	15078371328	2056042921	3023497
ww_fastpOut_reads_R	BAKTA (ww_fastpOut_reads_R)	COMPLETED	0	159355	1	-	58.4	0.5	3013459968	15000350720	2056663616	3025955
ww_fastpOut_reads_R	BAKTA (ww_fastpOut_reads_R)	COMPLETED	0	188636	1	-	49.7	0.5	3020152832	15072698368	2056265408	3022816
ww_fastpOut_reads_R	BAKTA (ww_fastpOut_reads_R)	COMPLETED	0	159458	1	-	56.9	0.5	3015737344	15001223168	2055662104	3022019
ww_fastpOut_reads_R	BAKTA (ww_fastpOut_reads_R)	COMPLETED	0	168390	1	-	55.0	0.5	3044904960	15615909888	1724114761	3113134
ww_fastpOut_reads_R	BAKTA (ww_fastpOut_reads_R)	COMPLETED	0	175531	1	-	51.8	0.5	3041292288	15081668608	2054972614	3022336
ww_fastpOut_reads_R	BAKTA (ww_fastpOut_reads_R)	COMPLETED	0	175245	1	-	52.2	0.5	3014561792	15065407488	2055138098	3025640
ww_fastpOut_reads_R	BAKTA (ww_fastpOut_reads_R)	COMPLETED	0	199839	1	-	46.4	0.5	3044528128	34009649152	2054754261	3021535
ww_fastpOut_reads_R	BAKTA (ww_fastpOut_reads_R)	COMPLETED	0	162903	1	-	54.1	0.5	3043581952	15545417728	1724285463	3109515
ww_fastpOut_reads_R	BAKTA (ww_fastpOut_reads_R)	COMPLETED	0	180339	1	-	51.8	0.5	3044179968	17399312384	2055368576	3025264
ww_fastpOut_reads_R	BAKTA (ww_fastpOut_reads_R)	COMPLETED	0	197920	1	-	47.2	0.5	3044356096	15145517056	2055656356	3026074
ww_fastpOut_reads_R	BAKTA (ww_fastpOut_reads_R)	COMPLETED	0	220047	1	-	43.0	0.5	3041710080	15083659264	2054947299	3024719
ww_fastpOut_reads_R	BAKTA (ww_fastpOut_reads_R)	COMPLETED	0	185325	1	-	48.8	0.5	3045408768	17362890752	2055941247	3023898
ww_fastpOut_reads_R	BAKTA (ww_fastpOut_reads_R)	COMPLETED	0	192607	1	-	47.6	0.5	3040477184	17386659840	2055557018	3022676
ww_fastpOut_reads_R	BAKTA (ww_fastpOut_reads_R)	COMPLETED	0	176831	1	-	51.7	0.5	3040272384	25723453440	2054781510	3022033
ww_fastpOut_reads_R	BAKTA (ww_fastpOut_reads_R)	COMPLETED	0	199425	1	-	46.6	0.5	3044126720	15087263744	2055380254	3025304
ww_fastpOut_reads_R	BAKTA (ww_fastpOut_reads_R)	COMPLETED	0	172286	1	-	52.3	0.5	3044798464	15516770304	1723755676	3113049
ww_fastpOut_reads_R	BAKTA (ww_fastpOut_reads_R)	COMPLETED	0	205285	1	-	45.5	0.5	3041771520	15083491328	2054753568	3022739
ww_fastpOut_reads_R	BAKTA (ww_fastpOut_reads_R)	COMPLETED	0	210642	1	-	43.4	0.5	3041452032	15147241472	2055338513	3026382
ww_fastpOut_reads_R	BAKTA (ww_fastpOut_reads_R)	COMPLETED	0	166860	1	-	54.4	0.5	3013505024	34028425216	2055952740	3023122
ww_fastpOut_reads_R	BAKTA (ww_fastpOut_reads_R)	COMPLETED	0	192168	1	-	48.9	0.5	3015786496	15003344896	2056138712	3023220
ww_fastpOut_reads_R	BAKTA (ww_fastpOut_reads_R)	COMPLETED	0	170156	1	-	53.0	0.5	3019333632	14702215168	2055317697	3021373
ww_fastpOut_reads_R	BAKTA (ww_fastpOut_reads_R)	COMPLETED	0	173663	1	-	52.8	0.5	3014770688	15065554944	2055869610	3023745
ww_fastpOut_reads_R	BAKTA (ww_fastpOut_reads_R)	COMPLETED	0	188383	1	-	49.5	0.5	3043835904	15087235072	2054972561	3022554
ww_fastpOut_reads_R	BAKTA (ww_fastpOut_reads_R)	COMPLETED	0	174630	1	-	50.0	0.5	3041849344	15516774400	1724234475	3112484
ww_fastpOut_reads_R	BAKTA (ww_fastpOut_reads_R)	COMPLETED	0	175972	1	-	51.5	0.5	3042791424	15078187008	2056156086	3023276
ww_fastpOut_reads_R	BAKTA (ww_fastpOut_reads_R)	COMPLETED	0	193723	1	-	48.1	0.5	3039797248	15083671552	2054956589	3024764
ww_fastpOut_reads_R	BAKTA (ww_fastpOut_reads_R)	COMPLETED	0	177501	1	-	52.0	0.5	3040833536	15078227968	2055066712	3025900
ww_fastpOut_reads_R	BAKTA (ww_fastpOut_reads_R)	COMPLETED	0	194525	1	-	58.3	0.9	5045149696	18215440384	2055443436	3010052
ww_fastpOut_reads_R	BAKTA (ww_fastpOut_reads_R)	COMPLETED	0	205763	1	-	46.4	0.5	3043561472	34067877888	2055440711	3021325
ww_fastpOut_reads_R	BAKTA (ww_fastpOut_reads_R)	COMPLETED	0	178864	1	-	51.0	0.5	3040878592	14724120576	2055481790	3026426
ww_fastpOut_reads_R	BAKTA (ww_fastpOut_reads_R)	COMPLETED	0	191100	1	-	49.1	0.5	3045163008	15016472576	2055464647	3023876
ww_fastpOut_reads_R	BAKTA (ww_fastpOut_reads_R)	COMPLETED	0	166543	1	-	54.8	0.5	3041304576	15081320448	2055677746	3021721
ww_fastpOut_reads_R	BAKTA (ww_fastpOut_reads_R)	COMPLETED	0	199398	1	-	58.3	0.9	5027840000	25719558144	2055295369	3009442
ww_fastpOut_reads_R	BAKTA (ww_fastpOut_reads_R)	COMPLETED	0	190985	1	-	49.9	0.5	3041615872	14724124672	2056000262	3022275
ww_fastpOut_reads_R	BAKTA (ww_fastpOut_reads_R)	COMPLETED	0	188249	1	-	61.2	0.6	4860334080	18030682112	2055317419	3008810
ww_fastpOut_reads_R	BAKTA (ww_fastpOut_reads_R)	COMPLETED	0	176563	1	-	64.0	0.6	3635638272	17966792704	2054833091	3007420
ww_fastpOut_reads_R	BAKTA (ww_fastpOut_reads_R)	COMPLETED	0	183948	1	-	51.2	0.5	3045453824	14661451776	2055364694	3025116
ww_fastpOut_reads_R	BAKTA (ww_fastpOut_reads_R)	COMPLETED	0	187059	1	-	61.3	0.5	3042275328	17917743104	2055135521	3006886
ww_fastpOut_reads_R	BAKTA (ww_fastpOut_reads_R)	COMPLETED	0	164216	1	-	54.3	0.5	3043246080	17309888512	1723933306	3109666
ww_fastpOut_reads_R	BAKTA (ww_fastpOut_reads_R)	COMPLETED	0	188072	1	-	60.4	0.8	4885762048	17984729088	2055069874	3005412
ww_fastpOut_reads_R	BAKTA (ww_fastpOut_reads_R)	COMPLETED	0	181567	1	-	64.5	0.8	4653596672	17985990656	2054792778	3011145
ww_fastpOut_reads_R	BAKTA (ww_fastpOut_reads_R)	COMPLETED	0	184722	1	-	50.4	0.5	3014606848	117490716672	2055315572	3024482
ww_fastpOut_reads_R	BAKTA (ww_fastpOut_reads_R)	COMPLETED	0	179055	1	-	52.0	0.5	3044220928	15158169600	2055270886	3021578
ww_fastpOut_reads_R	BAKTA (ww_fastpOut_reads_R)	COMPLETED	0	194971	1	-	57.8	0.8	4861399040	167622258688	2054756606	3006165
ww_fastpOut_reads_R	BAKTA (ww_fastpOut_reads_R)	COMPLETED	0	170035	1	-	53.7	0.5	3040624640	100786425856	2054909620	3021166
ww_fastpOut_reads_R	BAKTA (ww_fastpOut_reads_R)	COMPLETED	0	183676	1	-	60.1	0.9	4909101056	126086569984	2055595709	3007900
ww_fastpOut_reads_R	BAKTA (ww_fastpOut_reads_R)	COMPLETED	0	186129	1	-	50.0	0.5	3017101312	34112606208	2055423521	3025831
ww_fastpOut_reads_R	BAKTA (ww_fastpOut_reads_R)	COMPLETED	0	188101	1	-	50.0	0.5	3014049792	15070806016	2055559227	3022489
ww_fastpOut_reads_R	BAKTA (ww_fastpOut_reads_R)	COMPLETED	0	172947	1	-	54.1	0.5	3040550912	14724247552	2055743821	3024189
ww_fastpOut_reads_R	BAKTA (ww_fastpOut_reads_R)	COMPLETED	0	184455	1	-	50.2	0.5	3012599808	15009460224	2055391217	3022404
ww_fastpOut_reads_R	BAKTA (ww_fastpOut_reads_R)	COMPLETED	0	203990	1	-	45.7	0.5	3040149504	50758381568	2055106788	3021727
ww_fastpOut_reads_R	BAKTA (ww_fastpOut_reads_R)	COMPLETED	0	192570	1	-	59.4	0.5	4761849856	17788817408	2054964562	3007173
ww_fastpOut_reads_R	BAKTA (ww_fastpOut_reads_R)	COMPLETED	0	202355	1	-	45.9	0.5	3013849088	42376638464	2055542111	3022125
ww_fastpOut_reads_R	BAKTA (ww_fastpOut_reads_R)	COMPLETED	0	178050	1	-	53.2	0.5	3046809600	15087267840	2055144408	3026134
ww_fastpOut_reads_R	BAKTA (ww_fastpOut_reads_R)	COMPLETED	0	224186	1	-	51.6	0.8	4743647232	92468146176	2055146893	3006463
ww_fastpOut_reads_R	BAKTA (ww_fastpOut_reads_R)	COMPLETED	0	169634	1	-	56.2	0.5	3042738176	34034454528	2054997691	3025548
ww_fastpOut_reads_R	BAKTA (ww_fastpOut_reads_R)	COMPLETED	0	179890	1	-	50.8	0.5	3042103296	25705603072	1723628299	3109664
ww_fastpOut_reads_R	BAKTA (ww_fastpOut_reads_R)	COMPLETED	0	179614	1	-	52.3	0.5	3042693120	15087370240	2054852908	3022655
ww_fastpOut_reads_R	BAKTA (ww_fastpOut_reads_R)	COMPLETED	0	186556	1	-	60.6	0.8	4753616896	59098271744	2055612453	3007959
ww_fastpOut_reads_R	BAKTA (ww_fastpOut_reads_R)	COMPLETED	0	181595	1	-	63.9	0.8	4860293120	34065858560	2054475901	3009238
ww_fastpOut_reads_R	BAKTA (ww_fastpOut_reads_R)	COMPLETED	0	195698	1	-	59.2	0.9	5047574528	18150604800	2055038219	3010620
ww_fastpOut_reads_R	BAKTA (ww_fastpOut_reads_R)	COMPLETED	0	157024	1	-	73.1	0.8	4724473856	17718448128	2055140825	3010277
ww_fastpOut_reads_R	BAKTA (ww_fastpOut_reads_R)	COMPLETED	0	188085	1	-	61.7	0.9	4995227648	34010910720	2055284115	3007280
ww_fastpOut_reads_R	BAKTA (ww_fastpOut_reads_R)	COMPLETED	0	212098	1	-	42.8	0.5	3040722944	15087267840	2055414077	3025269
ww_fastpOut_reads_R	BAKTA (ww_fastpOut_reads_R)	COMPLETED	0	205877	1	-	44.7	0.5	3041710080	15083622400	2054782687	3022011
ww_fastpOut_reads_R	BAKTA (ww_fastpOut_reads_R)	COMPLETED	0	212364	1	-	43.1	0.5	3040149504	15212277760	2055449470	3022729
ww_fastpOut_reads_R	BAKTA (ww_fastpOut_reads_R)	COMPLETED	0	213158	1	-	42.6	0.5	3011432448	15141617664	2055471553	3021766
ww_fastpOut_reads_R	BAKTA (ww_fastpOut_reads_R)	COMPLETED	0	236091	1	-	39.7	0.5	3014270976	75799605248	2055283260	3021308
ww_fastpOut_reads_R	BAKTA (ww_fastpOut_reads_R)	COMPLETED	0	189411	1	-	49.5	0.5	3013726208	15065358336	2055792716	3025805
ww_fastpOut_reads_R	BAKTA (ww_fastpOut_reads_R)	COMPLETED	0	217640	1	-	52.4	0.8	4747259904	17856421888	2055663236	3008289
ww_fastpOut_reads_R	BAKTA (ww_fastpOut_reads_R)	COMPLETED	0	254169	1	-	44.5	0.8	4866256896	17971990528	2055043448	3007290
ww_fastpOut_reads_R	BAKTA (ww_fastpOut_reads_R)	COMPLETED	0	251582	1	-	46.4	0.9	5004640256	18063761408	2055473216	3010804
ww_fastpOut_reads_R	BAKTA (ww_fastpOut_reads_R)	COMPLETED	0	184536	1	-	62.4	0.9	4892774400	34068779008	2055403382	3006898
ww_fastpOut_reads_R	BAKTA (ww_fastpOut_reads_R)	COMPLETED	0	245236	1	-	37.1	0.5	3015348224	15132643328	2055068453	3026454
ww_fastpOut_reads_R	BAKTA (ww_fastpOut_reads_R)	COMPLETED	0	248028	1	-	37.4	0.5	3010588672	15076671488	2054671913	3023272
ww_fastpOut_reads_R	BAKTA (ww_fastpOut_reads_R)	COMPLETED	0	262637	1	-	43.4	0.9	5029568512	50758356992	2054973970	3011564
ww_fastpOut_reads_R	BAKTA (ww_fastpOut_reads_R)	COMPLETED	0	241376	1	-	45.4	0.8	4746567680	42468343808	2055337810	3007486
ww_fastpOut_reads_R	BAKTA (ww_fastpOut_reads_R)	COMPLETED	0	189563	1	-	60.5	0.8	4742475776	17786761216	2055449045	3006913
ww_fastpOut_reads_R	BAKTA (ww_fastpOut_reads_R)	COMPLETED	0	214276	1	-	41.6	0.5	3014144000	15667081216	1724096438	3110902
ww_fastpOut_reads_R	BAKTA (ww_fastpOut_reads_R)	COMPLETED	0	256724	1	-	43.3	0.8	4747239424	17785372672	2055041170	3010794
ww_fastpOut_reads_R	BAKTA (ww_fastpOut_reads_R)	COMPLETED	0	205060	1	-	54.9	0.9	4924370944	84247605248	2055523816	3008194
ww_fastpOut_reads_R	BAKTA (ww_fastpOut_reads_R)	COMPLETED	0	202244	1	-	55.6	0.9	5027004416	18140422144	2054691808	3010256
ww_fastpOut_reads_R	BAKTA (ww_fastpOut_reads_R)	COMPLETED	0	211543	1	-	54.3	0.8	4730216448	17776037888	2055710867	3007692
ww_fastpOut_reads_R	BAKTA (ww_fastpOut_reads_R)	COMPLETED	0	206010	1	-	55.7	0.9	5042978816	18150711296	2055223043	3010745
ww_fastpOut_reads_R	BAKTA (ww_fastpOut_reads_R)	COMPLETED	0	190050	1	-	59.4	0.9	4981669888	18085683200	2055256279	3005898
ww_fastpOut_reads_R	BAKTA (ww_fastpOut_reads_R)	COMPLETED	0	236862	1	-	38.6	0.5	3040976896	17332367360	2056115618	3022952
ww_fastpOut_reads_R	BAKTA (ww_fastpOut_reads_R)	COMPLETED	0	161403	1	-	57.4	0.5	3044569088	15645855744	1724294587	3110383
ww_fastpOut_reads_R	BAKTA (ww_fastpOut_reads_R)	COMPLETED	0	235888	1	-	39.6	0.5	3092959232	142565363712	2055381756	3024393
ww_fastpOut_reads_R	BAKTA (ww_fastpOut_reads_R)	COMPLETED	0	236021	1	-	38.4	0.5	3041546240	15548227584	1723415550	3110264
ww_fastpOut_reads_R	BAKTA (ww_fastpOut_reads_R)	COMPLETED	0	227700	1	-	39.6	0.5	3044610048	50642366464	1724805249	3114042
ww_fastpOut_reads_R	BAKTA (ww_fastpOut_reads_R)	COMPLETED	0	246722	1	-	37.0	0.5	3042209792	14661738496	2055382124	3022412
ww_fastpOut_reads_R	BAKTA (ww_fastpOut_reads_R)	COMPLETED	0	243809	1	-	46.8	0.9	4976181248	34023264256	2055220637	3006610
ww_fastpOut_reads_R	BAKTA (ww_fastpOut_reads_R)	COMPLETED	0	209114	1	-	53.8	0.9	4990717952	18165514240	2054980645	3006553
ww_fastpOut_reads_R	BAKTA (ww_fastpOut_reads_R)	COMPLETED	0	186397	1	-	61.7	0.8	4684009472	17720262656	2054808780	3010596
ww_fastpOut_reads_R	BAKTA (ww_fastpOut_reads_R)	COMPLETED	0	195266	1	-	58.3	0.8	5033619456	18130866176	2055074084	3011213
ww_fastpOut_reads_R	BAKTA (ww_fastpOut_reads_R)	COMPLETED	0	209573	1	-	54.4	0.8	4225798144	17968726016	2054772795	3007398
ww_fastpOut_reads_R	BAKTA (ww_fastpOut_reads_R)	COMPLETED	0	197563	1	-	46.4	0.5	3039281152	25704620032	1724202332	3113314
ww_fastpOut_reads_R	BAKTA (ww_fastpOut_reads_R)	COMPLETED	0	200293	1	-	56.0	0.8	4731772928	17904906240	2055293711	3011254
ww_fastpOut_reads_R	BAKTA (ww_fastpOut_reads_R)	COMPLETED	0	184787	1	-	60.8	0.8	4752781312	50765189120	2054665278	3009856
ww_fastpOut_reads_R	BAKTA (ww_fastpOut_reads_R)	COMPLETED	0	213152	1	-	54.1	0.9	5029384192	18131005440	2055005846	3010461
ww_fastpOut_reads_R	BAKTA (ww_fastpOut_reads_R)	COMPLETED	0	215289	1	-	53.4	0.7	4865732608	17900343296	2054764745	3009563
ww_fastpOut_reads_R	BAKTA (ww_fastpOut_reads_R)	COMPLETED	0	185509	1	-	62.6	0.8	4686483456	17917612032	2055057172	3006185
ww_fastpOut_reads_R	BAKTA (ww_fastpOut_reads_R)	COMPLETED	0	189579	1	-	60.8	0.7	4734353408	34075885568	2054597269	3007292
ww_fastpOut_reads_R	BAKTA (ww_fastpOut_reads_R)	COMPLETED	0	166445	1	-	70.8	0.7	5021700096	34079731712	2055331838	3010550
ww_fastpOut_reads_R	BAKTA (ww_fastpOut_reads_R)	COMPLETED	0	214592	1	-	53.4	0.9	4916457472	25683337216	2054800366	3009282
ww_fastpOut_reads_R	BAKTA (ww_fastpOut_reads_R)	COMPLETED	0	184389	1	-	61.9	0.9	4823027712	17998704640	2055349429	3009283
ww_fastpOut_reads_R	BAKTA (ww_fastpOut_reads_R)	COMPLETED	0	192938	1	-	59.6	0.8	4751388672	25677398016	2055566138	3007136
ww_fastpOut_reads_R	BAKTA (ww_fastpOut_reads_R)	COMPLETED	0	189187	1	-	62.3	0.7	4838862848	17998692352	2055144123	3009997
ww_fastpOut_reads_R	BAKTA (ww_fastpOut_reads_R)	COMPLETED	0	191896	1	-	60.6	0.9	4973727744	18137387008	2054485718	3007316
ww_fastpOut_reads_R	BAKTA (ww_fastpOut_reads_R)	COMPLETED	0	254662	1	-	43.2	0.9	4913377280	92445503488	2055374903	3008537
ww_fastpOut_reads_R	BAKTA (ww_fastpOut_reads_R)	COMPLETED	0	208250	1	-	53.6	0.8	4744892416	50710196224	2056045496	3007947
ww_fastpOut_reads_R	BAKTA (ww_fastpOut_reads_R)	COMPLETED	0	254608	1	-	43.5	0.8	4870430720	75749769216	2054326550	3007512
ww_fastpOut_reads_R	BAKTA (ww_fastpOut_reads_R)	COMPLETED	0	197316	1	-	58.9	0.8	4587163648	17774071808	2056041207	3008738
ww_fastpOut_reads_R	BAKTA (ww_fastpOut_reads_R)	COMPLETED	0	256663	1	-	44.3	0.9	4919484416	18102333440	2054889572	3007763
ww_fastpOut_reads_R	BAKTA (ww_fastpOut_reads_R)	COMPLETED	0	204672	1	-	56.8	0.9	5031649280	34015891456	2055347402	3009992
ww_fastpOut_reads_R	BAKTA (ww_fastpOut_reads_R)	COMPLETED	0	273255	1	-	40.9	0.9	5025869824	75803734016	2055370905	3011748
ww_fastpOut_reads_R	BAKTA (ww_fastpOut_reads_R)	COMPLETED	0	207588	1	-	42.8	0.5	3038806016	15547453440	1724402611	3108765
ww_fastpOut_reads_R	BAKTA (ww_fastpOut_reads_R)	COMPLETED	0	226392	1	-	39.5	0.3	3043827712	15589658624	1724370708	3111291
ww_fastpOut_reads_R	BAKTA (ww_fastpOut_reads_R)	COMPLETED	0	198085	1	-	56.4	0.9	4995379200	18102202368	2055157083	3006435
ww_fastpOut_reads_R	BAKTA (ww_fastpOut_reads_R)	COMPLETED	0	218377	1	-	51.1	0.9	4976410624	18152972288	2055010683	3006574
ww_fastpOut_reads_R	BAKTA (ww_fastpOut_reads_R)	COMPLETED	0	215973	1	-	55.3	0.8	4526505984	17892233216	2055097806	3008574
ww_fastpOut_reads_R	BAKTA (ww_fastpOut_reads_R)	COMPLETED	0	230858	1	-	48.3	0.9	4931416064	42424778752	2055105966	3007676
ww_fastpOut_reads_R	BAKTA (ww_fastpOut_reads_R)	COMPLETED	0	240103	1	-	48.0	0.8	5035810816	92437434368	2054208368	3009958
ww_fastpOut_reads_R	BAKTA (ww_fastpOut_reads_R)	COMPLETED	0	234627	1	-	49.6	0.9	4957782016	25672556544	2055053980	3010872
ww_fastpOut_reads_R	BAKTA (ww_fastpOut_reads_R)	COMPLETED	0	204674	1	-	53.8	0.8	4864028672	18039099392	2055285246	3005725
ww_fastpOut_reads_R	BAKTA (ww_fastpOut_reads_R)	COMPLETED	0	236257	1	-	48.0	0.8	4674596864	17851895808	2055051799	3007707
ww_fastpOut_reads_R	BAKTA (ww_fastpOut_reads_R)	COMPLETED	0	267607	1	-	42.9	0.8	4934742016	18102333440	2055266863	3007072
ww_fastpOut_reads_R	BAKTA (ww_fastpOut_reads_R)	COMPLETED	0	170966	1	-	67.9	0.8	4437676032	17922031616	2055651111	3008367
ww_fastpOut_reads_R	BAKTA (ww_fastpOut_reads_R)	COMPLETED	0	214893	1	-	51.7	0.9	4821766144	100931211264	2054228968	3006670
ww_fastpOut_reads_R	BAKTA (ww_fastpOut_reads_R)	COMPLETED	0	182502	1	-	64.8	0.8	5037334528	25674141696	2054640538	3011006
ww_fastpOut_reads_R	BAKTA (ww_fastpOut_reads_R)	COMPLETED	0	194089	1	-	45.5	0.5	3044556800	15551688704	1724265710	3114746
ww_fastpOut_reads_R	BAKTA (ww_fastpOut_reads_R)	COMPLETED	0	179835	1	-	52.1	0.5	3016253440	17372753920	1724725924	3110053
ww_fastpOut_reads_R	BAKTA (ww_fastpOut_reads_R)	COMPLETED	0	182470	1	-	50.5	0.5	3039166464	15551528960	1724522344	3113929
ww_fastpOut_reads_R	BAKTA (ww_fastpOut_reads_R)	COMPLETED	0	192013	1	-	59.2	0.9	4823257088	25717338112	2054873896	3010436
ww_fastpOut_reads_R	BAKTA (ww_fastpOut_reads_R)	COMPLETED	0	199313	1	-	57.2	0.9	4980072448	18020786176	2055163737	3007154
ww_fastpOut_reads_R	BAKTA (ww_fastpOut_reads_R)	COMPLETED	0	191804	1	-	58.7	0.9	4808888320	17856557056	2054647076	3009886
ww_fastpOut_reads_R	BAKTA (ww_fastpOut_reads_R)	COMPLETED	0	232448	1	-	49.1	0.9	4996644864	25724014592	2054695170	3007915
ww_fastpOut_reads_R	BAKTA (ww_fastpOut_reads_R)	COMPLETED	0	228188	1	-	48.4	0.6	3490525184	17717673984	2054524460	3007081
ww_fastpOut_reads_R	BAKTA (ww_fastpOut_reads_R)	COMPLETED	0	220990	1	-	49.8	0.8	4878958592	18051829760	2053990342	3006641
ww_fastpOut_reads_R	BAKTA (ww_fastpOut_reads_R)	COMPLETED	0	222988	1	-	49.9	0.8	4611514368	59073097728	2054650052	3006598
ww_fastpOut_reads_R	BAKTA (ww_fastpOut_reads_R)	COMPLETED	0	224357	1	-	49.6	0.9	4932673536	18035355648	2055443023	3008284
ww_fastpOut_reads_R	BAKTA (ww_fastpOut_reads_R)	COMPLETED	0	243932	1	-	46.3	0.8	4755169280	17831653376	2054575956	3009914
ww_fastpOut_reads_R	BAKTA (ww_fastpOut_reads_R)	COMPLETED	0	171153	1	-	52.0	0.5	3017113600	92388614144	1724254989	3110637
ww_fastpOut_reads_R	BAKTA (ww_fastpOut_reads_R)	COMPLETED	0	181210	1	-	61.8	0.7	4698259456	17797468160	2054829437	3007555
ww_fastpOut_reads_R	BAKTA (ww_fastpOut_reads_R)	COMPLETED	0	250385	1	-	44.4	0.8	4239974400	42374266880	2054958599	3007503
ww_fastpOut_reads_R	BAKTA (ww_fastpOut_reads_R)	COMPLETED	0	176186	1	-	64.2	0.7	4983058432	18024685568	2054985275	3008165
ww_fastpOut_reads_R	BAKTA (ww_fastpOut_reads_R)	COMPLETED	0	189928	1	-	59.5	0.8	4914524160	17959776256	2054983196	3008935
ww_fastpOut_reads_R	BAKTA (ww_fastpOut_reads_R)	COMPLETED	0	185421	1	-	59.9	0.9	4802203648	17975435264	2054766550	3007642
ww_fastpOut_reads_R	BAKTA (ww_fastpOut_reads_R)	COMPLETED	0	179674	1	-	62.8	0.8	4852240384	17888555008	2054887791	3010258
ww_fastpOut_reads_R	BAKTA (ww_fastpOut_reads_R)	COMPLETED	0	189835	1	-	58.9	0.8	4733558784	17776058368	2055661581	3008027
ww_fastpOut_reads_R	BAKTA (ww_fastpOut_reads_R)	COMPLETED	0	209940	1	-	54.7	0.8	4971053056	18070409216	2055579485	3007890
ww_fastpOut_reads_R	BAKTA (ww_fastpOut_reads_R)	COMPLETED	0	199890	1	-	55.6	0.9	4908228608	18022539264	2055071724	3008535
ww_fastpOut_reads_R	BAKTA (ww_fastpOut_reads_R)	COMPLETED	0	214040	1	-	53.6	0.9	4863471616	18039283712	2054740396	3006854
ww_fastpOut_reads_R	BAKTA (ww_fastpOut_reads_R)	COMPLETED	0	187409	1	-	60.0	0.9	4841730048	17952342016	2053841523	3009661
ww_fastpOut_reads_R	BAKTA (ww_fastpOut_reads_R)	COMPLETED	0	189027	1	-	47.7	0.5	3042394112	50636664832	1723649352	3108965
ww_fastpOut_reads_R	BAKTA (ww_fastpOut_reads_R)	COMPLETED	0	229619	1	-	48.6	0.9	4996870144	42410782720	2054498988	3007378
ww_fastpOut_reads_R	BAKTA (ww_fastpOut_reads_R)	COMPLETED	0	222444	1	-	49.5	0.8	4610441216	17730367488	2054869504	3007405
ww_fastpOut_reads_R	BAKTA (ww_fastpOut_reads_R)	COMPLETED	0	227748	1	-	49.3	0.7	3918540800	17917743104	2054549955	3006062
ww_fastpOut_reads_R	BAKTA (ww_fastpOut_reads_R)	COMPLETED	0	205785	1	-	54.0	0.8	4737912832	17783414784	2054904820	3010334
ww_fastpOut_reads_R	BAKTA (ww_fastpOut_reads_R)	COMPLETED	0	168109	1	-	66.5	0.8	4670955520	17788432384	2054738474	3008252
ww_fastpOut_reads_R	BAKTA (ww_fastpOut_reads_R)	COMPLETED	0	192304	1	-	57.8	0.8	4693434368	17732956160	2054679375	3008477
ww_fastpOut_reads_R	BAKTA (ww_fastpOut_reads_R)	COMPLETED	0	211783	1	-	42.8	0.5	3042357248	15594377216	1724384492	3111453
ww_fastpOut_reads_R	BAKTA (ww_fastpOut_reads_R)	COMPLETED	0	233213	1	-	49.0	0.8	4885295104	50828845056	2055705466	3009560
ww_fastpOut_reads_R	BAKTA (ww_fastpOut_reads_R)	COMPLETED	0	240947	1	-	47.4	0.9	4955353088	18057596928	2054649436	3007128
ww_fastpOut_reads_R	BAKTA (ww_fastpOut_reads_R)	COMPLETED	0	130295	1	-	72.1	0.5	3043831808	15459147776	1725312046	3112272
ww_fastpOut_reads_R	BAKTA (ww_fastpOut_reads_R)	COMPLETED	0	201033	1	-	45.2	0.5	3040538624	15584935936	1724349135	3110840
ww_fastpOut_reads_R	BAKTA (ww_fastpOut_reads_R)	COMPLETED	0	203644	1	-	56.3	0.9	4815798272	17920880640	2054791482	3005918
ww_fastpOut_reads_R	BAKTA (ww_fastpOut_reads_R)	COMPLETED	0	141422	1	-	80.8	0.8	4692738048	17853988864	2055761282	3011572
ww_fastpOut_reads_R	BAKTA (ww_fastpOut_reads_R)	COMPLETED	0	211058	1	-	53.7	0.8	4683575296	17787035648	2055203945	3011142
ww_fastpOut_reads_R	BAKTA (ww_fastpOut_reads_R)	COMPLETED	0	224948	1	-	50.2	0.9	4870512640	34068434944	2054928311	3008401
ww_fastpOut_reads_R	BAKTA (ww_fastpOut_reads_R)	COMPLETED	0	260712	1	-	44.0	0.6	4951511040	18124660736	2055101454	3007651
ww_fastpOut_reads_R	BAKTA (ww_fastpOut_reads_R)	COMPLETED	0	229976	1	-	49.3	0.8	4684259328	17788776448	2055040816	3011727
ww_fastpOut_reads_R	BAKTA (ww_fastpOut_reads_R)	COMPLETED	0	223246	1	-	50.8	0.8	4676734976	17852026880	2055033305	3008566
ww_fastpOut_reads_R	BAKTA (ww_fastpOut_reads_R)	COMPLETED	0	209734	1	-	53.8	0.9	4889108480	17989271552	2055002782	3007658
ww_fastpOut_reads_R	BAKTA (ww_fastpOut_reads_R)	COMPLETED	0	252145	1	-	44.0	0.8	4799037440	17975300096	2054999781	3007179
ww_fastpOut_reads_R	BAKTA (ww_fastpOut_reads_R)	COMPLETED	0	202195	1	-	57.4	0.9	4967014400	18137387008	2055267183	3007764
ww_fastpOut_reads_R	BAKTA (ww_fastpOut_reads_R)	COMPLETED	0	225522	1	-	49.8	0.9	4951105536	18057592832	2054673838	3007008
ww_fastpOut_reads_R	BAKTA (ww_fastpOut_reads_R)	COMPLETED	0	230253	1	-	49.5	0.7	4665602048	17841463296	2055707229	3010946
ww_fastpOut_reads_R	BAKTA (ww_fastpOut_reads_R)	COMPLETED	0	252781	1	-	45.0	0.9	5035343872	34072207360	2053896833	3010441
ww_fastpOut_reads_R	BAKTA (ww_fastpOut_reads_R)	COMPLETED	0	249235	1	-	45.0	0.9	4798627840	17975427072	2054974827	3006981
ww_fastpOut_reads_R	BAKTA (ww_fastpOut_reads_R)	COMPLETED	0	256863	1	-	42.6	0.8	4695445504	17732485120	2054548840	3008361
ww_fastpOut_reads_R	BAKTA (ww_fastpOut_reads_R)	COMPLETED	0	150949	1	-	61.5	0.5	3043999744	15562956800	1724435032	3109481
ww_fastpOut_reads_R	BAKTA (ww_fastpOut_reads_R)	COMPLETED	0	266122	1	-	42.0	0.8	4696563712	17736421376	2054849979	3007683
ww_fastpOut_reads_R	BAKTA (ww_fastpOut_reads_R)	COMPLETED	0	198218	1	-	57.9	0.9	4955557888	17998299136	2054898049	3011343
ww_fastpOut_reads_R	BAKTA (ww_fastpOut_reads_R)	COMPLETED	0	165515	1	-	55.4	0.5	3016564736	15483162624	1723630765	3109496
ww_fastpOut_reads_R	BAKTA (ww_fastpOut_reads_R)	COMPLETED	0	281458	1	-	39.8	0.9	4884443136	42424528896	2054811230	3009033
ww_fastpOut_reads_R	BAKTA (ww_fastpOut_reads_R)	COMPLETED	0	206814	1	-	54.2	0.8	4816916480	17855516672	2055377122	3007044
ww_fastpOut_reads_R	BAKTA (ww_fastpOut_reads_R)	COMPLETED	0	173309	1	-	52.8	0.5	3042082816	59045937152	1724030553	3108204
ww_fastpOut_reads_R	BAKTA (ww_fastpOut_reads_R)	COMPLETED	0	217045	1	-	52.6	0.8	4685864960	17790128128	2055786200	3010698
ww_fastpOut_reads_R	BAKTA (ww_fastpOut_reads_R)	COMPLETED	0	215309	1	-	52.7	0.9	4868427776	17976459264	2054813154	3008696
ww_fastpOut_reads_R	BAKTA (ww_fastpOut_reads_R)	COMPLETED	0	281353	1	-	39.7	0.9	4968263680	25729507328	2054962182	3008343
ww_fastpOut_reads_R	BAKTA (ww_fastpOut_reads_R)	COMPLETED	0	268925	1	-	40.4	0.8	4696793088	67547803648	2054428830	3009148
ww_fastpOut_reads_R	BAKTA (ww_fastpOut_reads_R)	COMPLETED	0	193679	1	-	46.6	0.5	3039752192	15494041600	1723985638	3112204
ww_fastpOut_reads_R	BAKTA (ww_fastpOut_reads_R)	COMPLETED	0	29021	1	-	29.8	0.0	328744960	9313398784	70328242	72574
ww_fastpOut_reads_R	BAKTA (ww_fastpOut_reads_R)	COMPLETED	0	212930	1	-	52.2	0.8	4695715840	17864577024	2055960276	3008087
ww_fastpOut_reads_R	BAKTA (ww_fastpOut_reads_R)	COMPLETED	0	211121	1	-	52.6	0.7	4865708032	18043527168	2055437371	3007947
ww_fastpOut_reads_R	BAKTA (ww_fastpOut_reads_R)	COMPLETED	0	204795	1	-	53.8	0.8	4663828480	17717682176	2054587269	3008780
ww_fastpOut_reads_R	BAKTA (ww_fastpOut_reads_R)	COMPLETED	0	204909	1	-	53.8	0.8	4729282560	17789636608	2054445586	3006547
ww_fastpOut_reads_R	BAKTA (ww_fastpOut_reads_R)	COMPLETED	0	219120	1	-	51.3	0.9	4945735680	50799710208	2054757195	3011965
ww_fastpOut_reads_R	BAKTA (ww_fastpOut_reads_R)	COMPLETED	0	210905	1	-	53.3	0.8	4821766144	17988108288	2054941814	3006295
ww_fastpOut_reads_R	BAKTA (ww_fastpOut_reads_R)	COMPLETED	0	215118	1	-	53.9	0.8	5037477888	18137616384	2054141085	3010575
ww_fastpOut_reads_R	BAKTA (ww_fastpOut_reads_R)	COMPLETED	0	185906	1	-	48.2	0.5	3019935744	17376411648	1724325771	3109778
ww_fastpOut_reads_R	BAKTA (ww_fastpOut_reads_R)	COMPLETED	0	168501	1	-	46.1	0.5	3041828864	15179767808	1691851706	2029592
ww_fastpOut_reads_R	BAKTA (ww_fastpOut_reads_R)	COMPLETED	0	182138	1	-	49.4	0.5	3015901184	25706459136	1724882551	3110552
ww_fastpOut_reads_R	BAKTA (ww_fastpOut_reads_R)	COMPLETED	0	228407	1	-	50.9	0.7	4971405312	18070384640	2054725330	3007560
ww_fastpOut_reads_R	BAKTA (ww_fastpOut_reads_R)	COMPLETED	0	193580	1	-	56.6	0.8	4809498624	17986007040	2054721358	3009929
ww_fastpOut_reads_R	BAKTA (ww_fastpOut_reads_R)	COMPLETED	0	143829	1	-	75.9	0.5	3021602816	15541911552	3124326784	26120078
ww_fastpOut_reads_R	BAKTA (ww_fastpOut_reads_R)	COMPLETED	0	189395	1	-	46.8	0.5	3045826560	15635550208	1724488097	3110528
ww_fastpOut_reads_R	BAKTA (ww_fastpOut_reads_R)	COMPLETED	0	220383	1	-	50.8	0.8	4820758528	17988108288	2054760200	3007372
ww_fastpOut_reads_R	BAKTA (ww_fastpOut_reads_R)	COMPLETED	0	206286	1	-	56.6	0.9	5021786112	18192039936	2054712173	3011303
ww_fastpOut_reads_R	BAKTA (ww_fastpOut_reads_R)	COMPLETED	0	193039	1	-	56.7	0.8	4806643712	34078208000	2054414852	3007285
ww_fastpOut_reads_R	BAKTA (ww_fastpOut_reads_R)	COMPLETED	0	183378	1	-	49.0	0.5	3042598912	16014733312	2041434335	1255493
ww_fastpOut_reads_R	BAKTA (ww_fastpOut_reads_R)	COMPLETED	0	172743	1	-	53.5	0.5	3017629696	15418294272	1723974774	3113376
ww_fastpOut_reads_R	BAKTA (ww_fastpOut_reads_R)	COMPLETED	0	208997	1	-	54.2	0.9	4835540992	18003169280	2054237938	3007868
ww_fastpOut_reads_R	BAKTA (ww_fastpOut_reads_R)	COMPLETED	0	182368	1	-	49.1	0.5	3044118528	15586160640	1724544116	3111161
ww_fastpOut_reads_R	BAKTA (ww_fastpOut_reads_R)	COMPLETED	0	157037	1	-	49.3	0.4	3016527872	15090851840	1706915243	1130965
ww_fastpOut_reads_R	BAKTA (ww_fastpOut_reads_R)	COMPLETED	0	216317	1	-	51.8	0.9	4960428032	18006777856	2054260583	3008598
ww_fastpOut_reads_R	BAKTA (ww_fastpOut_reads_R)	COMPLETED	0	221448	1	-	51.6	0.9	4958388224	18057678848	2054923794	3007153
ww_fastpOut_reads_R	BAKTA (ww_fastpOut_reads_R)	COMPLETED	0	190683	1	-	58.6	0.8	4813107200	25671860224	2055099818	3010717
ww_fastpOut_reads_R	BAKTA (ww_fastpOut_reads_R)	COMPLETED	0	184877	1	-	57.6	1.0	6913638400	19953299456	1700623728	1106101
ww_fastpOut_reads_R	BAKTA (ww_fastpOut_reads_R)	COMPLETED	0	210684	1	-	54.3	0.8	4956704768	75780734976	2055067997	3012351
ww_fastpOut_reads_R	BAKTA (ww_fastpOut_reads_R)	COMPLETED	0	167879	1	-	66.9	0.7	4123684864	42419138560	2055195767	3011672
ww_fastpOut_reads_R	BAKTA (ww_fastpOut_reads_R)	COMPLETED	0	232296	1	-	47.5	0.8	4812771328	17856000000	2055194080	3008067
ww_fastpOut_reads_R	BAKTA (ww_fastpOut_reads_R)	COMPLETED	0	208779	1	-	52.6	0.9	4816703488	17920995328	2054980940	3006580
ww_fastpOut_reads_R	BAKTA (ww_fastpOut_reads_R)	COMPLETED	0	179522	1	-	50.8	0.5	3013210112	15502622720	1723560355	3113546
ww_fastpOut_reads_R	BAKTA (ww_fastpOut_reads_R)	COMPLETED	0	202373	1	-	43.7	0.5	3044327424	15582474240	1724591421	3111595
ww_fastpOut_reads_R	BAKTA (ww_fastpOut_reads_R)	COMPLETED	0	60654	1	-	14.7	0.0	393216000	9325510656	74538006	74401
ww_fastpOut_reads_R	BAKTA (ww_fastpOut_reads_R)	COMPLETED	0	151810	1	-	63.7	0.6	3476303872	17279279104	1711640170	2633849
ww_fastpOut_reads_R	BAKTA (ww_fastpOut_reads_R)	COMPLETED	0	189736	1	-	60.0	0.9	4865314816	42377969664	2054275034	3009044
ww_fastpOut_reads_R	BAKTA (ww_fastpOut_reads_R)	COMPLETED	0	183568	1	-	48.5	0.5	3042041856	15161864192	2052114854	1438290
ww_fastpOut_reads_R	BAKTA (ww_fastpOut_reads_R)	COMPLETED	0	200495	1	-	44.3	0.4	3041087488	15582609408	1724413551	3110779
ww_fastpOut_reads_R	BAKTA (ww_fastpOut_reads_R)	COMPLETED	0	196449	1	-	46.9	0.5	3014664192	15443673088	1723727933	3110059
ww_fastpOut_reads_R	BAKTA (ww_fastpOut_reads_R)	COMPLETED	0	190298	1	-	47.3	0.5	3042590720	15520714752	1723709878	3109361
ww_fastpOut_reads_R	BAKTA (ww_fastpOut_reads_R)	COMPLETED	0	205557	1	-	56.3	0.9	4884512768	18056253440	2054557850	3008287
ww_fastpOut_reads_R	BAKTA (ww_fastpOut_reads_R)	COMPLETED	0	170200	1	-	69.5	0.7	4071751680	17172434944	2859549676	19945173
ww_fastpOut_reads_R	BAKTA (ww_fastpOut_reads_R)	COMPLETED	0	187259	1	-	49.8	0.5	3043647488	17372254208	1723956396	3113030
ww_fastpOut_reads_R	BAKTA (ww_fastpOut_reads_R)	COMPLETED	0	174303	1	-	50.8	0.5	3043233792	15633620992	1724267761	3113885
ww_fastpOut_reads_R	BAKTA (ww_fastpOut_reads_R)	COMPLETED	0	165378	1	-	76.4	0.5	3047657472	15564259328	3189947213	27792217
ww_fastpOut_reads_R	BAKTA (ww_fastpOut_reads_R)	COMPLETED	0	209493	1	-	41.9	0.5	3044036608	15495847936	1723989785	3108713
ww_fastpOut_reads_R	BAKTA (ww_fastpOut_reads_R)	COMPLETED	0	159237	1	-	55.0	0.5	3041107968	17307865088	1724157161	3110765
ww_fastpOut_reads_R	BAKTA (ww_fastpOut_reads_R)	COMPLETED	0	185637	1	-	47.7	0.4	3045511168	17310994432	1723382510	3112863
ww_fastpOut_reads_R	BAKTA (ww_fastpOut_reads_R)	COMPLETED	0	168365	1	-	54.3	0.5	3015831552	15674916864	2045281994	1316586
ww_fastpOut_reads_R	BAKTA (ww_fastpOut_reads_R)	COMPLETED	0	175649	1	-	51.7	0.5	3042123776	15495979008	1724307321	3110211
ww_fastpOut_reads_R	BAKTA (ww_fastpOut_reads_R)	COMPLETED	0	142948	1	-	89.2	0.5	3046412288	34134949888	3189882292	27791184
ww_fastpOut_reads_R	BAKTA (ww_fastpOut_reads_R)	COMPLETED	0	198011	1	-	45.1	0.5	3044741120	15457546240	1723035467	3110110
ww_fastpOut_reads_R	BAKTA (ww_fastpOut_reads_R)	COMPLETED	0	188089	1	-	54.3	0.5	3016658944	16026865664	2057998533	1478081
ww_fastpOut_reads_R	BAKTA (ww_fastpOut_reads_R)	COMPLETED	0	167929	1	-	88.6	0.5	3024502784	34101940224	3523630323	36070882
ww_fastpOut_reads_R	BAKTA (ww_fastpOut_reads_R)	COMPLETED	0	177432	1	-	50.3	0.5	3014656000	15446597632	1724180853	3114464
ww_fastpOut_reads_R	BAKTA (ww_fastpOut_reads_R)	COMPLETED	0	235325	1	-	43.8	0.5	3039694848	25679896576	2059541679	1478826
ww_fastpOut_reads_R	BAKTA (ww_fastpOut_reads_R)	COMPLETED	0	35597	1	-	23.8	0.0	291536896	9145483264	75926932	79453
ww_fastpOut_reads_R	BAKTA (ww_fastpOut_reads_R)	COMPLETED	0	172887	1	-	51.6	0.5	3015987200	15578615808	1724282631	3113770
ww_fastpOut_reads_R	BAKTA (ww_fastpOut_reads_R)	COMPLETED	0	182787	1	-	56.5	0.7	3881971712	16991539200	2054642433	1456037
ww_fastpOut_reads_R	BAKTA (ww_fastpOut_reads_R)	COMPLETED	0	210696	1	-	45.1	0.5	3016433664	17355190272	2053220307	1285033
ww_fastpOut_reads_R	BAKTA (ww_fastpOut_reads_R)	COMPLETED	0	197451	1	-	44.9	0.5	3041460224	15513755648	1724613884	3111305
ww_fastpOut_reads_R	BAKTA (ww_fastpOut_reads_R)	COMPLETED	0	168638	1	-	68.5	0.5	3014213632	15718162432	3128074955	27619379
ww_fastpOut_reads_R	BAKTA (ww_fastpOut_reads_R)	COMPLETED	0	187266	1	-	48.0	0.5	3042287616	15513755648	1724608229	3111973
ww_fastpOut_reads_R	BAKTA (ww_fastpOut_reads_R)	COMPLETED	0	211085	1	-	47.6	0.6	3233050624	16304300032	2052891405	1289454
ww_fastpOut_reads_R	BAKTA (ww_fastpOut_reads_R)	COMPLETED	0	209466	1	-	40.8	0.5	3040878592	15081041920	2041624234	2174807
ww_fastpOut_reads_R	BAKTA (ww_fastpOut_reads_R)	COMPLETED	0	194232	1	-	51.2	0.5	3046203392	17396219904	2060661832	1494732
ww_fastpOut_reads_R	BAKTA (ww_fastpOut_reads_R)	COMPLETED	0	139717	1	-	83.7	0.6	3167838208	16149852160	2994794989	23719874
ww_fastpOut_reads_R	BAKTA (ww_fastpOut_reads_R)	COMPLETED	0	183755	1	-	49.2	0.5	3018887168	15508307968	1724154931	3110686
ww_fastpOut_reads_R	BAKTA (ww_fastpOut_reads_R)	COMPLETED	0	32239	1	-	26.9	0.0	392908800	11279781888	74512359	74404
ww_fastpOut_reads_R	BAKTA (ww_fastpOut_reads_R)	COMPLETED	0	190843	1	-	46.7	0.5	3042983936	15568437248	1723892373	3111395
ww_fastpOut_reads_R	BAKTA (ww_fastpOut_reads_R)	COMPLETED	0	168436	1	-	44.9	0.5	3015401472	15302156288	1702269998	1174873
ww_fastpOut_reads_R	BAKTA (ww_fastpOut_reads_R)	COMPLETED	0	229295	1	-	39.2	0.5	3017261056	15232618496	2048398590	1288014
ww_fastpOut_reads_R	BAKTA (ww_fastpOut_reads_R)	COMPLETED	0	181904	1	-	48.2	0.5	3041816576	15515213824	1724187006	3113889
ww_fastpOut_reads_R	BAKTA (ww_fastpOut_reads_R)	COMPLETED	0	169965	1	-	69.8	0.5	3018579968	15402258432	3176958568	27381380
ww_fastpOut_reads_R	BAKTA (ww_fastpOut_reads_R)	COMPLETED	0	158638	1	-	64.0	1.0	5510389760	18654461952	1700531008	1127350
ww_fastpOut_reads_R	BAKTA (ww_fastpOut_reads_R)	COMPLETED	0	197053	1	-	44.4	0.5	3043143680	15432568832	1723791929	3109343
ww_fastpOut_reads_R	BAKTA (ww_fastpOut_reads_R)	COMPLETED	0	229644	1	-	38.9	0.5	3015917568	17308209152	1724461326	3110416
ww_fastpOut_reads_R	BAKTA (ww_fastpOut_reads_R)	COMPLETED	0	225236	1	-	42.7	0.5	3017084928	15110582272	2053411458	1350634
ww_fastpOut_reads_R	BAKTA (ww_fastpOut_reads_R)	COMPLETED	0	189157	1	-	46.0	0.5	3044265984	15435485184	1723551614	3110108
ww_fastpOut_reads_R	BAKTA (ww_fastpOut_reads_R)	COMPLETED	0	222543	1	-	40.6	0.5	3014262784	15512207360	1723673047	3110004
ww_fastpOut_reads_R	BAKTA (ww_fastpOut_reads_R)	COMPLETED	0	27324	1	-	31.3	0.0	283447296	10946445312	72250272	73219
ww_fastpOut_reads_R	BAKTA (ww_fastpOut_reads_R)	COMPLETED	0	195128	1	-	44.8	0.5	3045588992	15536955392	1724425562	3115128
ww_fastpOut_reads_R	BAKTA (ww_fastpOut_reads_R)	COMPLETED	0	226199	1	-	39.5	0.5	3041951744	15860310016	2037443867	1149792
ww_fastpOut_reads_R	BAKTA (ww_fastpOut_reads_R)	COMPLETED	0	208402	1	-	42.5	0.5	3043414016	15458349056	1723754214	3110676
ww_fastpOut_reads_R	BAKTA (ww_fastpOut_reads_R)	COMPLETED	0	163676	1	-	67.4	0.5	3015507968	15342276608	3124659837	26119083
ww_fastpOut_reads_R	BAKTA (ww_fastpOut_reads_R)	COMPLETED	0	175531	1	-	42.9	0.5	3017592832	15130521600	1698369660	1137109
ww_fastpOut_reads_R	BAKTA (ww_fastpOut_reads_R)	COMPLETED	0	185764	1	-	47.8	0.5	3017035776	15513837568	1724542477	3111856
ww_fastpOut_reads_R	BAKTA (ww_fastpOut_reads_R)	COMPLETED	0	173252	1	-	51.1	0.5	3018518528	15488712704	1724625773	3112046
ww_fastpOut_reads_R	BAKTA (ww_fastpOut_reads_R)	COMPLETED	0	190957	1	-	46.1	0.5	3041759232	15595507712	1724430418	3112630
ww_fastpOut_reads_R	BAKTA (ww_fastpOut_reads_R)	COMPLETED	0	184311	1	-	74.4	0.5	3046039552	34027622400	3421389480	33780413
ww_fastpOut_reads_R	BAKTA (ww_fastpOut_reads_R)	COMPLETED	0	212343	1	-	41.8	0.5	3016769536	15513796608	1724259340	3111899
ww_fastpOut_reads_R	BAKTA (ww_fastpOut_reads_R)	COMPLETED	0	178399	1	-	69.7	0.5	3020251136	25752956928	3227872231	28628332
ww_fastpOut_reads_R	BAKTA (ww_fastpOut_reads_R)	COMPLETED	0	181423	1	-	87.7	0.5	3059191808	15773089792	3572906429	38195805
ww_fastpOut_reads_R	BAKTA (ww_fastpOut_reads_R)	COMPLETED	0	186044	1	-	55.2	0.7	4118396928	25730162688	2049892936	1303769
ww_fastpOut_reads_R	BAKTA (ww_fastpOut_reads_R)	COMPLETED	0	181067	1	-	51.6	0.8	4889227264	18059272192	1703394319	1107338
ww_fastpOut_reads_R	BAKTA (ww_fastpOut_reads_R)	COMPLETED	0	183101	1	-	49.7	0.5	3043123200	15494246400	1723998298	3109078
ww_fastpOut_reads_R	BAKTA (ww_fastpOut_reads_R)	COMPLETED	0	163183	1	-	50.9	0.4	3015389184	15319330816	2031756886	1095982
ww_fastpOut_reads_R	BAKTA (ww_fastpOut_reads_R)	COMPLETED	0	192685	1	-	62.9	0.5	3232428032	17341837312	2909308314	22889326
ww_fastpOut_reads_R	BAKTA (ww_fastpOut_reads_R)	COMPLETED	0	170135	1	-	52.4	0.5	3015376896	15466024960	1724788985	3114219
ww_fastpOut_reads_R	BAKTA (ww_fastpOut_reads_R)	COMPLETED	0	198838	1	-	45.1	0.5	3016134656	15552872448	1723673347	3113803
ww_fastpOut_reads_R	BAKTA (ww_fastpOut_reads_R)	COMPLETED	0	234548	1	-	41.1	0.5	3016728576	15874801664	2053120736	1598714
ww_fastpOut_reads_R	BAKTA (ww_fastpOut_reads_R)	COMPLETED	0	195867	1	-	76.6	0.5	3021533184	42379096064	3474925650	36884141
ww_fastpOut_reads_R	BAKTA (ww_fastpOut_reads_R)	COMPLETED	0	203664	1	-	45.3	0.5	3014524928	15508480000	1724239563	3110976
ww_fastpOut_reads_R	BAKTA (ww_fastpOut_reads_R)	COMPLETED	0	150362	1	-	73.7	0.5	3047055360	15217979392	3090205247	26579388
ww_fastpOut_reads_R	BAKTA (ww_fastpOut_reads_R)	COMPLETED	0	211764	1	-	45.8	0.5	3044835328	15888830464	2057535629	1434966
ww_fastpOut_reads_R	BAKTA (ww_fastpOut_reads_R)	COMPLETED	0	160252	1	-	47.6	0.5	3015348224	14637260800	1703003726	1398016
ww_fastpOut_reads_R	BAKTA (ww_fastpOut_reads_R)	COMPLETED	0	226583	1	-	38.6	0.5	3042959360	15213699072	2040674259	2341159
ww_fastpOut_reads_R	BAKTA (ww_fastpOut_reads_R)	COMPLETED	0	185938	1	-	47.3	0.5	3045146624	15630753792	1724632668	3111614
ww_fastpOut_reads_R	BAKTA (ww_fastpOut_reads_R)	COMPLETED	0	210383	1	-	44.0	0.5	3041173504	17373036544	1724099916	3114695
ww_fastpOut_reads_R	BAKTA (ww_fastpOut_reads_R)	COMPLETED	0	152466	1	-	48.6	0.5	3043721216	15161053184	1694868373	1122174
ww_fastpOut_reads_R	BAKTA (ww_fastpOut_reads_R)	COMPLETED	0	347992	1	-	101.5	1.7	5667053568	144572362752	4080662129	72003703
ww_fastpOut_reads_R	BAKTA (ww_fastpOut_reads_R)	COMPLETED	0	165688	1	-	63.3	0.5	3015561216	15181815808	2986071659	22935066
ww_fastpOut_reads_R	BAKTA (ww_fastpOut_reads_R)	COMPLETED	0	169107	1	-	49.1	0.5	3014037504	15144980480	2030993356	1093023
ww_fastpOut_reads_R	BAKTA (ww_fastpOut_reads_R)	COMPLETED	0	164754	1	-	46.7	0.5	3042082816	15103041536	1705548711	1147388
ww_fastpOut_reads_R	BAKTA (ww_fastpOut_reads_R)	COMPLETED	0	193340	1	-	42.5	0.5	3017342976	15061778432	2029161924	1093891
ww_fastpOut_reads_R	BAKTA (ww_fastpOut_reads_R)	COMPLETED	0	214174	1	-	71.5	0.5	3022467072	15313227776	3524179367	36101950
ww_fastpOut_reads_R	BAKTA (ww_fastpOut_reads_R)	COMPLETED	0	184283	1	-	49.5	0.5	3041374208	15478489088	1724900782	3113389
ww_fastpOut_reads_R	BAKTA (ww_fastpOut_reads_R)	COMPLETED	0	176131	1	-	51.0	0.5	3044388864	15584997376	1724072762	3109558
ww_fastpOut_reads_R	BAKTA (ww_fastpOut_reads_R)	COMPLETED	0	185960	1	-	47.3	0.5	3044896768	15523311616	1723835318	3113136
ww_fastpOut_reads_R	BAKTA (ww_fastpOut_reads_R)	COMPLETED	0	174763	1	-	50.9	0.5	3043627008	25705906176	1723253397	3109702
ww_fastpOut_reads_R	BAKTA (ww_fastpOut_reads_R)	COMPLETED	0	223482	1	-	44.3	0.5	3045646336	15823892480	2060535446	1494676
ww_fastpOut_reads_R	BAKTA (ww_fastpOut_reads_R)	COMPLETED	0	181719	1	-	49.3	0.5	3040899072	14724263936	1723718277	3112850
ww_fastpOut_reads_R	BAKTA (ww_fastpOut_reads_R)	COMPLETED	0	177345	1	-	49.0	0.5	3021598720	17376124928	1723829273	3110767
ww_fastpOut_reads_R	BAKTA (ww_fastpOut_reads_R)	COMPLETED	0	168750	1	-	52.0	0.5	3016982528	15635402752	1724015017	3108927
ww_fastpOut_reads_R	BAKTA (ww_fastpOut_reads_R)	COMPLETED	0	194769	1	-	45.7	0.5	3017637888	67314667520	1724220149	3111103
ww_fastpOut_reads_R	BAKTA (ww_fastpOut_reads_R)	COMPLETED	0	187963	1	-	47.0	0.4	3042041856	15561584640	1724169047	3113737
ww_fastpOut_reads_R	BAKTA (ww_fastpOut_reads_R)	COMPLETED	0	199145	1	-	42.9	0.5	3016769536	15615778816	1723965404	3109795
ww_fastpOut_reads_R	BAKTA (ww_fastpOut_reads_R)	COMPLETED	0	180621	1	-	49.0	0.5	3019227136	15556079616	1724246545	3110424
ww_fastpOut_reads_R	BAKTA (ww_fastpOut_reads_R)	COMPLETED	0	180774	1	-	48.1	0.5	3017850880	15509671936	1723613132	3113841
ww_fastpOut_reads_R	BAKTA (ww_fastpOut_reads_R)	COMPLETED	0	201749	1	-	44.0	0.5	3014631424	15421214720	1724217802	3110037
ww_fastpOut_reads_R	BAKTA (ww_fastpOut_reads_R)	COMPLETED	0	174720	1	-	51.3	0.5	3041771520	15455875072	1724166699	3112964
ww_fastpOut_reads_R	BAKTA (ww_fastpOut_reads_R)	COMPLETED	0	188859	1	-	48.4	0.5	3044749312	15434371072	1723718636	3111237
ww_fastpOut_reads_R	BAKTA (ww_fastpOut_reads_R)	COMPLETED	0	203328	1	-	43.6	0.5	3014258688	15593324544	1724193602	3114393
ww_fastpOut_reads_R	BAKTA (ww_fastpOut_reads_R)	COMPLETED	0	170208	1	-	52.1	0.5	3013570560	15538196480	1724544604	3108283
ww_fastpOut_reads_R	BAKTA (ww_fastpOut_reads_R)	COMPLETED	0	159678	1	-	55.5	0.5	3045314560	15423627264	1723770065	3111734
ww_fastpOut_reads_R	BAKTA (ww_fastpOut_reads_R)	COMPLETED	0	162103	1	-	54.2	0.5	3042848768	75711475712	1724222553	3111201
ww_fastpOut_reads_R	BAKTA (ww_fastpOut_reads_R)	COMPLETED	0	169377	1	-	51.7	0.5	3016126464	15508348928	1724142011	3110361
ww_fastpOut_reads_R	BAKTA (ww_fastpOut_reads_R)	COMPLETED	0	165371	1	-	53.2	0.5	3044925440	15635513344	1724619739	3112805
ww_fastpOut_reads_R	BAKTA (ww_fastpOut_reads_R)	COMPLETED	0	172555	1	-	51.8	0.5	3041820672	15430361088	1724029457	3113201
ww_fastpOut_reads_R	BAKTA (ww_fastpOut_reads_R)	COMPLETED	0	172373	1	-	52.7	0.5	3017773056	15445106688	1723613282	3114399
ww_fastpOut_reads_R	BAKTA (ww_fastpOut_reads_R)	COMPLETED	0	176141	1	-	49.8	0.5	3013148672	15494279168	1724251375	3110763
ww_fastpOut_reads_R	BAKTA (ww_fastpOut_reads_R)	COMPLETED	0	153507	1	-	59.7	0.5	3042623488	17307488256	1724165949	3109769
ww_fastpOut_reads_R	BAKTA (ww_fastpOut_reads_R)	COMPLETED	0	179989	1	-	49.6	0.5	3041431552	15533318144	1724716426	3114026
ww_fastpOut_reads_R	BAKTA (ww_fastpOut_reads_R)	COMPLETED	0	162721	1	-	55.6	0.5	3012050944	15442972672	1724446179	3113498
ww_fastpOut_reads_R	BAKTA (ww_fastpOut_reads_R)	COMPLETED	0	175634	1	-	51.2	0.5	3043930112	15625121792	1724713522	3112628
ww_fastpOut_reads_R	BAKTA (ww_fastpOut_reads_R)	COMPLETED	0	166050	1	-	53.5	0.5	3041153024	15549173760	1723870969	3109057
ww_fastpOut_reads_R	BAKTA (ww_fastpOut_reads_R)	COMPLETED	0	160877	1	-	55.6	0.5	3018354688	17373462528	1724904135	3110907
ww_fastpOut_reads_R	BAKTA (ww_fastpOut_reads_R)	COMPLETED	0	157470	1	-	55.9	0.5	3047407616	17375141888	1723937861	3115499
ww_fastpOut_reads_R	BAKTA (ww_fastpOut_reads_R)	COMPLETED	0	168579	1	-	52.3	0.5	3013066752	17306882048	1724008963	3112897
ww_fastpOut_reads_R	BAKTA (ww_fastpOut_reads_R)	COMPLETED	0	177398	1	-	49.5	0.5	3014533120	15541510144	1723966431	3112869
ww_fastpOut_reads_R	BAKTA (ww_fastpOut_reads_R)	COMPLETED	0	177385	1	-	49.8	0.5	3016695808	15550668800	1723321504	3109695
ww_fastpOut_reads_R	BAKTA (ww_fastpOut_reads_R)	COMPLETED	0	154052	1	-	57.3	0.5	3042193408	15449370624	1723401350	3110142
ww_fastpOut_reads_R	BAKTA (ww_fastpOut_reads_R)	COMPLETED	0	162463	1	-	54.5	0.5	3043979264	17373597696	1723293913	3110451
ww_fastpOut_reads_R	BAKTA (ww_fastpOut_reads_R)	COMPLETED	0	189772	1	-	47.2	0.5	3040296960	17308413952	1724422901	3110289
ww_fastpOut_reads_R	BAKTA (ww_fastpOut_reads_R)	COMPLETED	0	163785	1	-	54.1	0.5	3043508224	15482056704	1723785635	3110108
ww_fastpOut_reads_R	BAKTA (ww_fastpOut_reads_R)	COMPLETED	0	174363	1	-	51.1	0.5	3020722176	42387996672	1723439423	3110422
ww_fastpOut_reads_R	BAKTA (ww_fastpOut_reads_R)	COMPLETED	0	169700	1	-	52.7	0.5	3047260160	15655387136	1724348705	3111775
ww_fastpOut_reads_R	BAKTA (ww_fastpOut_reads_R)	COMPLETED	0	176752	1	-	50.9	0.5	3039772672	15484801024	1723673489	3109449
ww_fastpOut_reads_R	BAKTA (ww_fastpOut_reads_R)	COMPLETED	0	149821	1	-	59.0	0.5	3042082816	59045203968	1724122893	3113162
ww_fastpOut_reads_R	BAKTA (ww_fastpOut_reads_R)	COMPLETED	0	167137	1	-	52.7	0.5	3043762176	15482064896	1723655670	3109458
ww_fastpOut_reads_R	BAKTA (ww_fastpOut_reads_R)	COMPLETED	0	171407	1	-	51.4	0.5	3016499200	15617781760	1724012189	3111083
ww_fastpOut_reads_R	BAKTA (ww_fastpOut_reads_R)	COMPLETED	0	173111	1	-	50.9	0.5	3044823040	34041942016	1724433689	3110167
ww_fastpOut_reads_R	BAKTA (ww_fastpOut_reads_R)	COMPLETED	0	156354	1	-	58.5	0.4	3040903168	15507083264	1724729600	3111235
ww_fastpOut_reads_R	BAKTA (ww_fastpOut_reads_R)	COMPLETED	0	176730	1	-	52.0	0.5	3011940352	17371996160	1724517234	3113820
ww_fastpOut_reads_R	BAKTA (ww_fastpOut_reads_R)	COMPLETED	0	171141	1	-	51.8	0.5	3042942976	15660740608	1724708750	3112174
ww_fastpOut_reads_R	BAKTA (ww_fastpOut_reads_R)	COMPLETED	0	173302	1	-	51.3	0.5	3044323328	15561723904	1724349363	3114812
ww_fastpOut_reads_R	BAKTA (ww_fastpOut_reads_R)	COMPLETED	0	173078	1	-	53.5	0.5	3040870400	17305489408	1723903178	3114102
ww_fastpOut_reads_R	BAKTA (ww_fastpOut_reads_R)	COMPLETED	0	164455	1	-	54.5	0.5	3043901440	84041768960	1724231844	3111218
ww_fastpOut_reads_R	BAKTA (ww_fastpOut_reads_R)	COMPLETED	0	176483	1	-	50.2	0.5	3042574336	17310003200	1723778762	3111084
ww_fastpOut_reads_R	BAKTA (ww_fastpOut_reads_R)	COMPLETED	0	186843	1	-	48.2	0.5	3044732928	17373597696	1724416138	3111472
ww_fastpOut_reads_R	BAKTA (ww_fastpOut_reads_R)	COMPLETED	0	175054	1	-	52.1	0.5	3041509376	15630753792	1724097712	3112402
ww_fastpOut_reads_R	BAKTA (ww_fastpOut_reads_R)	COMPLETED	0	176945	1	-	52.1	0.5	3045953536	15496159232	1724932626	3110312
ww_fastpOut_reads_R	BAKTA (ww_fastpOut_reads_R)	COMPLETED	0	166255	1	-	53.6	0.5	3045437440	15552753664	1724329200	3111368
ww_fastpOut_reads_R	BAKTA (ww_fastpOut_reads_R)	COMPLETED	0	185169	1	-	48.5	0.5	3043028992	15432966144	1723844395	3111522
ww_fastpOut_reads_R	BAKTA (ww_fastpOut_reads_R)	COMPLETED	0	167793	1	-	53.6	0.5	3044859904	15481937920	1724430976	3108984
ww_fastpOut_reads_R	BAKTA (ww_fastpOut_reads_R)	COMPLETED	0	197632	1	-	45.7	0.4	3039350784	17306931200	1724461009	3110283
ww_fastpOut_reads_R	BAKTA (ww_fastpOut_reads_R)	COMPLETED	0	176649	1	-	52.5	0.5	3043241984	34045779968	1724047948	3110840
ww_fastpOut_reads_R	BAKTA (ww_fastpOut_reads_R)	COMPLETED	0	155703	1	-	56.1	0.5	3044913152	25651605504	1724020481	3113135
ww_fastpOut_reads_R	BAKTA (ww_fastpOut_reads_R)	COMPLETED	0	156891	1	-	55.8	0.5	3041075200	15487082496	1724899130	3112360
ww_fastpOut_reads_R	BAKTA (ww_fastpOut_reads_R)	COMPLETED	0	176929	1	-	51.0	0.5	3043332096	15513866240	1724692273	3110369
ww_fastpOut_reads_R	BAKTA (ww_fastpOut_reads_R)	COMPLETED	0	180870	1	-	48.9	0.5	3044917248	15459438592	1723816159	3112396
ww_fastpOut_reads_R	BAKTA (ww_fastpOut_reads_R)	COMPLETED	0	163230	1	-	54.8	0.5	3040583680	15427620864	1724293849	3113463
ww_fastpOut_reads_R	BAKTA (ww_fastpOut_reads_R)	COMPLETED	0	188100	1	-	47.2	0.5	3048198144	15526531072	1724266638	3112131
ww_fastpOut_reads_R	BAKTA (ww_fastpOut_reads_R)	COMPLETED	0	174753	1	-	50.8	0.5	3042144256	15422791680	1723858475	3112499
ww_fastpOut_reads_R	BAKTA (ww_fastpOut_reads_R)	COMPLETED	0	153727	1	-	57.3	0.5	3014561792	25705398272	1724160484	3109650
ww_fastpOut_reads_R	BAKTA (ww_fastpOut_reads_R)	COMPLETED	0	187626	1	-	48.3	0.5	3038724096	34040295424	1724066237	3112928
ww_fastpOut_reads_R	BAKTA (ww_fastpOut_reads_R)	COMPLETED	0	181443	1	-	48.8	0.5	3043659776	15513845760	1723979865	3110260
ww_fastpOut_reads_R	BAKTA (ww_fastpOut_reads_R)	COMPLETED	0	195887	1	-	48.0	0.5	3039305728	15509131264	1723895043	3111549
ww_fastpOut_reads_R	BAKTA (ww_fastpOut_reads_R)	COMPLETED	0	183383	1	-	49.3	0.5	3014008832	15442989056	1724019635	3113176
ww_fastpOut_reads_R	BAKTA (ww_fastpOut_reads_R)	COMPLETED	0	176826	1	-	50.9	0.5	3015958528	15410479104	1724769930	3109841
ww_fastpOut_reads_R	BAKTA (ww_fastpOut_reads_R)	COMPLETED	0	153006	1	-	58.0	0.5	3016204288	15428853760	1724945728	3111578
ww_fastpOut_reads_R	BAKTA (ww_fastpOut_reads_R)	COMPLETED	0	174109	1	-	50.7	0.5	3042295808	42323206144	1725210677	3110034
ww_fastpOut_reads_R	BAKTA (ww_fastpOut_reads_R)	COMPLETED	0	143935	1	-	61.9	0.5	3043012608	15485640704	1724505286	3109455
ww_fastpOut_reads_R	BAKTA (ww_fastpOut_reads_R)	COMPLETED	0	166102	1	-	53.3	0.5	3045924864	15620001792	1724814236	3110921
ww_fastpOut_reads_R	BAKTA (ww_fastpOut_reads_R)	COMPLETED	0	160449	1	-	57.5	0.5	3015643136	15536361472	1723532006	3108766
ww_fastpOut_reads_R	BAKTA (ww_fastpOut_reads_R)	COMPLETED	0	160490	1	-	54.8	0.5	3046354944	15523491840	1724723667	3111012
ww_fastpOut_reads_R	BAKTA (ww_fastpOut_reads_R)	COMPLETED	0	174536	1	-	50.1	0.5	3014619136	15568293888	1724379410	3110000
ww_fastpOut_reads_R	BAKTA (ww_fastpOut_reads_R)	COMPLETED	0	163038	1	-	55.0	0.5	3043426304	17373163520	1723523000	3110146
ww_fastpOut_reads_R	BAKTA (ww_fastpOut_reads_R)	COMPLETED	0	176477	1	-	51.5	0.5	3041505280	17371910144	1724740288	3110143
ww_fastpOut_reads_R	BAKTA (ww_fastpOut_reads_R)	COMPLETED	0	177383	1	-	51.8	0.5	3040649216	15576326144	1724062113	3111557
ww_fastpOut_reads_R	BAKTA (ww_fastpOut_reads_R)	COMPLETED	0	176259	1	-	50.0	0.5	3043237888	15485640704	1724571967	3111739
ww_fastpOut_reads_R	BAKTA (ww_fastpOut_reads_R)	COMPLETED	0	172558	1	-	51.4	0.4	3044012032	17308856320	1724005270	3109364
ww_fastpOut_reads_R	BAKTA (ww_fastpOut_reads_R)	COMPLETED	0	185878	1	-	48.9	0.5	3042193408	15600562176	1724310628	3113290
ww_fastpOut_reads_R	BAKTA (ww_fastpOut_reads_R)	COMPLETED	0	159387	1	-	55.4	0.5	3015999488	15635361792	1724284516	3110722
ww_fastpOut_reads_R	BAKTA (ww_fastpOut_reads_R)	COMPLETED	0	158189	1	-	56.0	0.5	3018272768	15501533184	1723547493	3109474
ww_fastpOut_reads_R	BAKTA (ww_fastpOut_reads_R)	COMPLETED	0	175621	1	-	50.9	0.5	3043385344	15533326336	1724709542	3114496
ww_fastpOut_reads_R	BAKTA (ww_fastpOut_reads_R)	COMPLETED	0	182590	1	-	49.3	0.5	3039911936	15467970560	1724060808	3113642
ww_fastpOut_reads_R	BAKTA (ww_fastpOut_reads_R)	COMPLETED	0	183520	1	-	48.6	0.5	3046604800	15444631552	1724878821	3110447
ww_fastpOut_reads_R	BAKTA (ww_fastpOut_reads_R)	COMPLETED	0	181467	1	-	49.1	0.5	3040849920	58968301568	1724223314	3111968
ww_fastpOut_reads_R	BAKTA (ww_fastpOut_reads_R)	COMPLETED	0	192470	1	-	46.0	0.5	3043762176	15494037504	1724693507	3113962
ww_fastpOut_reads_R	BAKTA (ww_fastpOut_reads_R)	COMPLETED	0	188584	1	-	48.1	0.5	3041280000	15485644800	1724498946	3110654
ww_fastpOut_reads_R	BAKTA (ww_fastpOut_reads_R)	COMPLETED	0	186233	1	-	47.5	0.5	3015979008	15617839104	1724586844	3111011
ww_fastpOut_reads_R	BAKTA (ww_fastpOut_reads_R)	COMPLETED	0	186709	1	-	48.5	0.5	3041873920	15520923648	1723545901	3113777
ww_fastpOut_reads_R	BAKTA (ww_fastpOut_reads_R)	COMPLETED	0	175708	1	-	50.7	0.5	3040665600	15583092736	1723979402	3112153
ww_fastpOut_reads_R	BAKTA (ww_fastpOut_reads_R)	COMPLETED	0	172232	1	-	51.5	0.5	3015958528	15536361472	1724200440	3108995
ww_fastpOut_reads_R	BAKTA (ww_fastpOut_reads_R)	COMPLETED	0	179078	1	-	49.3	0.5	3039399936	15582871552	1723847860	3109580
ww_fastpOut_reads_R	BAKTA (ww_fastpOut_reads_R)	COMPLETED	0	219452	1	-	41.4	0.5	3040645120	15485640704	1724451128	3110533
ww_fastpOut_reads_R	BAKTA (ww_fastpOut_reads_R)	COMPLETED	0	211995	1	-	43.0	0.5	3044515840	17314066432	1724408432	3109506
ww_fastpOut_reads_R	BAKTA (ww_fastpOut_reads_R)	COMPLETED	0	185631	1	-	47.8	0.5	3016822784	42311041024	1723742683	3109724
ww_fastpOut_reads_R	BAKTA (ww_fastpOut_reads_R)	COMPLETED	0	177307	1	-	50.6	0.5	3044839424	15481942016	1724028284	3109769
ww_fastpOut_reads_R	BAKTA (ww_fastpOut_reads_R)	COMPLETED	0	160770	1	-	56.2	0.5	3042869248	15533330432	1724633089	3114821
ww_fastpOut_reads_R	BAKTA (ww_fastpOut_reads_R)	COMPLETED	0	170881	1	-	54.1	0.5	3043958784	59064246272	1723960289	3113991
ww_fastpOut_reads_R	BAKTA (ww_fastpOut_reads_R)	COMPLETED	0	199473	1	-	44.4	0.5	3015839744	17307668480	1724333045	3113827
ww_fastpOut_reads_R	BAKTA (ww_fastpOut_reads_R)	COMPLETED	0	170680	1	-	52.6	0.5	3014053888	59036438528	1724587379	3110452
ww_fastpOut_reads_R	BAKTA (ww_fastpOut_reads_R)	COMPLETED	0	191289	1	-	47.7	0.5	3016646656	15573348352	1724305606	3112440
ww_fastpOut_reads_R	BAKTA (ww_fastpOut_reads_R)	COMPLETED	0	180644	1	-	50.5	0.5	3044540416	15513997312	1724471340	3111072
ww_fastpOut_reads_R	BAKTA (ww_fastpOut_reads_R)	COMPLETED	0	180378	1	-	49.7	0.5	3041710080	50701889536	1723768127	3109966
ww_fastpOut_reads_R	BAKTA (ww_fastpOut_reads_R)	COMPLETED	0	171652	1	-	53.4	0.5	3044892672	15494238208	1724730617	3114174
ww_fastpOut_reads_R	BAKTA (ww_fastpOut_reads_R)	COMPLETED	0	175809	1	-	51.2	0.5	3018104832	17310822400	1724820884	3111712
ww_fastpOut_reads_R	BAKTA (ww_fastpOut_reads_R)	COMPLETED	0	170537	1	-	52.6	0.5	3043979264	15558012928	1724500627	3113393
ww_fastpOut_reads_R	BAKTA (ww_fastpOut_reads_R)	COMPLETED	0	183049	1	-	48.2	0.5	3017056256	17309290496	1723728069	3114103
ww_fastpOut_reads_R	BAKTA (ww_fastpOut_reads_R)	COMPLETED	0	182309	1	-	49.8	0.5	3044163584	15485640704	1724336936	3110962
ww_fastpOut_reads_R	BAKTA (ww_fastpOut_reads_R)	COMPLETED	0	172382	1	-	50.6	0.5	3045310464	15444971520	1724641141	3110702
ww_fastpOut_reads_R	BAKTA (ww_fastpOut_reads_R)	COMPLETED	0	168018	1	-	53.0	0.5	3044007936	15443144704	1724514348	3112243
ww_fastpOut_reads_R	BAKTA (ww_fastpOut_reads_R)	COMPLETED	0	136741	1	-	63.5	0.5	3042783232	15489421312	1724006722	3108901
ww_fastpOut_reads_R	BAKTA (ww_fastpOut_reads_R)	COMPLETED	0	162903	1	-	53.9	0.5	3043196928	15506784256	1724129496	3113563
ww_fastpOut_reads_R	BAKTA (ww_fastpOut_reads_R)	COMPLETED	0	163872	1	-	53.0	0.4	3043631104	15424434176	1723923826	3112348
ww_fastpOut_reads_R	BAKTA (ww_fastpOut_reads_R)	COMPLETED	0	164610	1	-	53.5	0.5	3044712448	15513595904	1723923913	3110301
ww_fastpOut_reads_R	BAKTA (ww_fastpOut_reads_R)	COMPLETED	0	188315	1	-	46.3	0.5	3017089024	15414964224	1723127718	3109515
ww_fastpOut_reads_R	BAKTA (ww_fastpOut_reads_R)	COMPLETED	0	164502	1	-	53.6	0.5	3015524352	17374072832	1723599212	3110051
ww_fastpOut_reads_R	BAKTA (ww_fastpOut_reads_R)	COMPLETED	0	181642	1	-	48.5	0.5	3044769792	15425216512	1724188089	3113028
ww_fastpOut_reads_R	BAKTA (ww_fastpOut_reads_R)	COMPLETED	0	181664	1	-	48.7	0.5	3046117376	15427973120	1723754359	3113631
ww_fastpOut_reads_R	BAKTA (ww_fastpOut_reads_R)	COMPLETED	0	165655	1	-	53.3	0.5	3042488320	15515979776	1724077503	3111116
ww_fastpOut_reads_R	BAKTA (ww_fastpOut_reads_R)	COMPLETED	0	171515	1	-	52.6	0.5	3042148352	15586029568	1724403800	3113017
ww_fastpOut_reads_R	BAKTA (ww_fastpOut_reads_R)	COMPLETED	0	163747	1	-	53.7	0.5	3014197248	15413473280	1724650293	3111324
ww_fastpOut_reads_R	BAKTA (ww_fastpOut_reads_R)	COMPLETED	0	160638	1	-	54.6	0.5	3017060352	34045284352	1724355003	3112946
ww_fastpOut_reads_R	BAKTA (ww_fastpOut_reads_R)	COMPLETED	0	181817	1	-	48.9	0.5	3044540416	15558332416	1724296682	3110380
ww_fastpOut_reads_R	BAKTA (ww_fastpOut_reads_R)	COMPLETED	0	214889	1	-	42.9	0.5	3013423104	42375241728	1723548226	3110590
ww_fastpOut_reads_R	BAKTA (ww_fastpOut_reads_R)	COMPLETED	0	180577	1	-	49.0	0.5	3043819520	42312474624	1722817575	3113711
ww_fastpOut_reads_R	BAKTA (ww_fastpOut_reads_R)	COMPLETED	0	179023	1	-	49.4	0.5	3044425728	15556407296	1723659546	3110263
ww_fastpOut_reads_R	BAKTA (ww_fastpOut_reads_R)	COMPLETED	0	190601	1	-	46.2	0.4	3042951168	15421964288	1723932689	3110807
ww_fastpOut_reads_R	BAKTA (ww_fastpOut_reads_R)	COMPLETED	0	187572	1	-	48.7	0.5	3042496512	15583092736	1724058847	3111292
ww_fastpOut_reads_R	BAKTA (ww_fastpOut_reads_R)	COMPLETED	0	165979	1	-	53.5	0.5	3018366976	67339243520	1724025354	3109618
ww_fastpOut_reads_R	BAKTA (ww_fastpOut_reads_R)	COMPLETED	0	159342	1	-	54.9	0.4	3039035392	15491215360	1724654669	3110807
ww_fastpOut_reads_R	BAKTA (ww_fastpOut_reads_R)	COMPLETED	0	159176	1	-	55.0	0.5	3043553280	42372460544	1724138004	3111603
ww_fastpOut_reads_R	BAKTA (ww_fastpOut_reads_R)	COMPLETED	0	163553	1	-	54.5	0.5	3012595712	15647903744	1724224185	3115380
ww_fastpOut_reads_R	BAKTA (ww_fastpOut_reads_R)	COMPLETED	0	201520	1	-	43.8	0.5	3046649856	15506788352	1723315817	3112958
ww_fastpOut_reads_R	BAKTA (ww_fastpOut_reads_R)	COMPLETED	0	152789	1	-	56.7	0.5	3016540160	15450173440	1724112416	3114681
ww_fastpOut_reads_R	BAKTA (ww_fastpOut_reads_R)	COMPLETED	0	162661	1	-	54.4	0.5	3042045952	100712943616	1723602440	3112052
ww_fastpOut_reads_R	BAKTA (ww_fastpOut_reads_R)	COMPLETED	0	167428	1	-	52.7	0.5	3045117952	15515979776	1724418163	3111267
ww_fastpOut_reads_R	BAKTA (ww_fastpOut_reads_R)	COMPLETED	0	179720	1	-	48.8	0.5	3044323328	59057618944	1723546495	3110917
ww_fastpOut_reads_R	BAKTA (ww_fastpOut_reads_R)	COMPLETED	0	184515	1	-	48.1	0.5	3041517568	15623507968	1723915716	3110189
ww_fastpOut_reads_R	BAKTA (ww_fastpOut_reads_R)	COMPLETED	0	170678	1	-	51.6	0.5	3046187008	33989545984	1724301945	3110171
ww_fastpOut_reads_R	BAKTA (ww_fastpOut_reads_R)	COMPLETED	0	182919	1	-	49.6	0.5	3041730560	15426015232	1724551933	3110656
ww_fastpOut_reads_R	BAKTA (ww_fastpOut_reads_R)	COMPLETED	0	172377	1	-	51.7	0.5	3043745792	15489290240	1723543477	3109508
ww_fastpOut_reads_R	BAKTA (ww_fastpOut_reads_R)	COMPLETED	0	180138	1	-	48.7	0.5	3041751040	15558463488	1724283840	3113146
ww_fastpOut_reads_R	BAKTA (ww_fastpOut_reads_R)	COMPLETED	0	180632	1	-	49.9	0.5	3014156288	15628324864	1724099323	3113427
ww_fastpOut_reads_R	BAKTA (ww_fastpOut_reads_R)	COMPLETED	0	167618	1	-	52.8	0.5	3041546240	15558156288	1723475399	3109335
ww_fastpOut_reads_R	BAKTA (ww_fastpOut_reads_R)	COMPLETED	0	168761	1	-	53.2	0.5	3043659776	15214997504	1723766299	3110578
ww_fastpOut_reads_R	BAKTA (ww_fastpOut_reads_R)	COMPLETED	0	173039	1	-	53.2	0.5	3049242624	15094415360	2056112718	3038136
ww_fastpOut_reads_R	BAKTA (ww_fastpOut_reads_R)	COMPLETED	0	177581	1	-	49.8	0.4	3015925760	75635544064	1723879911	3112777
ww_fastpOut_reads_R	BAKTA (ww_fastpOut_reads_R)	COMPLETED	0	182136	1	-	48.5	0.5	3044081664	15508738048	1723593503	3109936
ww_fastpOut_reads_R	BAKTA (ww_fastpOut_reads_R)	COMPLETED	0	188432	1	-	46.9	0.5	3017875456	17309339648	1723768267	3110659
ww_fastpOut_reads_R	BAKTA (ww_fastpOut_reads_R)	COMPLETED	0	190652	1	-	48.5	0.5	3043299328	15145103360	2056506687	3042128
ww_fastpOut_reads_R	BAKTA (ww_fastpOut_reads_R)	COMPLETED	0	181129	1	-	48.8	0.3	3043426304	15514906624	1724596269	3110108
ww_fastpOut_reads_R	BAKTA (ww_fastpOut_reads_R)	COMPLETED	0	189007	1	-	47.6	0.5	3047075840	15660769280	1724190181	3114316
ww_fastpOut_reads_R	BAKTA (ww_fastpOut_reads_R)	COMPLETED	0	154005	1	-	58.3	0.5	3042729984	15499399168	1723969630	3112504
ww_fastpOut_reads_R	BAKTA (ww_fastpOut_reads_R)	COMPLETED	0	153750	1	-	60.1	0.5	3042701312	17383198720	2056805478	3042000
ww_fastpOut_reads_R	BAKTA (ww_fastpOut_reads_R)	COMPLETED	0	181714	1	-	51.5	0.5	3041099776	15266574336	2056573298	3040785
ww_fastpOut_reads_R	BAKTA (ww_fastpOut_reads_R)	COMPLETED	0	185657	1	-	50.2	0.5	3044134912	15157596160	2056701325	3038821
ww_fastpOut_reads_R	BAKTA (ww_fastpOut_reads_R)	COMPLETED	0	179481	1	-	51.3	0.5	3038748672	15516106752	1724813550	3111829
ww_fastpOut_reads_R	BAKTA (ww_fastpOut_reads_R)	COMPLETED	0	168729	1	-	53.8	0.5	3013267456	17307897856	1724413927	3113582
ww_fastpOut_reads_R	BAKTA (ww_fastpOut_reads_R)	COMPLETED	0	171050	1	-	55.7	0.5	3045191680	50886295552	2055964475	3038262
ww_fastpOut_reads_R	BAKTA (ww_fastpOut_reads_R)	COMPLETED	0	166591	1	-	53.7	0.5	3043344384	15487496192	1723785177	3113446
ww_fastpOut_reads_R	BAKTA (ww_fastpOut_reads_R)	COMPLETED	0	198294	1	-	47.2	0.5	3039870976	17383936000	2056840922	3038305
ww_fastpOut_reads_R	BAKTA (ww_fastpOut_reads_R)	COMPLETED	0	159494	1	-	55.9	0.5	3043569664	15508742144	1723542723	3111332
ww_fastpOut_reads_R	BAKTA (ww_fastpOut_reads_R)	COMPLETED	0	172757	1	-	52.8	0.5	3044962304	15489277952	1723821491	3114411
ww_fastpOut_reads_R	BAKTA (ww_fastpOut_reads_R)	COMPLETED	0	140931	1	-	62.6	0.4	3018981376	15417233408	1724392983	3111974
ww_fastpOut_reads_R	BAKTA (ww_fastpOut_reads_R)	COMPLETED	0	177030	1	-	50.1	0.5	3015569408	15543721984	1723015225	3110704
ww_fastpOut_reads_R	BAKTA (ww_fastpOut_reads_R)	COMPLETED	0	173059	1	-	52.3	0.5	3041832960	34039832576	1723884353	3109449
ww_fastpOut_reads_R	BAKTA (ww_fastpOut_reads_R)	COMPLETED	0	160746	1	-	56.2	0.5	3017699328	17312772096	1724755263	3109562
ww_fastpOut_reads_R	BAKTA (ww_fastpOut_reads_R)	COMPLETED	0	156073	1	-	57.2	0.5	3044380672	15451725824	1724051535	3111778
ww_fastpOut_reads_R	BAKTA (ww_fastpOut_reads_R)	COMPLETED	0	181332	1	-	51.2	0.5	3012890624	15188566016	2057077901	3039394
ww_fastpOut_reads_R	BAKTA (ww_fastpOut_reads_R)	COMPLETED	0	169535	1	-	54.7	0.5	3039690752	15067942912	2056370923	3041251
ww_fastpOut_reads_R	BAKTA (ww_fastpOut_reads_R)	COMPLETED	0	169839	1	-	54.6	0.5	3043745792	15157587968	2057115599	3038586
ww_fastpOut_reads_R	BAKTA (ww_fastpOut_reads_R)	COMPLETED	0	171595	1	-	53.4	0.5	3038572544	15444631552	1723874380	3110862
ww_fastpOut_reads_R	BAKTA (ww_fastpOut_reads_R)	COMPLETED	0	187506	1	-	47.9	0.5	3044360192	15487492096	1723766683	3112997
ww_fastpOut_reads_R	BAKTA (ww_fastpOut_reads_R)	COMPLETED	0	183872	1	-	49.3	0.5	3041869824	58985324544	1723594921	3111044
ww_fastpOut_reads_R	BAKTA (ww_fastpOut_reads_R)	COMPLETED	0	188263	1	-	47.7	0.5	3046821888	15589163008	1724729424	3112461
ww_fastpOut_reads_R	BAKTA (ww_fastpOut_reads_R)	COMPLETED	0	142840	1	-	61.9	0.5	3042308096	15491436544	1723638178	3110278
ww_fastpOut_reads_R	BAKTA (ww_fastpOut_reads_R)	COMPLETED	0	173020	1	-	52.0	0.5	3016130560	15608901632	1723616683	3113739
ww_fastpOut_reads_R	BAKTA (ww_fastpOut_reads_R)	COMPLETED	0	168381	1	-	55.1	0.5	3016155136	15496183808	1724022009	3110209
ww_fastpOut_reads_R	BAKTA (ww_fastpOut_reads_R)	COMPLETED	0	173944	1	-	53.8	0.5	3041751040	15561347072	1724324545	3108851
ww_fastpOut_reads_R	BAKTA (ww_fastpOut_reads_R)	COMPLETED	0	182935	1	-	52.0	0.5	3043512320	34123866112	2056614803	3038008
ww_fastpOut_reads_R	BAKTA (ww_fastpOut_reads_R)	COMPLETED	0	184525	1	-	50.3	0.5	3041398784	15213727744	2056262869	3038678
ww_fastpOut_reads_R	BAKTA (ww_fastpOut_reads_R)	COMPLETED	0	183076	1	-	51.8	0.5	3016695808	67447554048	2056760730	3040063
ww_fastpOut_reads_R	BAKTA (ww_fastpOut_reads_R)	COMPLETED	0	185119	1	-	49.5	0.5	3042136064	50777366528	2056455576	3038530
ww_fastpOut_reads_R	BAKTA (ww_fastpOut_reads_R)	COMPLETED	0	165380	1	-	55.1	0.5	3046457344	15508869120	1723292867	3110996
ww_fastpOut_reads_R	BAKTA (ww_fastpOut_reads_R)	COMPLETED	0	188315	1	-	47.8	0.5	3042869248	15444819968	1723660645	3111590
ww_fastpOut_reads_R	BAKTA (ww_fastpOut_reads_R)	COMPLETED	0	188138	1	-	50.1	0.5	3039916032	15065792512	2056550049	3042475
ww_fastpOut_reads_R	BAKTA (ww_fastpOut_reads_R)	COMPLETED	0	197834	1	-	45.6	0.5	3042926592	15623512064	1724116498	3110997
ww_fastpOut_reads_R	BAKTA (ww_fastpOut_reads_R)	COMPLETED	0	163265	1	-	54.0	0.5	3043598336	42382663680	1723997256	3112403
ww_fastpOut_reads_R	BAKTA (ww_fastpOut_reads_R)	COMPLETED	0	197905	1	-	47.1	0.5	3041546240	15272116224	2057125115	3039775
ww_fastpOut_reads_R	BAKTA (ww_fastpOut_reads_R)	COMPLETED	0	159301	1	-	56.9	0.5	3046625280	15558455296	1724179228	3112287
ww_fastpOut_reads_R	BAKTA (ww_fastpOut_reads_R)	COMPLETED	0	150256	1	-	59.9	0.5	3043885056	15646216192	1724200553	3110206
ww_fastpOut_reads_R	BAKTA (ww_fastpOut_reads_R)	COMPLETED	0	183642	1	-	50.2	0.5	3016323072	84235739136	2056508049	3039858
ww_fastpOut_reads_R	BAKTA (ww_fastpOut_reads_R)	COMPLETED	0	165976	1	-	54.1	0.5	3042721792	17372475392	1724527686	3114042
ww_fastpOut_reads_R	BAKTA (ww_fastpOut_reads_R)	COMPLETED	0	188741	1	-	49.9	0.5	3045711872	25759457280	2057083283	3039866
ww_fastpOut_reads_R	BAKTA (ww_fastpOut_reads_R)	COMPLETED	0	187898	1	-	48.8	0.5	3043360768	15137902592	2056753492	3041214
ww_fastpOut_reads_R	BAKTA (ww_fastpOut_reads_R)	COMPLETED	0	163102	1	-	54.9	0.5	3046649856	15558328320	1724411069	3111554
ww_fastpOut_reads_R	BAKTA (ww_fastpOut_reads_R)	COMPLETED	0	164416	1	-	54.4	0.5	3042226176	15489282048	1724284818	3114748
ww_fastpOut_reads_R	BAKTA (ww_fastpOut_reads_R)	COMPLETED	0	208880	1	-	43.6	0.5	3012526080	15515885568	1724064110	3114633
ww_fastpOut_reads_R	BAKTA (ww_fastpOut_reads_R)	COMPLETED	0	185002	1	-	49.4	0.5	3017310208	17306210304	1724096431	3111412
ww_fastpOut_reads_R	BAKTA (ww_fastpOut_reads_R)	COMPLETED	0	178179	1	-	52.5	0.5	3043557376	15215906816	2056230255	3042199
ww_fastpOut_reads_R	BAKTA (ww_fastpOut_reads_R)	COMPLETED	0	151616	1	-	59.9	0.5	3016454144	15503249408	1723518455	3112126
ww_fastpOut_reads_R	BAKTA (ww_fastpOut_reads_R)	COMPLETED	0	185727	1	-	51.1	0.5	3014688768	17329795072	2057228258	3040547
ww_fastpOut_reads_R	BAKTA (ww_fastpOut_reads_R)	COMPLETED	0	179834	1	-	52.6	0.5	3013160960	17385984000	2056736954	3040471
ww_fastpOut_reads_R	BAKTA (ww_fastpOut_reads_R)	COMPLETED	0	171578	1	-	54.3	0.5	3046514688	15132479488	2056171347	3042315
ww_fastpOut_reads_R	BAKTA (ww_fastpOut_reads_R)	COMPLETED	0	190267	1	-	46.9	0.4	3043794944	15515983872	1723749425	3112840
ww_fastpOut_reads_R	BAKTA (ww_fastpOut_reads_R)	COMPLETED	0	167314	1	-	53.2	0.5	3015524352	15413620736	1724052103	3111393
ww_fastpOut_reads_R	BAKTA (ww_fastpOut_reads_R)	COMPLETED	0	193747	1	-	48.9	0.5	3047469056	34115080192	2057261374	3039575
ww_fastpOut_reads_R	BAKTA (ww_fastpOut_reads_R)	COMPLETED	0	153858	1	-	59.9	0.5	3013926912	15061815296	2057387410	3043281
ww_fastpOut_reads_R	BAKTA (ww_fastpOut_reads_R)	COMPLETED	0	180821	1	-	51.3	0.5	3040591872	15199465472	2056407423	3041547
ww_fastpOut_reads_R	BAKTA (ww_fastpOut_reads_R)	COMPLETED	0	178712	1	-	52.0	0.5	3039711232	15083151360	2056869572	3038984
ww_fastpOut_reads_R	BAKTA (ww_fastpOut_reads_R)	COMPLETED	0	186955	1	-	49.1	0.5	3015237632	15133933568	2056594390	3037498
ww_fastpOut_reads_R	BAKTA (ww_fastpOut_reads_R)	COMPLETED	0	176042	1	-	52.9	0.5	3040641024	15146622976	2056969813	3038278
ww_fastpOut_reads_R	BAKTA (ww_fastpOut_reads_R)	COMPLETED	0	182681	1	-	51.3	0.5	3015143424	15125168128	2056956626	3039976
ww_fastpOut_reads_R	BAKTA (ww_fastpOut_reads_R)	COMPLETED	0	180315	1	-	52.0	0.5	3016335360	15058423808	2056601158	3042562
ww_fastpOut_reads_R	BAKTA (ww_fastpOut_reads_R)	COMPLETED	0	188603	1	-	48.8	0.5	3043110912	15073685504	2056603520	3039315
ww_fastpOut_reads_R	BAKTA (ww_fastpOut_reads_R)	COMPLETED	0	193386	1	-	50.1	0.5	3013541888	15144787968	2056148272	3040311
ww_fastpOut_reads_R	BAKTA (ww_fastpOut_reads_R)	COMPLETED	0	179947	1	-	50.9	0.5	3044753408	59091103744	2056638000	3038985
ww_fastpOut_reads_R	BAKTA (ww_fastpOut_reads_R)	COMPLETED	0	208106	1	-	46.1	0.5	3041660928	15264837632	2056885621	3042626
ww_fastpOut_reads_R	BAKTA (ww_fastpOut_reads_R)	COMPLETED	0	197732	1	-	46.6	0.5	3013066752	15186788352	2056124511	3041531
ww_fastpOut_reads_R	BAKTA (ww_fastpOut_reads_R)	COMPLETED	0	198719	1	-	46.4	0.4	3042476032	15146737664	2056442262	3042552
ww_fastpOut_reads_R	BAKTA (ww_fastpOut_reads_R)	COMPLETED	0	180515	1	-	52.3	0.5	3043442688	15157460992	2056426689	3039600
ww_fastpOut_reads_R	BAKTA (ww_fastpOut_reads_R)	COMPLETED	0	185273	1	-	50.3	0.5	3011411968	15055937536	2056809546	3039343
ww_fastpOut_reads_R	BAKTA (ww_fastpOut_reads_R)	COMPLETED	0	173263	1	-	54.2	0.5	3040489472	15068672000	2056996931	3039483
ww_fastpOut_reads_R	BAKTA (ww_fastpOut_reads_R)	COMPLETED	0	195193	1	-	48.7	0.5	3038978048	15134142464	2056941301	3040809
ww_fastpOut_reads_R	BAKTA (ww_fastpOut_reads_R)	COMPLETED	0	159937	1	-	57.3	0.5	3044560896	15146622976	2056169800	3039452
ww_fastpOut_reads_R	BAKTA (ww_fastpOut_reads_R)	COMPLETED	0	168213	1	-	54.6	0.5	3014328320	15130542080	2057079855	3038787
ww_fastpOut_reads_R	BAKTA (ww_fastpOut_reads_R)	COMPLETED	0	167318	1	-	55.4	0.5	3041091584	15224700928	2056762502	3039329
ww_fastpOut_reads_R	BAKTA (ww_fastpOut_reads_R)	COMPLETED	0	176328	1	-	52.3	0.5	3015913472	50842427392	2056382250	3040138
ww_fastpOut_reads_R	BAKTA (ww_fastpOut_reads_R)	COMPLETED	0	168965	1	-	54.2	0.5	3042766848	25736880128	2055904953	3043817
ww_fastpOut_reads_R	BAKTA (ww_fastpOut_reads_R)	COMPLETED	0	174727	1	-	52.5	0.5	3041300480	109166972928	2056348306	3041925
ww_fastpOut_reads_R	BAKTA (ww_fastpOut_reads_R)	COMPLETED	0	181116	1	-	51.3	0.5	3014819840	15121588224	2057408866	3040066
ww_fastpOut_reads_R	BAKTA (ww_fastpOut_reads_R)	COMPLETED	0	185657	1	-	49.9	0.5	3039256576	15144947712	2056616358	3041866
ww_fastpOut_reads_R	BAKTA (ww_fastpOut_reads_R)	COMPLETED	0	183039	1	-	49.7	0.5	3040362496	15136018432	2056769497	3043044
ww_fastpOut_reads_R	BAKTA (ww_fastpOut_reads_R)	COMPLETED	0	182722	1	-	50.8	0.5	3039207424	15137902592	2056360154	3039995
ww_fastpOut_reads_R	BAKTA (ww_fastpOut_reads_R)	COMPLETED	0	184172	1	-	51.0	0.5	3043536896	17384136704	2056912693	3041337
ww_fastpOut_reads_R	BAKTA (ww_fastpOut_reads_R)	COMPLETED	0	171884	1	-	54.3	0.5	3043889152	15130619904	2056858288	3043165
ww_fastpOut_reads_R	BAKTA (ww_fastpOut_reads_R)	COMPLETED	0	177974	1	-	52.7	0.5	3042025472	59111747584	2056665261	3040414
ww_fastpOut_reads_R	BAKTA (ww_fastpOut_reads_R)	COMPLETED	0	202915	1	-	45.7	0.5	3014213632	15211888640	2055888598	3039330
ww_fastpOut_reads_R	BAKTA (ww_fastpOut_reads_R)	COMPLETED	0	194614	1	-	48.9	0.5	3043803136	15134294016	2056291807	3039261
ww_fastpOut_reads_R	BAKTA (ww_fastpOut_reads_R)	COMPLETED	0	193761	1	-	50.1	0.5	3042418688	15136141312	2057041141	3043716
ww_fastpOut_reads_R	BAKTA (ww_fastpOut_reads_R)	COMPLETED	0	159658	1	-	59.0	0.5	3018469376	15199805440	2056467053	3040575
ww_fastpOut_reads_R	BAKTA (ww_fastpOut_reads_R)	COMPLETED	0	165582	1	-	54.8	0.5	3047571456	15451344896	1724183583	3110864
ww_fastpOut_reads_R	BAKTA (ww_fastpOut_reads_R)	COMPLETED	0	157809	1	-	58.9	0.5	3012907008	15255969792	2056479929	3039997
ww_fastpOut_reads_R	BAKTA (ww_fastpOut_reads_R)	COMPLETED	0	163336	1	-	56.9	0.5	3016384512	34081808384	2055942202	3041803
ww_fastpOut_reads_R	BAKTA (ww_fastpOut_reads_R)	COMPLETED	0	164306	1	-	55.7	0.5	3041308672	25679536128	2056601433	3040656
ww_fastpOut_reads_R	BAKTA (ww_fastpOut_reads_R)	COMPLETED	0	159531	1	-	58.4	0.5	3038539776	25641529344	1725107383	3113950
ww_fastpOut_reads_R	BAKTA (ww_fastpOut_reads_R)	COMPLETED	0	193319	1	-	49.3	0.5	3014758400	50827583488	2056380461	3042861
ww_fastpOut_reads_R	BAKTA (ww_fastpOut_reads_R)	COMPLETED	0	199359	1	-	48.2	0.5	3044048896	15217618944	2056710660	3043116
ww_fastpOut_reads_R	BAKTA (ww_fastpOut_reads_R)	COMPLETED	0	153119	1	-	60.6	0.3	3011366912	15130595328	2056321524	3038541
ww_fastpOut_reads_R	BAKTA (ww_fastpOut_reads_R)	COMPLETED	0	168436	1	-	55.6	0.4	3045756928	15096139776	2056252991	3038834
ww_fastpOut_reads_R	BAKTA (ww_fastpOut_reads_R)	COMPLETED	0	200431	1	-	48.0	0.5	3044405248	100953772032	2056061803	3038972
ww_fastpOut_reads_R	BAKTA (ww_fastpOut_reads_R)	COMPLETED	0	160499	1	-	57.2	0.5	3019567104	67507965952	2057099654	3044006
ww_fastpOut_reads_R	BAKTA (ww_fastpOut_reads_R)	COMPLETED	0	166157	1	-	56.0	0.5	3016593408	15055073280	2057444766	3043346
ww_fastpOut_reads_R	BAKTA (ww_fastpOut_reads_R)	COMPLETED	0	165452	1	-	57.4	0.5	3040546816	15143419904	2057028161	3039996
ww_fastpOut_reads_R	BAKTA (ww_fastpOut_reads_R)	COMPLETED	0	187598	1	-	48.3	0.5	3042197504	15158370304	2056398387	3038972
ww_fastpOut_reads_R	BAKTA (ww_fastpOut_reads_R)	COMPLETED	0	165232	1	-	55.8	0.5	3015327744	15188828160	2056437914	3042989
ww_fastpOut_reads_R	BAKTA (ww_fastpOut_reads_R)	COMPLETED	0	171579	1	-	54.4	0.5	3016638464	15196602368	2056916652	3041419
ww_fastpOut_reads_R	BAKTA (ww_fastpOut_reads_R)	COMPLETED	0	173321	1	-	54.5	0.5	3040583680	25728303104	2057362051	3040160
ww_fastpOut_reads_R	BAKTA (ww_fastpOut_reads_R)	COMPLETED	0	163230	1	-	53.9	0.5	3042586624	15430774784	1724174476	3109620
ww_fastpOut_reads_R	BAKTA (ww_fastpOut_reads_R)	COMPLETED	0	194959	1	-	45.7	0.5	3044073472	15561355264	1724151306	3110111
ww_fastpOut_reads_R	BAKTA (ww_fastpOut_reads_R)	COMPLETED	0	159567	1	-	59.9	0.5	3019354112	15059697664	2056566891	3041125
ww_fastpOut_reads_R	BAKTA (ww_fastpOut_reads_R)	COMPLETED	0	183419	1	-	50.8	0.5	3015680000	15060512768	2056543538	3043534
ww_fastpOut_reads_R	BAKTA (ww_fastpOut_reads_R)	COMPLETED	0	184341	1	-	52.0	0.5	3018866688	25758519296	2056972572	3040350
ww_fastpOut_reads_R	BAKTA (ww_fastpOut_reads_R)	COMPLETED	0	166870	1	-	56.8	0.5	3045294080	15146770432	2056280485	3043454
ww_fastpOut_reads_R	BAKTA (ww_fastpOut_reads_R)	COMPLETED	0	152810	1	-	60.8	0.5	3045990400	15072874496	2056444919	3041362
ww_fastpOut_reads_R	BAKTA (ww_fastpOut_reads_R)	COMPLETED	0	205569	1	-	45.9	0.5	3042791424	109173432320	2056300660	3043250
ww_fastpOut_reads_R	BAKTA (ww_fastpOut_reads_R)	COMPLETED	0	195902	1	-	47.8	0.5	3016957952	15128616960	2056943152	3044270
ww_fastpOut_reads_R	BAKTA (ww_fastpOut_reads_R)	COMPLETED	0	189752	1	-	48.8	0.5	3016925184	15058165760	2057097945	3039694
ww_fastpOut_reads_R	BAKTA (ww_fastpOut_reads_R)	COMPLETED	0	189567	1	-	49.8	0.5	3018145792	15184908288	2056468191	3042714
ww_fastpOut_reads_R	BAKTA (ww_fastpOut_reads_R)	COMPLETED	0	175609	1	-	53.1	0.5	3045216256	15084335104	2056646700	3039730
ww_fastpOut_reads_R	BAKTA (ww_fastpOut_reads_R)	COMPLETED	0	188019	1	-	47.6	0.5	3041398784	15584583680	1724434368	3111302
ww_fastpOut_reads_R	BAKTA (ww_fastpOut_reads_R)	COMPLETED	0	205314	1	-	46.6	0.5	3038420992	15139749888	2057138486	3041719
ww_fastpOut_reads_R	BAKTA (ww_fastpOut_reads_R)	COMPLETED	0	163098	1	-	57.6	0.5	3016949760	59110318080	2056520495	3040781
ww_fastpOut_reads_R	BAKTA (ww_fastpOut_reads_R)	COMPLETED	0	159253	1	-	60.0	0.5	3040964608	15072776192	2056650977	3040140
ww_fastpOut_reads_R	BAKTA (ww_fastpOut_reads_R)	COMPLETED	0	183881	1	-	49.8	0.5	3045810176	17357099008	2055998268	3040834
ww_fastpOut_reads_R	BAKTA (ww_fastpOut_reads_R)	COMPLETED	0	158141	1	-	56.3	0.5	3040010240	42373890048	1724275409	3114642
ww_fastpOut_reads_R	BAKTA (ww_fastpOut_reads_R)	COMPLETED	0	204432	1	-	43.7	0.5	3041308672	15146934272	2055713994	3042084
ww_fastpOut_reads_R	BAKTA (ww_fastpOut_reads_R)	COMPLETED	0	169259	1	-	55.7	0.5	3043196928	67422310400	2056777417	3043283
ww_fastpOut_reads_R	BAKTA (ww_fastpOut_reads_R)	COMPLETED	0	178088	1	-	54.1	0.5	3043966976	25718161408	2056234764	3039426
ww_fastpOut_reads_R	BAKTA (ww_fastpOut_reads_R)	COMPLETED	0	177538	1	-	53.3	0.5	3041824768	15143407616	2056701056	3038102
ww_fastpOut_reads_R	BAKTA (ww_fastpOut_reads_R)	COMPLETED	0	206247	1	-	44.7	0.5	3016134656	15062642688	2056828105	3040694
ww_fastpOut_reads_R	BAKTA (ww_fastpOut_reads_R)	COMPLETED	0	196771	1	-	47.4	0.5	3042635776	17398185984	2056385082	3042004
ww_fastpOut_reads_R	BAKTA (ww_fastpOut_reads_R)	COMPLETED	0	166724	1	-	55.9	0.5	3039883264	15143272448	2055680169	3039566
ww_fastpOut_reads_R	BAKTA (ww_fastpOut_reads_R)	COMPLETED	0	188162	1	-	52.2	0.5	3039617024	84156260352	2056495017	3039411
ww_fastpOut_reads_R	BAKTA (ww_fastpOut_reads_R)	COMPLETED	0	196046	1	-	48.5	0.5	3039608832	15201382400	2057160352	3043942
ww_fastpOut_reads_R	BAKTA (ww_fastpOut_reads_R)	COMPLETED	0	178052	1	-	51.8	0.5	3042324480	14658822144	2055756480	3038796
ww_fastpOut_reads_R	BAKTA (ww_fastpOut_reads_R)	COMPLETED	0	174489	1	-	53.2	0.5	3045810176	17397612544	2057965282	3040517
ww_fastpOut_reads_R	BAKTA (ww_fastpOut_reads_R)	COMPLETED	0	162880	1	-	56.3	0.5	3014115328	15255826432	2057037357	3040672
ww_fastpOut_reads_R	BAKTA (ww_fastpOut_reads_R)	COMPLETED	0	191012	1	-	49.8	0.5	3016192000	25766010880	2056389216	3038740
ww_fastpOut_reads_R	BAKTA (ww_fastpOut_reads_R)	COMPLETED	0	185628	1	-	49.0	0.5	3041198080	17383194624	2056615452	3042528
ww_fastpOut_reads_R	BAKTA (ww_fastpOut_reads_R)	COMPLETED	0	183030	1	-	51.4	0.5	3042041856	15204954112	2056164939	3043153
ww_fastpOut_reads_R	BAKTA (ww_fastpOut_reads_R)	COMPLETED	0	157306	1	-	58.4	0.5	3042934784	100905910272	2057656699	3041950
ww_fastpOut_reads_R	BAKTA (ww_fastpOut_reads_R)	COMPLETED	0	184064	1	-	51.8	0.5	3012669440	15119740928	2057248383	3043248
ww_fastpOut_reads_R	BAKTA (ww_fastpOut_reads_R)	COMPLETED	0	201819	1	-	47.4	0.5	3039068160	15134425088	2057043368	3039968
ww_fastpOut_reads_R	BAKTA (ww_fastpOut_reads_R)	COMPLETED	0	184419	1	-	50.4	0.5	3040980992	15078129664	2055869452	3024404
ww_fastpOut_reads_R	BAKTA (ww_fastpOut_reads_R)	COMPLETED	0	174651	1	-	52.5	0.5	3040534528	15478579200	1724459251	3113805
ww_fastpOut_reads_R	BAKTA (ww_fastpOut_reads_R)	COMPLETED	0	181379	1	-	51.8	0.5	3013214208	15127064576	2056473331	3039779
ww_fastpOut_reads_R	BAKTA (ww_fastpOut_reads_R)	COMPLETED	0	176690	1	-	53.9	0.5	3042295808	15074537472	2056426291	3041282
ww_fastpOut_reads_R	BAKTA (ww_fastpOut_reads_R)	COMPLETED	0	202998	1	-	47.3	0.5	3013967872	15121608704	2056513525	3039862
ww_fastpOut_reads_R	BAKTA (ww_fastpOut_reads_R)	COMPLETED	0	164343	1	-	55.5	0.5	3016499200	15134244864	2056314104	3042436
ww_fastpOut_reads_R	BAKTA (ww_fastpOut_reads_R)	COMPLETED	0	153083	1	-	58.4	0.3	3013869568	15134269440	2055284374	3020952
ww_fastpOut_reads_R	BAKTA (ww_fastpOut_reads_R)	COMPLETED	0	189501	1	-	48.5	0.5	3042197504	17382653952	2055452131	3021553
ww_fastpOut_reads_R	BAKTA (ww_fastpOut_reads_R)	COMPLETED	0	209872	1	-	44.5	0.5	3042451456	67455397888	2056235795	3040594
ww_fastpOut_reads_R	BAKTA (ww_fastpOut_reads_R)	COMPLETED	0	201595	1	-	47.0	0.5	3017318400	15261409280	2056750938	3041254
ww_fastpOut_reads_R	BAKTA (ww_fastpOut_reads_R)	COMPLETED	0	190647	1	-	49.2	0.5	3044945920	14661140480	2055834019	3024279
ww_fastpOut_reads_R	BAKTA (ww_fastpOut_reads_R)	COMPLETED	0	181981	1	-	49.3	0.5	3016638464	15071416320	2055496646	3023594
ww_fastpOut_reads_R	BAKTA (ww_fastpOut_reads_R)	COMPLETED	0	145412	1	-	60.5	0.5	3045376000	15521968128	1724587671	3112096
ww_fastpOut_reads_R	BAKTA (ww_fastpOut_reads_R)	COMPLETED	0	201429	1	-	48.2	0.5	3042103296	15155929088	2056380726	3040573
ww_fastpOut_reads_R	BAKTA (ww_fastpOut_reads_R)	COMPLETED	0	190757	1	-	49.4	0.5	3013607424	42425036800	2056264855	3042448
ww_fastpOut_reads_R	BAKTA (ww_fastpOut_reads_R)	COMPLETED	0	199967	1	-	47.8	0.5	3040571392	15012229120	2056260272	3025412
ww_fastpOut_reads_R	BAKTA (ww_fastpOut_reads_R)	COMPLETED	0	178467	1	-	50.9	0.5	3041615872	15501430784	1724593883	3113150
ww_fastpOut_reads_R	BAKTA (ww_fastpOut_reads_R)	COMPLETED	0	208101	1	-	46.1	0.5	3016196096	15132381184	2056588421	3039188
ww_fastpOut_reads_R	BAKTA (ww_fastpOut_reads_R)	COMPLETED	0	183989	1	-	51.4	0.5	3041660928	25686532096	2056206401	3039842
ww_fastpOut_reads_R	BAKTA (ww_fastpOut_reads_R)	COMPLETED	0	178465	1	-	52.4	0.5	3044593664	15143268352	2056365200	3039259
ww_fastpOut_reads_R	BAKTA (ww_fastpOut_reads_R)	COMPLETED	0	192676	1	-	48.8	0.5	3039408128	75770687488	2056628128	3039818
ww_fastpOut_reads_R	BAKTA (ww_fastpOut_reads_R)	COMPLETED	0	174466	1	-	51.7	0.5	3012943872	15486668800	1723203543	3111894
ww_fastpOut_reads_R	BAKTA (ww_fastpOut_reads_R)	COMPLETED	0	199323	1	-	47.6	0.5	3041329152	50713243648	2056083441	3025347
ww_fastpOut_reads_R	BAKTA (ww_fastpOut_reads_R)	COMPLETED	0	191836	1	-	50.1	0.5	3042824192	15075475456	2056898536	3041011
ww_fastpOut_reads_R	BAKTA (ww_fastpOut_reads_R)	COMPLETED	0	189362	1	-	49.3	0.5	3015008256	15130075136	2056341729	3040988
ww_fastpOut_reads_R	BAKTA (ww_fastpOut_reads_R)	COMPLETED	0	198403	1	-	46.8	0.5	3013390336	15067439104	2055579023	3022287
ww_fastpOut_reads_R	BAKTA (ww_fastpOut_reads_R)	COMPLETED	0	181493	1	-	51.0	0.5	3045015552	15205326848	2056524823	3042777
ww_fastpOut_reads_R	BAKTA (ww_fastpOut_reads_R)	COMPLETED	0	192351	1	-	48.8	0.5	3045982208	15078002688	2056291368	3022205
ww_fastpOut_reads_R	BAKTA (ww_fastpOut_reads_R)	COMPLETED	0	184463	1	-	50.7	0.5	3016224768	17382977536	2055917966	3042741
ww_fastpOut_reads_R	BAKTA (ww_fastpOut_reads_R)	COMPLETED	0	172139	1	-	54.5	0.5	3044986880	25737936896	2056384281	3039497
ww_fastpOut_reads_R	BAKTA (ww_fastpOut_reads_R)	COMPLETED	0	176621	1	-	53.6	0.5	3041603584	15015124992	2055955248	3022138
ww_fastpOut_reads_R	BAKTA (ww_fastpOut_reads_R)	COMPLETED	0	182842	1	-	50.9	0.5	3040571392	15078404096	2055761585	3025552
ww_fastpOut_reads_R	BAKTA (ww_fastpOut_reads_R)	COMPLETED	0	151841	1	-	59.9	0.5	3012988928	50703904768	2055449864	3024830
ww_fastpOut_reads_R	BAKTA (ww_fastpOut_reads_R)	COMPLETED	0	171189	1	-	52.9	0.5	3045486592	15016685568	2055819628	3021443
ww_fastpOut_reads_R	BAKTA (ww_fastpOut_reads_R)	COMPLETED	0	162597	1	-	56.4	0.5	3013763072	15130591232	2055965697	3039546
ww_fastpOut_reads_R	BAKTA (ww_fastpOut_reads_R)	COMPLETED	0	178893	1	-	51.2	0.5	3045597184	15149842432	2054987856	3022736
ww_fastpOut_reads_R	BAKTA (ww_fastpOut_reads_R)	COMPLETED	0	176269	1	-	52.6	0.5	3043209216	15079849984	2055441640	3021450
ww_fastpOut_reads_R	BAKTA (ww_fastpOut_reads_R)	COMPLETED	0	172623	1	-	53.2	0.5	3043762176	15145418752	2055480852	3026587
ww_fastpOut_reads_R	BAKTA (ww_fastpOut_reads_R)	COMPLETED	0	153541	1	-	60.0	0.5	3043602432	59115704320	2056858984	3044567
ww_fastpOut_reads_R	BAKTA (ww_fastpOut_reads_R)	COMPLETED	0	170915	1	-	54.0	0.4	3040845824	25677881344	2056205925	3040094
ww_fastpOut_reads_R	BAKTA (ww_fastpOut_reads_R)	COMPLETED	0	179999	1	-	51.9	0.5	3042578432	67543822336	2056261644	3022671
ww_fastpOut_reads_R	BAKTA (ww_fastpOut_reads_R)	COMPLETED	0	149723	1	-	59.4	0.5	3041878016	15452479488	1725249507	3110587
ww_fastpOut_reads_R	BAKTA (ww_fastpOut_reads_R)	COMPLETED	0	179471	1	-	51.4	0.5	3040919552	15277625344	2055847794	3039480
ww_fastpOut_reads_R	BAKTA (ww_fastpOut_reads_R)	COMPLETED	0	163899	1	-	55.7	0.5	3039055872	15074836480	2057040690	3043787
ww_fastpOut_reads_R	BAKTA (ww_fastpOut_reads_R)	COMPLETED	0	179691	1	-	51.2	0.5	3040428032	15012958208	2055799685	3025796
ww_fastpOut_reads_R	BAKTA (ww_fastpOut_reads_R)	COMPLETED	0	163655	1	-	55.6	0.5	3018567680	14702219264	2055951704	3022555
ww_fastpOut_reads_R	BAKTA (ww_fastpOut_reads_R)	COMPLETED	0	168356	1	-	53.8	0.5	3015745536	25728618496	2055674408	3022249
ww_fastpOut_reads_R	BAKTA (ww_fastpOut_reads_R)	COMPLETED	0	196809	1	-	48.1	0.5	3041402880	15273955328	2057028910	3040531
ww_fastpOut_reads_R	BAKTA (ww_fastpOut_reads_R)	COMPLETED	0	185183	1	-	50.7	0.5	3016192000	15136899072	2056196281	3040200
ww_fastpOut_reads_R	BAKTA (ww_fastpOut_reads_R)	COMPLETED	0	188418	1	-	48.3	0.5	3043672064	15078277120	2055855182	3022393
ww_fastpOut_reads_R	BAKTA (ww_fastpOut_reads_R)	COMPLETED	0	173235	1	-	53.3	0.5	3016515584	17383612416	2055930800	3021575
ww_fastpOut_reads_R	BAKTA (ww_fastpOut_reads_R)	COMPLETED	0	176138	1	-	50.7	0.5	3043536896	15496163328	1724449424	3109961
ww_fastpOut_reads_R	BAKTA (ww_fastpOut_reads_R)	COMPLETED	0	168634	1	-	54.0	0.5	3018162176	15067299840	2055465910	3020969
ww_fastpOut_reads_R	BAKTA (ww_fastpOut_reads_R)	COMPLETED	0	190308	1	-	48.0	0.5	3044872192	15018250240	2056121697	3020812
ww_fastpOut_reads_R	BAKTA (ww_fastpOut_reads_R)	COMPLETED	0	174260	1	-	51.4	0.5	3043061760	25705754624	1725249261	3110820
ww_fastpOut_reads_R	BAKTA (ww_fastpOut_reads_R)	COMPLETED	0	182433	1	-	51.7	0.5	3039485952	17382371328	2055642969	3025034
ww_fastpOut_reads_R	BAKTA (ww_fastpOut_reads_R)	COMPLETED	0	185069	1	-	49.7	0.5	3041587200	15134289920	2057054825	3041355
ww_fastpOut_reads_R	BAKTA (ww_fastpOut_reads_R)	COMPLETED	0	202210	1	-	46.9	0.5	3014905856	50773676032	2056326849	3026006
ww_fastpOut_reads_R	BAKTA (ww_fastpOut_reads_R)	COMPLETED	0	168640	1	-	54.1	0.5	3017576448	17364430848	2055696552	3020703
ww_fastpOut_reads_R	BAKTA (ww_fastpOut_reads_R)	COMPLETED	0	170426	1	-	54.5	0.5	3015462912	15065325568	2056125369	3021516
ww_fastpOut_reads_R	BAKTA (ww_fastpOut_reads_R)	COMPLETED	0	183220	1	-	51.2	0.5	3017179136	15071133696	2056017703	3021820
ww_fastpOut_reads_R	BAKTA (ww_fastpOut_reads_R)	COMPLETED	0	161218	1	-	57.4	0.5	3040940032	17331515392	2055600976	3022138
ww_fastpOut_reads_R	BAKTA (ww_fastpOut_reads_R)	COMPLETED	0	181949	1	-	51.7	0.5	3039997952	42446049280	2056221474	3022842
ww_fastpOut_reads_R	BAKTA (ww_fastpOut_reads_R)	COMPLETED	0	160228	1	-	57.3	0.5	3039596544	50713440256	2055443185	3020413
ww_fastpOut_reads_R	BAKTA (ww_fastpOut_reads_R)	COMPLETED	0	173948	1	-	55.3	0.5	3042832384	15078404096	2056378442	3023501
ww_fastpOut_reads_R	BAKTA (ww_fastpOut_reads_R)	COMPLETED	0	163139	1	-	55.9	0.5	3043708928	15015624704	2055223669	3022173
ww_fastpOut_reads_R	BAKTA (ww_fastpOut_reads_R)	COMPLETED	0	163890	1	-	54.3	0.5	3043696640	15512125440	1724327543	3109690
ww_fastpOut_reads_R	BAKTA (ww_fastpOut_reads_R)	COMPLETED	0	148392	1	-	62.9	0.5	3016077312	15005868032	2055267396	3021436
ww_fastpOut_reads_R	BAKTA (ww_fastpOut_reads_R)	COMPLETED	0	134347	1	-	68.5	0.5	3042136064	15145381888	2055666522	3022877
ww_fastpOut_reads_R	BAKTA (ww_fastpOut_reads_R)	COMPLETED	0	165110	1	-	56.6	0.5	3037614080	15012651008	2055559335	3023585
ww_fastpOut_reads_R	BAKTA (ww_fastpOut_reads_R)	COMPLETED	0	161444	1	-	56.4	0.5	3043676160	25727283200	2056436110	3022112
ww_fastpOut_reads_R	BAKTA (ww_fastpOut_reads_R)	COMPLETED	0	197414	1	-	47.5	0.5	3041497088	15078404096	2056276705	3023345
ww_fastpOut_reads_R	BAKTA (ww_fastpOut_reads_R)	COMPLETED	0	179620	1	-	50.9	0.5	3042824192	125858762752	2055893793	3022267
ww_fastpOut_reads_R	BAKTA (ww_fastpOut_reads_R)	COMPLETED	0	155050	1	-	58.0	0.5	3016265728	15440424960	1724241591	3111379
ww_fastpOut_reads_R	BAKTA (ww_fastpOut_reads_R)	COMPLETED	0	181549	1	-	50.3	0.5	3017625600	15065436160	2055002770	3024169
ww_fastpOut_reads_R	BAKTA (ww_fastpOut_reads_R)	COMPLETED	0	200059	1	-	46.3	0.5	3018653696	15134691328	2055245737	3022026
ww_fastpOut_reads_R	BAKTA (ww_fastpOut_reads_R)	COMPLETED	0	189960	1	-	47.5	0.5	3018289152	109344919552	2055518630	3022853
ww_fastpOut_reads_R	BAKTA (ww_fastpOut_reads_R)	COMPLETED	0	160121	1	-	54.6	0.5	3042791424	42379997184	1724606291	3111493
ww_fastpOut_reads_R	BAKTA (ww_fastpOut_reads_R)	COMPLETED	0	202268	1	-	45.8	0.5	3041591296	15012999168	2054954842	3024915
ww_fastpOut_reads_R	BAKTA (ww_fastpOut_reads_R)	COMPLETED	0	170344	1	-	53.7	0.5	3044532224	15078137856	2054966594	3022940
ww_fastpOut_reads_R	BAKTA (ww_fastpOut_reads_R)	COMPLETED	0	176246	1	-	51.8	0.5	3016970240	15137001472	2055828682	3023147
ww_fastpOut_reads_R	BAKTA (ww_fastpOut_reads_R)	COMPLETED	0	183720	1	-	49.7	0.5	3042693120	15078596608	2054422648	3024829
ww_fastpOut_reads_R	BAKTA (ww_fastpOut_reads_R)	COMPLETED	0	197141	1	-	47.7	0.5	3037052928	15078285312	2055516458	3023858
ww_fastpOut_reads_R	BAKTA (ww_fastpOut_reads_R)	COMPLETED	0	172246	1	-	51.6	0.5	3044290560	34072670208	2055905463	3021836
ww_fastpOut_reads_R	BAKTA (ww_fastpOut_reads_R)	COMPLETED	0	194611	1	-	47.0	0.5	3042856960	15013871616	2056211223	3022993
ww_fastpOut_reads_R	BAKTA (ww_fastpOut_reads_R)	COMPLETED	0	188555	1	-	48.8	0.5	3014332416	67412971520	2056208606	3023256
ww_fastpOut_reads_R	BAKTA (ww_fastpOut_reads_R)	COMPLETED	0	191766	1	-	47.0	0.5	3041759232	15078223872	2054606503	3025151
ww_fastpOut_reads_R	BAKTA (ww_fastpOut_reads_R)	COMPLETED	0	175532	1	-	51.3	0.5	3041828864	15633756160	1724235441	3112659
ww_fastpOut_reads_R	BAKTA (ww_fastpOut_reads_R)	COMPLETED	0	165309	1	-	53.4	0.5	3041705984	15447449600	1724009388	3110400
ww_fastpOut_reads_R	BAKTA (ww_fastpOut_reads_R)	COMPLETED	0	183763	1	-	50.5	0.5	3044114432	15078334464	2055557299	3023149
ww_fastpOut_reads_R	BAKTA (ww_fastpOut_reads_R)	COMPLETED	0	160660	1	-	57.0	0.5	3042254848	15078248448	2055199017	3020860
ww_fastpOut_reads_R	BAKTA (ww_fastpOut_reads_R)	COMPLETED	0	208067	1	-	44.2	0.5	3042529280	15212470272	2055251663	3021471
ww_fastpOut_reads_R	BAKTA (ww_fastpOut_reads_R)	COMPLETED	0	166991	1	-	53.5	0.4	3019096064	34126319616	2055671685	3025331
ww_fastpOut_reads_R	BAKTA (ww_fastpOut_reads_R)	COMPLETED	0	189923	1	-	48.3	0.5	3045421056	17400172544	2054749290	3021956
ww_fastpOut_reads_R	BAKTA (ww_fastpOut_reads_R)	COMPLETED	0	193426	1	-	46.4	0.5	3043020800	15016013824	2055442189	3021724
ww_fastpOut_reads_R	BAKTA (ww_fastpOut_reads_R)	COMPLETED	0	199146	1	-	47.1	0.5	3014164480	17332154368	2055429846	3025245
ww_fastpOut_reads_R	BAKTA (ww_fastpOut_reads_R)	COMPLETED	0	201552	1	-	45.8	0.5	3039936512	15212720128	2054820777	3025983
ww_fastpOut_reads_R	BAKTA (ww_fastpOut_reads_R)	COMPLETED	0	198480	1	-	45.9	0.5	3042590720	15012794368	2055537347	3022663
ww_fastpOut_reads_R	BAKTA (ww_fastpOut_reads_R)	COMPLETED	0	198012	1	-	46.2	0.5	3042197504	15078281216	2055367924	3025462
ww_fastpOut_reads_R	BAKTA (ww_fastpOut_reads_R)	COMPLETED	0	183866	1	-	49.2	0.5	3042631680	50759892992	2055585349	3023932
ww_fastpOut_reads_R	BAKTA (ww_fastpOut_reads_R)	COMPLETED	0	202560	1	-	45.2	0.5	3044139008	15013609472	2055424930	3022769
ww_fastpOut_reads_R	BAKTA (ww_fastpOut_reads_R)	COMPLETED	0	191625	1	-	46.4	0.5	3041918976	15212744704	2055473028	3025064
ww_fastpOut_reads_R	BAKTA (ww_fastpOut_reads_R)	COMPLETED	0	200272	1	-	46.4	0.5	3046285312	34078806016	2056102267	3022482
ww_fastpOut_reads_R	BAKTA (ww_fastpOut_reads_R)	COMPLETED	0	171581	1	-	52.8	0.5	3042377728	25705103360	1724573024	3110683
ww_fastpOut_reads_R	BAKTA (ww_fastpOut_reads_R)	COMPLETED	0	186606	1	-	48.6	0.5	3044868096	15212703744	2056051963	3023232
ww_fastpOut_reads_R	BAKTA (ww_fastpOut_reads_R)	COMPLETED	0	181962	1	-	51.0	0.5	3044052992	15212384256	2055735127	3022603
ww_fastpOut_reads_R	BAKTA (ww_fastpOut_reads_R)	COMPLETED	0	193843	1	-	46.4	0.5	3017465856	15065444352	2055749434	3024354
ww_fastpOut_reads_R	BAKTA (ww_fastpOut_reads_R)	COMPLETED	0	189430	1	-	49.6	0.5	3012235264	25733406720	2055440568	3023493
ww_fastpOut_reads_R	BAKTA (ww_fastpOut_reads_R)	COMPLETED	0	167515	1	-	54.3	0.5	3042816000	15014428672	2055295762	3025770
ww_fastpOut_reads_R	BAKTA (ww_fastpOut_reads_R)	COMPLETED	0	191017	1	-	50.1	0.5	3016163328	15065591808	2056118168	3024187
ww_fastpOut_reads_R	BAKTA (ww_fastpOut_reads_R)	COMPLETED	0	197949	1	-	45.5	0.5	3045519360	50707271680	1724068569	3113258
ww_fastpOut_reads_R	BAKTA (ww_fastpOut_reads_R)	COMPLETED	0	139628	1	-	63.5	0.5	3014832128	15416778752	1724303454	3109834
ww_fastpOut_reads_R	BAKTA (ww_fastpOut_reads_R)	COMPLETED	0	175792	1	-	51.5	0.5	3014729728	15199735808	2054798316	3021603
ww_fastpOut_reads_R	BAKTA (ww_fastpOut_reads_R)	COMPLETED	0	160786	1	-	56.7	0.5	3041275904	15014346752	2055636842	3021618
ww_fastpOut_reads_R	BAKTA (ww_fastpOut_reads_R)	COMPLETED	0	158393	1	-	57.9	0.5	3044659200	15212593152	2056049737	3027122
ww_fastpOut_reads_R	BAKTA (ww_fastpOut_reads_R)	COMPLETED	0	159951	1	-	56.6	0.5	3041280000	15013322752	2055860374	3022443
ww_fastpOut_reads_R	BAKTA (ww_fastpOut_reads_R)	COMPLETED	0	154165	1	-	60.4	0.5	3013287936	15069736960	2055860120	3021103
ww_fastpOut_reads_R	BAKTA (ww_fastpOut_reads_R)	COMPLETED	0	165176	1	-	54.1	0.5	3015569408	15501987840	1724322703	3109755
ww_fastpOut_reads_R	BAKTA (ww_fastpOut_reads_R)	COMPLETED	0	171339	1	-	54.0	0.5	3016155136	15065563136	2055410098	3022005
ww_fastpOut_reads_R	BAKTA (ww_fastpOut_reads_R)	COMPLETED	0	166038	1	-	54.9	0.4	3014152192	17334341632	2055623665	3021254
ww_fastpOut_reads_R	BAKTA (ww_fastpOut_reads_R)	COMPLETED	0	180952	1	-	50.7	0.5	3043696640	15145271296	2055425832	3023805
ww_fastpOut_reads_R	BAKTA (ww_fastpOut_reads_R)	COMPLETED	0	163042	1	-	57.3	0.5	3042295808	15080734720	2055756024	3025593
ww_fastpOut_reads_R	BAKTA (ww_fastpOut_reads_R)	COMPLETED	0	184490	1	-	52.5	0.5	3042590720	59118821376	2055099783	3021978
ww_fastpOut_reads_R	BAKTA (ww_fastpOut_reads_R)	COMPLETED	0	168446	1	-	54.5	0.5	3045928960	15078162432	2056145962	3023021
ww_fastpOut_reads_R	BAKTA (ww_fastpOut_reads_R)	COMPLETED	0	207759	1	-	46.4	0.5	3040313344	17384382464	2055747521	3024342
ww_fastpOut_reads_R	BAKTA (ww_fastpOut_reads_R)	COMPLETED	0	152819	1	-	60.2	0.5	3043213312	15145357312	2055214823	3022265
ww_fastpOut_reads_R	BAKTA (ww_fastpOut_reads_R)	COMPLETED	0	163244	1	-	54.3	0.5	3042316288	17372274688	1724382475	3109117
ww_fastpOut_reads_R	BAKTA (ww_fastpOut_reads_R)	COMPLETED	0	166100	1	-	55.4	0.5	3012227072	17333358592	2055653005	3021588
ww_fastpOut_reads_R	BAKTA (ww_fastpOut_reads_R)	COMPLETED	0	177446	1	-	51.6	0.3	3046871040	100973445120	2055835471	3026478
ww_fastpOut_reads_R	BAKTA (ww_fastpOut_reads_R)	COMPLETED	0	175801	1	-	52.5	0.5	3019493376	15004393472	2056341538	3022990
ww_fastpOut_reads_R	BAKTA (ww_fastpOut_reads_R)	COMPLETED	0	175284	1	-	53.7	0.5	3042246656	15145160704	2056396833	3026226
ww_fastpOut_reads_R	BAKTA (ww_fastpOut_reads_R)	COMPLETED	0	188589	1	-	50.3	0.5	3014647808	14702170112	2055634740	3025753
ww_fastpOut_reads_R	BAKTA (ww_fastpOut_reads_R)	COMPLETED	0	161010	1	-	56.4	0.4	3016282112	15065640960	2055745869	3026038
ww_fastpOut_reads_R	BAKTA (ww_fastpOut_reads_R)	COMPLETED	0	179778	1	-	51.1	0.5	3043557376	15017553920	2055683551	3022963
ww_fastpOut_reads_R	BAKTA (ww_fastpOut_reads_R)	COMPLETED	0	158989	1	-	56.9	0.3	3042238464	15078383616	2055203181	3022149
ww_fastpOut_reads_R	BAKTA (ww_fastpOut_reads_R)	COMPLETED	0	197527	1	-	46.5	0.5	3044265984	15149076480	2055371271	3025738
ww_fastpOut_reads_R	BAKTA (ww_fastpOut_reads_R)	COMPLETED	0	187406	1	-	48.8	0.5	3043561472	59111522304	2056598829	3026822
ww_fastpOut_reads_R	BAKTA (ww_fastpOut_reads_R)	COMPLETED	0	171629	1	-	52.8	0.5	3041763328	14724120576	2055133192	3023881
ww_fastpOut_reads_R	BAKTA (ww_fastpOut_reads_R)	COMPLETED	0	191461	1	-	48.2	0.5	3042746368	15078248448	2055406567	3022344
ww_fastpOut_reads_R	BAKTA (ww_fastpOut_reads_R)	COMPLETED	0	191997	1	-	48.6	0.5	3041296384	59117449216	2055628027	3021822
ww_fastpOut_reads_R	BAKTA (ww_fastpOut_reads_R)	COMPLETED	0	212279	1	-	43.7	0.5	3042340864	15016030208	2056324832	3022611
ww_fastpOut_reads_R	BAKTA (ww_fastpOut_reads_R)	COMPLETED	0	199535	1	-	46.1	0.5	3018498048	15134552064	2055279058	3022374
ww_fastpOut_reads_R	BAKTA (ww_fastpOut_reads_R)	COMPLETED	0	186415	1	-	59.6	0.9	4984619008	18088747008	2055179729	3010218
ww_fastpOut_reads_R	BAKTA (ww_fastpOut_reads_R)	COMPLETED	0	220696	1	-	40.7	0.5	3042504704	15586168832	1724267071	3113884
ww_fastpOut_reads_R	BAKTA (ww_fastpOut_reads_R)	COMPLETED	0	191367	1	-	47.1	0.5	3044458496	15434735616	1724503838	3113257
ww_fastpOut_reads_R	BAKTA (ww_fastpOut_reads_R)	COMPLETED	0	213405	1	-	43.4	0.5	3046260736	25712394240	2054698847	3024851
ww_fastpOut_reads_R	BAKTA (ww_fastpOut_reads_R)	COMPLETED	0	207477	1	-	45.6	0.5	3043889152	15014723584	2054870288	3023291
ww_fastpOut_reads_R	BAKTA (ww_fastpOut_reads_R)	COMPLETED	0	210811	1	-	44.4	0.5	3020226560	84261949440	2055484519	3026151
ww_fastpOut_reads_R	BAKTA (ww_fastpOut_reads_R)	COMPLETED	0	216163	1	-	43.7	0.5	3040587776	50722361344	2054843635	3026193
ww_fastpOut_reads_R	BAKTA (ww_fastpOut_reads_R)	COMPLETED	0	196797	1	-	47.5	0.5	3042299904	15078277120	2054824728	3024985
ww_fastpOut_reads_R	BAKTA (ww_fastpOut_reads_R)	COMPLETED	0	185303	1	-	49.4	0.5	3014168576	15065739264	2055054035	3026058
ww_fastpOut_reads_R	BAKTA (ww_fastpOut_reads_R)	COMPLETED	0	192681	1	-	47.1	0.5	3042746368	25751076864	2056217276	3026710
ww_fastpOut_reads_R	BAKTA (ww_fastpOut_reads_R)	COMPLETED	0	197686	1	-	45.1	0.5	3042254848	17371406336	1724272389	3110405
ww_fastpOut_reads_R	BAKTA (ww_fastpOut_reads_R)	COMPLETED	0	198103	1	-	45.7	0.5	3046432768	84269547520	2055276073	3021439
ww_fastpOut_reads_R	BAKTA (ww_fastpOut_reads_R)	COMPLETED	0	206849	1	-	44.6	0.5	3040194560	17331744768	2054656116	3022106
ww_fastpOut_reads_R	BAKTA (ww_fastpOut_reads_R)	COMPLETED	0	198528	1	-	46.9	0.5	3041181696	15078191104	2055386724	3025362
ww_fastpOut_reads_R	BAKTA (ww_fastpOut_reads_R)	COMPLETED	0	148117	1	-	60.5	0.5	3014569984	15481561088	1724727580	3110557
ww_fastpOut_reads_R	BAKTA (ww_fastpOut_reads_R)	COMPLETED	0	185310	1	-	50.3	0.5	3044966400	15212650496	2054856381	3022566
ww_fastpOut_reads_R	BAKTA (ww_fastpOut_reads_R)	COMPLETED	0	173157	1	-	65.1	0.9	4895551488	17944555520	2055504244	3007677
ww_fastpOut_reads_R	BAKTA (ww_fastpOut_reads_R)	COMPLETED	0	217058	1	-	50.8	0.8	4919873536	17956855808	2054277427	3006954
ww_fastpOut_reads_R	BAKTA (ww_fastpOut_reads_R)	COMPLETED	0	219753	1	-	52.5	0.8	4926697472	18023743488	2055330966	3006129
ww_fastpOut_reads_R	BAKTA (ww_fastpOut_reads_R)	COMPLETED	0	176190	1	-	62.2	0.7	4760215552	17932537856	2055174642	3009957
ww_fastpOut_reads_R	BAKTA (ww_fastpOut_reads_R)	COMPLETED	0	213745	1	-	44.2	0.5	3039981568	100789800960	2055294671	3024144
ww_fastpOut_reads_R	BAKTA (ww_fastpOut_reads_R)	COMPLETED	0	165356	1	-	57.2	0.5	3038380032	15013224448	2055163145	3021937
ww_fastpOut_reads_R	BAKTA (ww_fastpOut_reads_R)	COMPLETED	0	183885	1	-	51.5	0.5	3018084352	15065657344	2056415934	3022897
ww_fastpOut_reads_R	BAKTA (ww_fastpOut_reads_R)	COMPLETED	0	176493	1	-	52.1	0.5	3017064448	15132717056	2055048022	3024533
ww_fastpOut_reads_R	BAKTA (ww_fastpOut_reads_R)	COMPLETED	0	175753	1	-	64.5	0.9	4764385280	17807486976	2055653378	3006789
ww_fastpOut_reads_R	BAKTA (ww_fastpOut_reads_R)	COMPLETED	0	183071	1	-	63.0	0.8	4668899328	17929617408	2055186737	3008786
ww_fastpOut_reads_R	BAKTA (ww_fastpOut_reads_R)	COMPLETED	0	173498	1	-	52.7	0.5	3044192256	59126226944	2056305026	3022584
ww_fastpOut_reads_R	BAKTA (ww_fastpOut_reads_R)	COMPLETED	0	163065	1	-	57.2	0.5	3010666496	15065747456	2055584348	3022159
ww_fastpOut_reads_R	BAKTA (ww_fastpOut_reads_R)	COMPLETED	0	193911	1	-	57.6	0.8	4752048128	17859686400	2055946500	3007363
ww_fastpOut_reads_R	BAKTA (ww_fastpOut_reads_R)	COMPLETED	0	192458	1	-	47.7	0.5	3014656000	92486623232	2055262301	3022674
ww_fastpOut_reads_R	BAKTA (ww_fastpOut_reads_R)	COMPLETED	0	153188	1	-	75.1	0.9	4995747840	18155851776	2055348003	3010765
ww_fastpOut_reads_R	BAKTA (ww_fastpOut_reads_R)	COMPLETED	0	185315	1	-	61.2	0.8	4875128832	17984172032	2055846826	3008161
ww_fastpOut_reads_R	BAKTA (ww_fastpOut_reads_R)	COMPLETED	0	194769	1	-	48.3	0.5	3042660352	84285407232	2055580689	3026470
ww_fastpOut_reads_R	BAKTA (ww_fastpOut_reads_R)	COMPLETED	0	160941	1	-	59.1	0.5	3040579584	15078563840	2055389198	3022954
ww_fastpOut_reads_R	BAKTA (ww_fastpOut_reads_R)	COMPLETED	0	158343	1	-	73.1	0.7	4880642048	18051244032	2055987187	3008604
ww_fastpOut_reads_R	BAKTA (ww_fastpOut_reads_R)	COMPLETED	0	178736	1	-	52.2	0.5	3040702464	15147814912	2055025191	3022267
ww_fastpOut_reads_R	BAKTA (ww_fastpOut_reads_R)	COMPLETED	0	179142	1	-	65.4	0.6	3190878208	59153842176	2055596532	3007390
ww_fastpOut_reads_R	BAKTA (ww_fastpOut_reads_R)	COMPLETED	0	206968	1	-	44.1	0.5	3041046528	25727787008	2055239768	3023571
ww_fastpOut_reads_R	BAKTA (ww_fastpOut_reads_R)	COMPLETED	0	227693	1	-	41.4	0.5	3013931008	67404877824	2055830036	3023517
ww_fastpOut_reads_R	BAKTA (ww_fastpOut_reads_R)	COMPLETED	0	207567	1	-	46.0	0.5	3014234112	15001960448	2055695819	3024720
ww_fastpOut_reads_R	BAKTA (ww_fastpOut_reads_R)	COMPLETED	0	220681	1	-	42.5	0.5	3040825344	15078436864	2055119126	3023553
ww_fastpOut_reads_R	BAKTA (ww_fastpOut_reads_R)	COMPLETED	0	236398	1	-	47.5	0.8	4761096192	59167940608	2054602381	3005987
ww_fastpOut_reads_R	BAKTA (ww_fastpOut_reads_R)	COMPLETED	0	250236	1	-	36.5	0.5	3042885632	15561351168	1723723820	3109738
ww_fastpOut_reads_R	BAKTA (ww_fastpOut_reads_R)	COMPLETED	0	245806	1	-	44.9	0.8	4744425472	17788133376	2054827440	3006779
ww_fastpOut_reads_R	BAKTA (ww_fastpOut_reads_R)	COMPLETED	0	229420	1	-	49.9	0.9	4965236736	18072543232	2055194703	3011050
ww_fastpOut_reads_R	BAKTA (ww_fastpOut_reads_R)	COMPLETED	0	161788	1	-	71.5	0.8	4544737280	17785221120	2055353416	3009784
ww_fastpOut_reads_R	BAKTA (ww_fastpOut_reads_R)	COMPLETED	0	235034	1	-	39.3	0.5	3013144576	15065735168	2054852365	3025520
ww_fastpOut_reads_R	BAKTA (ww_fastpOut_reads_R)	COMPLETED	0	235782	1	-	39.6	0.5	3016429568	15132860416	2055472479	3022777
ww_fastpOut_reads_R	BAKTA (ww_fastpOut_reads_R)	COMPLETED	0	220703	1	-	41.7	0.5	3044220928	15646191616	1723741014	3111142
ww_fastpOut_reads_R	BAKTA (ww_fastpOut_reads_R)	COMPLETED	0	224564	1	-	41.3	0.5	3042570240	15016636416	2055549381	3026593
ww_fastpOut_reads_R	BAKTA (ww_fastpOut_reads_R)	COMPLETED	0	238054	1	-	39.4	0.5	3013349376	15065513984	2055034474	3022937
ww_fastpOut_reads_R	BAKTA (ww_fastpOut_reads_R)	COMPLETED	0	177088	1	-	53.7	0.5	3041292288	15013109760	2055755135	3026799
ww_fastpOut_reads_R	BAKTA (ww_fastpOut_reads_R)	COMPLETED	0	249473	1	-	36.6	0.5	3039768576	15078162432	2055015738	3024106
ww_fastpOut_reads_R	BAKTA (ww_fastpOut_reads_R)	COMPLETED	0	236155	1	-	40.4	0.5	3042299904	15013867520	2055187167	3022631
ww_fastpOut_reads_R	BAKTA (ww_fastpOut_reads_R)	COMPLETED	0	204530	1	-	56.3	0.9	4966240256	25750372352	2055442115	3009641
ww_fastpOut_reads_R	BAKTA (ww_fastpOut_reads_R)	COMPLETED	0	186226	1	-	51.4	0.5	3041730560	15080714240	2055057478	3023390
ww_fastpOut_reads_R	BAKTA (ww_fastpOut_reads_R)	COMPLETED	0	171509	1	-	67.9	0.8	4917710848	18088050688	2054781546	3008405
ww_fastpOut_reads_R	BAKTA (ww_fastpOut_reads_R)	COMPLETED	0	242642	1	-	46.7	0.9	4976971776	17956577280	2054532285	3010371
ww_fastpOut_reads_R	BAKTA (ww_fastpOut_reads_R)	COMPLETED	0	207449	1	-	54.8	0.9	4897660928	34122506240	2056369714	3008443
ww_fastpOut_reads_R	BAKTA (ww_fastpOut_reads_R)	COMPLETED	0	257376	1	-	36.7	0.5	3014021120	17384751104	2054942822	3027355
ww_fastpOut_reads_R	BAKTA (ww_fastpOut_reads_R)	COMPLETED	0	247675	1	-	44.6	0.7	4743340032	25755099136	2055721123	3009590
ww_fastpOut_reads_R	BAKTA (ww_fastpOut_reads_R)	COMPLETED	0	195184	1	-	58.6	0.7	4746964992	17787535360	2055361937	3006313
ww_fastpOut_reads_R	BAKTA (ww_fastpOut_reads_R)	COMPLETED	0	192187	1	-	59.0	0.8	4391694336	17797685248	2055499978	3007009
ww_fastpOut_reads_R	BAKTA (ww_fastpOut_reads_R)	COMPLETED	0	204493	1	-	54.1	0.8	4744724480	17919045632	2054252753	3006385
ww_fastpOut_reads_R	BAKTA (ww_fastpOut_reads_R)	COMPLETED	0	213176	1	-	54.0	0.9	4922793984	18026393600	2055776436	3006940
ww_fastpOut_reads_R	BAKTA (ww_fastpOut_reads_R)	COMPLETED	0	229434	1	-	40.2	0.5	3039961088	15080357888	2056365669	3023867
ww_fastpOut_reads_R	BAKTA (ww_fastpOut_reads_R)	COMPLETED	0	195806	1	-	58.8	0.8	4761276416	17931776000	2054790493	3007098
ww_fastpOut_reads_R	BAKTA (ww_fastpOut_reads_R)	COMPLETED	0	187047	1	-	61.3	0.8	4737863680	50717503488	2055158305	3007013
ww_fastpOut_reads_R	BAKTA (ww_fastpOut_reads_R)	COMPLETED	0	193715	1	-	59.2	0.9	4973559808	18018160640	2055451812	3010615
ww_fastpOut_reads_R	BAKTA (ww_fastpOut_reads_R)	COMPLETED	0	204959	1	-	54.8	0.8	4757819392	17801064448	2054888607	3006274
ww_fastpOut_reads_R	BAKTA (ww_fastpOut_reads_R)	COMPLETED	0	180915	1	-	64.0	0.8	4767100928	17932419072	2055665913	3010727
ww_fastpOut_reads_R	BAKTA (ww_fastpOut_reads_R)	COMPLETED	0	183766	1	-	62.1	0.7	4897374208	18000019456	2055981818	3008140
ww_fastpOut_reads_R	BAKTA (ww_fastpOut_reads_R)	COMPLETED	0	218866	1	-	52.8	0.8	4983758848	34075586560	2055256979	3012034
ww_fastpOut_reads_R	BAKTA (ww_fastpOut_reads_R)	COMPLETED	0	189051	1	-	60.1	0.8	4771090432	17876226048	2055274917	3008910
ww_fastpOut_reads_R	BAKTA (ww_fastpOut_reads_R)	COMPLETED	0	175405	1	-	65.4	0.9	4902113280	17996726272	2055397449	3007311
ww_fastpOut_reads_R	BAKTA (ww_fastpOut_reads_R)	COMPLETED	0	196950	1	-	57.4	0.8	4768514048	17872412672	2055828300	3008144
ww_fastpOut_reads_R	BAKTA (ww_fastpOut_reads_R)	COMPLETED	0	210547	1	-	52.1	0.8	4404490240	50754535424	2054828904	3005581
ww_fastpOut_reads_R	BAKTA (ww_fastpOut_reads_R)	COMPLETED	0	206632	1	-	53.8	0.9	4869484544	50702626816	2055582243	3008073
ww_fastpOut_reads_R	BAKTA (ww_fastpOut_reads_R)	COMPLETED	0	176123	1	-	66.3	0.8	4705910784	17953804288	2054778244	3006541
ww_fastpOut_reads_R	BAKTA (ww_fastpOut_reads_R)	COMPLETED	0	177320	1	-	64.2	0.6	4771381248	17877417984	2055647094	3007366
ww_fastpOut_reads_R	BAKTA (ww_fastpOut_reads_R)	COMPLETED	0	173558	1	-	53.2	0.5	3042779136	15646347264	1723967390	3108895
ww_fastpOut_reads_R	BAKTA (ww_fastpOut_reads_R)	COMPLETED	0	219382	1	-	51.2	0.9	4889059328	18063831040	2055496573	3009465
ww_fastpOut_reads_R	BAKTA (ww_fastpOut_reads_R)	COMPLETED	0	199332	1	-	57.1	0.8	4395548672	17797775360	2055509329	3010031
ww_fastpOut_reads_R	BAKTA (ww_fastpOut_reads_R)	COMPLETED	0	148020	1	-	63.9	0.5	3039981568	15543840768	1724639489	3114968
ww_fastpOut_reads_R	BAKTA (ww_fastpOut_reads_R)	COMPLETED	0	179847	1	-	63.4	0.5	4774023168	17939656704	2055171494	3008139
ww_fastpOut_reads_R	BAKTA (ww_fastpOut_reads_R)	COMPLETED	0	186748	1	-	48.7	0.5	3044040704	15651684352	1724799713	3111563
ww_fastpOut_reads_R	BAKTA (ww_fastpOut_reads_R)	COMPLETED	0	173371	1	-	67.1	0.9	4892168192	17953964032	2055008911	3007375
ww_fastpOut_reads_R	BAKTA (ww_fastpOut_reads_R)	COMPLETED	0	200983	1	-	57.4	0.9	4898254848	17953828864	2055701319	3008150
ww_fastpOut_reads_R	BAKTA (ww_fastpOut_reads_R)	COMPLETED	0	197971	1	-	58.8	0.9	4988936192	67469279232	2055323946	3010021
ww_fastpOut_reads_R	BAKTA (ww_fastpOut_reads_R)	COMPLETED	0	179545	1	-	64.1	0.8	4915916800	18086375424	2055214227	3007497
ww_fastpOut_reads_R	BAKTA (ww_fastpOut_reads_R)	COMPLETED	0	195811	1	-	57.7	0.8	4761145344	17931767808	2055013315	3007445
ww_fastpOut_reads_R	BAKTA (ww_fastpOut_reads_R)	COMPLETED	0	199483	1	-	56.4	0.8	4765683712	25756610560	2054781165	3006715
ww_fastpOut_reads_R	BAKTA (ww_fastpOut_reads_R)	COMPLETED	0	218544	1	-	51.6	0.8	4735107072	17839820800	2054900745	3006829
ww_fastpOut_reads_R	BAKTA (ww_fastpOut_reads_R)	COMPLETED	0	205577	1	-	55.6	0.9	4891037696	17998438400	2055328986	3009234
ww_fastpOut_reads_R	BAKTA (ww_fastpOut_reads_R)	COMPLETED	0	188253	1	-	59.7	0.8	4738785280	17839964160	2055166642	3006807
ww_fastpOut_reads_R	BAKTA (ww_fastpOut_reads_R)	COMPLETED	0	235264	1	-	47.8	0.9	4929994752	59187044352	2055406702	3008048
ww_fastpOut_reads_R	BAKTA (ww_fastpOut_reads_R)	COMPLETED	0	235325	1	-	47.8	0.8	4910460928	18021490688	2055203620	3006540
ww_fastpOut_reads_R	BAKTA (ww_fastpOut_reads_R)	COMPLETED	0	234043	1	-	46.7	0.8	4737732608	17906929664	2054841379	3007378
ww_fastpOut_reads_R	BAKTA (ww_fastpOut_reads_R)	COMPLETED	0	236862	1	-	47.6	0.8	4981084160	18021117952	2055511360	3011678
ww_fastpOut_reads_R	BAKTA (ww_fastpOut_reads_R)	COMPLETED	0	180335	1	-	50.9	0.5	3042512896	15588687872	1724239194	3110859
ww_fastpOut_reads_R	BAKTA (ww_fastpOut_reads_R)	COMPLETED	0	231862	1	-	47.5	0.8	4763947008	17869148160	2055487313	3010264
ww_fastpOut_reads_R	BAKTA (ww_fastpOut_reads_R)	COMPLETED	0	221129	1	-	51.3	0.7	4778504192	17872416768	2054766973	3007115
ww_fastpOut_reads_R	BAKTA (ww_fastpOut_reads_R)	COMPLETED	0	264606	1	-	43.5	0.8	4713979904	17829007360	2054765408	3005925
ww_fastpOut_reads_R	BAKTA (ww_fastpOut_reads_R)	COMPLETED	0	200861	1	-	55.4	0.7	4707622912	17822138368	2054676826	3010124
ww_fastpOut_reads_R	BAKTA (ww_fastpOut_reads_R)	COMPLETED	0	240443	1	-	45.6	0.8	4772257792	17876316160	2055345968	3008537
ww_fastpOut_reads_R	BAKTA (ww_fastpOut_reads_R)	COMPLETED	0	198087	1	-	45.6	0.5	3014803456	15665377280	1723957252	3114114
ww_fastpOut_reads_R	BAKTA (ww_fastpOut_reads_R)	COMPLETED	0	236930	1	-	46.9	0.8	4768550912	17807536128	2055224141	3007869
ww_fastpOut_reads_R	BAKTA (ww_fastpOut_reads_R)	COMPLETED	0	240730	1	-	45.8	0.9	4768645120	59078758400	2055091421	3007862
ww_fastpOut_reads_R	BAKTA (ww_fastpOut_reads_R)	COMPLETED	0	240650	1	-	46.1	0.8	4726468608	17897463808	2055038889	3010431
ww_fastpOut_reads_R	BAKTA (ww_fastpOut_reads_R)	COMPLETED	0	181900	1	-	62.1	0.9	4918833152	18021064704	2055598747	3007596
ww_fastpOut_reads_R	BAKTA (ww_fastpOut_reads_R)	COMPLETED	0	181672	1	-	50.6	0.5	3043295232	15501299712	1725032378	3114232
ww_fastpOut_reads_R	BAKTA (ww_fastpOut_reads_R)	COMPLETED	0	199898	1	-	56.7	0.9	4851109888	17875951616	2055705039	3007684
ww_fastpOut_reads_R	BAKTA (ww_fastpOut_reads_R)	COMPLETED	0	212098	1	-	52.2	0.8	4712607744	17757270016	2055002933	3009982
ww_fastpOut_reads_R	BAKTA (ww_fastpOut_reads_R)	COMPLETED	0	192704	1	-	58.5	0.9	4894117888	17889689600	2054997576	3006957
ww_fastpOut_reads_R	BAKTA (ww_fastpOut_reads_R)	COMPLETED	0	213595	1	-	52.3	0.8	4763238400	17931997184	2054687074	3010398
ww_fastpOut_reads_R	BAKTA (ww_fastpOut_reads_R)	COMPLETED	0	168553	1	-	52.2	0.5	3043020800	15651684352	1724198327	3112412
ww_fastpOut_reads_R	BAKTA (ww_fastpOut_reads_R)	COMPLETED	0	216301	1	-	51.9	0.9	4967047168	17957556224	2055009079	3010956
ww_fastpOut_reads_R	BAKTA (ww_fastpOut_reads_R)	COMPLETED	0	197837	1	-	58.9	0.9	4977045504	18078093312	2055026529	3011199
ww_fastpOut_reads_R	BAKTA (ww_fastpOut_reads_R)	COMPLETED	0	208321	1	-	55.8	0.9	4982239232	34105024512	2055092312	3010598
ww_fastpOut_reads_R	BAKTA (ww_fastpOut_reads_R)	COMPLETED	0	182588	1	-	48.2	0.5	3041185792	15436910592	1723949515	3113442
ww_fastpOut_reads_R	BAKTA (ww_fastpOut_reads_R)	COMPLETED	0	195348	1	-	58.5	0.8	4765401088	17801736192	2055692055	3011498
ww_fastpOut_reads_R	BAKTA (ww_fastpOut_reads_R)	COMPLETED	0	207514	1	-	54.7	0.8	4760481792	17931771904	2053912023	3007856
ww_fastpOut_reads_R	BAKTA (ww_fastpOut_reads_R)	COMPLETED	0	207162	1	-	53.5	0.9	4936032256	18031816704	2054438122	3008516
ww_fastpOut_reads_R	BAKTA (ww_fastpOut_reads_R)	COMPLETED	0	208558	1	-	54.6	0.6	4989300736	18152378368	2055533051	3011358
ww_fastpOut_reads_R	BAKTA (ww_fastpOut_reads_R)	COMPLETED	0	191253	1	-	59.0	0.8	4687187968	17929748480	2056051724	3008737
ww_fastpOut_reads_R	BAKTA (ww_fastpOut_reads_R)	COMPLETED	0	212442	1	-	54.4	0.9	4758532096	17865302016	2054855337	3010623
ww_fastpOut_reads_R	BAKTA (ww_fastpOut_reads_R)	COMPLETED	0	206510	1	-	55.3	0.8	4392288256	100742090752	2054991762	3007440
ww_fastpOut_reads_R	BAKTA (ww_fastpOut_reads_R)	COMPLETED	0	183430	1	-	61.7	0.9	4870758400	18039119872	2055403464	3008922
ww_fastpOut_reads_R	BAKTA (ww_fastpOut_reads_R)	COMPLETED	0	212568	1	-	53.0	0.8	4876034048	59116904448	2055136296	3008710
ww_fastpOut_reads_R	BAKTA (ww_fastpOut_reads_R)	COMPLETED	0	190344	1	-	60.5	0.9	4766969856	17998123008	2054440454	3011381
ww_fastpOut_reads_R	BAKTA (ww_fastpOut_reads_R)	COMPLETED	0	218835	1	-	51.8	0.9	4979437568	18015145984	2055217444	3010671
ww_fastpOut_reads_R	BAKTA (ww_fastpOut_reads_R)	COMPLETED	0	190069	1	-	59.3	0.8	4649250816	17698119680	2054907443	3011086
ww_fastpOut_reads_R	BAKTA (ww_fastpOut_reads_R)	COMPLETED	0	242543	1	-	45.8	0.8	4751339520	17926971392	2054348242	3008110
ww_fastpOut_reads_R	BAKTA (ww_fastpOut_reads_R)	COMPLETED	0	201409	1	-	54.9	0.8	4700180480	17693982720	2055388040	3007117
ww_fastpOut_reads_R	BAKTA (ww_fastpOut_reads_R)	COMPLETED	0	205558	1	-	43.4	0.4	3042971648	15429197824	1723851482	3108991
ww_fastpOut_reads_R	BAKTA (ww_fastpOut_reads_R)	COMPLETED	0	218590	1	-	51.0	0.9	4909568000	59057541120	2054658847	3008025
ww_fastpOut_reads_R	BAKTA (ww_fastpOut_reads_R)	COMPLETED	0	204418	1	-	55.3	0.8	4873658368	17974751232	2055144670	3007702
ww_fastpOut_reads_R	BAKTA (ww_fastpOut_reads_R)	COMPLETED	0	253338	1	-	44.6	0.9	4964122624	92573421568	2054588125	3010062
ww_fastpOut_reads_R	BAKTA (ww_fastpOut_reads_R)	COMPLETED	0	203102	1	-	55.3	0.8	4731858944	17775116288	2054713982	3007413
ww_fastpOut_reads_R	BAKTA (ww_fastpOut_reads_R)	COMPLETED	0	214423	1	-	51.6	0.9	4871647232	17975603200	2055562524	3008468
ww_fastpOut_reads_R	BAKTA (ww_fastpOut_reads_R)	COMPLETED	0	218545	1	-	50.9	0.8	4731088896	17769713664	2054354014	3010164
ww_fastpOut_reads_R	BAKTA (ww_fastpOut_reads_R)	COMPLETED	0	205388	1	-	54.4	0.8	4733431808	17897336832	2055242953	3011891
ww_fastpOut_reads_R	BAKTA (ww_fastpOut_reads_R)	COMPLETED	0	205887	1	-	54.9	0.7	4708360192	17815896064	2054960631	3007931
ww_fastpOut_reads_R	BAKTA (ww_fastpOut_reads_R)	COMPLETED	0	192504	1	-	57.4	0.7	4856225792	17959456768	2055158131	3009161
ww_fastpOut_reads_R	BAKTA (ww_fastpOut_reads_R)	COMPLETED	0	230848	1	-	48.7	0.8	4708474880	17815728128	2054841650	3007785
ww_fastpOut_reads_R	BAKTA (ww_fastpOut_reads_R)	COMPLETED	0	149028	1	-	62.1	0.5	3041849344	15496298496	1724746479	3111150
ww_fastpOut_reads_R	BAKTA (ww_fastpOut_reads_R)	COMPLETED	0	203034	1	-	56.6	0.7	4156235776	17759485952	2055002317	3007854
ww_fastpOut_reads_R	BAKTA (ww_fastpOut_reads_R)	COMPLETED	0	205341	1	-	53.5	0.8	4727373824	17765187584	2055043335	3011213
ww_fastpOut_reads_R	BAKTA (ww_fastpOut_reads_R)	COMPLETED	0	229425	1	-	50.8	0.8	4928405504	18039111680	2054894142	3012412
ww_fastpOut_reads_R	BAKTA (ww_fastpOut_reads_R)	COMPLETED	0	216774	1	-	42.5	0.5	3047542784	15630381056	1724501599	3111815
ww_fastpOut_reads_R	BAKTA (ww_fastpOut_reads_R)	COMPLETED	0	187649	1	-	49.6	0.5	3045433344	15628677120	1722949656	3112419
ww_fastpOut_reads_R	BAKTA (ww_fastpOut_reads_R)	COMPLETED	0	184236	1	-	61.1	0.8	4660695040	25737576448	2054372316	3006532
ww_fastpOut_reads_R	BAKTA (ww_fastpOut_reads_R)	COMPLETED	0	177240	1	-	63.7	0.8	4738998272	17843916800	2054670227	3007281
ww_fastpOut_reads_R	BAKTA (ww_fastpOut_reads_R)	COMPLETED	0	217269	1	-	51.0	0.8	4722814976	17893711872	2055249222	3008749
ww_fastpOut_reads_R	BAKTA (ww_fastpOut_reads_R)	COMPLETED	0	159584	1	-	71.4	0.8	4741935104	17832824832	2055468587	3010631
ww_fastpOut_reads_R	BAKTA (ww_fastpOut_reads_R)	COMPLETED	0	144624	1	-	79.8	0.6	4732391424	17830219776	2055071943	3011682
ww_fastpOut_reads_R	BAKTA (ww_fastpOut_reads_R)	COMPLETED	0	156126	1	-	58.7	0.5	3041431552	15655251968	1724243270	3110279
ww_fastpOut_reads_R	BAKTA (ww_fastpOut_reads_R)	COMPLETED	0	250623	1	-	45.1	0.9	4925849600	25729679360	2054993846	3007809
ww_fastpOut_reads_R	BAKTA (ww_fastpOut_reads_R)	COMPLETED	0	241458	1	-	46.5	0.9	4872945664	25737031680	2055118840	3009195
ww_fastpOut_reads_R	BAKTA (ww_fastpOut_reads_R)	COMPLETED	0	220927	1	-	51.7	0.9	4873924608	17974718464	2055281815	3008546
ww_fastpOut_reads_R	BAKTA (ww_fastpOut_reads_R)	COMPLETED	0	197264	1	-	46.4	0.5	3016212480	15421251584	1723954464	3109630
ww_fastpOut_reads_R	BAKTA (ww_fastpOut_reads_R)	COMPLETED	0	241743	1	-	45.7	0.8	4725968896	34069835776	2055055519	3009378
ww_fastpOut_reads_R	BAKTA (ww_fastpOut_reads_R)	COMPLETED	0	141897	1	-	64.5	0.5	3042897920	15463301120	1725026194	3110658
ww_fastpOut_reads_R	BAKTA (ww_fastpOut_reads_R)	COMPLETED	0	254670	1	-	44.1	0.9	4929503232	59118305280	2054645971	3011923
ww_fastpOut_reads_R	BAKTA (ww_fastpOut_reads_R)	COMPLETED	0	218597	1	-	51.3	0.8	4736278528	17838108672	2054731977	3009448
ww_fastpOut_reads_R	BAKTA (ww_fastpOut_reads_R)	COMPLETED	0	252358	1	-	35.3	0.5	3015327744	15640625152	1723974695	3113674
ww_fastpOut_reads_R	BAKTA (ww_fastpOut_reads_R)	COMPLETED	0	242996	1	-	45.6	0.8	4721438720	50749325312	2055538766	3008628
ww_fastpOut_reads_R	BAKTA (ww_fastpOut_reads_R)	COMPLETED	0	222819	1	-	51.3	0.8	4926693376	18031947776	2054457055	3007168
ww_fastpOut_reads_R	BAKTA (ww_fastpOut_reads_R)	COMPLETED	0	161039	1	-	69.3	0.7	4929409024	17966444544	2055083707	3007827
ww_fastpOut_reads_R	BAKTA (ww_fastpOut_reads_R)	COMPLETED	0	172518	1	-	65.1	0.8	4649775104	17772711936	2054536385	3007175
ww_fastpOut_reads_R	BAKTA (ww_fastpOut_reads_R)	COMPLETED	0	146784	1	-	77.1	0.5	4938088448	18037301248	2054936505	3011565
ww_fastpOut_reads_R	BAKTA (ww_fastpOut_reads_R)	COMPLETED	0	144041	1	-	79.9	0.9	4867481600	17972011008	2055344192	3008993
ww_fastpOut_reads_R	BAKTA (ww_fastpOut_reads_R)	COMPLETED	0	155475	1	-	70.8	0.8	4706942976	17697771520	2055946375	3007962
ww_fastpOut_reads_R	BAKTA (ww_fastpOut_reads_R)	COMPLETED	0	247486	1	-	44.7	0.7	4710875136	17817669632	2054138296	3010829
ww_fastpOut_reads_R	BAKTA (ww_fastpOut_reads_R)	COMPLETED	0	180136	1	-	63.4	0.9	4948549632	18050023424	2054844657	3012224
ww_fastpOut_reads_R	BAKTA (ww_fastpOut_reads_R)	COMPLETED	0	192748	1	-	57.2	0.8	4705005568	17816231936	2055088610	3007645
ww_fastpOut_reads_R	BAKTA (ww_fastpOut_reads_R)	COMPLETED	0	123256	1	-	67.8	0.5	3015946240	15304679424	1717154754	2899405
ww_fastpOut_reads_R	BAKTA (ww_fastpOut_reads_R)	COMPLETED	0	45766	1	-	18.2	0.0	169861120	8972496896	72118408	74255
ww_fastpOut_reads_R	BAKTA (ww_fastpOut_reads_R)	COMPLETED	0	210029	1	-	53.0	0.9	4872900608	17972019200	2056284567	3009595
ww_fastpOut_reads_R	BAKTA (ww_fastpOut_reads_R)	COMPLETED	0	188129	1	-	47.8	0.5	3041996800	15651819520	1724436283	3111482
ww_fastpOut_reads_R	BAKTA (ww_fastpOut_reads_R)	COMPLETED	0	134440	1	-	62.9	0.5	3013324800	15280209920	1719049119	2942925
ww_fastpOut_reads_R	BAKTA (ww_fastpOut_reads_R)	COMPLETED	0	215211	1	-	52.3	0.9	4976168960	18145071104	2054367338	3010738
ww_fastpOut_reads_R	BAKTA (ww_fastpOut_reads_R)	COMPLETED	0	227849	1	-	49.4	0.9	4851658752	18026565632	2055192993	3008170
ww_fastpOut_reads_R	BAKTA (ww_fastpOut_reads_R)	COMPLETED	0	198169	1	-	55.5	0.6	3596500992	42357923840	2055839780	3007386
ww_fastpOut_reads_R	BAKTA (ww_fastpOut_reads_R)	COMPLETED	0	231977	1	-	48.0	0.9	4930678784	18098929664	2054966297	3007343
ww_fastpOut_reads_R	BAKTA (ww_fastpOut_reads_R)	COMPLETED	0	150518	1	-	73.6	0.5	3019206656	15427514368	3036593808	24061915
ww_fastpOut_reads_R	BAKTA (ww_fastpOut_reads_R)	COMPLETED	0	242161	1	-	46.7	0.5	4709314560	17881161728	2056232135	3008274
ww_fastpOut_reads_R	BAKTA (ww_fastpOut_reads_R)	COMPLETED	0	213755	1	-	53.4	0.9	4929089536	17967681536	2054643720	3008771
ww_fastpOut_reads_R	BAKTA (ww_fastpOut_reads_R)	COMPLETED	0	161616	1	-	55.3	0.4	3042226176	15457918976	1723866496	3110161
ww_fastpOut_reads_R	BAKTA (ww_fastpOut_reads_R)	COMPLETED	0	178449	1	-	51.2	0.5	3042193408	15457570816	1723543342	3113478
ww_fastpOut_reads_R	BAKTA (ww_fastpOut_reads_R)	COMPLETED	0	146378	1	-	66.6	0.5	3045744640	15780065280	2057389713	2369476
ww_fastpOut_reads_R	BAKTA (ww_fastpOut_reads_R)	COMPLETED	0	243399	1	-	45.9	0.9	4908085248	18086252544	2054709522	3008157
ww_fastpOut_reads_R	BAKTA (ww_fastpOut_reads_R)	COMPLETED	0	31488	1	-	28.0	0.0	391020544	10944368640	72014457	72133
ww_fastpOut_reads_R	BAKTA (ww_fastpOut_reads_R)	COMPLETED	0	255392	1	-	42.7	0.8	4730437632	25732808704	2054456181	3010770
ww_fastpOut_reads_R	BAKTA (ww_fastpOut_reads_R)	COMPLETED	0	205523	1	-	54.6	0.9	4870983680	18039115776	2055098274	3009250
ww_fastpOut_reads_R	BAKTA (ww_fastpOut_reads_R)	COMPLETED	0	222991	1	-	38.7	0.5	3012448256	15304663040	1718121186	2942384
ww_fastpOut_reads_R	BAKTA (ww_fastpOut_reads_R)	COMPLETED	0	195809	1	-	46.7	0.5	3041079296	15653437440	1724031592	3113039
ww_fastpOut_reads_R	BAKTA (ww_fastpOut_reads_R)	COMPLETED	0	173014	1	-	51.2	0.4	3044286464	15395360768	1718620710	2899140
ww_fastpOut_reads_R	BAKTA (ww_fastpOut_reads_R)	COMPLETED	0	192161	1	-	47.0	0.5	3042422784	15630458880	1724706938	3108968
ww_fastpOut_reads_R	BAKTA (ww_fastpOut_reads_R)	COMPLETED	0	236309	1	-	37.6	0.5	3040264192	67379802112	1724255780	3112200
ww_fastpOut_reads_R	BAKTA (ww_fastpOut_reads_R)	COMPLETED	0	230311	1	-	49.3	0.9	4850720768	17959329792	2055774633	3008507
ww_fastpOut_reads_R	BAKTA (ww_fastpOut_reads_R)	COMPLETED	0	185171	1	-	46.8	0.4	3013435392	15084474368	2045993937	1449659
ww_fastpOut_reads_R	BAKTA (ww_fastpOut_reads_R)	COMPLETED	0	261356	1	-	41.7	0.8	4736282624	17906925568	2054426733	3008201
ww_fastpOut_reads_R	BAKTA (ww_fastpOut_reads_R)	COMPLETED	0	273465	1	-	40.5	0.8	4705304576	17814052864	2055232351	3009011
ww_fastpOut_reads_R	BAKTA (ww_fastpOut_reads_R)	COMPLETED	0	268880	1	-	42.4	0.9	4947288064	18054840320	2055240525	3011860
ww_fastpOut_reads_R	BAKTA (ww_fastpOut_reads_R)	COMPLETED	0	241437	1	-	46.9	0.9	4866875392	25733050368	2054849919	3009916
ww_fastpOut_reads_R	BAKTA (ww_fastpOut_reads_R)	COMPLETED	0	173545	1	-	51.5	0.5	3040247808	42368380928	1724069684	3110354
ww_fastpOut_reads_R	BAKTA (ww_fastpOut_reads_R)	COMPLETED	0	211743	1	-	42.1	0.5	3046584320	15433007104	1724479637	3108351
ww_fastpOut_reads_R	BAKTA (ww_fastpOut_reads_R)	COMPLETED	0	250985	1	-	44.2	0.8	4721725440	17826603008	2055296460	3008649
ww_fastpOut_reads_R	BAKTA (ww_fastpOut_reads_R)	COMPLETED	0	158156	1	-	56.4	0.5	3043602432	75715796992	1724312744	3114709
ww_fastpOut_reads_R	BAKTA (ww_fastpOut_reads_R)	COMPLETED	0	226431	1	-	39.0	0.5	3015696384	15510089728	1723595513	3109508
ww_fastpOut_reads_R	BAKTA (ww_fastpOut_reads_R)	COMPLETED	0	236554	1	-	37.7	0.5	3013824512	15301087232	1717832059	2940108
ww_fastpOut_reads_R	BAKTA (ww_fastpOut_reads_R)	COMPLETED	0	190075	1	-	50.2	0.6	3261190144	16343859200	2034994092	1284374
ww_fastpOut_reads_R	BAKTA (ww_fastpOut_reads_R)	COMPLETED	0	195593	1	-	45.0	0.5	3043749888	15244644352	1718163708	2900412
ww_fastpOut_reads_R	BAKTA (ww_fastpOut_reads_R)	COMPLETED	0	237186	1	-	36.0	0.5	3010183168	15283744768	1717525461	2900449
ww_fastpOut_reads_R	BAKTA (ww_fastpOut_reads_R)	FAILED	1	41795	1	-	-	-	-	-	-	-
ww_fastpOut_reads_R	BAKTA (ww_fastpOut_reads_R)	ABORTED	-	-	1	-	-	-	-	-	-	-
ww_fastpOut_reads_R	BAKTA (ww_fastpOut_reads_R)	ABORTED	-	-	1	-	-	-	-	-	-	-
ww_fastpOut_reads_R	BAKTA (ww_fastpOut_reads_R)	ABORTED	-	-	1	-	-	-	-	-	-	-
ww_fastpOut_reads_R	BAKTA (ww_fastpOut_reads_R)	ABORTED	-	-	1	-	-	-	-	-	-	-
ww_fastpOut_reads_R	BAKTA (ww_fastpOut_reads_R)	ABORTED	-	-	1	-	-	-	-	-	-	-
ww_fastpOut_reads_R	BAKTA (ww_fastpOut_reads_R)	ABORTED	-	-	1	-	-	-	-	-	-	-
ww_fastpOut_reads_R	BAKTA (ww_fastpOut_reads_R)	ABORTED	-	-	1	-	-	-	-	-	-	-
ww_fastpOut_reads_R	BAKTA (ww_fastpOut_reads_R)	ABORTED	-	-	1	-	-	-	-	-	-	-
ww_fastpOut_reads_R	BAKTA (ww_fastpOut_reads_R)	ABORTED	-	-	1	-	-	-	-	-	-	-
ww_fastpOut_reads_R	BAKTA (ww_fastpOut_reads_R)	ABORTED	-	-	1	-	-	-	-	-	-	-
ww_fastpOut_reads_R	BAKTA (ww_fastpOut_reads_R)	ABORTED	-	-	1	-	-	-	-	-	-	-
ww_fastpOut_reads_R	BAKTA (ww_fastpOut_reads_R)	ABORTED	-	-	1	-	-	-	-	-	-	-
ww_fastpOut_reads_R	BAKTA (ww_fastpOut_reads_R)	ABORTED	-	-	1	-	-	-	-	-	-	-
ww_fastpOut_reads_R	BAKTA (ww_fastpOut_reads_R)	ABORTED	-	-	1	-	-	-	-	-	-	-
ww_fastpOut_reads_R	BAKTA (ww_fastpOut_reads_R)	ABORTED	-	-	1	-	-	-	-	-	-	-
ww_fastpOut_reads_R	BAKTA (ww_fastpOut_reads_R)	ABORTED	-	-	1	-	-	-	-	-	-	-
ww_fastpOut_reads_R	BAKTA (ww_fastpOut_reads_R)	ABORTED	-	-	1	-	-	-	-	-	-	-
ww_fastpOut_reads_R	BAKTA (ww_fastpOut_reads_R)	ABORTED	-	-	1	-	-	-	-	-	-	-
ww_fastpOut_reads_R	BAKTA (ww_fastpOut_reads_R)	ABORTED	-	-	1	-	-	-	-	-	-	-
ww_fastpOut_reads_R	BAKTA (ww_fastpOut_reads_R)	ABORTED	-	-	1	-	-	-	-	-	-	-
ww_fastpOut_reads_R	BAKTA (ww_fastpOut_reads_R)	ABORTED	-	-	1	-	-	-	-	-	-	-
ww_fastpOut_reads_R	BAKTA (ww_fastpOut_reads_R)	ABORTED	-	-	1	-	-	-	-	-	-	-
ww_fastpOut_reads_R	BAKTA (ww_fastpOut_reads_R)	ABORTED	-	-	1	-	-	-	-	-	-	-
ww_fastpOut_reads_R	BAKTA (ww_fastpOut_reads_R)	ABORTED	-	-	1	-	-	-	-	-	-	-
ww_fastpOut_reads_R	BAKTA (ww_fastpOut_reads_R)	ABORTED	-	-	1	-	-	-	-	-	-	-
ww_fastpOut_reads_R	BAKTA (ww_fastpOut_reads_R)	ABORTED	-	-	1	-	-	-	-	-	-	-
ww_fastpOut_reads_R	BAKTA (ww_fastpOut_reads_R)	ABORTED	-	-	1	-	-	-	-	-	-	-
ww_fastpOut_reads_R	BAKTA (ww_fastpOut_reads_R)	ABORTED	-	-	1	-	-	-	-	-	-	-
ww_fastpOut_reads_R	BAKTA (ww_fastpOut_reads_R)	ABORTED	-	-	1	-	-	-	-	-	-	-
ww_fastpOut_reads_R	BAKTA (ww_fastpOut_reads_R)	ABORTED	-	-	1	-	-	-	-	-	-	-
ww_fastpOut_reads_R	BAKTA (ww_fastpOut_reads_R)	ABORTED	-	-	1	-	-	-	-	-	-	-
