queried_path	ground_truth_match	proportion-query-genes-found	avg-syntenic-correlation
3000026inst1_gene_seq	SAMEA5613724	1.0	1.0
3000026inst1_gene_seq	SAMEA5613725	0.833	1.0
3000027inst1_gene_seq	SAMEA5613884	0.6	0.999
3000027inst1_gene_seq	SAMEA5613879	0.6	1.0
3000027inst1_gene_seq	SAMEA5613875	0.6	1.0
3000027inst1_gene_seq	SAMEA5613885	0.6	0.998
3000027inst1_gene_seq	SAMEA5613873	0.8	0.997
3000027inst1_gene_seq	SAMEA5613871	1.0	1.0
3000027inst1_gene_seq	SAMEA5613881	0.6	0.998
3000027inst1_gene_seq	SAMEA5613874	0.8	0.997
3000027inst1_gene_seq	SAMEA5613877	0.6	0.998
3000027inst1_gene_seq	SAMEA5613878	0.6	0.999
3000027inst1_gene_seq	SAMEA5613872	0.8	0.995
3000027inst1_gene_seq	SAMEA5613876	0.8	1.0
3000027inst1_gene_seq	SAMEA5613883	0.6	0.999
3000027inst1_gene_seq	SAMEA5613880	0.6	1.0
3000074inst1_gene_seq	SAMEA5613874	0.949	1.0
3000074inst2_gene_seq	SAMEA5613884	0.6	0.999
3000074inst2_gene_seq	SAMEA5613879	0.6	1.0
3000074inst2_gene_seq	SAMEA5613875	0.6	1.0
3000074inst2_gene_seq	SAMEA5613885	0.6	0.998
3000074inst2_gene_seq	SAMEA5613873	0.8	0.998
3000074inst2_gene_seq	SAMEA5613871	0.8	1.0
3000074inst2_gene_seq	SAMEA5613881	0.6	0.998
3000074inst2_gene_seq	SAMEA5613874	0.8	0.998
3000074inst2_gene_seq	SAMEA5613877	0.6	0.998
3000074inst2_gene_seq	SAMEA5613878	0.6	0.999
3000074inst2_gene_seq	SAMEA5613872	0.8	0.996
3000074inst2_gene_seq	SAMEA5613876	1.0	1.0
3000074inst2_gene_seq	SAMEA5613883	0.6	0.999
3000074inst2_gene_seq	SAMEA5613880	0.6	1.0
3000165inst1_gene_seq	SAMEA5613812	1.0	1.0
3000174inst1_gene_seq	SAMEA5613793	0.852	0.989
3000179inst1_gene_seq	SAMEA5613715	1.0	1.0
3000186inst1_path_204_trimmed	SAMEA5613717	0.889	0.998
3000186inst1_path_204_trimmed	SAMEA5613816	1.0	1.0
3000190inst1_path_2	SAMEA5613758	1.0	0.994
3000191inst1_gene_seq	SAMEA5613701	0.889	1.0
3000198inst1_path_54	SAMEA5613718	1.0	1.0
3000216inst1_gene_seq	SAMEA5613889	0.5	0.953
3000216inst1_gene_seq	SAMEA5613873	0.833	1.0
3000216inst1_gene_seq	SAMEA5613871	0.633	0.984
3000216inst1_gene_seq	SAMEA5613874	0.567	0.988
3000216inst1_gene_seq	SAMEA5613878	0.5	0.949
3000216inst1_gene_seq	SAMEA5613876	0.567	0.975
3000216inst2_gene_seq	SAMEA5613873	0.917	0.978
3000216inst2_gene_seq	SAMEA5613871	1.0	1.0
3000216inst2_gene_seq	SAMEA5613874	0.583	0.938
3000216inst2_gene_seq	SAMEA5613872	0.917	0.999
3000216inst2_gene_seq	SAMEA5613876	0.583	1.0
3000216inst3_gene_seq	SAMEA5613873	0.636	0.895
3000216inst3_gene_seq	SAMEA5613874	0.909	1.0
3000216inst3_gene_seq	SAMEA5613872	0.485	0.985
3000237inst1_gene_seq	SAMEA5613889	0.5	0.908
3000237inst1_gene_seq	SAMEA5613888	0.6	0.812
3000237inst1_gene_seq	SAMEA5613887	0.6	0.763
3000237inst1_gene_seq	SAMEA5613879	0.5	0.916
3000237inst1_gene_seq	SAMEA5613886	0.5	0.888
3000237inst1_gene_seq	SAMEA5613873	0.6	0.911
3000237inst1_gene_seq	SAMEA5613871	0.9	0.999
3000237inst1_gene_seq	SAMEA5613881	0.5	0.89
3000237inst1_gene_seq	SAMEA5613874	0.6	0.914
3000237inst1_gene_seq	SAMEA5613878	0.5	0.9
3000237inst1_gene_seq	SAMEA5613872	0.6	0.916
3000237inst1_gene_seq	SAMEA5613876	1.0	1.0
3000237inst1_gene_seq	SAMEA5613880	0.5	0.897
3000263inst1_path_1_trimmed	SAMEA5613871	0.955	1.0
3000263inst1_path_1_trimmed	SAMEA5613872	0.705	0.974
3000263inst1_path_1_trimmed	SAMEA5613876	0.545	0.981
3000263inst2_gene_seq	SAMEA5613876	0.924	1.0
3000319inst1_gene_seq	SAMEA5613727	1.0	0.999
3000375inst1_gene_seq	SAMEA5613755	0.877	1.0
3000391inst1_path_100_trimmed	SAMEA5613726	0.808	0.987
3000391inst1_path_100_trimmed	SAMEA5613727	0.885	0.998
3000391inst1_path_100_trimmed	SAMEA5613724	0.923	0.999
3000391inst1_path_100_trimmed	SAMEA5613725	1.0	1.0
3000391inst1_path_1	SAMEA5613726	0.895	0.996
3000391inst1_path_1	SAMEA5613727	0.711	0.995
3000391inst1_path_1	SAMEA5613724	1.0	1.0
3000391inst1_path_1	SAMEA5613725	1.0	0.998
3000421inst1_gene_seq	SAMEA5613718	1.0	1.0
3000444inst1_gene_seq	SAMEA5613691	1.0	1.0
3000481inst1_path_84	SAMEA5613899	0.945	1.0
3000481inst1_path_84	SAMEA5613901	0.727	0.995
3000491inst1_path_8_trimmed	SAMEA5613889	0.556	0.996
3000491inst1_path_8_trimmed	SAMEA5613888	0.519	0.995
3000491inst1_path_8_trimmed	SAMEA5613886	0.556	0.976
3000491inst1_path_8_trimmed	SAMEA5613873	0.667	0.983
3000491inst1_path_8_trimmed	SAMEA5613871	0.667	0.997
3000491inst1_path_8_trimmed	SAMEA5613874	0.63	0.993
3000491inst1_path_8_trimmed	SAMEA5613872	0.519	0.995
3000491inst1_path_8_trimmed	SAMEA5613876	0.704	0.999
3000491inst3_gene_seq	SAMEA5613873	0.64	0.998
3000491inst3_gene_seq	SAMEA5613871	0.8	0.998
3000491inst3_gene_seq	SAMEA5613874	0.84	1.0
3000491inst3_gene_seq	SAMEA5613878	0.52	0.995
3000491inst3_gene_seq	SAMEA5613872	0.6	0.988
3000491inst3_gene_seq	SAMEA5613876	0.8	0.994
3000491inst4_gene_seq	SAMEA5613875	0.56	0.981
3000491inst4_gene_seq	SAMEA5613873	0.92	1.0
3000491inst4_gene_seq	SAMEA5613871	0.52	1.0
3000491inst4_gene_seq	SAMEA5613874	0.52	0.998
3000491inst4_gene_seq	SAMEA5613878	0.8	0.996
3000491inst4_gene_seq	SAMEA5613872	0.48	0.971
3000491inst4_gene_seq	SAMEA5613876	0.52	0.996
3000491inst4_gene_seq	SAMEA5613880	0.72	0.992
3000499inst1_path_88_trimmed	SAMEA5613889	0.5	1.0
3000499inst1_path_88_trimmed	SAMEA5613892	0.5	1.0
3000499inst1_path_88_trimmed	SAMEA5613857	0.5	0.999
3000499inst1_path_88_trimmed	SAMEA5613799	0.5	1.0
3000499inst1_path_88_trimmed	SAMEA5613830	0.5	0.998
3000499inst1_path_88_trimmed	SAMEA5613865	0.5	1.0
3000499inst1_path_88_trimmed	SAMEA5613791	0.5	1.0
3000499inst1_path_88_trimmed	SAMEA5613835	0.5	0.998
3000499inst1_path_88_trimmed	SAMEA5613854	0.5	0.997
3000499inst1_path_88_trimmed	SAMEA5613825	0.75	0.998
3000499inst1_path_88_trimmed	SAMEA5613819	0.5	1.0
3000499inst1_path_88_trimmed	SAMEA5613783	0.5	1.0
3000499inst1_path_88_trimmed	SAMEA5613780	0.5	1.0
3000499inst1_path_88_trimmed	SAMEA5613884	0.5	0.999
3000499inst1_path_88_trimmed	SAMEA5613888	0.5	0.997
3000499inst1_path_88_trimmed	SAMEA5613834	0.5	0.998
3000499inst1_path_88_trimmed	SAMEA5613887	0.5	0.997
3000499inst1_path_88_trimmed	SAMEA5613882	0.5	0.999
3000499inst1_path_88_trimmed	SAMEA5613897	0.5	0.998
3000499inst1_path_88_trimmed	SAMEA5613813	0.75	0.998
3000499inst1_path_88_trimmed	SAMEA5613828	0.5	0.999
3000499inst1_path_88_trimmed	SAMEA5613814	0.5	0.997
3000499inst1_path_88_trimmed	SAMEA5613890	0.5	1.0
3000499inst1_path_88_trimmed	SAMEA5613781	0.5	0.999
3000499inst1_path_88_trimmed	SAMEA5613845	0.5	0.998
3000499inst1_path_88_trimmed	SAMEA5613886	0.5	0.999
3000499inst1_path_88_trimmed	SAMEA5613838	0.5	0.999
3000499inst1_path_88_trimmed	SAMEA5613806	0.625	0.986
3000499inst1_path_88_trimmed	SAMEA5613900	0.5	1.0
3000499inst1_path_88_trimmed	SAMEA5613836	0.5	0.998
3000499inst1_path_88_trimmed	SAMEA5613789	0.5	1.0
3000499inst1_path_88_trimmed	SAMEA5613839	0.5	0.999
3000499inst1_path_88_trimmed	SAMEA5613712	0.5	0.998
3000499inst1_path_88_trimmed	SAMEA5613817	0.5	0.997
3000499inst1_path_88_trimmed	SAMEA5613848	0.5	0.998
3000499inst1_path_88_trimmed	SAMEA5613894	0.5	0.998
3000499inst1_path_88_trimmed	SAMEA5613782	0.5	1.0
3000499inst1_path_88_trimmed	SAMEA5613824	0.75	0.998
3000499inst1_path_88_trimmed	SAMEA5613786	0.5	1.0
3000499inst1_path_88_trimmed	SAMEA5613790	0.5	1.0
3000499inst1_path_88_trimmed	SAMEA5613812	0.5	1.0
3000499inst1_path_88_trimmed	SAMEA5613885	0.5	0.999
3000499inst1_path_88_trimmed	SAMEA5613873	1.0	1.0
3000499inst1_path_88_trimmed	SAMEA5613899	0.5	1.0
3000499inst1_path_88_trimmed	SAMEA5613871	0.875	0.999
3000499inst1_path_88_trimmed	SAMEA5613874	1.0	0.998
3000499inst1_path_88_trimmed	SAMEA5613804	0.5	1.0
3000499inst1_path_88_trimmed	SAMEA5613823	0.75	0.998
3000499inst1_path_88_trimmed	SAMEA5613877	0.5	0.999
3000499inst1_path_88_trimmed	SAMEA5613777	0.75	0.886
3000499inst1_path_88_trimmed	SAMEA5613820	0.625	0.998
3000499inst1_path_88_trimmed	SAMEA5613821	0.75	0.891
3000499inst1_path_88_trimmed	SAMEA5613878	0.5	0.998
3000499inst1_path_88_trimmed	SAMEA5613844	0.5	0.997
3000499inst1_path_88_trimmed	SAMEA5613818	0.5	1.0
3000499inst1_path_88_trimmed	SAMEA5613840	0.5	0.999
3000499inst1_path_88_trimmed	SAMEA5613774	0.5	1.0
3000499inst1_path_88_trimmed	SAMEA5613853	0.5	0.995
3000499inst1_path_88_trimmed	SAMEA5613852	0.5	0.999
3000499inst1_path_88_trimmed	SAMEA5613787	0.5	1.0
3000499inst1_path_88_trimmed	SAMEA5613872	0.875	0.999
3000499inst1_path_88_trimmed	SAMEA5613826	0.75	0.998
3000499inst1_path_88_trimmed	SAMEA5613773	0.5	0.999
3000499inst1_path_88_trimmed	SAMEA5613876	0.875	0.999
3000499inst1_path_88_trimmed	SAMEA5613785	0.5	0.998
3000499inst1_path_88_trimmed	SAMEA5613822	0.75	0.958
3000499inst1_path_88_trimmed	SAMEA5613833	0.5	0.96
3000499inst1_path_88_trimmed	SAMEA5613832	0.5	0.998
3000499inst1_path_88_trimmed	SAMEA5613827	0.75	0.998
3000499inst1_path_88_trimmed	SAMEA5613883	0.5	0.999
3000499inst1_path_88_trimmed	SAMEA5613776	0.5	1.0
3000499inst1_path_88_trimmed	SAMEA5613851	0.5	0.998
3000499inst1_path_88_trimmed	SAMEA5613901	0.5	1.0
3000499inst1_path_88_trimmed	SAMEA5613847	0.5	0.999
3000499inst1_path_88_trimmed	SAMEA5613880	0.5	0.998
3000499inst1_path_88_trimmed	SAMEA5613895	0.5	0.998
3000499inst1_path_88_trimmed	SAMEA5613837	0.5	0.999
3000499inst1_path_88_trimmed	SAMEA5613846	0.5	0.997
3000499inst1_path_88_trimmed	SAMEA5613775	0.5	1.0
3000499inst1_path_88_trimmed	SAMEA5613829	0.5	0.999
3000499inst1_path_88_trimmed	SAMEA5613842	0.5	0.999
3000499inst1_path_88_trimmed	SAMEA5613788	0.5	0.999
3000499inst1_path_88_trimmed	SAMEA5613779	0.5	0.999
3000499inst1_path_88_trimmed	SAMEA5613831	0.5	0.998
3000499inst1_path_88_trimmed	SAMEA5613843	0.5	0.996
3000499inst1_path_88_trimmed	SAMEA5613867	0.5	1.0
3000501inst1_gene_seq	SAMEA5613686	0.912	1.0
3000502inst1_gene_seq	SAMEA5613825	0.5	0.998
3000502inst1_gene_seq	SAMEA5613882	0.4	1.0
3000502inst1_gene_seq	SAMEA5613824	0.5	0.998
3000502inst1_gene_seq	SAMEA5613873	0.7	1.0
3000502inst1_gene_seq	SAMEA5613871	1.0	1.0
3000502inst1_gene_seq	SAMEA5613823	0.5	0.998
3000502inst1_gene_seq	SAMEA5613777	0.6	0.82
3000502inst1_gene_seq	SAMEA5613820	0.4	0.998
3000502inst1_gene_seq	SAMEA5613821	0.6	0.798
3000502inst1_gene_seq	SAMEA5613818	0.4	1.0
3000502inst1_gene_seq	SAMEA5613872	0.8	1.0
3000502inst1_gene_seq	SAMEA5613826	0.5	0.998
3000502inst1_gene_seq	SAMEA5613876	0.6	0.969
3000502inst1_gene_seq	SAMEA5613822	0.7	0.941
3000502inst1_gene_seq	SAMEA5613827	0.5	0.998
3000502inst1_gene_seq	SAMEA5613831	0.6	1.0
3000502inst2_gene_seq	SAMEA5613871	0.875	0.976
3000502inst2_gene_seq	SAMEA5613874	0.5	1.0
3000502inst2_gene_seq	SAMEA5613866	0.5	0.916
3000502inst2_gene_seq	SAMEA5613872	0.75	0.996
3000502inst2_gene_seq	SAMEA5613876	1.0	1.0
3000502inst2_gene_seq	SAMEA5613847	0.5	0.999
3000504inst1_gene_seq	SAMEA5613876	0.943	1.0
3000516inst1_gene_seq	SAMEA5613884	0.538	0.999
3000516inst1_gene_seq	SAMEA5613888	0.538	0.995
3000516inst1_gene_seq	SAMEA5613887	0.538	0.997
3000516inst1_gene_seq	SAMEA5613886	0.538	0.996
3000516inst1_gene_seq	SAMEA5613885	0.538	0.995
3000516inst1_gene_seq	SAMEA5613873	1.0	1.0
3000516inst1_gene_seq	SAMEA5613871	0.846	0.995
3000516inst1_gene_seq	SAMEA5613881	0.538	0.999
3000516inst1_gene_seq	SAMEA5613874	0.923	1.0
3000516inst1_gene_seq	SAMEA5613877	0.538	0.995
3000516inst1_gene_seq	SAMEA5613878	0.538	0.999
3000516inst1_gene_seq	SAMEA5613872	0.846	1.0
3000516inst1_gene_seq	SAMEA5613876	0.846	0.998
3000516inst1_gene_seq	SAMEA5613883	0.538	0.997
3000516inst2_gene_seq	SAMEA5613889	1.0	0.996
3000516inst2_gene_seq	SAMEA5613892	0.5	0.998
3000516inst2_gene_seq	SAMEA5613865	0.5	0.999
3000516inst2_gene_seq	SAMEA5613780	0.5	0.999
3000516inst2_gene_seq	SAMEA5613884	1.0	0.999
3000516inst2_gene_seq	SAMEA5613888	1.0	0.994
3000516inst2_gene_seq	SAMEA5613834	0.5	1.0
3000516inst2_gene_seq	SAMEA5613887	1.0	0.998
3000516inst2_gene_seq	SAMEA5613897	0.5	1.0
3000516inst2_gene_seq	SAMEA5613875	0.833	0.979
3000516inst2_gene_seq	SAMEA5613814	0.5	1.0
3000516inst2_gene_seq	SAMEA5613886	1.0	0.995
3000516inst2_gene_seq	SAMEA5613806	0.5	0.999
3000516inst2_gene_seq	SAMEA5613789	0.5	1.0
3000516inst2_gene_seq	SAMEA5613699	0.5	0.998
3000516inst2_gene_seq	SAMEA5613812	0.5	1.0
3000516inst2_gene_seq	SAMEA5613885	1.0	0.998
3000516inst2_gene_seq	SAMEA5613873	1.0	0.999
3000516inst2_gene_seq	SAMEA5613871	1.0	0.998
3000516inst2_gene_seq	SAMEA5613881	1.0	1.0
3000516inst2_gene_seq	SAMEA5613874	0.833	0.998
3000516inst2_gene_seq	SAMEA5613804	0.5	0.997
3000516inst2_gene_seq	SAMEA5613823	0.5	1.0
3000516inst2_gene_seq	SAMEA5613877	1.0	0.997
3000516inst2_gene_seq	SAMEA5613850	0.5	0.999
3000516inst2_gene_seq	SAMEA5613878	1.0	0.999
3000516inst2_gene_seq	SAMEA5613844	0.5	0.999
3000516inst2_gene_seq	SAMEA5613774	0.5	1.0
3000516inst2_gene_seq	SAMEA5613852	0.5	0.999
3000516inst2_gene_seq	SAMEA5613872	1.0	1.0
3000516inst2_gene_seq	SAMEA5613876	1.0	1.0
3000516inst2_gene_seq	SAMEA5613833	0.5	1.0
3000516inst2_gene_seq	SAMEA5613883	1.0	0.998
3000516inst2_gene_seq	SAMEA5613847	0.5	0.999
3000516inst2_gene_seq	SAMEA5613880	0.833	0.981
3000516inst2_gene_seq	SAMEA5613869	0.5	0.999
3000516inst2_gene_seq	SAMEA5613846	0.5	1.0
3000518inst1_gene_seq	SAMEA5613889	0.929	0.97
3000518inst1_gene_seq	SAMEA5613884	0.857	0.981
3000518inst1_gene_seq	SAMEA5613888	0.857	0.934
3000518inst1_gene_seq	SAMEA5613887	0.643	0.968
3000518inst1_gene_seq	SAMEA5613879	0.929	0.998
3000518inst1_gene_seq	SAMEA5613882	0.857	0.971
3000518inst1_gene_seq	SAMEA5613875	0.929	0.998
3000518inst1_gene_seq	SAMEA5613886	0.571	0.956
3000518inst1_gene_seq	SAMEA5613900	0.786	0.995
3000518inst1_gene_seq	SAMEA5613885	0.857	0.953
3000518inst1_gene_seq	SAMEA5613873	1.0	1.0
3000518inst1_gene_seq	SAMEA5613899	0.714	0.997
3000518inst1_gene_seq	SAMEA5613871	1.0	1.0
3000518inst1_gene_seq	SAMEA5613881	0.857	0.959
3000518inst1_gene_seq	SAMEA5613874	1.0	1.0
3000518inst1_gene_seq	SAMEA5613877	0.786	0.984
3000518inst1_gene_seq	SAMEA5613878	1.0	0.979
3000518inst1_gene_seq	SAMEA5613898	0.5	0.949
3000518inst1_gene_seq	SAMEA5613872	1.0	0.97
3000518inst1_gene_seq	SAMEA5613876	1.0	0.999
3000518inst1_gene_seq	SAMEA5613883	0.571	1.0
3000518inst1_gene_seq	SAMEA5613901	0.714	0.997
3000518inst1_gene_seq	SAMEA5613880	0.929	0.998
3000518inst2_path_2	SAMEA5613889	0.833	0.992
3000518inst2_path_2	SAMEA5613888	0.75	0.963
3000518inst2_path_2	SAMEA5613887	0.75	0.978
3000518inst2_path_2	SAMEA5613879	0.5	0.993
3000518inst2_path_2	SAMEA5613875	0.5	0.993
3000518inst2_path_2	SAMEA5613886	0.833	0.981
3000518inst2_path_2	SAMEA5613873	0.833	0.995
3000518inst2_path_2	SAMEA5613871	1.0	1.0
3000518inst2_path_2	SAMEA5613874	0.917	0.995
3000518inst2_path_2	SAMEA5613878	0.917	0.995
3000518inst2_path_2	SAMEA5613872	0.917	0.999
3000518inst2_path_2	SAMEA5613876	1.0	1.0
3000518inst2_path_2	SAMEA5613880	0.5	0.995
3000533inst1_gene_seq	SAMEA5613855	1.0	1.0
3000535inst1_gene_seq	SAMEA5613855	1.0	1.0
3000549inst1_path_1	SAMEA5613894	1.0	1.0
3000553inst1_path_1	SAMEA5613894	1.0	1.0
3000559inst1_path_76_trimmed	SAMEA5613894	1.0	1.0
3000569inst1_path_204	SAMEA5613830	0.667	0.928
3000569inst1_path_204	SAMEA5613835	0.667	0.928
3000569inst1_path_204	SAMEA5613825	0.833	0.985
3000569inst1_path_204	SAMEA5613834	0.667	0.928
3000569inst1_path_204	SAMEA5613828	1.0	0.99
3000569inst1_path_204	SAMEA5613838	1.0	0.989
3000569inst1_path_204	SAMEA5613836	0.667	0.928
3000569inst1_path_204	SAMEA5613839	0.667	0.92
3000569inst1_path_204	SAMEA5613824	0.833	0.985
3000569inst1_path_204	SAMEA5613823	1.0	0.99
3000569inst1_path_204	SAMEA5613820	1.0	0.99
3000569inst1_path_204	SAMEA5613821	1.0	0.99
3000569inst1_path_204	SAMEA5613840	0.667	0.921
3000569inst1_path_204	SAMEA5613826	0.833	0.985
3000569inst1_path_204	SAMEA5613822	1.0	0.99
3000569inst1_path_204	SAMEA5613833	0.667	0.928
3000569inst1_path_204	SAMEA5613832	0.667	0.928
3000569inst1_path_204	SAMEA5613827	0.833	0.985
3000569inst1_path_204	SAMEA5613837	1.0	0.988
3000569inst1_path_204	SAMEA5613829	1.0	0.99
3000569inst1_path_204	SAMEA5613831	0.667	0.928
3000569inst1_path_204	SAMEA5613843	0.5	0.999
3000620inst1_gene_seq	SAMEA5613894	0.975	1.0
3000656inst1_gene_seq	SAMEA5613871	1.0	1.0
3000656inst1_gene_seq	SAMEA5613876	1.0	0.957
3000676inst1_gene_seq	SAMEA5613889	0.833	0.992
3000676inst1_gene_seq	SAMEA5613884	1.0	1.0
3000676inst1_gene_seq	SAMEA5613888	1.0	0.96
3000676inst1_gene_seq	SAMEA5613887	1.0	0.959
3000676inst1_gene_seq	SAMEA5613879	0.833	0.962
3000676inst1_gene_seq	SAMEA5613882	1.0	0.999
3000676inst1_gene_seq	SAMEA5613875	0.833	0.995
3000676inst1_gene_seq	SAMEA5613886	0.833	0.99
3000676inst1_gene_seq	SAMEA5613885	1.0	1.0
3000676inst1_gene_seq	SAMEA5613873	1.0	1.0
3000676inst1_gene_seq	SAMEA5613871	1.0	1.0
3000676inst1_gene_seq	SAMEA5613881	0.833	0.919
3000676inst1_gene_seq	SAMEA5613874	1.0	1.0
3000676inst1_gene_seq	SAMEA5613877	1.0	1.0
3000676inst1_gene_seq	SAMEA5613878	1.0	0.96
3000676inst1_gene_seq	SAMEA5613872	0.833	0.928
3000676inst1_gene_seq	SAMEA5613876	1.0	1.0
3000676inst1_gene_seq	SAMEA5613883	1.0	0.999
3000676inst1_gene_seq	SAMEA5613880	0.833	0.961
3000676inst2_gene_seq	SAMEA5613889	0.833	0.993
3000676inst2_gene_seq	SAMEA5613884	1.0	1.0
3000676inst2_gene_seq	SAMEA5613888	1.0	0.954
3000676inst2_gene_seq	SAMEA5613887	1.0	0.953
3000676inst2_gene_seq	SAMEA5613879	0.833	0.957
3000676inst2_gene_seq	SAMEA5613882	1.0	0.999
3000676inst2_gene_seq	SAMEA5613875	0.833	0.994
3000676inst2_gene_seq	SAMEA5613886	0.833	0.988
3000676inst2_gene_seq	SAMEA5613885	1.0	1.0
3000676inst2_gene_seq	SAMEA5613873	1.0	1.0
3000676inst2_gene_seq	SAMEA5613871	1.0	1.0
3000676inst2_gene_seq	SAMEA5613881	0.833	0.912
3000676inst2_gene_seq	SAMEA5613874	1.0	1.0
3000676inst2_gene_seq	SAMEA5613877	1.0	1.0
3000676inst2_gene_seq	SAMEA5613878	1.0	0.955
3000676inst2_gene_seq	SAMEA5613872	0.833	0.921
3000676inst2_gene_seq	SAMEA5613876	1.0	1.0
3000676inst2_gene_seq	SAMEA5613883	1.0	1.0
3000676inst2_gene_seq	SAMEA5613880	0.833	0.956
3000753inst1_gene_seq	SAMEA5613894	1.0	1.0
3000768inst1_gene_seq	SAMEA5613894	0.975	1.0
3000774inst1_path_1	SAMEA5613894	1.0	1.0
3000775inst1_path_1	SAMEA5613894	1.0	1.0
3000777inst1_gene_seq	SAMEA5613894	0.975	1.0
3000778inst1_gene_seq	SAMEA5613894	0.975	1.0
3000779inst1_gene_seq	SAMEA5613894	0.975	1.0
3000780inst1_gene_seq	SAMEA5613894	0.982	1.0
3000781inst1_gene_seq	SAMEA5613894	0.982	1.0
3000782inst1_gene_seq	SAMEA5613894	0.982	1.0
3000789inst1_gene_seq	SAMEA5613876	0.943	1.0
3000790inst1_gene_seq	SAMEA5613876	0.943	1.0
3000791inst1_gene_seq	SAMEA5613876	0.943	1.0
3000793inst1_gene_seq	SAMEA5613874	0.972	1.0
3000793inst2_gene_seq	SAMEA5613873	0.875	1.0
3000793inst2_gene_seq	SAMEA5613871	0.833	1.0
3000793inst2_gene_seq	SAMEA5613874	0.583	0.976
3000793inst2_gene_seq	SAMEA5613878	0.625	0.998
3000793inst2_gene_seq	SAMEA5613872	0.875	1.0
3000793inst2_gene_seq	SAMEA5613876	0.875	1.0
3000793inst4_gene_seq	SAMEA5613873	0.88	1.0
3000793inst4_gene_seq	SAMEA5613871	0.84	1.0
3000793inst4_gene_seq	SAMEA5613874	0.6	0.98
3000793inst4_gene_seq	SAMEA5613878	0.64	0.998
3000793inst4_gene_seq	SAMEA5613872	0.96	1.0
3000793inst4_gene_seq	SAMEA5613876	0.88	1.0
3000794inst1_gene_seq	SAMEA5613873	0.875	1.0
3000794inst1_gene_seq	SAMEA5613871	0.833	1.0
3000794inst1_gene_seq	SAMEA5613874	0.583	0.976
3000794inst1_gene_seq	SAMEA5613878	0.625	0.998
3000794inst1_gene_seq	SAMEA5613872	0.875	1.0
3000794inst1_gene_seq	SAMEA5613876	0.875	1.0
3000794inst2_gene_seq	SAMEA5613874	0.923	1.0
3000794inst3_path_1	SAMEA5613876	0.545	1.0
3000800inst1_path_2	SAMEA5613897	0.857	1.0
3000801inst1_path_2	SAMEA5613897	0.857	1.0
3000802inst1_path_2	SAMEA5613897	0.857	1.0
3000804inst1_gene_seq	SAMEA5613819	0.933	1.0
3000804inst1_gene_seq	SAMEA5613841	0.533	0.867
3000810inst1_gene_seq	SAMEA5613855	0.586	0.999
3000811inst1_gene_seq	SAMEA5613855	0.586	0.999
3000812inst1_gene_seq	SAMEA5613855	0.586	0.999
3000815inst1_path_118_trimmed	SAMEA5613726	0.636	0.78
3000815inst1_path_118_trimmed	SAMEA5613724	0.727	0.996
3000815inst1_path_118_trimmed	SAMEA5613725	0.773	1.0
3000823inst1_gene_seq	SAMEA5613873	0.938	1.0
3000823inst1_gene_seq	SAMEA5613874	0.688	0.998
3000826inst1_gene_seq	SAMEA5613889	0.75	0.915
3000826inst1_gene_seq	SAMEA5613888	0.75	0.911
3000826inst1_gene_seq	SAMEA5613887	0.75	0.911
3000826inst1_gene_seq	SAMEA5613886	0.75	0.915
3000826inst1_gene_seq	SAMEA5613873	0.75	1.0
3000826inst1_gene_seq	SAMEA5613871	1.0	1.0
3000826inst1_gene_seq	SAMEA5613874	0.75	1.0
3000826inst1_gene_seq	SAMEA5613878	0.75	0.912
3000826inst1_gene_seq	SAMEA5613872	1.0	1.0
3000826inst1_gene_seq	SAMEA5613876	1.0	1.0
3000830inst1_gene_seq	SAMEA5613871	0.857	1.0
3000830inst1_gene_seq	SAMEA5613874	0.714	0.986
3000830inst1_gene_seq	SAMEA5613872	0.571	0.98
3000830inst1_gene_seq	SAMEA5613876	0.714	0.979
3000830inst2_gene_seq	SAMEA5613692	0.75	0.993
3000830inst2_gene_seq	SAMEA5613873	0.75	0.996
3000830inst2_gene_seq	SAMEA5613871	0.75	0.996
3000830inst2_gene_seq	SAMEA5613874	0.75	0.996
3000830inst2_gene_seq	SAMEA5613876	1.0	1.0
3000838inst1_path_239_trimmed	SAMEA5613726	0.853	1.0
3000838inst1_path_239_trimmed	SAMEA5613727	0.735	0.985
3000838inst1_path_239_trimmed	SAMEA5613724	0.941	1.0
3000838inst1_path_239_trimmed	SAMEA5613725	0.912	0.998
3000838inst1_path_78	SAMEA5613726	0.678	1.0
3000838inst1_path_78	SAMEA5613724	0.712	1.0
3000838inst1_path_78	SAMEA5613725	0.627	0.998
3000841inst1_gene_seq	SAMEA5613704	1.0	0.996
3000856inst1_gene_seq	SAMEA5613778	0.96	1.0
3000865inst1_path_1_trimmed	SAMEA5613694	0.75	1.0
3001086inst1_gene_seq	SAMEA5613874	0.917	1.0
3001214inst1_gene_seq	SAMEA5613871	0.711	1.0
3001216inst1_gene_seq	SAMEA5613873	0.8	0.998
3001216inst1_gene_seq	SAMEA5613871	0.85	1.0
3001216inst1_gene_seq	SAMEA5613878	0.7	0.998
3001216inst1_gene_seq	SAMEA5613872	0.775	0.996
3001216inst1_gene_seq	SAMEA5613876	0.775	0.998
3001216inst1_gene_seq	SAMEA5613880	0.55	0.996
3001300inst1_gene_seq	SAMEA5613691	0.864	0.998
3001304inst1_gene_seq	SAMEA5613691	0.909	1.0
3001328inst1_gene_seq	SAMEA5613871	0.514	0.912
3001328inst1_gene_seq	SAMEA5613876	0.714	1.0
3001328inst2_gene_seq	SAMEA5613873	0.846	0.954
3001328inst2_gene_seq	SAMEA5613871	0.846	0.955
3001328inst2_gene_seq	SAMEA5613874	0.923	1.0
3001328inst2_gene_seq	SAMEA5613872	0.769	0.95
3001328inst2_gene_seq	SAMEA5613876	0.769	0.981
3001328inst3_gene_seq	SAMEA5613873	1.0	1.0
3001328inst3_gene_seq	SAMEA5613871	0.75	0.991
3001328inst3_gene_seq	SAMEA5613874	0.688	0.961
3001328inst3_gene_seq	SAMEA5613872	0.688	0.991
3001328inst3_gene_seq	SAMEA5613876	0.625	0.983
3001329inst1_gene_seq	SAMEA5613889	0.5	0.978
3001329inst1_gene_seq	SAMEA5613884	0.5	0.972
3001329inst1_gene_seq	SAMEA5613888	0.833	0.996
3001329inst1_gene_seq	SAMEA5613887	0.722	1.0
3001329inst1_gene_seq	SAMEA5613882	0.611	0.983
3001329inst1_gene_seq	SAMEA5613886	1.0	1.0
3001329inst1_gene_seq	SAMEA5613885	0.556	0.977
3001329inst1_gene_seq	SAMEA5613873	0.5	0.994
3001329inst1_gene_seq	SAMEA5613871	0.5	0.994
3001329inst1_gene_seq	SAMEA5613877	0.556	0.977
3001329inst1_gene_seq	SAMEA5613878	0.444	0.986
3001329inst1_gene_seq	SAMEA5613876	0.5	0.995
3001458inst1_path_24	SAMEA5613841	0.917	1.0
3001503inst1_path_30	SAMEA5613825	1.0	1.0
3001503inst1_path_30	SAMEA5613824	1.0	1.0
3001503inst1_path_30	SAMEA5613826	1.0	1.0
3001503inst1_path_30	SAMEA5613827	1.0	1.0
3001646inst1_gene_seq	SAMEA5613894	1.0	1.0
3001770inst1_path_100	SAMEA5613828	0.75	0.991
3001770inst1_path_100	SAMEA5613838	0.75	0.99
3001770inst1_path_100	SAMEA5613836	0.75	0.935
3001770inst1_path_100	SAMEA5613832	0.625	0.941
3001770inst1_path_100	SAMEA5613837	0.75	0.99
3001770inst1_path_100	SAMEA5613829	1.0	1.0
3001770inst1_path_100	SAMEA5613831	0.75	0.935
3001770inst1_path_1	SAMEA5613825	0.5	1.0
3001770inst1_path_1	SAMEA5613824	0.5	1.0
3001770inst1_path_1	SAMEA5613826	0.5	1.0
3001770inst1_path_1	SAMEA5613827	0.5	1.0
3001770inst1_path_1	SAMEA5613829	1.0	0.923
3001770inst1_path_217	SAMEA5613825	0.5	1.0
3001770inst1_path_217	SAMEA5613824	0.5	1.0
3001770inst1_path_217	SAMEA5613826	0.5	1.0
3001770inst1_path_217	SAMEA5613827	0.5	1.0
3001770inst1_path_217	SAMEA5613829	1.0	0.923
3001770inst1_path_469	SAMEA5613828	0.714	0.884
3001770inst1_path_469	SAMEA5613838	0.714	0.881
3001770inst1_path_469	SAMEA5613836	0.714	0.886
3001770inst1_path_469	SAMEA5613832	0.571	0.907
3001770inst1_path_469	SAMEA5613837	0.714	0.881
3001770inst1_path_469	SAMEA5613829	1.0	0.936
3001770inst1_path_469	SAMEA5613831	0.714	0.886
3001770inst2_path_142	SAMEA5613828	1.0	0.998
3001770inst2_path_142	SAMEA5613838	1.0	0.997
3001770inst2_path_142	SAMEA5613836	0.75	1.0
3001770inst2_path_142	SAMEA5613823	0.75	0.997
3001770inst2_path_142	SAMEA5613820	0.75	0.997
3001770inst2_path_142	SAMEA5613821	0.75	0.997
3001770inst2_path_142	SAMEA5613822	0.75	0.997
3001770inst2_path_142	SAMEA5613837	1.0	0.997
3001770inst2_path_142	SAMEA5613829	1.0	0.981
3001770inst2_path_142	SAMEA5613831	0.75	1.0
3001770inst2_path_301	SAMEA5613865	0.5	1.0
3001770inst2_path_301	SAMEA5613819	0.5	1.0
3001770inst2_path_301	SAMEA5613828	1.0	1.0
3001770inst2_path_301	SAMEA5613838	1.0	0.999
3001770inst2_path_301	SAMEA5613836	0.5	1.0
3001770inst2_path_301	SAMEA5613823	0.833	0.999
3001770inst2_path_301	SAMEA5613820	0.833	0.999
3001770inst2_path_301	SAMEA5613821	0.833	0.999
3001770inst2_path_301	SAMEA5613853	0.667	1.0
3001770inst2_path_301	SAMEA5613822	0.833	0.999
3001770inst2_path_301	SAMEA5613837	1.0	0.999
3001770inst2_path_301	SAMEA5613829	1.0	0.984
3001770inst2_path_301	SAMEA5613831	0.5	1.0
3001829inst1_gene_seq	SAMEA5613889	0.667	0.956
3001829inst1_gene_seq	SAMEA5613884	0.5	0.908
3001829inst1_gene_seq	SAMEA5613888	0.583	0.914
3001829inst1_gene_seq	SAMEA5613887	0.583	0.914
3001829inst1_gene_seq	SAMEA5613882	0.5	0.911
3001829inst1_gene_seq	SAMEA5613886	0.583	0.932
3001829inst1_gene_seq	SAMEA5613885	0.583	0.95
3001829inst1_gene_seq	SAMEA5613873	1.0	0.999
3001829inst1_gene_seq	SAMEA5613871	1.0	0.999
3001829inst1_gene_seq	SAMEA5613874	0.75	0.96
3001829inst1_gene_seq	SAMEA5613877	0.583	0.954
3001829inst1_gene_seq	SAMEA5613872	0.75	0.962
3001829inst1_gene_seq	SAMEA5613876	0.75	0.964
3001829inst1_gene_seq	SAMEA5613883	0.5	0.939
3002153inst1_gene_seq	SAMEA5613881	0.647	1.0
3002482inst1_path_101	SAMEA5613830	0.6	0.998
3002482inst1_path_101	SAMEA5613835	1.0	0.994
3002482inst1_path_101	SAMEA5613825	1.0	0.986
3002482inst1_path_101	SAMEA5613828	1.0	0.973
3002482inst1_path_101	SAMEA5613836	1.0	0.989
3002482inst1_path_101	SAMEA5613839	1.0	0.989
3002482inst1_path_101	SAMEA5613824	1.0	0.987
3002482inst1_path_101	SAMEA5613823	1.0	0.978
3002482inst1_path_101	SAMEA5613820	1.0	0.986
3002482inst1_path_101	SAMEA5613821	1.0	0.978
3002482inst1_path_101	SAMEA5613840	1.0	0.989
3002482inst1_path_101	SAMEA5613826	1.0	0.986
3002482inst1_path_101	SAMEA5613822	1.0	0.986
3002482inst1_path_101	SAMEA5613832	1.0	0.986
3002482inst1_path_101	SAMEA5613827	1.0	0.986
3002482inst1_path_101	SAMEA5613829	1.0	0.971
3002482inst1_path_211_trimmed	SAMEA5613835	1.0	0.979
3002482inst1_path_211_trimmed	SAMEA5613825	1.0	0.979
3002482inst1_path_211_trimmed	SAMEA5613828	1.0	0.98
3002482inst1_path_211_trimmed	SAMEA5613838	1.0	0.98
3002482inst1_path_211_trimmed	SAMEA5613836	1.0	0.979
3002482inst1_path_211_trimmed	SAMEA5613839	1.0	0.979
3002482inst1_path_211_trimmed	SAMEA5613824	1.0	0.98
3002482inst1_path_211_trimmed	SAMEA5613823	1.0	0.98
3002482inst1_path_211_trimmed	SAMEA5613820	1.0	0.98
3002482inst1_path_211_trimmed	SAMEA5613821	1.0	0.98
3002482inst1_path_211_trimmed	SAMEA5613840	1.0	0.979
3002482inst1_path_211_trimmed	SAMEA5613826	1.0	0.98
3002482inst1_path_211_trimmed	SAMEA5613822	1.0	0.98
3002482inst1_path_211_trimmed	SAMEA5613832	1.0	0.979
3002482inst1_path_211_trimmed	SAMEA5613827	1.0	0.979
3002482inst1_path_211_trimmed	SAMEA5613837	1.0	0.98
3002482inst1_path_211_trimmed	SAMEA5613829	1.0	0.98
3002482inst1_path_273	SAMEA5613830	0.667	0.992
3002482inst1_path_273	SAMEA5613835	1.0	0.991
3002482inst1_path_273	SAMEA5613825	1.0	0.976
3002482inst1_path_273	SAMEA5613834	1.0	0.991
3002482inst1_path_273	SAMEA5613828	1.0	0.974
3002482inst1_path_273	SAMEA5613838	1.0	0.978
3002482inst1_path_273	SAMEA5613836	1.0	0.991
3002482inst1_path_273	SAMEA5613839	1.0	0.984
3002482inst1_path_273	SAMEA5613824	1.0	0.976
3002482inst1_path_273	SAMEA5613823	1.0	0.976
3002482inst1_path_273	SAMEA5613820	1.0	0.976
3002482inst1_path_273	SAMEA5613821	1.0	0.976
3002482inst1_path_273	SAMEA5613840	1.0	0.985
3002482inst1_path_273	SAMEA5613826	1.0	0.977
3002482inst1_path_273	SAMEA5613822	1.0	0.976
3002482inst1_path_273	SAMEA5613833	1.0	0.991
3002482inst1_path_273	SAMEA5613832	1.0	0.99
3002482inst1_path_273	SAMEA5613827	1.0	0.976
3002482inst1_path_273	SAMEA5613837	1.0	0.978
3002482inst1_path_273	SAMEA5613829	1.0	0.972
3002482inst1_path_273	SAMEA5613831	0.5	0.998
3002482inst1_path_410	SAMEA5613830	0.667	0.992
3002482inst1_path_410	SAMEA5613835	1.0	0.99
3002482inst1_path_410	SAMEA5613825	1.0	0.977
3002482inst1_path_410	SAMEA5613834	1.0	0.99
3002482inst1_path_410	SAMEA5613828	1.0	0.974
3002482inst1_path_410	SAMEA5613838	1.0	0.978
3002482inst1_path_410	SAMEA5613836	1.0	0.989
3002482inst1_path_410	SAMEA5613839	1.0	0.984
3002482inst1_path_410	SAMEA5613824	1.0	0.976
3002482inst1_path_410	SAMEA5613823	1.0	0.976
3002482inst1_path_410	SAMEA5613820	1.0	0.977
3002482inst1_path_410	SAMEA5613821	1.0	0.976
3002482inst1_path_410	SAMEA5613840	1.0	0.984
3002482inst1_path_410	SAMEA5613826	1.0	0.977
3002482inst1_path_410	SAMEA5613822	1.0	0.976
3002482inst1_path_410	SAMEA5613833	1.0	0.99
3002482inst1_path_410	SAMEA5613832	1.0	0.987
3002482inst1_path_410	SAMEA5613827	1.0	0.977
3002482inst1_path_410	SAMEA5613837	1.0	0.978
3002482inst1_path_410	SAMEA5613829	1.0	0.972
3002482inst1_path_410	SAMEA5613831	0.5	0.998
3002522inst1_gene_seq	SAMEA5613694	1.0	1.0
3002542inst1_gene_seq	SAMEA5613696	1.0	0.997
3002571inst1_gene_seq	SAMEA5613876	0.925	1.0
3002627inst1_gene_seq	SAMEA5613715	0.991	1.0
3002628inst1_gene_seq	SAMEA5613759	0.75	1.0
3002647inst1_gene_seq	SAMEA5613759	0.75	1.0
3002659inst1_gene_seq	SAMEA5613806	1.0	1.0
3002671inst1_path_12_trimmed	SAMEA5613747	0.875	1.0
3002671inst1_path_12_trimmed	SAMEA5613745	0.875	1.0
3002671inst1_path_12_trimmed	SAMEA5613743	0.875	1.0
3002671inst1_path_12_trimmed	SAMEA5613726	0.5	1.0
3002671inst1_path_12_trimmed	SAMEA5613740	0.75	0.942
3002671inst1_path_12_trimmed	SAMEA5613749	0.875	1.0
3002671inst1_path_12_trimmed	SAMEA5613746	0.938	1.0
3002671inst1_path_12_trimmed	SAMEA5613744	0.875	1.0
3002671inst1_path_12_trimmed	SAMEA5613717	0.5	0.999
3002671inst1_path_12_trimmed	SAMEA5613741	0.75	0.942
3002671inst1_path_12_trimmed	SAMEA5613738	0.562	1.0
3002671inst1_path_12_trimmed	SAMEA5613751	0.875	1.0
3002676inst1_gene_seq	SAMEA5613858	1.0	1.0
3002754inst1_gene_seq	SAMEA5613887	1.0	1.0
3002791inst1_path_104_trimmed	SAMEA5613901	0.806	1.0
3002813inst1_gene_seq	SAMEA5613715	0.992	1.0
3002815inst1_gene_seq	SAMEA5613719	1.0	1.0
3002817inst1_gene_seq	SAMEA5613696	0.75	1.0
3002845inst1_gene_seq	SAMEA5613717	1.0	1.0
3002872inst1_gene_seq	SAMEA5613874	0.952	1.0
3002877inst1_gene_seq	SAMEA5613715	0.9	1.0
3002882inst1_path_1	SAMEA5613753	0.986	1.0
3002883inst1_gene_seq	SAMEA5613694	1.0	1.0
3002884inst1_gene_seq	SAMEA5613682	0.75	0.998
3002894inst1_path_1	SAMEA5613694	1.0	0.999
3002894inst1_path_1	SAMEA5613696	0.5	0.998
3002894inst1_path_1	SAMEA5613689	0.5	0.998
3002894inst1_path_1	SAMEA5613682	0.5	0.998
3002894inst1_path_1	SAMEA5613691	0.5	0.998
3002894inst1_path_1	SAMEA5613695	0.5	0.999
3002897inst1_gene_seq	SAMEA5613759	0.75	1.0
3002914inst1_gene_seq	SAMEA5613691	0.893	1.0
3002930inst1_path_1	SAMEA5613695	0.917	1.0
3002941inst1_path_1	SAMEA5613695	0.917	1.0
3002982inst1_path_207_trimmed	SAMEA5613830	0.75	1.0
3002982inst1_path_207_trimmed	SAMEA5613835	0.75	1.0
3002982inst1_path_207_trimmed	SAMEA5613825	0.75	1.0
3002982inst1_path_207_trimmed	SAMEA5613834	0.75	1.0
3002982inst1_path_207_trimmed	SAMEA5613828	0.75	1.0
3002982inst1_path_207_trimmed	SAMEA5613838	0.75	1.0
3002982inst1_path_207_trimmed	SAMEA5613836	0.75	1.0
3002982inst1_path_207_trimmed	SAMEA5613839	0.75	1.0
3002982inst1_path_207_trimmed	SAMEA5613824	0.75	1.0
3002982inst1_path_207_trimmed	SAMEA5613823	0.75	1.0
3002982inst1_path_207_trimmed	SAMEA5613820	0.75	1.0
3002982inst1_path_207_trimmed	SAMEA5613821	0.75	1.0
3002982inst1_path_207_trimmed	SAMEA5613826	0.75	1.0
3002982inst1_path_207_trimmed	SAMEA5613822	0.75	1.0
3002982inst1_path_207_trimmed	SAMEA5613833	0.75	1.0
3002982inst1_path_207_trimmed	SAMEA5613832	0.75	1.0
3002982inst1_path_207_trimmed	SAMEA5613827	0.75	1.0
3002982inst1_path_207_trimmed	SAMEA5613829	0.75	1.0
3002983inst1_path_10	SAMEA5613889	0.75	1.0
3002983inst1_path_10	SAMEA5613808	0.75	1.0
3002983inst1_path_10	SAMEA5613805	0.75	1.0
3002983inst1_path_10	SAMEA5613857	0.75	1.0
3002983inst1_path_10	SAMEA5613799	0.75	1.0
3002983inst1_path_10	SAMEA5613830	1.0	1.0
3002983inst1_path_10	SAMEA5613791	0.75	1.0
3002983inst1_path_10	SAMEA5613835	1.0	1.0
3002983inst1_path_10	SAMEA5613854	0.75	1.0
3002983inst1_path_10	SAMEA5613856	0.75	1.0
3002983inst1_path_10	SAMEA5613825	1.0	1.0
3002983inst1_path_10	SAMEA5613819	0.75	1.0
3002983inst1_path_10	SAMEA5613772	0.75	1.0
3002983inst1_path_10	SAMEA5613705	0.75	1.0
3002983inst1_path_10	SAMEA5613783	0.75	1.0
3002983inst1_path_10	SAMEA5613800	0.75	1.0
3002983inst1_path_10	SAMEA5613709	0.75	1.0
3002983inst1_path_10	SAMEA5613868	0.75	1.0
3002983inst1_path_10	SAMEA5613884	0.75	1.0
3002983inst1_path_10	SAMEA5613888	0.75	1.0
3002983inst1_path_10	SAMEA5613793	0.75	1.0
3002983inst1_path_10	SAMEA5613796	0.75	1.0
3002983inst1_path_10	SAMEA5613834	1.0	1.0
3002983inst1_path_10	SAMEA5613861	0.75	1.0
3002983inst1_path_10	SAMEA5613887	0.75	1.0
3002983inst1_path_10	SAMEA5613882	0.75	1.0
3002983inst1_path_10	SAMEA5613849	0.75	1.0
3002983inst1_path_10	SAMEA5613897	0.75	1.0
3002983inst1_path_10	SAMEA5613813	0.75	1.0
3002983inst1_path_10	SAMEA5613828	1.0	1.0
3002983inst1_path_10	SAMEA5613860	0.75	1.0
3002983inst1_path_10	SAMEA5613814	0.75	1.0
3002983inst1_path_10	SAMEA5613811	0.75	1.0
3002983inst1_path_10	SAMEA5613801	0.75	1.0
3002983inst1_path_10	SAMEA5613845	0.75	1.0
3002983inst1_path_10	SAMEA5613838	1.0	1.0
3002983inst1_path_10	SAMEA5613792	0.75	1.0
3002983inst1_path_10	SAMEA5613836	1.0	1.0
3002983inst1_path_10	SAMEA5613706	0.75	1.0
3002983inst1_path_10	SAMEA5613839	0.75	1.0
3002983inst1_path_10	SAMEA5613703	0.75	1.0
3002983inst1_path_10	SAMEA5613817	0.75	1.0
3002983inst1_path_10	SAMEA5613848	0.75	1.0
3002983inst1_path_10	SAMEA5613894	0.75	1.0
3002983inst1_path_10	SAMEA5613896	0.75	1.0
3002983inst1_path_10	SAMEA5613782	0.75	1.0
3002983inst1_path_10	SAMEA5613809	0.75	1.0
3002983inst1_path_10	SAMEA5613824	1.0	1.0
3002983inst1_path_10	SAMEA5613704	0.75	1.0
3002983inst1_path_10	SAMEA5613699	0.75	1.0
3002983inst1_path_10	SAMEA5613812	0.75	1.0
3002983inst1_path_10	SAMEA5613708	0.75	1.0
3002983inst1_path_10	SAMEA5613873	0.75	1.0
3002983inst1_path_10	SAMEA5613908	0.75	1.0
3002983inst1_path_10	SAMEA5613874	0.75	1.0
3002983inst1_path_10	SAMEA5613770	0.75	0.998
3002983inst1_path_10	SAMEA5613795	0.75	1.0
3002983inst1_path_10	SAMEA5613823	1.0	1.0
3002983inst1_path_10	SAMEA5613850	0.75	1.0
3002983inst1_path_10	SAMEA5613820	1.0	1.0
3002983inst1_path_10	SAMEA5613807	0.75	1.0
3002983inst1_path_10	SAMEA5613821	1.0	1.0
3002983inst1_path_10	SAMEA5613902	0.75	1.0
3002983inst1_path_10	SAMEA5613803	0.75	1.0
3002983inst1_path_10	SAMEA5613903	0.75	1.0
3002983inst1_path_10	SAMEA5613844	0.75	1.0
3002983inst1_path_10	SAMEA5613810	0.75	1.0
3002983inst1_path_10	SAMEA5613818	0.75	1.0
3002983inst1_path_10	SAMEA5613784	0.75	1.0
3002983inst1_path_10	SAMEA5613840	0.75	1.0
3002983inst1_path_10	SAMEA5613904	0.75	0.998
3002983inst1_path_10	SAMEA5613815	0.75	1.0
3002983inst1_path_10	SAMEA5613774	0.75	1.0
3002983inst1_path_10	SAMEA5613853	0.75	1.0
3002983inst1_path_10	SAMEA5613852	0.75	1.0
3002983inst1_path_10	SAMEA5613870	0.75	1.0
3002983inst1_path_10	SAMEA5613701	0.75	1.0
3002983inst1_path_10	SAMEA5613841	0.75	1.0
3002983inst1_path_10	SAMEA5613826	1.0	1.0
3002983inst1_path_10	SAMEA5613862	0.75	1.0
3002983inst1_path_10	SAMEA5613697	0.75	1.0
3002983inst1_path_10	SAMEA5613876	0.75	1.0
3002983inst1_path_10	SAMEA5613822	1.0	1.0
3002983inst1_path_10	SAMEA5613833	1.0	1.0
3002983inst1_path_10	SAMEA5613832	1.0	1.0
3002983inst1_path_10	SAMEA5613816	0.75	1.0
3002983inst1_path_10	SAMEA5613827	1.0	1.0
3002983inst1_path_10	SAMEA5613883	0.75	1.0
3002983inst1_path_10	SAMEA5613802	0.75	1.0
3002983inst1_path_10	SAMEA5613851	0.75	1.0
3002983inst1_path_10	SAMEA5613847	0.75	1.0
3002983inst1_path_10	SAMEA5613880	0.75	1.0
3002983inst1_path_10	SAMEA5613895	0.75	1.0
3002983inst1_path_10	SAMEA5613858	0.75	1.0
3002983inst1_path_10	SAMEA5613837	1.0	1.0
3002983inst1_path_10	SAMEA5613797	0.75	1.0
3002983inst1_path_10	SAMEA5613846	0.75	1.0
3002983inst1_path_10	SAMEA5613775	0.75	1.0
3002983inst1_path_10	SAMEA5613829	1.0	1.0
3002983inst1_path_10	SAMEA5613707	0.75	1.0
3002983inst1_path_10	SAMEA5613905	0.75	0.999
3002983inst1_path_10	SAMEA5613855	0.75	1.0
3002983inst1_path_10	SAMEA5613831	1.0	1.0
3002983inst1_path_10	SAMEA5613843	0.75	1.0
3002983inst1_path_10	SAMEA5613867	0.75	1.0
3002983inst1_path_10	SAMEA5613700	0.75	1.0
3002983inst1_path_178_trimmed	SAMEA5613889	0.75	1.0
3002983inst1_path_178_trimmed	SAMEA5613808	0.75	1.0
3002983inst1_path_178_trimmed	SAMEA5613805	0.75	1.0
3002983inst1_path_178_trimmed	SAMEA5613857	0.75	1.0
3002983inst1_path_178_trimmed	SAMEA5613799	0.75	1.0
3002983inst1_path_178_trimmed	SAMEA5613830	0.75	1.0
3002983inst1_path_178_trimmed	SAMEA5613791	0.75	1.0
3002983inst1_path_178_trimmed	SAMEA5613835	0.75	1.0
3002983inst1_path_178_trimmed	SAMEA5613854	0.75	1.0
3002983inst1_path_178_trimmed	SAMEA5613856	0.75	1.0
3002983inst1_path_178_trimmed	SAMEA5613825	0.75	1.0
3002983inst1_path_178_trimmed	SAMEA5613819	0.75	1.0
3002983inst1_path_178_trimmed	SAMEA5613772	0.75	1.0
3002983inst1_path_178_trimmed	SAMEA5613705	0.75	1.0
3002983inst1_path_178_trimmed	SAMEA5613783	0.75	1.0
3002983inst1_path_178_trimmed	SAMEA5613800	0.75	1.0
3002983inst1_path_178_trimmed	SAMEA5613709	0.75	1.0
3002983inst1_path_178_trimmed	SAMEA5613868	0.75	1.0
3002983inst1_path_178_trimmed	SAMEA5613884	0.75	1.0
3002983inst1_path_178_trimmed	SAMEA5613888	0.75	1.0
3002983inst1_path_178_trimmed	SAMEA5613793	0.75	1.0
3002983inst1_path_178_trimmed	SAMEA5613796	0.75	1.0
3002983inst1_path_178_trimmed	SAMEA5613834	0.75	1.0
3002983inst1_path_178_trimmed	SAMEA5613861	0.75	1.0
3002983inst1_path_178_trimmed	SAMEA5613887	0.75	1.0
3002983inst1_path_178_trimmed	SAMEA5613882	0.75	1.0
3002983inst1_path_178_trimmed	SAMEA5613849	0.75	1.0
3002983inst1_path_178_trimmed	SAMEA5613897	0.75	1.0
3002983inst1_path_178_trimmed	SAMEA5613813	0.75	1.0
3002983inst1_path_178_trimmed	SAMEA5613828	0.75	1.0
3002983inst1_path_178_trimmed	SAMEA5613860	0.75	1.0
3002983inst1_path_178_trimmed	SAMEA5613814	0.75	1.0
3002983inst1_path_178_trimmed	SAMEA5613811	0.75	1.0
3002983inst1_path_178_trimmed	SAMEA5613801	0.75	1.0
3002983inst1_path_178_trimmed	SAMEA5613845	0.75	1.0
3002983inst1_path_178_trimmed	SAMEA5613838	0.75	1.0
3002983inst1_path_178_trimmed	SAMEA5613792	0.75	1.0
3002983inst1_path_178_trimmed	SAMEA5613836	0.75	1.0
3002983inst1_path_178_trimmed	SAMEA5613706	0.75	1.0
3002983inst1_path_178_trimmed	SAMEA5613839	0.75	1.0
3002983inst1_path_178_trimmed	SAMEA5613703	0.75	1.0
3002983inst1_path_178_trimmed	SAMEA5613817	0.75	1.0
3002983inst1_path_178_trimmed	SAMEA5613848	0.75	1.0
3002983inst1_path_178_trimmed	SAMEA5613894	0.75	1.0
3002983inst1_path_178_trimmed	SAMEA5613896	0.75	1.0
3002983inst1_path_178_trimmed	SAMEA5613782	0.75	1.0
3002983inst1_path_178_trimmed	SAMEA5613809	0.75	1.0
3002983inst1_path_178_trimmed	SAMEA5613824	0.75	1.0
3002983inst1_path_178_trimmed	SAMEA5613704	0.75	1.0
3002983inst1_path_178_trimmed	SAMEA5613699	0.75	1.0
3002983inst1_path_178_trimmed	SAMEA5613812	0.75	1.0
3002983inst1_path_178_trimmed	SAMEA5613708	0.75	1.0
3002983inst1_path_178_trimmed	SAMEA5613873	0.75	1.0
3002983inst1_path_178_trimmed	SAMEA5613908	0.75	1.0
3002983inst1_path_178_trimmed	SAMEA5613874	0.75	1.0
3002983inst1_path_178_trimmed	SAMEA5613770	0.75	0.998
3002983inst1_path_178_trimmed	SAMEA5613795	0.75	1.0
3002983inst1_path_178_trimmed	SAMEA5613823	0.75	1.0
3002983inst1_path_178_trimmed	SAMEA5613850	0.75	1.0
3002983inst1_path_178_trimmed	SAMEA5613820	0.75	1.0
3002983inst1_path_178_trimmed	SAMEA5613807	0.75	1.0
3002983inst1_path_178_trimmed	SAMEA5613821	0.75	1.0
3002983inst1_path_178_trimmed	SAMEA5613902	0.75	1.0
3002983inst1_path_178_trimmed	SAMEA5613803	0.75	1.0
3002983inst1_path_178_trimmed	SAMEA5613903	0.75	1.0
3002983inst1_path_178_trimmed	SAMEA5613844	0.75	1.0
3002983inst1_path_178_trimmed	SAMEA5613810	0.75	1.0
3002983inst1_path_178_trimmed	SAMEA5613818	0.75	1.0
3002983inst1_path_178_trimmed	SAMEA5613784	0.75	1.0
3002983inst1_path_178_trimmed	SAMEA5613840	0.75	1.0
3002983inst1_path_178_trimmed	SAMEA5613904	0.75	0.998
3002983inst1_path_178_trimmed	SAMEA5613815	0.75	1.0
3002983inst1_path_178_trimmed	SAMEA5613774	0.75	1.0
3002983inst1_path_178_trimmed	SAMEA5613853	0.75	1.0
3002983inst1_path_178_trimmed	SAMEA5613852	0.75	1.0
3002983inst1_path_178_trimmed	SAMEA5613870	0.75	1.0
3002983inst1_path_178_trimmed	SAMEA5613701	0.75	1.0
3002983inst1_path_178_trimmed	SAMEA5613841	0.75	1.0
3002983inst1_path_178_trimmed	SAMEA5613826	0.75	1.0
3002983inst1_path_178_trimmed	SAMEA5613862	0.75	1.0
3002983inst1_path_178_trimmed	SAMEA5613697	0.75	1.0
3002983inst1_path_178_trimmed	SAMEA5613876	0.75	1.0
3002983inst1_path_178_trimmed	SAMEA5613822	0.75	1.0
3002983inst1_path_178_trimmed	SAMEA5613833	0.75	1.0
3002983inst1_path_178_trimmed	SAMEA5613832	0.75	1.0
3002983inst1_path_178_trimmed	SAMEA5613816	0.75	1.0
3002983inst1_path_178_trimmed	SAMEA5613827	0.75	1.0
3002983inst1_path_178_trimmed	SAMEA5613883	0.75	1.0
3002983inst1_path_178_trimmed	SAMEA5613802	0.75	1.0
3002983inst1_path_178_trimmed	SAMEA5613851	0.75	1.0
3002983inst1_path_178_trimmed	SAMEA5613847	0.75	1.0
3002983inst1_path_178_trimmed	SAMEA5613880	0.75	1.0
3002983inst1_path_178_trimmed	SAMEA5613895	0.75	1.0
3002983inst1_path_178_trimmed	SAMEA5613858	0.75	1.0
3002983inst1_path_178_trimmed	SAMEA5613837	0.75	1.0
3002983inst1_path_178_trimmed	SAMEA5613797	0.75	1.0
3002983inst1_path_178_trimmed	SAMEA5613846	0.75	1.0
3002983inst1_path_178_trimmed	SAMEA5613775	0.75	1.0
3002983inst1_path_178_trimmed	SAMEA5613829	0.75	1.0
3002983inst1_path_178_trimmed	SAMEA5613707	0.75	1.0
3002983inst1_path_178_trimmed	SAMEA5613905	0.75	0.999
3002983inst1_path_178_trimmed	SAMEA5613855	0.75	1.0
3002983inst1_path_178_trimmed	SAMEA5613831	0.75	1.0
3002983inst1_path_178_trimmed	SAMEA5613843	0.75	1.0
3002983inst1_path_178_trimmed	SAMEA5613867	0.75	1.0
3002983inst1_path_178_trimmed	SAMEA5613700	0.75	1.0
3002983inst1_path_297	SAMEA5613889	0.667	1.0
3002983inst1_path_297	SAMEA5613808	0.5	1.0
3002983inst1_path_297	SAMEA5613805	0.5	1.0
3002983inst1_path_297	SAMEA5613857	0.5	1.0
3002983inst1_path_297	SAMEA5613799	0.5	1.0
3002983inst1_path_297	SAMEA5613830	0.833	1.0
3002983inst1_path_297	SAMEA5613865	0.5	1.0
3002983inst1_path_297	SAMEA5613791	0.5	1.0
3002983inst1_path_297	SAMEA5613835	0.833	1.0
3002983inst1_path_297	SAMEA5613854	0.667	1.0
3002983inst1_path_297	SAMEA5613856	0.667	1.0
3002983inst1_path_297	SAMEA5613825	0.833	1.0
3002983inst1_path_297	SAMEA5613819	0.667	0.956
3002983inst1_path_297	SAMEA5613772	0.5	1.0
3002983inst1_path_297	SAMEA5613705	0.5	1.0
3002983inst1_path_297	SAMEA5613783	0.5	1.0
3002983inst1_path_297	SAMEA5613800	0.5	1.0
3002983inst1_path_297	SAMEA5613709	0.5	1.0
3002983inst1_path_297	SAMEA5613868	0.667	1.0
3002983inst1_path_297	SAMEA5613884	0.667	1.0
3002983inst1_path_297	SAMEA5613888	0.667	1.0
3002983inst1_path_297	SAMEA5613793	0.5	1.0
3002983inst1_path_297	SAMEA5613796	0.5	1.0
3002983inst1_path_297	SAMEA5613834	0.833	1.0
3002983inst1_path_297	SAMEA5613861	0.5	1.0
3002983inst1_path_297	SAMEA5613887	0.5	1.0
3002983inst1_path_297	SAMEA5613879	0.5	1.0
3002983inst1_path_297	SAMEA5613882	0.667	1.0
3002983inst1_path_297	SAMEA5613849	0.667	1.0
3002983inst1_path_297	SAMEA5613897	0.667	1.0
3002983inst1_path_297	SAMEA5613813	0.5	1.0
3002983inst1_path_297	SAMEA5613875	0.5	1.0
3002983inst1_path_297	SAMEA5613828	0.833	1.0
3002983inst1_path_297	SAMEA5613860	0.5	1.0
3002983inst1_path_297	SAMEA5613814	0.5	1.0
3002983inst1_path_297	SAMEA5613811	0.5	1.0
3002983inst1_path_297	SAMEA5613801	0.5	1.0
3002983inst1_path_297	SAMEA5613845	0.667	1.0
3002983inst1_path_297	SAMEA5613886	0.5	1.0
3002983inst1_path_297	SAMEA5613838	0.833	1.0
3002983inst1_path_297	SAMEA5613792	0.5	1.0
3002983inst1_path_297	SAMEA5613836	0.833	1.0
3002983inst1_path_297	SAMEA5613706	0.5	1.0
3002983inst1_path_297	SAMEA5613839	0.667	1.0
3002983inst1_path_297	SAMEA5613703	0.5	1.0
3002983inst1_path_297	SAMEA5613817	0.5	1.0
3002983inst1_path_297	SAMEA5613848	0.667	1.0
3002983inst1_path_297	SAMEA5613894	0.5	1.0
3002983inst1_path_297	SAMEA5613896	0.5	1.0
3002983inst1_path_297	SAMEA5613782	0.5	1.0
3002983inst1_path_297	SAMEA5613809	0.5	1.0
3002983inst1_path_297	SAMEA5613824	0.833	1.0
3002983inst1_path_297	SAMEA5613704	0.5	1.0
3002983inst1_path_297	SAMEA5613699	0.5	1.0
3002983inst1_path_297	SAMEA5613812	0.667	1.0
3002983inst1_path_297	SAMEA5613885	0.5	1.0
3002983inst1_path_297	SAMEA5613708	0.5	1.0
3002983inst1_path_297	SAMEA5613873	0.5	1.0
3002983inst1_path_297	SAMEA5613871	0.5	0.999
3002983inst1_path_297	SAMEA5613908	0.5	1.0
3002983inst1_path_297	SAMEA5613881	0.5	1.0
3002983inst1_path_297	SAMEA5613874	0.667	1.0
3002983inst1_path_297	SAMEA5613770	0.5	0.998
3002983inst1_path_297	SAMEA5613795	0.5	1.0
3002983inst1_path_297	SAMEA5613823	0.833	1.0
3002983inst1_path_297	SAMEA5613877	0.5	1.0
3002983inst1_path_297	SAMEA5613850	0.667	1.0
3002983inst1_path_297	SAMEA5613820	0.833	1.0
3002983inst1_path_297	SAMEA5613807	0.5	1.0
3002983inst1_path_297	SAMEA5613821	0.833	1.0
3002983inst1_path_297	SAMEA5613902	0.5	1.0
3002983inst1_path_297	SAMEA5613803	0.5	1.0
3002983inst1_path_297	SAMEA5613878	0.5	1.0
3002983inst1_path_297	SAMEA5613903	0.5	1.0
3002983inst1_path_297	SAMEA5613844	0.667	1.0
3002983inst1_path_297	SAMEA5613810	0.5	1.0
3002983inst1_path_297	SAMEA5613818	0.5	1.0
3002983inst1_path_297	SAMEA5613784	0.5	1.0
3002983inst1_path_297	SAMEA5613840	0.667	1.0
3002983inst1_path_297	SAMEA5613904	0.5	0.998
3002983inst1_path_297	SAMEA5613815	0.5	1.0
3002983inst1_path_297	SAMEA5613774	0.5	1.0
3002983inst1_path_297	SAMEA5613853	0.667	1.0
3002983inst1_path_297	SAMEA5613852	0.5	1.0
3002983inst1_path_297	SAMEA5613870	0.5	1.0
3002983inst1_path_297	SAMEA5613872	0.5	1.0
3002983inst1_path_297	SAMEA5613701	0.5	1.0
3002983inst1_path_297	SAMEA5613841	0.667	1.0
3002983inst1_path_297	SAMEA5613826	0.833	1.0
3002983inst1_path_297	SAMEA5613862	0.5	1.0
3002983inst1_path_297	SAMEA5613697	0.5	1.0
3002983inst1_path_297	SAMEA5613876	0.667	1.0
3002983inst1_path_297	SAMEA5613822	0.833	1.0
3002983inst1_path_297	SAMEA5613833	0.833	1.0
3002983inst1_path_297	SAMEA5613832	0.833	1.0
3002983inst1_path_297	SAMEA5613816	0.5	1.0
3002983inst1_path_297	SAMEA5613827	0.833	1.0
3002983inst1_path_297	SAMEA5613883	0.667	1.0
3002983inst1_path_297	SAMEA5613802	0.5	1.0
3002983inst1_path_297	SAMEA5613851	0.667	1.0
3002983inst1_path_297	SAMEA5613847	0.667	1.0
3002983inst1_path_297	SAMEA5613880	0.667	1.0
3002983inst1_path_297	SAMEA5613895	0.5	1.0
3002983inst1_path_297	SAMEA5613858	0.5	1.0
3002983inst1_path_297	SAMEA5613837	0.833	1.0
3002983inst1_path_297	SAMEA5613797	0.5	1.0
3002983inst1_path_297	SAMEA5613846	0.667	1.0
3002983inst1_path_297	SAMEA5613775	0.5	1.0
3002983inst1_path_297	SAMEA5613829	0.833	1.0
3002983inst1_path_297	SAMEA5613707	0.5	1.0
3002983inst1_path_297	SAMEA5613905	0.667	0.999
3002983inst1_path_297	SAMEA5613779	0.5	1.0
3002983inst1_path_297	SAMEA5613855	0.667	1.0
3002983inst1_path_297	SAMEA5613831	0.833	1.0
3002983inst1_path_297	SAMEA5613843	0.667	0.999
3002983inst1_path_297	SAMEA5613867	0.5	1.0
3002983inst1_path_297	SAMEA5613700	0.5	1.0
3002985inst1_gene_seq	SAMEA5613889	1.0	0.997
3002985inst1_gene_seq	SAMEA5613830	1.0	0.996
3002985inst1_gene_seq	SAMEA5613835	1.0	0.996
3002985inst1_gene_seq	SAMEA5613854	1.0	0.997
3002985inst1_gene_seq	SAMEA5613825	1.0	0.996
3002985inst1_gene_seq	SAMEA5613888	1.0	0.996
3002985inst1_gene_seq	SAMEA5613834	1.0	0.996
3002985inst1_gene_seq	SAMEA5613887	1.0	0.996
3002985inst1_gene_seq	SAMEA5613879	1.0	0.996
3002985inst1_gene_seq	SAMEA5613897	1.0	0.996
3002985inst1_gene_seq	SAMEA5613875	1.0	0.997
3002985inst1_gene_seq	SAMEA5613828	1.0	0.996
3002985inst1_gene_seq	SAMEA5613886	1.0	0.996
3002985inst1_gene_seq	SAMEA5613838	1.0	0.996
3002985inst1_gene_seq	SAMEA5613836	1.0	0.996
3002985inst1_gene_seq	SAMEA5613839	1.0	0.996
3002985inst1_gene_seq	SAMEA5613824	1.0	0.996
3002985inst1_gene_seq	SAMEA5613885	1.0	0.996
3002985inst1_gene_seq	SAMEA5613871	1.0	0.996
3002985inst1_gene_seq	SAMEA5613881	1.0	0.996
3002985inst1_gene_seq	SAMEA5613874	1.0	0.996
3002985inst1_gene_seq	SAMEA5613823	1.0	0.996
3002985inst1_gene_seq	SAMEA5613877	1.0	0.997
3002985inst1_gene_seq	SAMEA5613820	1.0	0.996
3002985inst1_gene_seq	SAMEA5613821	1.0	0.996
3002985inst1_gene_seq	SAMEA5613878	1.0	0.996
3002985inst1_gene_seq	SAMEA5613840	1.0	0.996
3002985inst1_gene_seq	SAMEA5613853	0.75	0.998
3002985inst1_gene_seq	SAMEA5613841	1.0	0.997
3002985inst1_gene_seq	SAMEA5613826	1.0	0.996
3002985inst1_gene_seq	SAMEA5613876	1.0	0.996
3002985inst1_gene_seq	SAMEA5613822	1.0	0.996
3002985inst1_gene_seq	SAMEA5613833	1.0	0.996
3002985inst1_gene_seq	SAMEA5613832	1.0	0.996
3002985inst1_gene_seq	SAMEA5613827	1.0	0.996
3002985inst1_gene_seq	SAMEA5613883	1.0	0.996
3002985inst1_gene_seq	SAMEA5613880	1.0	0.996
3002985inst1_gene_seq	SAMEA5613837	1.0	0.996
3002985inst1_gene_seq	SAMEA5613829	1.0	0.996
3002985inst1_gene_seq	SAMEA5613831	1.0	0.996
3002986inst1_gene_seq	SAMEA5613889	1.0	1.0
3002986inst1_gene_seq	SAMEA5613884	1.0	1.0
3002986inst1_gene_seq	SAMEA5613888	1.0	1.0
3002986inst1_gene_seq	SAMEA5613887	1.0	1.0
3002986inst1_gene_seq	SAMEA5613882	1.0	0.999
3002986inst1_gene_seq	SAMEA5613875	1.0	1.0
3002986inst1_gene_seq	SAMEA5613886	1.0	1.0
3002986inst1_gene_seq	SAMEA5613900	1.0	0.951
3002986inst1_gene_seq	SAMEA5613885	1.0	1.0
3002986inst1_gene_seq	SAMEA5613873	1.0	1.0
3002986inst1_gene_seq	SAMEA5613899	1.0	0.956
3002986inst1_gene_seq	SAMEA5613871	1.0	1.0
3002986inst1_gene_seq	SAMEA5613874	1.0	0.999
3002986inst1_gene_seq	SAMEA5613877	1.0	1.0
3002986inst1_gene_seq	SAMEA5613878	1.0	0.999
3002986inst1_gene_seq	SAMEA5613898	1.0	0.961
3002986inst1_gene_seq	SAMEA5613872	1.0	1.0
3002986inst1_gene_seq	SAMEA5613876	1.0	1.0
3002986inst1_gene_seq	SAMEA5613883	1.0	1.0
3002986inst1_gene_seq	SAMEA5613901	1.0	0.958
3002986inst1_gene_seq	SAMEA5613880	1.0	0.999
3002986inst1_gene_seq	SAMEA5613869	0.75	0.995
3003006inst1_gene_seq	SAMEA5613715	0.991	1.0
3003007inst1_gene_seq	SAMEA5613715	1.0	1.0
3003007inst1_gene_seq	SAMEA5613714	0.643	0.985
3003009inst1_path_187	SAMEA5613830	0.75	1.0
3003009inst1_path_187	SAMEA5613835	0.75	1.0
3003009inst1_path_187	SAMEA5613825	0.75	0.999
3003009inst1_path_187	SAMEA5613783	0.75	0.999
3003009inst1_path_187	SAMEA5613834	0.75	1.0
3003009inst1_path_187	SAMEA5613828	0.75	1.0
3003009inst1_path_187	SAMEA5613781	0.75	1.0
3003009inst1_path_187	SAMEA5613838	0.75	1.0
3003009inst1_path_187	SAMEA5613806	0.75	1.0
3003009inst1_path_187	SAMEA5613836	0.75	1.0
3003009inst1_path_187	SAMEA5613839	0.75	1.0
3003009inst1_path_187	SAMEA5613782	0.75	1.0
3003009inst1_path_187	SAMEA5613824	0.75	0.999
3003009inst1_path_187	SAMEA5613823	0.75	1.0
3003009inst1_path_187	SAMEA5613820	0.75	1.0
3003009inst1_path_187	SAMEA5613807	0.75	1.0
3003009inst1_path_187	SAMEA5613821	0.75	1.0
3003009inst1_path_187	SAMEA5613844	0.75	0.997
3003009inst1_path_187	SAMEA5613840	0.75	1.0
3003009inst1_path_187	SAMEA5613774	0.75	1.0
3003009inst1_path_187	SAMEA5613852	0.75	0.994
3003009inst1_path_187	SAMEA5613841	0.75	0.999
3003009inst1_path_187	SAMEA5613826	0.75	0.999
3003009inst1_path_187	SAMEA5613822	0.75	1.0
3003009inst1_path_187	SAMEA5613833	0.75	1.0
3003009inst1_path_187	SAMEA5613832	0.75	1.0
3003009inst1_path_187	SAMEA5613827	0.75	0.999
3003009inst1_path_187	SAMEA5613776	0.75	1.0
3003009inst1_path_187	SAMEA5613851	0.75	0.997
3003009inst1_path_187	SAMEA5613837	0.75	1.0
3003009inst1_path_187	SAMEA5613846	0.75	0.999
3003009inst1_path_187	SAMEA5613829	0.75	1.0
3003009inst1_path_187	SAMEA5613779	0.75	0.999
3003009inst1_path_187	SAMEA5613831	0.75	1.0
3003009inst1_path_187	SAMEA5613843	0.75	0.997
3003009inst1_path_189	SAMEA5613830	0.75	1.0
3003009inst1_path_189	SAMEA5613835	0.75	1.0
3003009inst1_path_189	SAMEA5613825	0.75	0.999
3003009inst1_path_189	SAMEA5613783	0.75	0.999
3003009inst1_path_189	SAMEA5613834	0.75	1.0
3003009inst1_path_189	SAMEA5613828	0.75	1.0
3003009inst1_path_189	SAMEA5613781	0.75	1.0
3003009inst1_path_189	SAMEA5613838	0.75	1.0
3003009inst1_path_189	SAMEA5613806	0.75	1.0
3003009inst1_path_189	SAMEA5613836	0.75	1.0
3003009inst1_path_189	SAMEA5613839	0.75	1.0
3003009inst1_path_189	SAMEA5613782	0.75	1.0
3003009inst1_path_189	SAMEA5613824	0.75	0.999
3003009inst1_path_189	SAMEA5613823	0.75	1.0
3003009inst1_path_189	SAMEA5613820	0.75	1.0
3003009inst1_path_189	SAMEA5613807	0.75	1.0
3003009inst1_path_189	SAMEA5613821	0.75	1.0
3003009inst1_path_189	SAMEA5613844	0.75	0.997
3003009inst1_path_189	SAMEA5613840	0.75	1.0
3003009inst1_path_189	SAMEA5613774	0.75	1.0
3003009inst1_path_189	SAMEA5613852	0.75	0.994
3003009inst1_path_189	SAMEA5613841	0.75	0.999
3003009inst1_path_189	SAMEA5613826	0.75	0.999
3003009inst1_path_189	SAMEA5613822	0.75	1.0
3003009inst1_path_189	SAMEA5613833	0.75	1.0
3003009inst1_path_189	SAMEA5613832	0.75	1.0
3003009inst1_path_189	SAMEA5613827	0.75	0.999
3003009inst1_path_189	SAMEA5613776	0.75	1.0
3003009inst1_path_189	SAMEA5613851	0.75	0.997
3003009inst1_path_189	SAMEA5613837	0.75	1.0
3003009inst1_path_189	SAMEA5613846	0.75	0.999
3003009inst1_path_189	SAMEA5613829	0.75	1.0
3003009inst1_path_189	SAMEA5613779	0.75	0.999
3003009inst1_path_189	SAMEA5613831	0.75	1.0
3003009inst1_path_189	SAMEA5613843	0.75	0.997
3003009inst1_path_197	SAMEA5613830	0.75	0.999
3003009inst1_path_197	SAMEA5613835	0.75	0.999
3003009inst1_path_197	SAMEA5613825	0.75	0.998
3003009inst1_path_197	SAMEA5613783	0.75	0.998
3003009inst1_path_197	SAMEA5613834	0.75	0.999
3003009inst1_path_197	SAMEA5613828	0.75	0.999
3003009inst1_path_197	SAMEA5613838	0.75	0.999
3003009inst1_path_197	SAMEA5613806	0.75	0.999
3003009inst1_path_197	SAMEA5613836	0.75	0.999
3003009inst1_path_197	SAMEA5613839	0.75	0.999
3003009inst1_path_197	SAMEA5613782	0.75	0.999
3003009inst1_path_197	SAMEA5613824	0.75	0.998
3003009inst1_path_197	SAMEA5613823	0.75	0.999
3003009inst1_path_197	SAMEA5613820	0.75	0.999
3003009inst1_path_197	SAMEA5613807	0.75	0.999
3003009inst1_path_197	SAMEA5613821	0.75	0.999
3003009inst1_path_197	SAMEA5613844	0.75	0.995
3003009inst1_path_197	SAMEA5613840	0.75	0.999
3003009inst1_path_197	SAMEA5613852	0.75	0.991
3003009inst1_path_197	SAMEA5613841	0.75	0.998
3003009inst1_path_197	SAMEA5613826	0.75	0.998
3003009inst1_path_197	SAMEA5613822	0.75	0.999
3003009inst1_path_197	SAMEA5613833	0.75	0.999
3003009inst1_path_197	SAMEA5613832	0.75	0.999
3003009inst1_path_197	SAMEA5613827	0.75	0.998
3003009inst1_path_197	SAMEA5613776	0.75	0.999
3003009inst1_path_197	SAMEA5613851	0.75	0.995
3003009inst1_path_197	SAMEA5613837	0.75	0.999
3003009inst1_path_197	SAMEA5613846	0.75	0.998
3003009inst1_path_197	SAMEA5613829	0.75	0.999
3003009inst1_path_197	SAMEA5613779	0.75	0.997
3003009inst1_path_197	SAMEA5613831	0.75	0.999
3003009inst1_path_197	SAMEA5613843	0.75	0.995
3003010inst1_path_102	SAMEA5613830	0.75	1.0
3003010inst1_path_102	SAMEA5613835	0.75	1.0
3003010inst1_path_102	SAMEA5613825	0.75	1.0
3003010inst1_path_102	SAMEA5613783	0.75	0.999
3003010inst1_path_102	SAMEA5613834	0.75	1.0
3003010inst1_path_102	SAMEA5613828	0.75	1.0
3003010inst1_path_102	SAMEA5613781	0.75	1.0
3003010inst1_path_102	SAMEA5613838	0.75	1.0
3003010inst1_path_102	SAMEA5613806	0.75	1.0
3003010inst1_path_102	SAMEA5613836	0.75	1.0
3003010inst1_path_102	SAMEA5613839	0.75	1.0
3003010inst1_path_102	SAMEA5613782	0.75	1.0
3003010inst1_path_102	SAMEA5613824	0.75	1.0
3003010inst1_path_102	SAMEA5613823	0.75	1.0
3003010inst1_path_102	SAMEA5613820	0.75	1.0
3003010inst1_path_102	SAMEA5613807	0.75	1.0
3003010inst1_path_102	SAMEA5613821	0.75	1.0
3003010inst1_path_102	SAMEA5613844	0.75	0.997
3003010inst1_path_102	SAMEA5613840	0.75	1.0
3003010inst1_path_102	SAMEA5613774	0.75	1.0
3003010inst1_path_102	SAMEA5613852	0.75	0.994
3003010inst1_path_102	SAMEA5613841	0.75	0.999
3003010inst1_path_102	SAMEA5613826	0.75	1.0
3003010inst1_path_102	SAMEA5613822	0.75	1.0
3003010inst1_path_102	SAMEA5613833	0.75	1.0
3003010inst1_path_102	SAMEA5613832	0.75	1.0
3003010inst1_path_102	SAMEA5613827	0.75	1.0
3003010inst1_path_102	SAMEA5613776	0.75	1.0
3003010inst1_path_102	SAMEA5613851	0.75	0.997
3003010inst1_path_102	SAMEA5613837	0.75	1.0
3003010inst1_path_102	SAMEA5613846	0.75	0.999
3003010inst1_path_102	SAMEA5613829	0.75	1.0
3003010inst1_path_102	SAMEA5613779	0.75	0.999
3003010inst1_path_102	SAMEA5613831	0.75	1.0
3003010inst1_path_102	SAMEA5613843	0.75	0.997
3003010inst1_path_132	SAMEA5613889	0.75	1.0
3003010inst1_path_132	SAMEA5613808	0.75	1.0
3003010inst1_path_132	SAMEA5613805	0.75	1.0
3003010inst1_path_132	SAMEA5613857	0.75	1.0
3003010inst1_path_132	SAMEA5613799	0.75	1.0
3003010inst1_path_132	SAMEA5613830	1.0	1.0
3003010inst1_path_132	SAMEA5613791	0.75	1.0
3003010inst1_path_132	SAMEA5613794	0.75	1.0
3003010inst1_path_132	SAMEA5613835	1.0	1.0
3003010inst1_path_132	SAMEA5613854	0.75	1.0
3003010inst1_path_132	SAMEA5613856	0.75	1.0
3003010inst1_path_132	SAMEA5613825	1.0	1.0
3003010inst1_path_132	SAMEA5613819	0.75	1.0
3003010inst1_path_132	SAMEA5613772	0.75	1.0
3003010inst1_path_132	SAMEA5613705	0.75	1.0
3003010inst1_path_132	SAMEA5613783	1.0	1.0
3003010inst1_path_132	SAMEA5613800	0.75	1.0
3003010inst1_path_132	SAMEA5613709	0.75	1.0
3003010inst1_path_132	SAMEA5613868	0.75	1.0
3003010inst1_path_132	SAMEA5613884	0.75	1.0
3003010inst1_path_132	SAMEA5613888	0.75	1.0
3003010inst1_path_132	SAMEA5613793	0.75	1.0
3003010inst1_path_132	SAMEA5613796	0.75	1.0
3003010inst1_path_132	SAMEA5613834	1.0	1.0
3003010inst1_path_132	SAMEA5613861	0.75	1.0
3003010inst1_path_132	SAMEA5613887	0.75	1.0
3003010inst1_path_132	SAMEA5613882	0.75	1.0
3003010inst1_path_132	SAMEA5613849	0.75	1.0
3003010inst1_path_132	SAMEA5613897	0.75	1.0
3003010inst1_path_132	SAMEA5613813	0.75	1.0
3003010inst1_path_132	SAMEA5613828	1.0	1.0
3003010inst1_path_132	SAMEA5613860	0.75	1.0
3003010inst1_path_132	SAMEA5613814	0.75	1.0
3003010inst1_path_132	SAMEA5613781	0.75	1.0
3003010inst1_path_132	SAMEA5613801	0.75	1.0
3003010inst1_path_132	SAMEA5613845	0.75	1.0
3003010inst1_path_132	SAMEA5613838	1.0	1.0
3003010inst1_path_132	SAMEA5613806	0.75	1.0
3003010inst1_path_132	SAMEA5613792	0.75	1.0
3003010inst1_path_132	SAMEA5613836	1.0	1.0
3003010inst1_path_132	SAMEA5613706	0.75	1.0
3003010inst1_path_132	SAMEA5613839	1.0	1.0
3003010inst1_path_132	SAMEA5613703	0.75	1.0
3003010inst1_path_132	SAMEA5613817	0.75	1.0
3003010inst1_path_132	SAMEA5613848	0.75	1.0
3003010inst1_path_132	SAMEA5613894	0.75	1.0
3003010inst1_path_132	SAMEA5613896	0.75	1.0
3003010inst1_path_132	SAMEA5613782	1.0	1.0
3003010inst1_path_132	SAMEA5613809	0.75	1.0
3003010inst1_path_132	SAMEA5613824	1.0	1.0
3003010inst1_path_132	SAMEA5613704	0.75	1.0
3003010inst1_path_132	SAMEA5613699	0.75	1.0
3003010inst1_path_132	SAMEA5613812	0.75	1.0
3003010inst1_path_132	SAMEA5613708	0.75	1.0
3003010inst1_path_132	SAMEA5613873	0.75	1.0
3003010inst1_path_132	SAMEA5613908	0.75	1.0
3003010inst1_path_132	SAMEA5613874	0.75	1.0
3003010inst1_path_132	SAMEA5613770	0.75	0.998
3003010inst1_path_132	SAMEA5613795	0.75	1.0
3003010inst1_path_132	SAMEA5613823	1.0	1.0
3003010inst1_path_132	SAMEA5613850	0.75	1.0
3003010inst1_path_132	SAMEA5613820	1.0	1.0
3003010inst1_path_132	SAMEA5613807	1.0	1.0
3003010inst1_path_132	SAMEA5613821	1.0	1.0
3003010inst1_path_132	SAMEA5613902	0.75	1.0
3003010inst1_path_132	SAMEA5613803	0.75	1.0
3003010inst1_path_132	SAMEA5613903	0.75	1.0
3003010inst1_path_132	SAMEA5613844	1.0	1.0
3003010inst1_path_132	SAMEA5613810	0.75	1.0
3003010inst1_path_132	SAMEA5613818	0.75	1.0
3003010inst1_path_132	SAMEA5613784	0.75	1.0
3003010inst1_path_132	SAMEA5613840	1.0	1.0
3003010inst1_path_132	SAMEA5613904	0.75	0.998
3003010inst1_path_132	SAMEA5613815	0.75	1.0
3003010inst1_path_132	SAMEA5613774	1.0	1.0
3003010inst1_path_132	SAMEA5613853	0.75	1.0
3003010inst1_path_132	SAMEA5613852	1.0	0.998
3003010inst1_path_132	SAMEA5613870	0.75	1.0
3003010inst1_path_132	SAMEA5613701	0.75	1.0
3003010inst1_path_132	SAMEA5613841	1.0	1.0
3003010inst1_path_132	SAMEA5613826	1.0	1.0
3003010inst1_path_132	SAMEA5613862	0.75	1.0
3003010inst1_path_132	SAMEA5613697	0.75	1.0
3003010inst1_path_132	SAMEA5613773	0.75	1.0
3003010inst1_path_132	SAMEA5613876	0.75	1.0
3003010inst1_path_132	SAMEA5613822	1.0	1.0
3003010inst1_path_132	SAMEA5613833	1.0	1.0
3003010inst1_path_132	SAMEA5613832	1.0	1.0
3003010inst1_path_132	SAMEA5613816	0.75	1.0
3003010inst1_path_132	SAMEA5613827	1.0	1.0
3003010inst1_path_132	SAMEA5613883	0.75	0.997
3003010inst1_path_132	SAMEA5613802	0.75	1.0
3003010inst1_path_132	SAMEA5613776	0.75	1.0
3003010inst1_path_132	SAMEA5613851	1.0	0.999
3003010inst1_path_132	SAMEA5613847	0.75	1.0
3003010inst1_path_132	SAMEA5613880	0.75	1.0
3003010inst1_path_132	SAMEA5613895	0.75	1.0
3003010inst1_path_132	SAMEA5613858	0.75	1.0
3003010inst1_path_132	SAMEA5613837	1.0	1.0
3003010inst1_path_132	SAMEA5613797	0.75	1.0
3003010inst1_path_132	SAMEA5613846	1.0	1.0
3003010inst1_path_132	SAMEA5613775	0.75	1.0
3003010inst1_path_132	SAMEA5613829	1.0	1.0
3003010inst1_path_132	SAMEA5613707	0.75	1.0
3003010inst1_path_132	SAMEA5613905	0.75	0.999
3003010inst1_path_132	SAMEA5613779	0.75	0.999
3003010inst1_path_132	SAMEA5613855	0.75	1.0
3003010inst1_path_132	SAMEA5613831	1.0	1.0
3003010inst1_path_132	SAMEA5613843	1.0	1.0
3003010inst1_path_132	SAMEA5613867	0.75	1.0
3003010inst1_path_132	SAMEA5613700	0.75	1.0
3003010inst1_path_133	SAMEA5613830	0.75	1.0
3003010inst1_path_133	SAMEA5613835	0.75	1.0
3003010inst1_path_133	SAMEA5613825	0.75	0.999
3003010inst1_path_133	SAMEA5613783	0.75	0.999
3003010inst1_path_133	SAMEA5613834	0.75	1.0
3003010inst1_path_133	SAMEA5613828	0.75	1.0
3003010inst1_path_133	SAMEA5613781	0.75	1.0
3003010inst1_path_133	SAMEA5613838	0.75	1.0
3003010inst1_path_133	SAMEA5613806	0.75	1.0
3003010inst1_path_133	SAMEA5613836	0.75	1.0
3003010inst1_path_133	SAMEA5613839	0.75	1.0
3003010inst1_path_133	SAMEA5613782	0.75	1.0
3003010inst1_path_133	SAMEA5613824	0.75	0.999
3003010inst1_path_133	SAMEA5613823	0.75	1.0
3003010inst1_path_133	SAMEA5613820	0.75	1.0
3003010inst1_path_133	SAMEA5613807	0.75	1.0
3003010inst1_path_133	SAMEA5613821	0.75	1.0
3003010inst1_path_133	SAMEA5613844	0.75	0.997
3003010inst1_path_133	SAMEA5613840	0.75	1.0
3003010inst1_path_133	SAMEA5613774	0.75	1.0
3003010inst1_path_133	SAMEA5613852	0.75	0.994
3003010inst1_path_133	SAMEA5613841	0.75	0.999
3003010inst1_path_133	SAMEA5613826	0.75	0.999
3003010inst1_path_133	SAMEA5613822	0.75	1.0
3003010inst1_path_133	SAMEA5613833	0.75	1.0
3003010inst1_path_133	SAMEA5613832	0.75	1.0
3003010inst1_path_133	SAMEA5613827	0.75	0.999
3003010inst1_path_133	SAMEA5613776	0.75	1.0
3003010inst1_path_133	SAMEA5613851	0.75	0.997
3003010inst1_path_133	SAMEA5613837	0.75	1.0
3003010inst1_path_133	SAMEA5613846	0.75	0.999
3003010inst1_path_133	SAMEA5613829	0.75	1.0
3003010inst1_path_133	SAMEA5613779	0.75	0.999
3003010inst1_path_133	SAMEA5613831	0.75	1.0
3003010inst1_path_133	SAMEA5613843	0.75	0.997
3003010inst1_path_13	SAMEA5613830	0.75	1.0
3003010inst1_path_13	SAMEA5613835	0.75	1.0
3003010inst1_path_13	SAMEA5613825	0.75	1.0
3003010inst1_path_13	SAMEA5613783	0.75	0.999
3003010inst1_path_13	SAMEA5613834	0.75	1.0
3003010inst1_path_13	SAMEA5613828	0.75	1.0
3003010inst1_path_13	SAMEA5613781	0.75	1.0
3003010inst1_path_13	SAMEA5613838	0.75	1.0
3003010inst1_path_13	SAMEA5613806	0.75	1.0
3003010inst1_path_13	SAMEA5613836	0.75	1.0
3003010inst1_path_13	SAMEA5613839	0.75	1.0
3003010inst1_path_13	SAMEA5613782	0.75	1.0
3003010inst1_path_13	SAMEA5613824	0.75	1.0
3003010inst1_path_13	SAMEA5613823	0.75	1.0
3003010inst1_path_13	SAMEA5613820	0.75	1.0
3003010inst1_path_13	SAMEA5613807	0.75	1.0
3003010inst1_path_13	SAMEA5613821	0.75	1.0
3003010inst1_path_13	SAMEA5613844	0.75	0.997
3003010inst1_path_13	SAMEA5613840	0.75	1.0
3003010inst1_path_13	SAMEA5613774	0.75	1.0
3003010inst1_path_13	SAMEA5613852	0.75	0.994
3003010inst1_path_13	SAMEA5613841	0.75	0.999
3003010inst1_path_13	SAMEA5613826	0.75	1.0
3003010inst1_path_13	SAMEA5613822	0.75	1.0
3003010inst1_path_13	SAMEA5613833	0.75	1.0
3003010inst1_path_13	SAMEA5613832	0.75	1.0
3003010inst1_path_13	SAMEA5613827	0.75	1.0
3003010inst1_path_13	SAMEA5613776	0.75	1.0
3003010inst1_path_13	SAMEA5613851	0.75	0.997
3003010inst1_path_13	SAMEA5613837	0.75	1.0
3003010inst1_path_13	SAMEA5613846	0.75	0.999
3003010inst1_path_13	SAMEA5613829	0.75	1.0
3003010inst1_path_13	SAMEA5613779	0.75	0.999
3003010inst1_path_13	SAMEA5613831	0.75	1.0
3003010inst1_path_13	SAMEA5613843	0.75	0.997
3003010inst1_path_140	SAMEA5613889	0.75	1.0
3003010inst1_path_140	SAMEA5613808	0.75	1.0
3003010inst1_path_140	SAMEA5613805	0.75	1.0
3003010inst1_path_140	SAMEA5613857	0.75	1.0
3003010inst1_path_140	SAMEA5613799	0.75	1.0
3003010inst1_path_140	SAMEA5613830	1.0	1.0
3003010inst1_path_140	SAMEA5613791	0.75	1.0
3003010inst1_path_140	SAMEA5613794	0.75	1.0
3003010inst1_path_140	SAMEA5613835	1.0	1.0
3003010inst1_path_140	SAMEA5613854	0.75	1.0
3003010inst1_path_140	SAMEA5613856	0.75	1.0
3003010inst1_path_140	SAMEA5613825	1.0	1.0
3003010inst1_path_140	SAMEA5613819	0.75	1.0
3003010inst1_path_140	SAMEA5613772	0.75	1.0
3003010inst1_path_140	SAMEA5613705	0.75	1.0
3003010inst1_path_140	SAMEA5613783	1.0	1.0
3003010inst1_path_140	SAMEA5613800	0.75	1.0
3003010inst1_path_140	SAMEA5613709	0.75	1.0
3003010inst1_path_140	SAMEA5613868	0.75	1.0
3003010inst1_path_140	SAMEA5613884	0.75	1.0
3003010inst1_path_140	SAMEA5613888	0.75	1.0
3003010inst1_path_140	SAMEA5613793	0.75	1.0
3003010inst1_path_140	SAMEA5613796	0.75	1.0
3003010inst1_path_140	SAMEA5613834	1.0	1.0
3003010inst1_path_140	SAMEA5613861	0.75	1.0
3003010inst1_path_140	SAMEA5613887	0.75	1.0
3003010inst1_path_140	SAMEA5613882	0.75	1.0
3003010inst1_path_140	SAMEA5613849	0.75	1.0
3003010inst1_path_140	SAMEA5613897	0.75	1.0
3003010inst1_path_140	SAMEA5613813	0.75	1.0
3003010inst1_path_140	SAMEA5613828	1.0	1.0
3003010inst1_path_140	SAMEA5613860	0.75	1.0
3003010inst1_path_140	SAMEA5613814	0.75	1.0
3003010inst1_path_140	SAMEA5613781	0.75	1.0
3003010inst1_path_140	SAMEA5613801	0.75	1.0
3003010inst1_path_140	SAMEA5613845	0.75	1.0
3003010inst1_path_140	SAMEA5613838	1.0	1.0
3003010inst1_path_140	SAMEA5613806	0.75	1.0
3003010inst1_path_140	SAMEA5613792	0.75	1.0
3003010inst1_path_140	SAMEA5613836	1.0	1.0
3003010inst1_path_140	SAMEA5613706	0.75	1.0
3003010inst1_path_140	SAMEA5613839	1.0	1.0
3003010inst1_path_140	SAMEA5613703	0.75	1.0
3003010inst1_path_140	SAMEA5613817	0.75	1.0
3003010inst1_path_140	SAMEA5613848	0.75	1.0
3003010inst1_path_140	SAMEA5613894	0.75	1.0
3003010inst1_path_140	SAMEA5613896	0.75	1.0
3003010inst1_path_140	SAMEA5613782	1.0	1.0
3003010inst1_path_140	SAMEA5613809	0.75	1.0
3003010inst1_path_140	SAMEA5613824	1.0	1.0
3003010inst1_path_140	SAMEA5613704	0.75	1.0
3003010inst1_path_140	SAMEA5613699	0.75	1.0
3003010inst1_path_140	SAMEA5613812	0.75	1.0
3003010inst1_path_140	SAMEA5613708	0.75	1.0
3003010inst1_path_140	SAMEA5613873	0.75	1.0
3003010inst1_path_140	SAMEA5613908	0.75	1.0
3003010inst1_path_140	SAMEA5613874	0.75	1.0
3003010inst1_path_140	SAMEA5613770	0.75	0.998
3003010inst1_path_140	SAMEA5613795	0.75	1.0
3003010inst1_path_140	SAMEA5613823	1.0	1.0
3003010inst1_path_140	SAMEA5613850	0.75	1.0
3003010inst1_path_140	SAMEA5613820	1.0	1.0
3003010inst1_path_140	SAMEA5613807	1.0	1.0
3003010inst1_path_140	SAMEA5613821	1.0	1.0
3003010inst1_path_140	SAMEA5613902	0.75	1.0
3003010inst1_path_140	SAMEA5613803	0.75	1.0
3003010inst1_path_140	SAMEA5613903	0.75	1.0
3003010inst1_path_140	SAMEA5613844	1.0	1.0
3003010inst1_path_140	SAMEA5613810	0.75	1.0
3003010inst1_path_140	SAMEA5613818	0.75	1.0
3003010inst1_path_140	SAMEA5613784	0.75	1.0
3003010inst1_path_140	SAMEA5613840	1.0	1.0
3003010inst1_path_140	SAMEA5613904	0.75	0.998
3003010inst1_path_140	SAMEA5613815	0.75	1.0
3003010inst1_path_140	SAMEA5613774	1.0	1.0
3003010inst1_path_140	SAMEA5613853	0.75	1.0
3003010inst1_path_140	SAMEA5613852	1.0	0.998
3003010inst1_path_140	SAMEA5613870	0.75	1.0
3003010inst1_path_140	SAMEA5613701	0.75	1.0
3003010inst1_path_140	SAMEA5613841	1.0	1.0
3003010inst1_path_140	SAMEA5613826	1.0	1.0
3003010inst1_path_140	SAMEA5613862	0.75	1.0
3003010inst1_path_140	SAMEA5613697	0.75	1.0
3003010inst1_path_140	SAMEA5613773	0.75	1.0
3003010inst1_path_140	SAMEA5613876	0.75	1.0
3003010inst1_path_140	SAMEA5613822	1.0	1.0
3003010inst1_path_140	SAMEA5613833	1.0	1.0
3003010inst1_path_140	SAMEA5613832	1.0	1.0
3003010inst1_path_140	SAMEA5613816	0.75	1.0
3003010inst1_path_140	SAMEA5613827	1.0	1.0
3003010inst1_path_140	SAMEA5613883	0.75	0.997
3003010inst1_path_140	SAMEA5613802	0.75	1.0
3003010inst1_path_140	SAMEA5613776	0.75	1.0
3003010inst1_path_140	SAMEA5613851	1.0	0.999
3003010inst1_path_140	SAMEA5613847	0.75	1.0
3003010inst1_path_140	SAMEA5613880	0.75	1.0
3003010inst1_path_140	SAMEA5613895	0.75	1.0
3003010inst1_path_140	SAMEA5613858	0.75	1.0
3003010inst1_path_140	SAMEA5613837	1.0	1.0
3003010inst1_path_140	SAMEA5613797	0.75	1.0
3003010inst1_path_140	SAMEA5613846	1.0	1.0
3003010inst1_path_140	SAMEA5613775	0.75	1.0
3003010inst1_path_140	SAMEA5613829	1.0	1.0
3003010inst1_path_140	SAMEA5613707	0.75	1.0
3003010inst1_path_140	SAMEA5613905	0.75	0.999
3003010inst1_path_140	SAMEA5613779	0.75	0.999
3003010inst1_path_140	SAMEA5613855	0.75	1.0
3003010inst1_path_140	SAMEA5613831	1.0	1.0
3003010inst1_path_140	SAMEA5613843	1.0	1.0
3003010inst1_path_140	SAMEA5613867	0.75	1.0
3003010inst1_path_140	SAMEA5613700	0.75	1.0
3003010inst1_path_411	SAMEA5613889	0.6	1.0
3003010inst1_path_411	SAMEA5613808	0.6	1.0
3003010inst1_path_411	SAMEA5613805	0.6	1.0
3003010inst1_path_411	SAMEA5613857	0.6	1.0
3003010inst1_path_411	SAMEA5613799	0.6	1.0
3003010inst1_path_411	SAMEA5613830	0.8	1.0
3003010inst1_path_411	SAMEA5613791	0.6	1.0
3003010inst1_path_411	SAMEA5613794	0.6	1.0
3003010inst1_path_411	SAMEA5613835	0.8	1.0
3003010inst1_path_411	SAMEA5613854	0.6	1.0
3003010inst1_path_411	SAMEA5613856	0.6	1.0
3003010inst1_path_411	SAMEA5613825	0.8	1.0
3003010inst1_path_411	SAMEA5613819	0.6	1.0
3003010inst1_path_411	SAMEA5613772	0.6	1.0
3003010inst1_path_411	SAMEA5613705	0.6	1.0
3003010inst1_path_411	SAMEA5613783	0.8	0.999
3003010inst1_path_411	SAMEA5613800	0.6	1.0
3003010inst1_path_411	SAMEA5613709	0.6	1.0
3003010inst1_path_411	SAMEA5613868	0.6	1.0
3003010inst1_path_411	SAMEA5613884	0.6	1.0
3003010inst1_path_411	SAMEA5613888	0.6	1.0
3003010inst1_path_411	SAMEA5613793	0.6	1.0
3003010inst1_path_411	SAMEA5613796	0.6	1.0
3003010inst1_path_411	SAMEA5613834	0.8	1.0
3003010inst1_path_411	SAMEA5613861	0.6	1.0
3003010inst1_path_411	SAMEA5613887	0.6	1.0
3003010inst1_path_411	SAMEA5613882	0.6	1.0
3003010inst1_path_411	SAMEA5613849	0.6	1.0
3003010inst1_path_411	SAMEA5613897	0.6	1.0
3003010inst1_path_411	SAMEA5613813	0.6	1.0
3003010inst1_path_411	SAMEA5613828	0.8	1.0
3003010inst1_path_411	SAMEA5613860	0.6	1.0
3003010inst1_path_411	SAMEA5613814	0.6	1.0
3003010inst1_path_411	SAMEA5613801	0.6	1.0
3003010inst1_path_411	SAMEA5613845	0.6	1.0
3003010inst1_path_411	SAMEA5613838	0.8	1.0
3003010inst1_path_411	SAMEA5613806	0.6	0.999
3003010inst1_path_411	SAMEA5613792	0.6	1.0
3003010inst1_path_411	SAMEA5613836	0.8	1.0
3003010inst1_path_411	SAMEA5613706	0.6	1.0
3003010inst1_path_411	SAMEA5613839	0.8	1.0
3003010inst1_path_411	SAMEA5613703	0.6	1.0
3003010inst1_path_411	SAMEA5613817	0.6	1.0
3003010inst1_path_411	SAMEA5613848	0.6	1.0
3003010inst1_path_411	SAMEA5613894	0.6	1.0
3003010inst1_path_411	SAMEA5613896	0.6	1.0
3003010inst1_path_411	SAMEA5613782	0.8	1.0
3003010inst1_path_411	SAMEA5613809	0.6	1.0
3003010inst1_path_411	SAMEA5613824	0.8	1.0
3003010inst1_path_411	SAMEA5613704	0.6	1.0
3003010inst1_path_411	SAMEA5613699	0.6	1.0
3003010inst1_path_411	SAMEA5613812	0.6	1.0
3003010inst1_path_411	SAMEA5613708	0.6	1.0
3003010inst1_path_411	SAMEA5613873	0.6	1.0
3003010inst1_path_411	SAMEA5613908	0.6	1.0
3003010inst1_path_411	SAMEA5613874	0.6	1.0
3003010inst1_path_411	SAMEA5613770	0.6	0.998
3003010inst1_path_411	SAMEA5613795	0.6	1.0
3003010inst1_path_411	SAMEA5613823	0.8	1.0
3003010inst1_path_411	SAMEA5613850	0.6	1.0
3003010inst1_path_411	SAMEA5613820	0.8	1.0
3003010inst1_path_411	SAMEA5613807	0.8	1.0
3003010inst1_path_411	SAMEA5613821	0.8	1.0
3003010inst1_path_411	SAMEA5613902	0.6	1.0
3003010inst1_path_411	SAMEA5613803	0.6	1.0
3003010inst1_path_411	SAMEA5613903	0.6	1.0
3003010inst1_path_411	SAMEA5613844	0.8	0.999
3003010inst1_path_411	SAMEA5613810	0.6	1.0
3003010inst1_path_411	SAMEA5613818	0.6	1.0
3003010inst1_path_411	SAMEA5613784	0.6	1.0
3003010inst1_path_411	SAMEA5613840	0.8	1.0
3003010inst1_path_411	SAMEA5613904	0.6	0.998
3003010inst1_path_411	SAMEA5613815	0.6	1.0
3003010inst1_path_411	SAMEA5613774	0.6	1.0
3003010inst1_path_411	SAMEA5613853	0.6	1.0
3003010inst1_path_411	SAMEA5613852	0.8	0.998
3003010inst1_path_411	SAMEA5613870	0.6	1.0
3003010inst1_path_411	SAMEA5613701	0.6	1.0
3003010inst1_path_411	SAMEA5613841	0.8	1.0
3003010inst1_path_411	SAMEA5613826	0.8	1.0
3003010inst1_path_411	SAMEA5613862	0.6	1.0
3003010inst1_path_411	SAMEA5613697	0.6	1.0
3003010inst1_path_411	SAMEA5613773	0.6	1.0
3003010inst1_path_411	SAMEA5613876	0.6	1.0
3003010inst1_path_411	SAMEA5613822	0.8	1.0
3003010inst1_path_411	SAMEA5613833	0.8	1.0
3003010inst1_path_411	SAMEA5613832	0.8	1.0
3003010inst1_path_411	SAMEA5613816	0.6	1.0
3003010inst1_path_411	SAMEA5613827	0.8	1.0
3003010inst1_path_411	SAMEA5613883	0.6	0.997
3003010inst1_path_411	SAMEA5613802	0.6	1.0
3003010inst1_path_411	SAMEA5613776	0.6	0.999
3003010inst1_path_411	SAMEA5613851	0.8	0.999
3003010inst1_path_411	SAMEA5613847	0.6	1.0
3003010inst1_path_411	SAMEA5613880	0.6	1.0
3003010inst1_path_411	SAMEA5613895	0.6	1.0
3003010inst1_path_411	SAMEA5613858	0.6	1.0
3003010inst1_path_411	SAMEA5613837	0.8	1.0
3003010inst1_path_411	SAMEA5613797	0.6	1.0
3003010inst1_path_411	SAMEA5613846	0.8	1.0
3003010inst1_path_411	SAMEA5613775	0.6	1.0
3003010inst1_path_411	SAMEA5613829	0.8	1.0
3003010inst1_path_411	SAMEA5613707	0.6	1.0
3003010inst1_path_411	SAMEA5613905	0.6	0.999
3003010inst1_path_411	SAMEA5613779	0.6	0.997
3003010inst1_path_411	SAMEA5613855	0.6	1.0
3003010inst1_path_411	SAMEA5613831	0.8	1.0
3003010inst1_path_411	SAMEA5613843	0.8	0.999
3003010inst1_path_411	SAMEA5613867	0.6	1.0
3003010inst1_path_411	SAMEA5613700	0.6	1.0
3003010inst1_path_415	SAMEA5613830	0.75	0.999
3003010inst1_path_415	SAMEA5613835	0.75	0.999
3003010inst1_path_415	SAMEA5613825	0.75	0.998
3003010inst1_path_415	SAMEA5613783	0.75	0.998
3003010inst1_path_415	SAMEA5613834	0.75	0.999
3003010inst1_path_415	SAMEA5613828	0.75	0.999
3003010inst1_path_415	SAMEA5613838	0.75	0.999
3003010inst1_path_415	SAMEA5613806	0.75	0.999
3003010inst1_path_415	SAMEA5613836	0.75	0.999
3003010inst1_path_415	SAMEA5613839	0.75	0.999
3003010inst1_path_415	SAMEA5613782	0.75	0.999
3003010inst1_path_415	SAMEA5613824	0.75	0.998
3003010inst1_path_415	SAMEA5613823	0.75	0.999
3003010inst1_path_415	SAMEA5613820	0.75	0.999
3003010inst1_path_415	SAMEA5613807	0.75	0.999
3003010inst1_path_415	SAMEA5613821	0.75	0.999
3003010inst1_path_415	SAMEA5613844	0.75	0.995
3003010inst1_path_415	SAMEA5613840	0.75	0.999
3003010inst1_path_415	SAMEA5613852	0.75	0.991
3003010inst1_path_415	SAMEA5613841	0.75	0.998
3003010inst1_path_415	SAMEA5613826	0.75	0.998
3003010inst1_path_415	SAMEA5613822	0.75	0.999
3003010inst1_path_415	SAMEA5613833	0.75	0.999
3003010inst1_path_415	SAMEA5613832	0.75	0.999
3003010inst1_path_415	SAMEA5613827	0.75	0.998
3003010inst1_path_415	SAMEA5613776	0.75	0.999
3003010inst1_path_415	SAMEA5613851	0.75	0.995
3003010inst1_path_415	SAMEA5613837	0.75	0.999
3003010inst1_path_415	SAMEA5613846	0.75	0.998
3003010inst1_path_415	SAMEA5613829	0.75	0.999
3003010inst1_path_415	SAMEA5613779	0.75	0.997
3003010inst1_path_415	SAMEA5613831	0.75	0.999
3003010inst1_path_415	SAMEA5613843	0.75	0.995
3003010inst1_path_612	SAMEA5613830	0.75	1.0
3003010inst1_path_612	SAMEA5613835	0.75	1.0
3003010inst1_path_612	SAMEA5613825	0.75	1.0
3003010inst1_path_612	SAMEA5613783	0.75	0.999
3003010inst1_path_612	SAMEA5613834	0.75	1.0
3003010inst1_path_612	SAMEA5613828	0.75	1.0
3003010inst1_path_612	SAMEA5613781	0.75	1.0
3003010inst1_path_612	SAMEA5613838	0.75	1.0
3003010inst1_path_612	SAMEA5613806	0.75	1.0
3003010inst1_path_612	SAMEA5613836	0.75	1.0
3003010inst1_path_612	SAMEA5613839	0.75	1.0
3003010inst1_path_612	SAMEA5613782	0.75	1.0
3003010inst1_path_612	SAMEA5613824	0.75	1.0
3003010inst1_path_612	SAMEA5613823	0.75	1.0
3003010inst1_path_612	SAMEA5613820	0.75	1.0
3003010inst1_path_612	SAMEA5613807	0.75	1.0
3003010inst1_path_612	SAMEA5613821	0.75	1.0
3003010inst1_path_612	SAMEA5613844	0.75	0.997
3003010inst1_path_612	SAMEA5613840	0.75	1.0
3003010inst1_path_612	SAMEA5613774	0.75	1.0
3003010inst1_path_612	SAMEA5613852	0.75	0.994
3003010inst1_path_612	SAMEA5613841	0.75	0.999
3003010inst1_path_612	SAMEA5613826	0.75	1.0
3003010inst1_path_612	SAMEA5613822	0.75	1.0
3003010inst1_path_612	SAMEA5613833	0.75	1.0
3003010inst1_path_612	SAMEA5613832	0.75	1.0
3003010inst1_path_612	SAMEA5613827	0.75	1.0
3003010inst1_path_612	SAMEA5613776	0.75	1.0
3003010inst1_path_612	SAMEA5613851	0.75	0.997
3003010inst1_path_612	SAMEA5613837	0.75	1.0
3003010inst1_path_612	SAMEA5613846	0.75	0.999
3003010inst1_path_612	SAMEA5613829	0.75	1.0
3003010inst1_path_612	SAMEA5613779	0.75	0.999
3003010inst1_path_612	SAMEA5613831	0.75	1.0
3003010inst1_path_612	SAMEA5613843	0.75	0.997
3003033inst1_gene_seq	SAMEA5613897	1.0	1.0
3003037inst1_path_1	SAMEA5613822	0.8	0.968
3003037inst1_path_219_trimmed	SAMEA5613828	0.846	0.999
3003048inst1_path_63	SAMEA5613889	0.765	1.0
3003049inst1_path_57_trimmed	SAMEA5613889	0.945	1.0
3003049inst1_path_57_trimmed	SAMEA5613887	0.509	0.955
3003052inst1_gene_seq	SAMEA5613848	1.0	0.999
3003055inst1_path_105_trimmed	SAMEA5613905	0.783	0.999
3003056inst1_path_103_trimmed	SAMEA5613904	0.806	1.0
3003057inst1_path_49	SAMEA5613905	0.927	1.0
3003059inst1_gene_seq	SAMEA5613715	0.963	1.0
3003063inst1_gene_seq	SAMEA5613715	0.989	1.0
3003064inst1_gene_seq	SAMEA5613715	0.989	1.0
3003066inst1_gene_seq	SAMEA5613889	1.0	0.982
3003066inst1_gene_seq	SAMEA5613794	0.6	0.996
3003066inst1_gene_seq	SAMEA5613800	0.6	0.996
3003066inst1_gene_seq	SAMEA5613888	1.0	1.0
3003066inst1_gene_seq	SAMEA5613793	0.6	0.997
3003066inst1_gene_seq	SAMEA5613796	0.6	0.996
3003066inst1_gene_seq	SAMEA5613887	1.0	1.0
3003066inst1_gene_seq	SAMEA5613882	0.8	0.997
3003066inst1_gene_seq	SAMEA5613801	0.6	0.996
3003066inst1_gene_seq	SAMEA5613886	0.8	1.0
3003066inst1_gene_seq	SAMEA5613792	0.6	0.997
3003066inst1_gene_seq	SAMEA5613706	0.6	1.0
3003066inst1_gene_seq	SAMEA5613873	0.8	0.996
3003066inst1_gene_seq	SAMEA5613871	0.8	0.995
3003066inst1_gene_seq	SAMEA5613881	0.8	0.999
3003066inst1_gene_seq	SAMEA5613777	0.6	0.989
3003066inst1_gene_seq	SAMEA5613807	0.6	0.996
3003066inst1_gene_seq	SAMEA5613803	0.6	0.996
3003066inst1_gene_seq	SAMEA5613878	0.8	0.994
3003066inst1_gene_seq	SAMEA5613872	0.8	0.999
3003066inst1_gene_seq	SAMEA5613883	0.8	0.997
3003066inst1_gene_seq	SAMEA5613802	0.6	0.997
3003066inst1_gene_seq	SAMEA5613880	0.8	0.995
3003066inst1_gene_seq	SAMEA5613797	0.6	0.997
3003093inst1_path_1	SAMEA5613865	1.0	1.0
3003187inst1_gene_seq	SAMEA5613887	1.0	1.0
3003188inst1_path_14_trimmed	SAMEA5613888	0.5	0.988
3003188inst1_path_14_trimmed	SAMEA5613887	0.596	1.0
3003324inst1_path_32	SAMEA5613715	1.0	1.0
3003551inst1_gene_seq	SAMEA5613732	1.0	0.998
3003556inst1_gene_seq	SAMEA5613869	1.0	1.0
3003558inst1_path_191	SAMEA5613889	1.0	1.0
3003576inst1_gene_seq	SAMEA5613889	0.583	0.982
3003576inst1_gene_seq	SAMEA5613865	0.583	0.961
3003576inst1_gene_seq	SAMEA5613884	0.583	1.0
3003576inst1_gene_seq	SAMEA5613888	0.667	0.984
3003576inst1_gene_seq	SAMEA5613887	0.667	0.974
3003576inst1_gene_seq	SAMEA5613882	0.667	0.978
3003576inst1_gene_seq	SAMEA5613875	0.667	0.939
3003576inst1_gene_seq	SAMEA5613886	0.667	0.99
3003576inst1_gene_seq	SAMEA5613900	0.5	0.974
3003576inst1_gene_seq	SAMEA5613885	0.583	1.0
3003576inst1_gene_seq	SAMEA5613873	0.667	0.969
3003576inst1_gene_seq	SAMEA5613899	0.5	1.0
3003576inst1_gene_seq	SAMEA5613871	0.667	0.97
3003576inst1_gene_seq	SAMEA5613881	0.5	0.984
3003576inst1_gene_seq	SAMEA5613874	1.0	0.997
3003576inst1_gene_seq	SAMEA5613877	0.583	1.0
3003576inst1_gene_seq	SAMEA5613878	0.667	0.891
3003576inst1_gene_seq	SAMEA5613870	0.5	0.816
3003576inst1_gene_seq	SAMEA5613872	0.667	0.976
3003576inst1_gene_seq	SAMEA5613876	0.667	1.0
3003576inst1_gene_seq	SAMEA5613883	0.667	0.837
3003576inst1_gene_seq	SAMEA5613901	0.583	1.0
3003576inst1_gene_seq	SAMEA5613880	0.667	0.935
3003576inst1_gene_seq	SAMEA5613895	0.5	0.989
3003576inst1_gene_seq	SAMEA5613869	0.5	0.992
3003577inst1_path_355_trimmed	SAMEA5613884	0.667	0.994
3003577inst1_path_355_trimmed	SAMEA5613883	1.0	1.0
3003578inst1_gene_seq	SAMEA5613871	0.741	0.997
3003578inst1_gene_seq	SAMEA5613876	0.815	1.0
3003583inst1_gene_seq	SAMEA5613897	1.0	0.999
3003599inst1_gene_seq	SAMEA5613843	0.857	1.0
3003600inst1_gene_seq	SAMEA5613843	0.906	1.0
3003614inst1_path_100	SAMEA5613835	0.5	1.0
3003614inst1_path_100	SAMEA5613828	1.0	1.0
3003614inst1_path_100	SAMEA5613838	1.0	1.0
3003614inst1_path_100	SAMEA5613836	0.833	1.0
3003614inst1_path_100	SAMEA5613823	0.5	1.0
3003614inst1_path_100	SAMEA5613820	0.5	1.0
3003614inst1_path_100	SAMEA5613821	0.5	1.0
3003614inst1_path_100	SAMEA5613822	0.5	1.0
3003614inst1_path_100	SAMEA5613832	0.667	0.984
3003614inst1_path_100	SAMEA5613837	1.0	1.0
3003614inst1_path_100	SAMEA5613829	1.0	0.991
3003614inst1_path_100	SAMEA5613831	0.833	1.0
3003614inst1_path_1	SAMEA5613825	0.75	1.0
3003614inst1_path_1	SAMEA5613828	1.0	0.917
3003614inst1_path_1	SAMEA5613838	1.0	0.913
3003614inst1_path_1	SAMEA5613836	0.75	1.0
3003614inst1_path_1	SAMEA5613824	0.75	1.0
3003614inst1_path_1	SAMEA5613826	0.75	1.0
3003614inst1_path_1	SAMEA5613827	0.75	1.0
3003614inst1_path_1	SAMEA5613837	1.0	0.913
3003614inst1_path_1	SAMEA5613829	1.0	0.964
3003614inst1_path_1	SAMEA5613831	0.75	1.0
3003614inst1_path_470	SAMEA5613825	0.6	1.0
3003614inst1_path_470	SAMEA5613828	1.0	0.922
3003614inst1_path_470	SAMEA5613838	1.0	0.92
3003614inst1_path_470	SAMEA5613836	0.8	1.0
3003614inst1_path_470	SAMEA5613824	0.6	1.0
3003614inst1_path_470	SAMEA5613826	0.6	1.0
3003614inst1_path_470	SAMEA5613827	0.6	1.0
3003614inst1_path_470	SAMEA5613837	1.0	0.92
3003614inst1_path_470	SAMEA5613829	1.0	0.958
3003614inst1_path_470	SAMEA5613831	0.8	1.0
3003679inst1_gene_seq	SAMEA5613791	0.5	0.989
3003679inst1_gene_seq	SAMEA5613897	1.0	0.994
3003679inst1_gene_seq	SAMEA5613806	0.5	0.99
3003679inst1_gene_seq	SAMEA5613782	0.5	0.989
3003679inst1_gene_seq	SAMEA5613899	0.5	0.99
3003679inst1_gene_seq	SAMEA5613898	0.5	0.99
3003679inst1_gene_seq	SAMEA5613785	0.5	0.991
3003679inst1_gene_seq	SAMEA5613775	0.5	0.99
3003679inst1_gene_seq	SAMEA5613788	0.5	0.989
3003679inst1_gene_seq	SAMEA5613779	0.5	0.99
3003680inst1_gene_seq	SAMEA5613791	0.5	0.989
3003680inst1_gene_seq	SAMEA5613897	1.0	0.994
3003680inst1_gene_seq	SAMEA5613806	0.5	0.99
3003680inst1_gene_seq	SAMEA5613782	0.5	0.989
3003680inst1_gene_seq	SAMEA5613899	0.5	0.99
3003680inst1_gene_seq	SAMEA5613898	0.5	0.99
3003680inst1_gene_seq	SAMEA5613785	0.5	0.991
3003680inst1_gene_seq	SAMEA5613775	0.5	0.99
3003680inst1_gene_seq	SAMEA5613788	0.5	0.989
3003680inst1_gene_seq	SAMEA5613779	0.5	0.99
3003682inst1_gene_seq	SAMEA5613897	1.0	0.989
3003698inst1_gene_seq	SAMEA5613897	0.75	0.997
3003699inst1_gene_seq	SAMEA5613897	0.75	0.997
3003704inst1_gene_seq	SAMEA5613825	0.75	0.989
3003704inst1_gene_seq	SAMEA5613800	0.75	0.989
3003704inst1_gene_seq	SAMEA5613796	0.75	0.989
3003704inst1_gene_seq	SAMEA5613849	0.75	1.0
3003704inst1_gene_seq	SAMEA5613897	0.75	1.0
3003704inst1_gene_seq	SAMEA5613828	0.75	0.989
3003704inst1_gene_seq	SAMEA5613838	0.75	0.989
3003704inst1_gene_seq	SAMEA5613792	0.75	0.991
3003704inst1_gene_seq	SAMEA5613824	0.75	0.989
3003704inst1_gene_seq	SAMEA5613823	0.75	0.989
3003704inst1_gene_seq	SAMEA5613850	0.75	1.0
3003704inst1_gene_seq	SAMEA5613820	0.75	0.989
3003704inst1_gene_seq	SAMEA5613807	0.75	0.993
3003704inst1_gene_seq	SAMEA5613821	0.75	0.989
3003704inst1_gene_seq	SAMEA5613803	0.75	1.0
3003704inst1_gene_seq	SAMEA5613903	0.75	1.0
3003704inst1_gene_seq	SAMEA5613815	0.75	1.0
3003704inst1_gene_seq	SAMEA5613774	0.75	1.0
3003704inst1_gene_seq	SAMEA5613852	0.75	1.0
3003704inst1_gene_seq	SAMEA5613826	0.75	0.989
3003704inst1_gene_seq	SAMEA5613822	0.75	0.989
3003704inst1_gene_seq	SAMEA5613827	0.75	0.989
3003704inst1_gene_seq	SAMEA5613802	0.75	0.989
3003704inst1_gene_seq	SAMEA5613851	0.75	1.0
3003704inst1_gene_seq	SAMEA5613880	0.75	1.0
3003704inst1_gene_seq	SAMEA5613837	0.75	0.989
3003704inst1_gene_seq	SAMEA5613829	0.75	0.989
3003705inst1_gene_seq	SAMEA5613825	0.75	0.989
3003705inst1_gene_seq	SAMEA5613800	0.75	0.989
3003705inst1_gene_seq	SAMEA5613796	0.75	0.989
3003705inst1_gene_seq	SAMEA5613849	0.75	1.0
3003705inst1_gene_seq	SAMEA5613897	0.75	1.0
3003705inst1_gene_seq	SAMEA5613828	0.75	0.989
3003705inst1_gene_seq	SAMEA5613838	0.75	0.989
3003705inst1_gene_seq	SAMEA5613792	0.75	0.991
3003705inst1_gene_seq	SAMEA5613824	0.75	0.989
3003705inst1_gene_seq	SAMEA5613823	0.75	0.989
3003705inst1_gene_seq	SAMEA5613850	0.75	1.0
3003705inst1_gene_seq	SAMEA5613820	0.75	0.989
3003705inst1_gene_seq	SAMEA5613807	0.75	0.993
3003705inst1_gene_seq	SAMEA5613821	0.75	0.989
3003705inst1_gene_seq	SAMEA5613803	0.75	1.0
3003705inst1_gene_seq	SAMEA5613903	0.75	1.0
3003705inst1_gene_seq	SAMEA5613815	0.75	1.0
3003705inst1_gene_seq	SAMEA5613774	0.75	1.0
3003705inst1_gene_seq	SAMEA5613852	0.75	1.0
3003705inst1_gene_seq	SAMEA5613826	0.75	0.989
3003705inst1_gene_seq	SAMEA5613822	0.75	0.989
3003705inst1_gene_seq	SAMEA5613827	0.75	0.989
3003705inst1_gene_seq	SAMEA5613802	0.75	0.989
3003705inst1_gene_seq	SAMEA5613851	0.75	1.0
3003705inst1_gene_seq	SAMEA5613880	0.75	1.0
3003705inst1_gene_seq	SAMEA5613837	0.75	0.989
3003705inst1_gene_seq	SAMEA5613829	0.75	0.989
3003717inst1_gene_seq	SAMEA5613705	1.0	1.0
3003718inst1_path_1	SAMEA5613852	0.963	1.0
3003719inst1_path_1	SAMEA5613852	0.963	1.0
3003730inst1_gene_seq	SAMEA5613713	0.636	0.999
3003730inst1_gene_seq	SAMEA5613799	0.545	1.0
3003730inst1_gene_seq	SAMEA5613753	0.727	0.999
3003730inst1_gene_seq	SAMEA5613800	0.455	1.0
3003730inst1_gene_seq	SAMEA5613798	0.545	1.0
3003730inst1_gene_seq	SAMEA5613684	0.909	1.0
3003730inst1_gene_seq	SAMEA5613694	0.636	1.0
3003730inst1_gene_seq	SAMEA5613890	0.545	1.0
3003730inst1_gene_seq	SAMEA5613712	0.636	1.0
3003730inst1_gene_seq	SAMEA5613731	0.636	0.999
3003730inst1_gene_seq	SAMEA5613885	0.545	0.998
3003730inst1_gene_seq	SAMEA5613696	0.636	0.999
3003730inst1_gene_seq	SAMEA5613815	0.636	1.0
3003730inst1_gene_seq	SAMEA5613876	0.545	1.0
3003730inst1_gene_seq	SAMEA5613785	0.545	0.971
3003730inst1_gene_seq	SAMEA5613755	0.455	0.999
3003730inst1_gene_seq	SAMEA5613733	0.636	0.999
3003730inst1_gene_seq	SAMEA5613685	0.636	1.0
3003744inst1_path_191	SAMEA5613889	1.0	1.0
3003748inst1_path_1	SAMEA5613694	1.0	0.999
3003748inst1_path_1	SAMEA5613696	0.5	0.998
3003748inst1_path_1	SAMEA5613689	0.5	0.998
3003748inst1_path_1	SAMEA5613682	0.5	0.998
3003748inst1_path_1	SAMEA5613691	0.5	0.998
3003748inst1_path_1	SAMEA5613695	0.5	0.999
3003770inst1_gene_seq	SAMEA5613718	0.966	1.0
3003841inst1_gene_seq	SAMEA5613889	0.6	0.984
3003841inst1_gene_seq	SAMEA5613857	0.5	1.0
3003841inst1_gene_seq	SAMEA5613692	0.5	1.0
3003841inst1_gene_seq	SAMEA5613687	0.5	1.0
3003841inst1_gene_seq	SAMEA5613799	0.5	1.0
3003841inst1_gene_seq	SAMEA5613830	0.5	1.0
3003841inst1_gene_seq	SAMEA5613865	0.5	1.0
3003841inst1_gene_seq	SAMEA5613794	0.5	1.0
3003841inst1_gene_seq	SAMEA5613835	0.5	1.0
3003841inst1_gene_seq	SAMEA5613854	0.5	0.962
3003841inst1_gene_seq	SAMEA5613825	0.5	1.0
3003841inst1_gene_seq	SAMEA5613819	0.5	1.0
3003841inst1_gene_seq	SAMEA5613783	0.5	1.0
3003841inst1_gene_seq	SAMEA5613688	0.5	1.0
3003841inst1_gene_seq	SAMEA5613780	0.5	1.0
3003841inst1_gene_seq	SAMEA5613888	0.6	0.968
3003841inst1_gene_seq	SAMEA5613793	0.5	1.0
3003841inst1_gene_seq	SAMEA5613798	0.5	1.0
3003841inst1_gene_seq	SAMEA5613834	0.5	1.0
3003841inst1_gene_seq	SAMEA5613887	0.6	0.967
3003841inst1_gene_seq	SAMEA5613879	0.5	1.0
3003841inst1_gene_seq	SAMEA5613882	0.5	1.0
3003841inst1_gene_seq	SAMEA5613849	0.5	0.996
3003841inst1_gene_seq	SAMEA5613897	0.5	1.0
3003841inst1_gene_seq	SAMEA5613813	0.5	0.924
3003841inst1_gene_seq	SAMEA5613875	0.5	1.0
3003841inst1_gene_seq	SAMEA5613828	0.5	0.958
3003841inst1_gene_seq	SAMEA5613814	0.5	1.0
3003841inst1_gene_seq	SAMEA5613756	0.5	1.0
3003841inst1_gene_seq	SAMEA5613778	0.5	1.0
3003841inst1_gene_seq	SAMEA5613781	0.5	1.0
3003841inst1_gene_seq	SAMEA5613886	0.6	0.962
3003841inst1_gene_seq	SAMEA5613838	0.5	0.958
3003841inst1_gene_seq	SAMEA5613806	0.5	1.0
3003841inst1_gene_seq	SAMEA5613836	0.5	1.0
3003841inst1_gene_seq	SAMEA5613686	0.5	1.0
3003841inst1_gene_seq	SAMEA5613839	0.5	0.999
3003841inst1_gene_seq	SAMEA5613894	0.5	1.0
3003841inst1_gene_seq	SAMEA5613782	0.5	1.0
3003841inst1_gene_seq	SAMEA5613809	0.5	1.0
3003841inst1_gene_seq	SAMEA5613824	0.5	1.0
3003841inst1_gene_seq	SAMEA5613699	0.4	1.0
3003841inst1_gene_seq	SAMEA5613758	0.5	1.0
3003841inst1_gene_seq	SAMEA5613812	0.5	1.0
3003841inst1_gene_seq	SAMEA5613885	0.6	0.952
3003841inst1_gene_seq	SAMEA5613761	0.5	1.0
3003841inst1_gene_seq	SAMEA5613873	0.8	0.999
3003841inst1_gene_seq	SAMEA5613871	0.6	0.938
3003841inst1_gene_seq	SAMEA5613881	0.5	1.0
3003841inst1_gene_seq	SAMEA5613696	0.5	0.989
3003841inst1_gene_seq	SAMEA5613874	0.6	1.0
3003841inst1_gene_seq	SAMEA5613770	0.5	0.999
3003841inst1_gene_seq	SAMEA5613795	0.5	0.993
3003841inst1_gene_seq	SAMEA5613823	0.5	1.0
3003841inst1_gene_seq	SAMEA5613877	0.6	0.952
3003841inst1_gene_seq	SAMEA5613777	0.5	1.0
3003841inst1_gene_seq	SAMEA5613850	0.5	0.993
3003841inst1_gene_seq	SAMEA5613820	0.5	1.0
3003841inst1_gene_seq	SAMEA5613807	0.5	1.0
3003841inst1_gene_seq	SAMEA5613821	0.5	1.0
3003841inst1_gene_seq	SAMEA5613903	0.5	0.998
3003841inst1_gene_seq	SAMEA5613844	0.5	1.0
3003841inst1_gene_seq	SAMEA5613718	0.5	1.0
3003841inst1_gene_seq	SAMEA5613810	0.5	1.0
3003841inst1_gene_seq	SAMEA5613840	0.5	1.0
3003841inst1_gene_seq	SAMEA5613904	0.5	1.0
3003841inst1_gene_seq	SAMEA5613906	0.5	1.0
3003841inst1_gene_seq	SAMEA5613698	0.5	1.0
3003841inst1_gene_seq	SAMEA5613870	0.5	1.0
3003841inst1_gene_seq	SAMEA5613872	0.8	0.999
3003841inst1_gene_seq	SAMEA5613732	0.5	1.0
3003841inst1_gene_seq	SAMEA5613730	0.5	1.0
3003841inst1_gene_seq	SAMEA5613841	0.5	1.0
3003841inst1_gene_seq	SAMEA5613826	0.5	1.0
3003841inst1_gene_seq	SAMEA5613682	0.5	1.0
3003841inst1_gene_seq	SAMEA5613876	1.0	1.0
3003841inst1_gene_seq	SAMEA5613822	0.5	1.0
3003841inst1_gene_seq	SAMEA5613833	0.5	1.0
3003841inst1_gene_seq	SAMEA5613832	0.5	1.0
3003841inst1_gene_seq	SAMEA5613827	0.5	1.0
3003841inst1_gene_seq	SAMEA5613883	0.6	0.952
3003841inst1_gene_seq	SAMEA5613691	0.5	1.0
3003841inst1_gene_seq	SAMEA5613776	0.5	1.0
3003841inst1_gene_seq	SAMEA5613723	0.5	1.0
3003841inst1_gene_seq	SAMEA5613847	0.5	0.996
3003841inst1_gene_seq	SAMEA5613880	0.5	1.0
3003841inst1_gene_seq	SAMEA5613858	0.5	0.999
3003841inst1_gene_seq	SAMEA5613837	0.5	0.958
3003841inst1_gene_seq	SAMEA5613846	0.5	0.926
3003841inst1_gene_seq	SAMEA5613829	0.5	0.959
3003841inst1_gene_seq	SAMEA5613905	0.5	1.0
3003841inst1_gene_seq	SAMEA5613788	0.5	1.0
3003841inst1_gene_seq	SAMEA5613779	0.5	1.0
3003841inst1_gene_seq	SAMEA5613764	0.5	1.0
3003841inst1_gene_seq	SAMEA5613831	0.5	1.0
3003841inst1_gene_seq	SAMEA5613843	0.5	1.0
3003843inst1_gene_seq	SAMEA5613889	0.556	0.988
3003843inst1_gene_seq	SAMEA5613888	0.556	0.976
3003843inst1_gene_seq	SAMEA5613887	0.556	0.986
3003843inst1_gene_seq	SAMEA5613886	0.556	0.977
3003843inst1_gene_seq	SAMEA5613873	0.556	1.0
3003843inst1_gene_seq	SAMEA5613871	0.556	1.0
3003843inst1_gene_seq	SAMEA5613881	0.556	0.977
3003843inst1_gene_seq	SAMEA5613874	0.667	1.0
3003843inst1_gene_seq	SAMEA5613872	0.556	1.0
3003843inst1_gene_seq	SAMEA5613876	0.556	1.0
3003922inst1_gene_seq	SAMEA5613874	0.927	1.0
3003923inst1_gene_seq	SAMEA5613874	0.927	1.0
3003948inst1_gene_seq	SAMEA5613730	0.985	1.0
3003949inst1_gene_seq	SAMEA5613730	0.985	1.0
3003950inst1_gene_seq	SAMEA5613889	0.909	0.996
3003950inst1_gene_seq	SAMEA5613884	0.727	0.979
3003950inst1_gene_seq	SAMEA5613888	0.909	0.984
3003950inst1_gene_seq	SAMEA5613887	1.0	0.991
3003950inst1_gene_seq	SAMEA5613879	0.818	0.984
3003950inst1_gene_seq	SAMEA5613882	0.727	0.991
3003950inst1_gene_seq	SAMEA5613875	0.818	0.985
3003950inst1_gene_seq	SAMEA5613886	1.0	0.997
3003950inst1_gene_seq	SAMEA5613900	0.636	0.991
3003950inst1_gene_seq	SAMEA5613885	0.727	0.971
3003950inst1_gene_seq	SAMEA5613873	1.0	0.999
3003950inst1_gene_seq	SAMEA5613871	1.0	0.999
3003950inst1_gene_seq	SAMEA5613881	0.818	0.991
3003950inst1_gene_seq	SAMEA5613874	1.0	0.999
3003950inst1_gene_seq	SAMEA5613877	0.727	0.976
3003950inst1_gene_seq	SAMEA5613878	1.0	0.999
3003950inst1_gene_seq	SAMEA5613872	1.0	0.997
3003950inst1_gene_seq	SAMEA5613876	1.0	0.999
3003950inst1_gene_seq	SAMEA5613883	0.727	0.971
3003950inst1_gene_seq	SAMEA5613880	0.909	0.994
3003952inst1_gene_seq	SAMEA5613873	0.9	1.0
3003952inst1_gene_seq	SAMEA5613871	1.0	1.0
3003952inst1_gene_seq	SAMEA5613874	0.9	1.0
3003952inst1_gene_seq	SAMEA5613872	0.6	0.989
3003952inst1_gene_seq	SAMEA5613876	0.7	0.923
3003953inst1_gene_seq	SAMEA5613893	0.977	1.0
3003964inst1_gene_seq	SAMEA5613864	1.0	1.0
3003980inst1_gene_seq	SAMEA5613694	0.75	1.0
3003980inst1_gene_seq	SAMEA5613696	0.75	1.0
3003980inst1_gene_seq	SAMEA5613689	0.75	1.0
3003980inst1_gene_seq	SAMEA5613682	1.0	1.0
3003980inst1_gene_seq	SAMEA5613691	1.0	1.0
3003980inst1_gene_seq	SAMEA5613695	0.75	1.0
3003992inst1_path_17	SAMEA5613719	0.897	1.0
3003992inst2_gene_seq	SAMEA5613715	0.9	1.0
3004038inst1_gene_seq	SAMEA5613897	1.0	0.997
3004041inst1_gene_seq	SAMEA5613889	0.857	1.0
3004041inst1_gene_seq	SAMEA5613884	1.0	0.992
3004041inst1_gene_seq	SAMEA5613888	0.857	0.95
3004041inst1_gene_seq	SAMEA5613887	0.857	0.945
3004041inst1_gene_seq	SAMEA5613879	0.571	0.919
3004041inst1_gene_seq	SAMEA5613882	0.857	0.914
3004041inst1_gene_seq	SAMEA5613875	0.571	0.923
3004041inst1_gene_seq	SAMEA5613886	1.0	1.0
3004041inst1_gene_seq	SAMEA5613885	0.857	0.917
3004041inst1_gene_seq	SAMEA5613873	0.857	1.0
3004041inst1_gene_seq	SAMEA5613871	1.0	1.0
3004041inst1_gene_seq	SAMEA5613881	0.857	0.997
3004041inst1_gene_seq	SAMEA5613874	1.0	0.998
3004041inst1_gene_seq	SAMEA5613877	0.857	0.918
3004041inst1_gene_seq	SAMEA5613878	0.857	0.92
3004041inst1_gene_seq	SAMEA5613872	1.0	1.0
3004041inst1_gene_seq	SAMEA5613876	1.0	0.998
3004041inst1_gene_seq	SAMEA5613883	1.0	0.993
3004041inst1_gene_seq	SAMEA5613880	0.714	0.928
3004054inst1_gene_seq	SAMEA5613897	1.0	1.0
3004063inst1_gene_seq	SAMEA5613719	1.0	1.0
3004072inst1_path_16_trimmed	SAMEA5613889	0.833	1.0
3004072inst1_path_16_trimmed	SAMEA5613805	0.5	1.0
3004072inst1_path_16_trimmed	SAMEA5613857	0.667	1.0
3004072inst1_path_16_trimmed	SAMEA5613799	0.5	1.0
3004072inst1_path_16_trimmed	SAMEA5613830	0.5	1.0
3004072inst1_path_16_trimmed	SAMEA5613794	0.5	1.0
3004072inst1_path_16_trimmed	SAMEA5613835	0.833	0.996
3004072inst1_path_16_trimmed	SAMEA5613825	0.833	0.97
3004072inst1_path_16_trimmed	SAMEA5613819	0.5	1.0
3004072inst1_path_16_trimmed	SAMEA5613783	0.5	0.998
3004072inst1_path_16_trimmed	SAMEA5613800	0.5	1.0
3004072inst1_path_16_trimmed	SAMEA5613884	0.5	1.0
3004072inst1_path_16_trimmed	SAMEA5613888	0.833	1.0
3004072inst1_path_16_trimmed	SAMEA5613793	0.5	1.0
3004072inst1_path_16_trimmed	SAMEA5613796	0.5	1.0
3004072inst1_path_16_trimmed	SAMEA5613798	0.5	1.0
3004072inst1_path_16_trimmed	SAMEA5613834	0.833	0.969
3004072inst1_path_16_trimmed	SAMEA5613887	0.833	1.0
3004072inst1_path_16_trimmed	SAMEA5613879	0.5	1.0
3004072inst1_path_16_trimmed	SAMEA5613882	0.833	1.0
3004072inst1_path_16_trimmed	SAMEA5613849	1.0	0.981
3004072inst1_path_16_trimmed	SAMEA5613813	0.5	1.0
3004072inst1_path_16_trimmed	SAMEA5613875	0.5	1.0
3004072inst1_path_16_trimmed	SAMEA5613828	0.5	1.0
3004072inst1_path_16_trimmed	SAMEA5613814	0.5	1.0
3004072inst1_path_16_trimmed	SAMEA5613778	0.5	1.0
3004072inst1_path_16_trimmed	SAMEA5613811	0.5	1.0
3004072inst1_path_16_trimmed	SAMEA5613801	0.5	1.0
3004072inst1_path_16_trimmed	SAMEA5613886	0.5	1.0
3004072inst1_path_16_trimmed	SAMEA5613838	0.833	0.956
3004072inst1_path_16_trimmed	SAMEA5613806	0.667	1.0
3004072inst1_path_16_trimmed	SAMEA5613792	0.5	1.0
3004072inst1_path_16_trimmed	SAMEA5613769	0.5	0.998
3004072inst1_path_16_trimmed	SAMEA5613836	0.833	0.996
3004072inst1_path_16_trimmed	SAMEA5613789	0.667	0.972
3004072inst1_path_16_trimmed	SAMEA5613839	0.833	0.97
3004072inst1_path_16_trimmed	SAMEA5613817	0.5	1.0
3004072inst1_path_16_trimmed	SAMEA5613894	0.667	0.991
3004072inst1_path_16_trimmed	SAMEA5613782	0.833	0.996
3004072inst1_path_16_trimmed	SAMEA5613809	0.667	0.99
3004072inst1_path_16_trimmed	SAMEA5613824	0.833	0.964
3004072inst1_path_16_trimmed	SAMEA5613812	0.833	1.0
3004072inst1_path_16_trimmed	SAMEA5613885	0.833	1.0
3004072inst1_path_16_trimmed	SAMEA5613771	0.5	0.989
3004072inst1_path_16_trimmed	SAMEA5613873	0.833	1.0
3004072inst1_path_16_trimmed	SAMEA5613871	0.833	1.0
3004072inst1_path_16_trimmed	SAMEA5613881	0.833	1.0
3004072inst1_path_16_trimmed	SAMEA5613874	0.833	1.0
3004072inst1_path_16_trimmed	SAMEA5613770	0.5	1.0
3004072inst1_path_16_trimmed	SAMEA5613795	0.5	1.0
3004072inst1_path_16_trimmed	SAMEA5613804	0.5	1.0
3004072inst1_path_16_trimmed	SAMEA5613823	0.833	0.942
3004072inst1_path_16_trimmed	SAMEA5613877	0.833	0.996
3004072inst1_path_16_trimmed	SAMEA5613866	0.5	1.0
3004072inst1_path_16_trimmed	SAMEA5613777	0.5	1.0
3004072inst1_path_16_trimmed	SAMEA5613850	1.0	0.971
3004072inst1_path_16_trimmed	SAMEA5613820	0.833	0.942
3004072inst1_path_16_trimmed	SAMEA5613807	0.833	1.0
3004072inst1_path_16_trimmed	SAMEA5613821	0.833	0.942
3004072inst1_path_16_trimmed	SAMEA5613902	0.5	1.0
3004072inst1_path_16_trimmed	SAMEA5613803	0.5	1.0
3004072inst1_path_16_trimmed	SAMEA5613878	0.833	1.0
3004072inst1_path_16_trimmed	SAMEA5613903	0.5	1.0
3004072inst1_path_16_trimmed	SAMEA5613810	0.833	0.995
3004072inst1_path_16_trimmed	SAMEA5613818	0.5	1.0
3004072inst1_path_16_trimmed	SAMEA5613840	0.833	0.97
3004072inst1_path_16_trimmed	SAMEA5613815	0.833	1.0
3004072inst1_path_16_trimmed	SAMEA5613906	0.667	0.998
3004072inst1_path_16_trimmed	SAMEA5613853	0.833	1.0
3004072inst1_path_16_trimmed	SAMEA5613852	1.0	0.999
3004072inst1_path_16_trimmed	SAMEA5613870	0.833	0.995
3004072inst1_path_16_trimmed	SAMEA5613872	0.833	1.0
3004072inst1_path_16_trimmed	SAMEA5613841	0.833	0.999
3004072inst1_path_16_trimmed	SAMEA5613826	0.833	0.97
3004072inst1_path_16_trimmed	SAMEA5613876	0.833	1.0
3004072inst1_path_16_trimmed	SAMEA5613822	0.833	0.942
3004072inst1_path_16_trimmed	SAMEA5613833	0.833	0.957
3004072inst1_path_16_trimmed	SAMEA5613832	0.833	0.996
3004072inst1_path_16_trimmed	SAMEA5613816	0.5	1.0
3004072inst1_path_16_trimmed	SAMEA5613827	0.833	0.969
3004072inst1_path_16_trimmed	SAMEA5613883	0.833	0.996
3004072inst1_path_16_trimmed	SAMEA5613802	0.5	1.0
3004072inst1_path_16_trimmed	SAMEA5613851	0.833	0.992
3004072inst1_path_16_trimmed	SAMEA5613880	0.833	1.0
3004072inst1_path_16_trimmed	SAMEA5613837	0.833	0.956
3004072inst1_path_16_trimmed	SAMEA5613797	0.5	1.0
3004072inst1_path_16_trimmed	SAMEA5613846	0.833	0.979
3004072inst1_path_16_trimmed	SAMEA5613829	0.5	1.0
3004072inst1_path_16_trimmed	SAMEA5613905	0.833	0.99
3004072inst1_path_16_trimmed	SAMEA5613831	0.833	0.996
3004072inst1_path_16_trimmed	SAMEA5613843	0.833	0.967
3004089inst1_gene_seq	SAMEA5613894	1.0	1.0
3004107inst1_gene_seq	SAMEA5613897	1.0	1.0
3004122inst1_gene_seq	SAMEA5613874	0.786	1.0
3004123inst2_path_100	SAMEA5613829	0.595	1.0
3004123inst2_path_1	SAMEA5613829	0.75	1.0
3004123inst2_path_209	SAMEA5613829	0.778	1.0
3004123inst2_path_273	SAMEA5613829	0.714	0.712
3004123inst2_path_33	SAMEA5613829	0.75	1.0
3004142inst1_path_1	SAMEA5613814	0.625	1.0
3004142inst1_path_1	SAMEA5613812	1.0	1.0
3004143inst1_path_1	SAMEA5613814	0.625	1.0
3004143inst1_path_1	SAMEA5613812	1.0	1.0
3004144inst1_path_1	SAMEA5613814	0.625	1.0
3004144inst1_path_1	SAMEA5613812	1.0	1.0
3004357inst1_gene_seq	SAMEA5613719	1.0	1.0
3004379inst1_path_84_trimmed	SAMEA5613819	0.561	1.0
3004451inst1_path_1	SAMEA5613806	1.0	0.999
3004451inst2_path_1_trimmed	SAMEA5613781	0.923	0.999
3004460inst1_gene_seq	SAMEA5613755	0.788	1.0
3004476inst1_path_106_trimmed	SAMEA5613715	0.948	1.0
3004480inst1_gene_seq	SAMEA5613684	0.909	1.0
3004517inst1_gene_seq	SAMEA5613865	1.0	1.0
3004541inst1_gene_seq	SAMEA5613715	0.992	1.0
3004544inst1_gene_seq	SAMEA5613719	0.727	1.0
3004573inst1_gene_seq	SAMEA5613894	0.963	1.0
3004573inst1_gene_seq	SAMEA5613827	0.481	0.836
3004574inst1_gene_seq	SAMEA5613780	0.556	0.999
3004574inst1_gene_seq	SAMEA5613894	1.0	1.0
3004574inst1_gene_seq	SAMEA5613843	0.556	0.999
3004574inst1_gene_seq	SAMEA5613867	0.556	1.0
3004577inst1_gene_seq	SAMEA5613894	1.0	1.0
3004580inst1_gene_seq	SAMEA5613874	0.833	1.0
3004583inst1_gene_seq	SAMEA5613874	0.833	1.0
3004588inst1_gene_seq	SAMEA5613874	0.927	1.0
3004637inst1_gene_seq	SAMEA5613887	1.0	1.0
3004651inst1_gene_seq	SAMEA5613718	1.0	1.0
3004656inst1_path_127_trimmed	SAMEA5613881	0.755	1.0
3004674inst1_path_52_trimmed	SAMEA5613726	0.875	0.999
3004674inst1_path_73	SAMEA5613726	0.684	1.0
3004780inst1_gene_seq	SAMEA5613857	0.8	1.0
3005040inst1_gene_seq	SAMEA5613889	0.625	0.984
3005040inst1_gene_seq	SAMEA5613892	0.625	1.0
3005040inst1_gene_seq	SAMEA5613830	0.625	0.999
3005040inst1_gene_seq	SAMEA5613865	0.625	1.0
3005040inst1_gene_seq	SAMEA5613715	0.5	0.933
3005040inst1_gene_seq	SAMEA5613721	0.5	0.94
3005040inst1_gene_seq	SAMEA5613835	0.625	0.999
3005040inst1_gene_seq	SAMEA5613825	0.625	0.999
3005040inst1_gene_seq	SAMEA5613819	0.625	1.0
3005040inst1_gene_seq	SAMEA5613907	0.5	1.0
3005040inst1_gene_seq	SAMEA5613884	0.625	1.0
3005040inst1_gene_seq	SAMEA5613888	0.625	0.985
3005040inst1_gene_seq	SAMEA5613834	0.625	0.999
3005040inst1_gene_seq	SAMEA5613887	0.625	1.0
3005040inst1_gene_seq	SAMEA5613879	0.625	0.973
3005040inst1_gene_seq	SAMEA5613882	0.625	0.983
3005040inst1_gene_seq	SAMEA5613849	0.625	1.0
3005040inst1_gene_seq	SAMEA5613897	0.875	1.0
3005040inst1_gene_seq	SAMEA5613813	0.625	1.0
3005040inst1_gene_seq	SAMEA5613875	0.625	0.907
3005040inst1_gene_seq	SAMEA5613828	0.625	0.999
3005040inst1_gene_seq	SAMEA5613814	0.625	1.0
3005040inst1_gene_seq	SAMEA5613756	0.625	0.984
3005040inst1_gene_seq	SAMEA5613891	0.625	1.0
3005040inst1_gene_seq	SAMEA5613890	0.625	1.0
3005040inst1_gene_seq	SAMEA5613886	0.625	0.999
3005040inst1_gene_seq	SAMEA5613838	0.625	1.0
3005040inst1_gene_seq	SAMEA5613900	0.625	0.999
3005040inst1_gene_seq	SAMEA5613836	0.625	0.999
3005040inst1_gene_seq	SAMEA5613839	0.625	0.999
3005040inst1_gene_seq	SAMEA5613817	0.625	1.0
3005040inst1_gene_seq	SAMEA5613894	0.625	0.938
3005040inst1_gene_seq	SAMEA5613720	0.625	0.962
3005040inst1_gene_seq	SAMEA5613824	0.625	0.999
3005040inst1_gene_seq	SAMEA5613726	0.5	0.998
3005040inst1_gene_seq	SAMEA5613719	0.625	0.957
3005040inst1_gene_seq	SAMEA5613812	0.625	1.0
3005040inst1_gene_seq	SAMEA5613885	0.625	1.0
3005040inst1_gene_seq	SAMEA5613761	0.625	0.973
3005040inst1_gene_seq	SAMEA5613873	0.625	1.0
3005040inst1_gene_seq	SAMEA5613899	0.625	0.999
3005040inst1_gene_seq	SAMEA5613871	0.625	1.0
3005040inst1_gene_seq	SAMEA5613881	0.625	1.0
3005040inst1_gene_seq	SAMEA5613874	0.625	1.0
3005040inst1_gene_seq	SAMEA5613716	0.5	0.943
3005040inst1_gene_seq	SAMEA5613823	0.625	1.0
3005040inst1_gene_seq	SAMEA5613877	0.5	1.0
3005040inst1_gene_seq	SAMEA5613866	0.625	1.0
3005040inst1_gene_seq	SAMEA5613850	0.625	1.0
3005040inst1_gene_seq	SAMEA5613820	0.625	1.0
3005040inst1_gene_seq	SAMEA5613821	0.625	1.0
3005040inst1_gene_seq	SAMEA5613727	0.5	0.998
3005040inst1_gene_seq	SAMEA5613902	0.5	0.999
3005040inst1_gene_seq	SAMEA5613878	0.625	1.0
3005040inst1_gene_seq	SAMEA5613903	0.625	0.999
3005040inst1_gene_seq	SAMEA5613718	0.5	0.993
3005040inst1_gene_seq	SAMEA5613818	0.625	1.0
3005040inst1_gene_seq	SAMEA5613840	0.625	0.999
3005040inst1_gene_seq	SAMEA5613722	0.5	0.945
3005040inst1_gene_seq	SAMEA5613904	0.625	1.0
3005040inst1_gene_seq	SAMEA5613815	0.625	1.0
3005040inst1_gene_seq	SAMEA5613906	0.625	0.997
3005040inst1_gene_seq	SAMEA5613898	0.625	1.0
3005040inst1_gene_seq	SAMEA5613853	0.625	1.0
3005040inst1_gene_seq	SAMEA5613852	0.625	1.0
3005040inst1_gene_seq	SAMEA5613870	0.625	1.0
3005040inst1_gene_seq	SAMEA5613872	0.625	1.0
3005040inst1_gene_seq	SAMEA5613841	0.625	1.0
3005040inst1_gene_seq	SAMEA5613826	0.625	0.999
3005040inst1_gene_seq	SAMEA5613717	0.5	0.946
3005040inst1_gene_seq	SAMEA5613765	0.625	0.998
3005040inst1_gene_seq	SAMEA5613724	0.5	0.995
3005040inst1_gene_seq	SAMEA5613876	0.625	0.999
3005040inst1_gene_seq	SAMEA5613822	0.625	1.0
3005040inst1_gene_seq	SAMEA5613833	0.625	0.999
3005040inst1_gene_seq	SAMEA5613832	0.625	0.999
3005040inst1_gene_seq	SAMEA5613816	0.625	1.0
3005040inst1_gene_seq	SAMEA5613827	0.625	0.999
3005040inst1_gene_seq	SAMEA5613883	0.625	1.0
3005040inst1_gene_seq	SAMEA5613714	0.5	0.934
3005040inst1_gene_seq	SAMEA5613723	0.5	0.939
3005040inst1_gene_seq	SAMEA5613851	0.625	0.984
3005040inst1_gene_seq	SAMEA5613901	0.625	0.999
3005040inst1_gene_seq	SAMEA5613880	0.625	1.0
3005040inst1_gene_seq	SAMEA5613837	0.625	1.0
3005040inst1_gene_seq	SAMEA5613869	0.625	1.0
3005040inst1_gene_seq	SAMEA5613829	0.625	0.999
3005040inst1_gene_seq	SAMEA5613842	0.625	1.0
3005040inst1_gene_seq	SAMEA5613725	0.5	0.997
3005040inst1_gene_seq	SAMEA5613893	0.625	0.99
3005040inst1_gene_seq	SAMEA5613905	0.625	0.999
3005040inst1_gene_seq	SAMEA5613764	0.5	0.998
3005040inst1_gene_seq	SAMEA5613831	0.625	0.999
3005040inst1_gene_seq	SAMEA5613843	0.625	1.0
3005040inst1_gene_seq	SAMEA5613867	0.625	1.0
3005043inst1_gene_seq	SAMEA5613793	0.852	0.989
3005044inst1_gene_seq	SAMEA5613889	1.0	0.997
3005044inst1_gene_seq	SAMEA5613884	0.8	0.996
3005044inst1_gene_seq	SAMEA5613888	1.0	0.998
3005044inst1_gene_seq	SAMEA5613887	1.0	0.998
3005044inst1_gene_seq	SAMEA5613879	0.7	0.987
3005044inst1_gene_seq	SAMEA5613882	1.0	1.0
3005044inst1_gene_seq	SAMEA5613875	0.8	1.0
3005044inst1_gene_seq	SAMEA5613886	1.0	0.998
3005044inst1_gene_seq	SAMEA5613885	1.0	0.998
3005044inst1_gene_seq	SAMEA5613873	1.0	0.998
3005044inst1_gene_seq	SAMEA5613871	1.0	0.998
3005044inst1_gene_seq	SAMEA5613881	0.9	1.0
3005044inst1_gene_seq	SAMEA5613874	1.0	1.0
3005044inst1_gene_seq	SAMEA5613877	1.0	0.998
3005044inst1_gene_seq	SAMEA5613878	1.0	0.998
3005044inst1_gene_seq	SAMEA5613872	1.0	1.0
3005044inst1_gene_seq	SAMEA5613876	1.0	0.998
3005044inst1_gene_seq	SAMEA5613883	0.8	0.996
3005044inst1_gene_seq	SAMEA5613880	1.0	0.998
3005047inst1_gene_seq	SAMEA5613874	1.0	0.998
3005049inst1_gene_seq	SAMEA5613874	0.993	1.0
3005051inst1_gene_seq	SAMEA5613894	1.0	0.999
3005052inst1_gene_seq	SAMEA5613893	1.0	1.0
3005053inst1_gene_seq	SAMEA5613874	0.871	1.0
3005059inst1_gene_seq	SAMEA5613889	0.5	0.931
3005059inst1_gene_seq	SAMEA5613884	1.0	0.924
3005059inst1_gene_seq	SAMEA5613888	0.5	0.93
3005059inst1_gene_seq	SAMEA5613887	0.5	0.934
3005059inst1_gene_seq	SAMEA5613879	0.5	0.928
3005059inst1_gene_seq	SAMEA5613882	0.5	0.935
3005059inst1_gene_seq	SAMEA5613875	0.5	0.928
3005059inst1_gene_seq	SAMEA5613886	1.0	0.922
3005059inst1_gene_seq	SAMEA5613900	0.5	0.972
3005059inst1_gene_seq	SAMEA5613885	1.0	0.922
3005059inst1_gene_seq	SAMEA5613873	0.5	0.928
3005059inst1_gene_seq	SAMEA5613871	0.5	0.937
3005059inst1_gene_seq	SAMEA5613881	0.5	0.94
3005059inst1_gene_seq	SAMEA5613874	1.0	1.0
3005059inst1_gene_seq	SAMEA5613877	1.0	0.922
3005059inst1_gene_seq	SAMEA5613866	0.5	0.999
3005059inst1_gene_seq	SAMEA5613878	0.5	0.93
3005059inst1_gene_seq	SAMEA5613898	0.5	0.955
3005059inst1_gene_seq	SAMEA5613870	0.5	0.991
3005059inst1_gene_seq	SAMEA5613872	1.0	0.924
3005059inst1_gene_seq	SAMEA5613876	0.5	0.932
3005059inst1_gene_seq	SAMEA5613883	1.0	0.925
3005059inst1_gene_seq	SAMEA5613880	0.5	0.93
3005063inst1_path_1	SAMEA5613825	0.571	0.998
3005063inst1_path_1	SAMEA5613897	0.857	1.0
3005063inst1_path_1	SAMEA5613866	0.571	1.0
3005063inst1_path_1	SAMEA5613898	0.571	1.0
3005063inst1_path_1	SAMEA5613852	0.571	0.998
3005063inst1_path_1	SAMEA5613870	0.571	1.0
3005063inst1_path_1	SAMEA5613847	0.571	0.998
3005063inst1_path_1	SAMEA5613869	0.571	1.0
3005064inst1_path_1	SAMEA5613825	0.571	0.998
3005064inst1_path_1	SAMEA5613897	0.857	1.0
3005064inst1_path_1	SAMEA5613866	0.571	1.0
3005064inst1_path_1	SAMEA5613898	0.571	1.0
3005064inst1_path_1	SAMEA5613852	0.571	0.998
3005064inst1_path_1	SAMEA5613870	0.571	1.0
3005064inst1_path_1	SAMEA5613847	0.571	0.998
3005064inst1_path_1	SAMEA5613869	0.571	1.0
3005091inst1_gene_seq	SAMEA5613705	0.861	1.0
3005096inst1_gene_seq	SAMEA5613781	1.0	1.0
3005097inst1_gene_seq	SAMEA5613727	1.0	1.0
3005129inst1_gene_seq	SAMEA5613897	1.0	0.992
3005198inst1_gene_seq	SAMEA5613889	0.6	0.976
3005198inst1_gene_seq	SAMEA5613888	0.5	0.935
3005198inst1_gene_seq	SAMEA5613887	0.5	0.935
3005198inst1_gene_seq	SAMEA5613886	0.6	0.969
3005198inst1_gene_seq	SAMEA5613885	0.5	0.977
3005198inst1_gene_seq	SAMEA5613873	1.0	1.0
3005198inst1_gene_seq	SAMEA5613871	1.0	1.0
3005198inst1_gene_seq	SAMEA5613874	0.7	0.97
3005198inst1_gene_seq	SAMEA5613877	0.5	0.975
3005198inst1_gene_seq	SAMEA5613872	0.8	0.949
3005198inst1_gene_seq	SAMEA5613876	0.7	0.946
3005323inst1_gene_seq	SAMEA5613846	1.0	1.0
3005722inst1_path_127	SAMEA5613825	0.5	1.0
3005722inst1_path_127	SAMEA5613828	0.833	0.925
3005722inst1_path_127	SAMEA5613838	0.833	0.923
3005722inst1_path_127	SAMEA5613836	0.667	1.0
3005722inst1_path_127	SAMEA5613824	0.5	1.0
3005722inst1_path_127	SAMEA5613826	0.5	1.0
3005722inst1_path_127	SAMEA5613827	0.5	1.0
3005722inst1_path_127	SAMEA5613837	0.833	0.923
3005722inst1_path_127	SAMEA5613829	0.833	0.96
3005722inst1_path_127	SAMEA5613831	0.667	1.0
3005722inst1_path_253	SAMEA5613865	0.5	1.0
3005722inst1_path_253	SAMEA5613819	0.5	1.0
3005722inst1_path_253	SAMEA5613828	1.0	1.0
3005722inst1_path_253	SAMEA5613838	1.0	0.999
3005722inst1_path_253	SAMEA5613836	0.5	1.0
3005722inst1_path_253	SAMEA5613823	0.833	0.999
3005722inst1_path_253	SAMEA5613820	0.833	0.999
3005722inst1_path_253	SAMEA5613821	0.833	0.999
3005722inst1_path_253	SAMEA5613853	0.667	1.0
3005722inst1_path_253	SAMEA5613822	0.833	0.999
3005722inst1_path_253	SAMEA5613837	1.0	0.999
3005722inst1_path_253	SAMEA5613829	1.0	0.984
3005722inst1_path_253	SAMEA5613831	0.5	1.0
3005743inst1_path_100	SAMEA5613828	0.75	0.991
3005743inst1_path_100	SAMEA5613838	0.75	0.99
3005743inst1_path_100	SAMEA5613836	0.75	0.935
3005743inst1_path_100	SAMEA5613832	0.625	0.941
3005743inst1_path_100	SAMEA5613837	0.75	0.99
3005743inst1_path_100	SAMEA5613829	1.0	1.0
3005743inst1_path_100	SAMEA5613831	0.75	0.935
3005743inst1_path_1	SAMEA5613825	0.5	1.0
3005743inst1_path_1	SAMEA5613824	0.5	1.0
3005743inst1_path_1	SAMEA5613826	0.5	1.0
3005743inst1_path_1	SAMEA5613827	0.5	1.0
3005743inst1_path_1	SAMEA5613829	1.0	0.923
3005743inst1_path_217	SAMEA5613825	0.5	1.0
3005743inst1_path_217	SAMEA5613824	0.5	1.0
3005743inst1_path_217	SAMEA5613826	0.5	1.0
3005743inst1_path_217	SAMEA5613827	0.5	1.0
3005743inst1_path_217	SAMEA5613829	1.0	0.923
3005743inst1_path_469	SAMEA5613828	0.714	0.884
3005743inst1_path_469	SAMEA5613838	0.714	0.881
3005743inst1_path_469	SAMEA5613836	0.714	0.886
3005743inst1_path_469	SAMEA5613832	0.571	0.907
3005743inst1_path_469	SAMEA5613837	0.714	0.881
3005743inst1_path_469	SAMEA5613829	1.0	0.936
3005743inst1_path_469	SAMEA5613831	0.714	0.886
3005990inst1_path_100	SAMEA5613828	0.75	0.991
3005990inst1_path_100	SAMEA5613838	0.75	0.99
3005990inst1_path_100	SAMEA5613836	0.75	0.935
3005990inst1_path_100	SAMEA5613832	0.625	0.941
3005990inst1_path_100	SAMEA5613837	0.75	0.99
3005990inst1_path_100	SAMEA5613829	1.0	1.0
3005990inst1_path_100	SAMEA5613831	0.75	0.935
3005990inst1_path_1	SAMEA5613825	0.5	1.0
3005990inst1_path_1	SAMEA5613824	0.5	1.0
3005990inst1_path_1	SAMEA5613826	0.5	1.0
3005990inst1_path_1	SAMEA5613827	0.5	1.0
3005990inst1_path_1	SAMEA5613829	1.0	0.923
3005990inst1_path_217	SAMEA5613825	0.5	1.0
3005990inst1_path_217	SAMEA5613824	0.5	1.0
3005990inst1_path_217	SAMEA5613826	0.5	1.0
3005990inst1_path_217	SAMEA5613827	0.5	1.0
3005990inst1_path_217	SAMEA5613829	1.0	0.923
3005990inst1_path_469	SAMEA5613828	0.714	0.884
3005990inst1_path_469	SAMEA5613838	0.714	0.881
3005990inst1_path_469	SAMEA5613836	0.714	0.886
3005990inst1_path_469	SAMEA5613832	0.571	0.907
3005990inst1_path_469	SAMEA5613837	0.714	0.881
3005990inst1_path_469	SAMEA5613829	1.0	0.936
3005990inst1_path_469	SAMEA5613831	0.714	0.886
3006092inst1_gene_seq	SAMEA5613897	0.667	1.0
3006103inst1_gene_seq	SAMEA5613865	0.941	1.0
3006111inst1_gene_seq	SAMEA5613836	1.0	1.0
3006111inst1_gene_seq	SAMEA5613831	1.0	1.0
3006332inst1_gene_seq	SAMEA5613894	1.0	1.0
3006464inst1_gene_seq	SAMEA5613865	0.938	1.0
3006464inst1_gene_seq	SAMEA5613888	0.5	0.979
3006464inst1_gene_seq	SAMEA5613887	0.5	0.998
3006464inst1_gene_seq	SAMEA5613886	0.5	0.999
3006464inst1_gene_seq	SAMEA5613900	0.5	0.998
3006464inst1_gene_seq	SAMEA5613885	0.5	0.999
3006464inst1_gene_seq	SAMEA5613873	0.5	0.999
3006464inst1_gene_seq	SAMEA5613899	0.5	0.999
3006464inst1_gene_seq	SAMEA5613871	0.5	0.998
3006464inst1_gene_seq	SAMEA5613874	0.5	0.999
3006464inst1_gene_seq	SAMEA5613877	0.5	0.999
3006464inst1_gene_seq	SAMEA5613878	0.5	0.999
3006464inst1_gene_seq	SAMEA5613872	0.5	0.999
3006464inst1_gene_seq	SAMEA5613876	0.5	0.998
3006464inst1_gene_seq	SAMEA5613901	0.5	0.999
3006464inst1_gene_seq	SAMEA5613869	0.5	0.991
3006869inst1_gene_seq	SAMEA5613872	1.0	1.0
3006898inst1_gene_seq	SAMEA5613819	0.931	1.0
3006972inst1_gene_seq	SAMEA5613703	0.946	1.0
3006979inst1_path_11_trimmed	SAMEA5613886	0.5	1.0
3006979inst1_path_154	SAMEA5613886	0.82	0.999
3006979inst1_path_154	SAMEA5613871	0.5	0.998
3006979inst1_path_62	SAMEA5613886	0.635	1.0
3006984inst1_gene_seq	SAMEA5613888	0.727	1.0
3006999inst1_gene_seq	SAMEA5613888	0.588	0.96
3006999inst1_gene_seq	SAMEA5613887	0.971	1.0
3007003inst1_gene_seq	SAMEA5613901	0.989	1.0
3007013inst1_gene_seq	SAMEA5613726	0.618	0.999
3007013inst1_gene_seq	SAMEA5613724	0.971	1.0
3007013inst1_gene_seq	SAMEA5613725	1.0	1.0
3007013inst2_path_1	SAMEA5613726	1.0	0.998
3007013inst2_path_1	SAMEA5613727	1.0	0.943
3007013inst2_path_1	SAMEA5613724	1.0	1.0
3007013inst2_path_1	SAMEA5613725	1.0	0.999
3007026inst1_gene_seq	SAMEA5613726	0.6	0.998
3007026inst1_gene_seq	SAMEA5613727	0.8	1.0
3007026inst1_gene_seq	SAMEA5613724	0.6	0.993
3007026inst1_gene_seq	SAMEA5613725	0.6	0.996
3007180inst1_gene_seq	SAMEA5613686	0.835	1.0
3007208inst1_gene_seq	SAMEA5613691	0.9	1.0
3007374inst1_gene_seq	SAMEA5613903	0.889	1.0
3007374inst1_gene_seq	SAMEA5613904	0.556	0.959
3007494inst1_path_110	SAMEA5613830	0.667	0.944
3007494inst1_path_110	SAMEA5613835	0.667	0.944
3007494inst1_path_110	SAMEA5613825	0.833	0.99
3007494inst1_path_110	SAMEA5613834	0.667	0.944
3007494inst1_path_110	SAMEA5613813	0.5	0.992
3007494inst1_path_110	SAMEA5613828	1.0	0.995
3007494inst1_path_110	SAMEA5613838	1.0	0.994
3007494inst1_path_110	SAMEA5613836	0.667	0.944
3007494inst1_path_110	SAMEA5613839	0.667	0.937
3007494inst1_path_110	SAMEA5613824	0.833	0.99
3007494inst1_path_110	SAMEA5613823	1.0	0.995
3007494inst1_path_110	SAMEA5613820	1.0	0.995
3007494inst1_path_110	SAMEA5613821	1.0	0.995
3007494inst1_path_110	SAMEA5613840	0.667	0.937
3007494inst1_path_110	SAMEA5613826	0.833	0.99
3007494inst1_path_110	SAMEA5613822	1.0	0.995
3007494inst1_path_110	SAMEA5613833	0.667	0.944
3007494inst1_path_110	SAMEA5613832	0.667	0.944
3007494inst1_path_110	SAMEA5613827	0.833	0.989
3007494inst1_path_110	SAMEA5613837	1.0	0.994
3007494inst1_path_110	SAMEA5613829	1.0	0.995
3007494inst1_path_110	SAMEA5613831	0.667	0.944
3007494inst1_path_110	SAMEA5613843	0.5	1.0
3007494inst1_path_1	SAMEA5613825	0.8	0.998
3007494inst1_path_1	SAMEA5613828	1.0	0.999
3007494inst1_path_1	SAMEA5613838	1.0	0.998
3007494inst1_path_1	SAMEA5613824	0.8	0.998
3007494inst1_path_1	SAMEA5613823	1.0	0.999
3007494inst1_path_1	SAMEA5613820	1.0	0.999
3007494inst1_path_1	SAMEA5613821	1.0	0.999
3007494inst1_path_1	SAMEA5613826	0.8	0.998
3007494inst1_path_1	SAMEA5613822	1.0	0.999
3007494inst1_path_1	SAMEA5613827	0.8	0.998
3007494inst1_path_1	SAMEA5613837	1.0	0.996
3007494inst1_path_1	SAMEA5613829	1.0	0.999
3007494inst1_path_225_trimmed	SAMEA5613830	0.667	0.95
3007494inst1_path_225_trimmed	SAMEA5613835	0.667	0.95
3007494inst1_path_225_trimmed	SAMEA5613825	0.833	0.993
3007494inst1_path_225_trimmed	SAMEA5613834	0.667	0.95
3007494inst1_path_225_trimmed	SAMEA5613813	0.5	0.995
3007494inst1_path_225_trimmed	SAMEA5613828	1.0	0.997
3007494inst1_path_225_trimmed	SAMEA5613838	1.0	0.997
3007494inst1_path_225_trimmed	SAMEA5613836	0.667	0.95
3007494inst1_path_225_trimmed	SAMEA5613839	0.667	0.944
3007494inst1_path_225_trimmed	SAMEA5613824	0.833	0.993
3007494inst1_path_225_trimmed	SAMEA5613823	1.0	0.997
3007494inst1_path_225_trimmed	SAMEA5613820	1.0	0.997
3007494inst1_path_225_trimmed	SAMEA5613821	1.0	0.997
3007494inst1_path_225_trimmed	SAMEA5613840	0.667	0.944
3007494inst1_path_225_trimmed	SAMEA5613826	0.833	0.993
3007494inst1_path_225_trimmed	SAMEA5613822	1.0	0.997
3007494inst1_path_225_trimmed	SAMEA5613833	0.667	0.95
3007494inst1_path_225_trimmed	SAMEA5613832	0.667	0.95
3007494inst1_path_225_trimmed	SAMEA5613827	0.833	0.993
3007494inst1_path_225_trimmed	SAMEA5613837	1.0	0.996
3007494inst1_path_225_trimmed	SAMEA5613829	1.0	0.997
3007494inst1_path_225_trimmed	SAMEA5613831	0.667	0.95
3007494inst1_path_225_trimmed	SAMEA5613843	0.5	1.0
3007682inst1_gene_seq	SAMEA5613873	0.938	0.995
3007682inst1_gene_seq	SAMEA5613871	0.75	0.914
3007682inst1_gene_seq	SAMEA5613874	1.0	1.0
3007682inst1_gene_seq	SAMEA5613872	0.625	0.983
3007694inst1_gene_seq	SAMEA5613830	0.714	0.991
3007694inst1_gene_seq	SAMEA5613825	0.571	0.991
3007694inst1_gene_seq	SAMEA5613834	0.714	0.991
3007694inst1_gene_seq	SAMEA5613836	0.714	0.991
3007694inst1_gene_seq	SAMEA5613824	0.571	0.991
3007694inst1_gene_seq	SAMEA5613812	1.0	0.999
3007694inst1_gene_seq	SAMEA5613823	0.571	0.991
3007694inst1_gene_seq	SAMEA5613820	0.571	0.991
3007694inst1_gene_seq	SAMEA5613833	0.714	0.991
3007694inst1_gene_seq	SAMEA5613832	0.714	0.991
3007694inst1_gene_seq	SAMEA5613827	0.571	0.991
3007913inst1_gene_seq	SAMEA5613889	0.667	0.956
3007913inst1_gene_seq	SAMEA5613884	0.5	0.908
3007913inst1_gene_seq	SAMEA5613888	0.583	0.914
3007913inst1_gene_seq	SAMEA5613887	0.583	0.914
3007913inst1_gene_seq	SAMEA5613882	0.5	0.911
3007913inst1_gene_seq	SAMEA5613886	0.583	0.932
3007913inst1_gene_seq	SAMEA5613885	0.583	0.95
3007913inst1_gene_seq	SAMEA5613873	1.0	0.999
3007913inst1_gene_seq	SAMEA5613871	1.0	0.999
3007913inst1_gene_seq	SAMEA5613874	0.75	0.96
3007913inst1_gene_seq	SAMEA5613877	0.583	0.954
3007913inst1_gene_seq	SAMEA5613872	0.75	0.962
3007913inst1_gene_seq	SAMEA5613876	0.75	0.964
3007913inst1_gene_seq	SAMEA5613883	0.5	0.939
3008082inst1_path_2	SAMEA5613814	0.95	1.0
3008391inst1_path_1	SAMEA5613781	0.75	1.0
3008992inst1_path_161	SAMEA5613830	0.667	0.992
3008992inst1_path_161	SAMEA5613835	1.0	0.991
3008992inst1_path_161	SAMEA5613825	1.0	0.971
3008992inst1_path_161	SAMEA5613834	1.0	0.992
3008992inst1_path_161	SAMEA5613828	1.0	0.968
3008992inst1_path_161	SAMEA5613838	1.0	0.973
3008992inst1_path_161	SAMEA5613836	1.0	0.997
3008992inst1_path_161	SAMEA5613839	1.0	0.982
3008992inst1_path_161	SAMEA5613824	1.0	0.971
3008992inst1_path_161	SAMEA5613823	1.0	0.971
3008992inst1_path_161	SAMEA5613820	1.0	0.971
3008992inst1_path_161	SAMEA5613821	1.0	0.971
3008992inst1_path_161	SAMEA5613840	1.0	0.982
3008992inst1_path_161	SAMEA5613826	1.0	0.972
3008992inst1_path_161	SAMEA5613822	1.0	0.971
3008992inst1_path_161	SAMEA5613833	1.0	0.992
3008992inst1_path_161	SAMEA5613832	1.0	0.997
3008992inst1_path_161	SAMEA5613827	1.0	0.971
3008992inst1_path_161	SAMEA5613837	1.0	0.973
3008992inst1_path_161	SAMEA5613829	1.0	0.966
3008992inst1_path_161	SAMEA5613831	1.0	0.994
3008994inst1_path_166_trimmed	SAMEA5613830	0.667	0.991
3008994inst1_path_166_trimmed	SAMEA5613835	1.0	0.991
3008994inst1_path_166_trimmed	SAMEA5613825	1.0	0.971
3008994inst1_path_166_trimmed	SAMEA5613834	1.0	0.991
3008994inst1_path_166_trimmed	SAMEA5613828	1.0	0.967
3008994inst1_path_166_trimmed	SAMEA5613838	1.0	0.972
3008994inst1_path_166_trimmed	SAMEA5613836	1.0	0.997
3008994inst1_path_166_trimmed	SAMEA5613839	1.0	0.981
3008994inst1_path_166_trimmed	SAMEA5613824	1.0	0.971
3008994inst1_path_166_trimmed	SAMEA5613823	1.0	0.971
3008994inst1_path_166_trimmed	SAMEA5613820	1.0	0.971
3008994inst1_path_166_trimmed	SAMEA5613821	1.0	0.971
3008994inst1_path_166_trimmed	SAMEA5613840	1.0	0.981
3008994inst1_path_166_trimmed	SAMEA5613826	1.0	0.971
3008994inst1_path_166_trimmed	SAMEA5613822	1.0	0.971
3008994inst1_path_166_trimmed	SAMEA5613833	1.0	0.991
3008994inst1_path_166_trimmed	SAMEA5613832	1.0	0.996
3008994inst1_path_166_trimmed	SAMEA5613827	1.0	0.971
3008994inst1_path_166_trimmed	SAMEA5613837	1.0	0.972
3008994inst1_path_166_trimmed	SAMEA5613829	1.0	0.966
3008994inst1_path_166_trimmed	SAMEA5613831	1.0	0.994
3008998inst1_path_113_trimmed	SAMEA5613830	0.667	0.992
3008998inst1_path_113_trimmed	SAMEA5613835	1.0	0.991
3008998inst1_path_113_trimmed	SAMEA5613825	1.0	0.972
3008998inst1_path_113_trimmed	SAMEA5613834	1.0	0.992
3008998inst1_path_113_trimmed	SAMEA5613828	1.0	0.968
3008998inst1_path_113_trimmed	SAMEA5613838	1.0	0.973
3008998inst1_path_113_trimmed	SAMEA5613836	1.0	0.997
3008998inst1_path_113_trimmed	SAMEA5613839	1.0	0.982
3008998inst1_path_113_trimmed	SAMEA5613824	1.0	0.972
3008998inst1_path_113_trimmed	SAMEA5613823	1.0	0.972
3008998inst1_path_113_trimmed	SAMEA5613820	1.0	0.972
3008998inst1_path_113_trimmed	SAMEA5613821	1.0	0.972
3008998inst1_path_113_trimmed	SAMEA5613840	1.0	0.982
3008998inst1_path_113_trimmed	SAMEA5613826	1.0	0.972
3008998inst1_path_113_trimmed	SAMEA5613822	1.0	0.972
3008998inst1_path_113_trimmed	SAMEA5613833	1.0	0.992
3008998inst1_path_113_trimmed	SAMEA5613832	1.0	0.996
3008998inst1_path_113_trimmed	SAMEA5613827	1.0	0.972
3008998inst1_path_113_trimmed	SAMEA5613837	1.0	0.973
3008998inst1_path_113_trimmed	SAMEA5613829	1.0	0.966
3008998inst1_path_113_trimmed	SAMEA5613831	1.0	0.994
3009006inst1_path_113_trimmed	SAMEA5613830	0.667	0.992
3009006inst1_path_113_trimmed	SAMEA5613835	1.0	0.992
3009006inst1_path_113_trimmed	SAMEA5613825	1.0	0.972
3009006inst1_path_113_trimmed	SAMEA5613834	1.0	0.992
3009006inst1_path_113_trimmed	SAMEA5613828	1.0	0.969
3009006inst1_path_113_trimmed	SAMEA5613838	1.0	0.974
3009006inst1_path_113_trimmed	SAMEA5613836	1.0	0.997
3009006inst1_path_113_trimmed	SAMEA5613839	1.0	0.982
3009006inst1_path_113_trimmed	SAMEA5613824	1.0	0.972
3009006inst1_path_113_trimmed	SAMEA5613823	1.0	0.972
3009006inst1_path_113_trimmed	SAMEA5613820	1.0	0.972
3009006inst1_path_113_trimmed	SAMEA5613821	1.0	0.972
3009006inst1_path_113_trimmed	SAMEA5613840	1.0	0.983
3009006inst1_path_113_trimmed	SAMEA5613826	1.0	0.972
3009006inst1_path_113_trimmed	SAMEA5613822	1.0	0.972
3009006inst1_path_113_trimmed	SAMEA5613833	1.0	0.992
3009006inst1_path_113_trimmed	SAMEA5613832	1.0	0.996
3009006inst1_path_113_trimmed	SAMEA5613827	1.0	0.972
3009006inst1_path_113_trimmed	SAMEA5613837	1.0	0.974
3009006inst1_path_113_trimmed	SAMEA5613829	1.0	0.967
3009006inst1_path_113_trimmed	SAMEA5613831	1.0	0.994
3009023inst1_path_180_trimmed	SAMEA5613825	0.8	1.0
3009023inst1_path_180_trimmed	SAMEA5613828	0.8	0.998
3009023inst1_path_180_trimmed	SAMEA5613838	0.8	1.0
3009023inst1_path_180_trimmed	SAMEA5613824	0.8	1.0
3009023inst1_path_180_trimmed	SAMEA5613823	0.8	1.0
3009023inst1_path_180_trimmed	SAMEA5613820	0.8	1.0
3009023inst1_path_180_trimmed	SAMEA5613821	0.8	1.0
3009023inst1_path_180_trimmed	SAMEA5613826	0.8	1.0
3009023inst1_path_180_trimmed	SAMEA5613822	0.8	1.0
3009023inst1_path_180_trimmed	SAMEA5613827	0.8	1.0
3009023inst1_path_180_trimmed	SAMEA5613837	0.8	1.0
3009023inst1_path_180_trimmed	SAMEA5613829	0.8	1.0
3009023inst1_path_236	SAMEA5613835	0.571	0.983
3009023inst1_path_236	SAMEA5613825	1.0	0.995
3009023inst1_path_236	SAMEA5613828	1.0	0.993
3009023inst1_path_236	SAMEA5613838	1.0	0.994
3009023inst1_path_236	SAMEA5613836	0.571	0.984
3009023inst1_path_236	SAMEA5613839	0.714	0.989
3009023inst1_path_236	SAMEA5613824	1.0	0.995
3009023inst1_path_236	SAMEA5613823	1.0	0.995
3009023inst1_path_236	SAMEA5613820	1.0	0.995
3009023inst1_path_236	SAMEA5613821	1.0	0.995
3009023inst1_path_236	SAMEA5613840	0.714	0.988
3009023inst1_path_236	SAMEA5613826	1.0	0.995
3009023inst1_path_236	SAMEA5613822	1.0	0.995
3009023inst1_path_236	SAMEA5613832	0.571	0.983
3009023inst1_path_236	SAMEA5613827	1.0	0.995
3009023inst1_path_236	SAMEA5613837	1.0	0.994
3009023inst1_path_236	SAMEA5613829	1.0	0.995
3009034inst1_gene_seq	SAMEA5613841	1.0	1.0
3009041inst1_gene_seq	SAMEA5613780	1.0	0.999
3009041inst1_gene_seq	SAMEA5613781	0.714	0.989
3009041inst1_gene_seq	SAMEA5613774	0.571	0.968
3009041inst1_gene_seq	SAMEA5613775	0.714	0.981
3009041inst1_gene_seq	SAMEA5613779	0.571	0.989
