queried_path	ground_truth_match	proportion-query-genes-found	avg-syntenic-correlation
3000026inst1_gene_seq	GCF_032470315.1	0.958	1.0
3000124inst1_path_4	GCF_030220105.1	0.933	1.0
3000124inst1_path_4	GCF_032464605.1	0.5	0.992
3000165inst1_path_123	GCF_020911845.1	0.73	1.0
3000165inst1_path_123	GCF_020204845.1	0.703	0.998
3000174inst1_gene_seq	GCF_004193915.1	1.0	1.0
3000174inst1_gene_seq	GCF_001051995.2	1.0	0.999
3000174inst1_gene_seq	GCF_021249385.1	1.0	0.999
3000174inst1_gene_seq	GCF_030064165.1	1.0	0.999
3000190inst1_gene_seq	GCF_020736365.1	1.0	1.0
3000215inst1_path_4	GCF_030220105.1	0.933	1.0
3000215inst1_path_4	GCF_032464605.1	0.5	0.992
3000230inst1_path_2_trimmed	GCF_002934425.1	0.75	0.992
3000230inst1_path_2_trimmed	GCF_031844645.1	0.75	1.0
3000230inst1_path_2_trimmed	GCF_028752115.1	0.75	1.0
3000245inst2_path_2	GCF_008329645.1	0.667	0.995
3000245inst2_path_2	GCF_030408855.1	0.5	1.0
3000245inst2_path_2	GCF_014490055.1	0.667	0.911
3000245inst2_path_2	GCF_000023105.1	0.5	0.998
3000245inst2_path_2	GCF_009734405.1	0.667	0.997
3000245inst2_path_2	GCF_000371885.1	0.667	0.942
3000245inst2_path_2	GCF_019731555.1	0.5	1.0
3000245inst2_path_2	GCF_025821765.1	1.0	0.984
3000245inst2_path_2	GCF_025821345.1	0.667	0.996
3000245inst2_path_2	GCF_023168325.1	0.667	0.991
3000245inst2_path_2	GCF_001057055.1	0.5	0.998
3000245inst2_path_2	GCF_003111765.1	0.5	0.998
3000245inst2_path_2	GCF_027497375.1	0.5	0.99
3000245inst2_path_2	GCF_007559005.1	0.667	0.997
3000245inst2_path_2	GCF_025822105.1	0.667	0.997
3000245inst2_path_2	GCF_022374935.2	0.667	0.996
3000245inst2_path_2	GCF_002890695.1	0.667	0.931
3000245inst2_path_2	GCF_014203625.1	0.667	0.907
3000245inst2_path_2	GCF_023096355.1	0.5	1.0
3000245inst2_path_2	GCF_963378095.1	0.667	0.997
3000245inst2_path_2	GCF_012277275.1	0.5	0.991
3000245inst2_path_2	GCF_014883915.1	0.5	0.989
3000245inst2_path_2	GCF_030515855.1	0.5	1.0
3000245inst2_path_2	GCF_025821605.1	0.667	0.996
3000245inst2_path_2	GCF_030217125.1	0.5	1.0
3000245inst2_path_2	GCF_028609865.1	0.667	0.994
3000245inst2_path_2	GCF_025790165.1	0.5	1.0
3000245inst2_path_2	GCF_002848445.1	0.667	0.997
3000245inst2_path_2	GCF_949769255.1	0.5	1.0
3000245inst2_path_2	GCF_030503655.1	0.5	1.0
3000245inst2_path_2	GCF_001305675.1	0.667	0.996
3000245inst2_path_2	GCF_002156025.1	0.667	0.934
3000245inst2_path_2	GCF_000058485.1	0.5	0.999
3000245inst2_path_2	GCF_020181635.1	0.667	0.995
3000245inst2_path_2	GCF_001644575.1	0.667	0.997
3000245inst2_path_2	GCF_012530535.1	0.5	0.998
3000245inst2_path_2	GCF_025821405.1	0.833	0.936
3000245inst2_path_2	GCF_022374895.2	0.833	0.972
3000245inst2_path_2	GCF_029265775.1	0.5	1.0
3000245inst2_path_2	GCF_030518815.1	0.5	0.988
3000245inst2_path_2	GCF_014764405.1	0.5	0.988
3000245inst2_path_2	GCF_019739095.1	0.667	0.994
3000245inst2_path_2	GCF_025821785.1	0.833	0.971
3000245inst2_path_2	GCF_000024365.1	0.5	0.999
3000245inst2_path_2	GCF_009867075.1	0.5	0.989
3000245inst2_path_2	GCF_001643015.1	0.667	0.999
3000245inst2_path_2	GCF_016772255.1	0.667	0.912
3000245inst2_path_2	GCF_025821825.1	0.667	0.995
3000245inst2_path_2	GCF_019048465.1	0.5	1.0
3000245inst2_path_2	GCF_003813985.1	0.5	1.0
3000245inst2_path_2	GCF_001984215.1	0.667	0.998
3000245inst2_path_2	GCF_003860405.1	0.667	0.96
3000245inst2_path_2	GCF_029581235.1	0.5	0.99
3000245inst2_path_2	GCF_030516215.1	0.5	1.0
3000245inst2_path_2	GCF_023512095.1	0.5	1.0
3000245inst2_path_2	GCF_003333285.1	0.5	0.991
3000245inst2_path_2	GCF_010119915.1	0.5	0.999
3000245inst2_path_2	GCF_025821305.1	0.667	0.993
3000245inst2_path_2	GCF_009935825.1	0.5	0.999
3000245inst2_path_2	GCF_011393335.1	0.5	0.991
3000245inst2_path_2	GCF_024321955.1	0.667	0.925
3000245inst2_path_2	GCF_020447105.2	0.5	0.999
3000245inst2_path_2	GCF_017569225.1	0.5	1.0
3000245inst2_path_2	GCF_030063815.1	0.667	0.998
3000245inst2_path_2	GCF_003253775.1	0.833	1.0
3000245inst2_path_2	GCF_021903635.1	0.667	0.922
3000245inst2_path_2	GCF_014490555.1	0.667	0.998
3000245inst2_path_2	GCF_002327125.1	0.667	0.999
3000245inst2_path_2	GCF_018732145.1	0.5	0.991
3000245inst2_path_2	GCF_020742175.1	0.667	0.991
3000245inst2_path_2	GCF_029222015.1	0.667	0.996
3000245inst2_path_2	GCF_030826345.1	0.5	0.997
3000245inst2_path_2	GCF_023716965.1	0.5	0.998
3000245inst2_path_2	GCF_010725485.1	0.667	0.996
3000245inst2_path_2	GCF_010994285.1	0.5	0.996
3000245inst2_path_2	GCF_007672625.1	0.5	1.0
3000245inst2_path_2	GCF_007680565.1	0.5	1.0
3000245inst2_path_2	GCF_020181615.1	0.667	0.996
3000245inst2_path_2	GCF_003391095.1	0.5	0.991
3000245inst2_path_2	GCF_029395675.1	0.5	0.99
3000245inst2_path_2	GCF_029961745.1	0.5	0.992
3000245inst2_path_2	GCF_030506605.1	0.667	0.927
3000245inst2_path_2	GCF_000024385.1	0.5	0.989
3000245inst2_path_2	GCF_025822285.1	0.833	0.997
3000245inst2_path_2	GCF_007833915.1	0.5	0.989
3000245inst2_path_2	GCF_029369745.1	0.667	0.932
3000245inst2_path_2	GCF_900637955.1	0.5	0.999
3000245inst2_path_2	GCF_003855095.1	0.667	0.997
3000245inst2_path_2	GCF_000244975.1	0.5	1.0
3000245inst2_path_2	GCF_004216855.1	0.5	0.999
3000245inst2_path_2	GCF_000262165.1	0.833	0.972
3000245inst2_path_2	GCF_028583725.1	0.5	0.999
3000245inst2_path_2	GCF_017638445.1	0.5	1.0
3000245inst2_path_2	GCF_025822625.1	0.667	0.996
3000245inst2_path_2	GCF_001767395.1	0.5	1.0
3000245inst2_path_2	GCF_014525405.1	0.5	0.999
3000245inst2_path_2	GCF_019039255.1	0.5	0.99
3000245inst2_path_2	GCF_018326145.1	0.667	0.993
3000245inst2_path_2	GCF_004000665.1	0.5	1.0
3000245inst2_path_2	GCF_002993285.1	0.667	0.997
3000245inst2_path_2	GCF_025822825.1	0.667	0.961
3000245inst2_path_2	GCF_030078145.1	0.5	0.999
3000245inst2_path_2	GCF_022374915.2	0.833	0.973
3000245inst2_path_2	GCF_000328565.1	0.667	0.996
3000245inst2_path_2	GCF_016605905.1	0.5	0.99
3000245inst2_path_2	GCF_019797765.1	0.5	1.0
3000245inst2_path_2	GCF_023023025.1	0.833	0.912
3000245inst2_path_2	GCF_900091425.1	0.5	0.99
3000245inst2_path_2	GCF_025822985.1	0.667	0.993
3000245inst2_path_2	GCF_017654605.1	0.5	0.99
3000245inst2_path_2	GCF_017599015.1	0.5	0.99
3000245inst2_path_2	GCF_013624435.2	0.5	0.99
3000245inst2_path_2	GCF_016598535.1	0.5	0.996
3000245inst2_path_2	GCF_025823155.1	0.833	0.972
3000245inst2_path_2	GCF_030866705.1	0.5	0.988
3000245inst2_path_2	GCF_022828475.1	0.667	0.922
3000245inst2_path_2	GCF_030486815.1	0.667	0.998
3000245inst2_path_2	GCF_026802195.1	0.667	0.919
3000245inst2_path_2	GCF_030503595.1	0.5	1.0
3000245inst2_path_2	GCF_023100845.1	0.667	0.978
3000245inst2_path_2	GCF_025823345.1	0.667	0.997
3000245inst2_path_2	GCF_900453455.1	0.667	0.995
3000245inst2_path_2	GCF_025823225.1	0.667	0.997
3000245inst2_path_2	GCF_021590045.1	0.5	0.999
3000245inst2_path_2	GCF_011300875.1	0.5	1.0
3000245inst2_path_2	GCF_005696555.1	0.5	1.0
3000245inst2_path_2	GCF_027247405.1	0.5	1.0
3000245inst2_path_2	GCF_900120245.1	0.5	1.0
3000245inst2_path_2	GCF_030718915.1	0.667	0.998
3000245inst2_path_2	GCF_010731575.1	0.667	0.997
3000245inst2_path_2	GCF_009734425.1	0.5	1.0
3000245inst2_path_2	GCF_025821465.1	0.667	0.997
3000245inst2_path_2	GCF_000975265.2	1.0	0.999
3000245inst2_path_2	GCF_003515645.1	0.833	0.971
3000245inst2_path_2	GCF_014645275.1	0.5	1.0
3000245inst2_path_2	GCF_001854225.1	0.5	1.0
3000245inst2_path_2	GCF_016925615.1	0.5	0.991
3000245inst2_path_2	GCF_900637825.1	0.5	1.0
3000245inst2_path_2	GCF_020991065.1	0.5	0.993
3000245inst2_path_2	GCF_012277335.1	0.667	0.911
3000245inst2_path_2	GCF_016403265.1	0.5	1.0
3000245inst2_path_2	GCF_020181595.1	0.667	0.995
3000245inst2_path_2	GCF_019974135.1	0.5	0.998
3000245inst2_path_2	GCF_900637915.1	0.5	1.0
3000245inst2_path_2	GCF_014490575.1	0.5	1.0
3000245inst2_path_2	GCF_018278905.1	0.833	0.972
3000245inst2_path_2	GCF_025822645.1	0.833	0.994
3000245inst2_path_2	GCF_001722355.1	0.667	0.995
3000245inst2_path_2	GCF_025821905.1	0.833	0.974
3000245inst2_path_2	GCF_008693075.1	0.667	1.0
3000245inst2_path_2	GCF_022374875.2	0.667	0.995
3000245inst2_path_2	GCF_030417635.1	0.667	0.994
3000245inst2_path_2	GCF_027171405.1	0.5	0.999
3000245inst2_path_2	GCF_030342225.1	0.833	0.972
3000245inst2_path_2	GCF_013127315.1	0.5	0.999
3000245inst2_path_2	GCF_000763325.2	0.667	0.925
3000245inst2_path_2	GCF_002022225.1	0.5	0.992
3000245inst2_path_2	GCF_015910445.1	0.5	0.988
3000245inst2_path_2	GCF_918429175.1	0.833	0.999
3000245inst2_path_2	GCF_030656655.1	0.667	0.999
3000245inst2_path_2	GCF_000160775.2	0.5	0.999
3000245inst2_path_2	GCF_001941625.1	0.667	0.915
3000245inst2_path_2	GCF_025821505.1	0.833	0.931
3000245inst2_path_2	GCF_025822805.1	0.667	0.996
3000245inst2_path_2	GCF_031458315.1	0.667	1.0
3000245inst2_path_2	GCF_002999155.1	0.667	0.999
3000245inst2_path_2	GCF_021391495.1	0.667	0.919
3000245inst2_path_2	GCF_963553665.1	0.5	0.999
3000245inst2_path_2	GCF_963551575.1	0.5	0.994
3000245inst2_path_2	GCF_009497075.1	0.5	0.995
3000245inst2_path_2	GCF_027497235.1	0.5	0.989
3000245inst2_path_2	GCF_030408435.1	0.667	0.996
3000245inst2_path_2	GCF_002157835.1	0.667	0.995
3000245inst2_path_2	GCF_023218095.1	0.833	0.971
3000245inst2_path_2	GCF_030518135.1	0.667	0.997
3000245inst2_path_2	GCF_011383005.1	0.5	0.992
3000245inst2_path_2	GCF_014395785.1	0.5	0.99
3000245inst2_path_2	GCF_024362245.1	0.667	0.927
3000245inst2_path_2	GCF_018459925.1	0.5	0.988
3000245inst2_path_2	GCF_030295745.1	0.667	0.996
3000245inst2_path_2	GCF_963510995.1	0.5	0.999
3000245inst2_path_2	GCF_001020985.1	0.667	1.0
3000245inst2_path_2	GCF_017309995.1	0.5	0.988
3000245inst2_path_2	GCF_019456675.1	0.667	0.995
3000245inst2_path_2	GCF_012272695.1	0.5	0.991
3000245inst2_path_2	GCF_900089595.1	0.5	0.99
3000245inst2_path_2	GCF_032061165.1	0.5	1.0
3000245inst2_path_2	GCF_000244955.1	0.667	0.916
3000245inst2_path_2	GCF_017603605.1	0.5	0.999
3000245inst2_path_2	GCF_020172665.1	0.667	0.99
3000245inst2_path_2	GCF_016919385.1	0.667	0.996
3000245inst2_path_2	GCF_020520165.1	0.667	0.995
3000245inst2_path_2	GCF_900292015.1	0.833	0.973
3000245inst2_path_2	GCF_963550835.1	0.5	0.998
3000245inst2_path_2	GCF_030408575.1	0.5	1.0
3000245inst2_path_2	GCF_010726505.1	0.667	0.996
3000245inst2_path_2	GCF_030845055.1	0.5	1.0
3000245inst2_path_2	GCF_030296675.1	0.5	1.0
3000245inst2_path_2	GCF_011300215.1	0.5	0.992
3000245inst2_path_2	GCF_900104895.1	0.5	0.999
3000245inst2_path_2	GCF_027497215.1	0.5	0.99
3000245inst2_path_2	GCF_025263265.1	0.667	0.996
3000245inst2_path_2	GCF_009734385.1	0.667	0.998
3000245inst2_path_2	GCF_001653335.1	0.5	0.99
3000245inst2_path_2	GCF_008033115.1	0.5	1.0
3000245inst2_path_2	GCF_025822185.1	0.667	0.997
3000245inst2_path_2	GCF_030285645.1	0.667	0.927
3000245inst2_path_2	GCF_012931845.1	0.5	0.999
3000245inst2_path_2	GCF_026625065.1	0.5	1.0
3000245inst2_path_2	GCF_029510815.1	0.5	0.99
3000245inst2_path_2	GCF_025822925.1	0.833	0.972
3000245inst2_path_2	GCF_029270025.1	0.667	0.995
3000245inst2_path_2	GCF_023376025.1	0.667	0.927
3000245inst2_path_2	GCF_015024185.1	0.5	0.992
3000245inst2_path_2	GCF_030252185.1	0.667	0.997
3000245inst2_path_2	GCF_031626215.1	0.833	0.972
3000245inst2_path_2	GCF_029767035.1	0.667	0.999
3000245inst2_path_2	GCF_025823005.1	0.667	0.995
3000245inst2_path_2	GCF_030233875.1	0.5	1.0
3000245inst2_path_2	GCF_013364075.1	0.667	0.929
3000245inst2_path_2	GCF_016916895.1	0.5	1.0
3000245inst2_path_2	GCF_030826395.1	0.667	0.993
3000245inst2_path_2	GCF_022179425.1	0.833	0.973
3000245inst2_path_2	GCF_003813965.1	0.667	1.0
3000245inst2_path_2	GCF_001509405.1	0.5	0.999
3000245inst2_path_2	GCF_021049265.1	0.5	0.997
3000245inst2_path_2	GCF_008761635.1	0.5	0.993
3000245inst2_path_2	GCF_019316905.1	0.5	0.99
3000245inst2_path_2	GCF_032101385.1	0.5	1.0
3000245inst2_path_2	GCF_014205165.1	0.5	0.989
3000245inst2_path_2	GCF_001998865.1	0.5	0.99
3000245inst2_path_2	GCF_025263565.1	0.667	0.998
3000245inst2_path_2	GCF_011694515.1	0.667	0.995
3000245inst2_path_2	GCF_026723865.1	0.833	0.973
3000245inst2_path_2	GCF_003312875.1	0.667	0.922
3000245inst2_path_2	GCF_032085055.1	0.667	0.986
3000245inst2_path_2	GCF_025837095.1	0.667	0.927
3000245inst2_path_2	GCF_028609825.1	0.667	0.996
3000245inst2_path_2	GCF_900155645.1	0.5	0.999
3000245inst2_path_2	GCF_009856645.1	0.667	1.0
3000245inst2_path_2	GCF_007680005.1	0.667	0.997
3000245inst2_path_2	GCF_011299595.1	0.5	0.989
3000245inst2_path_2	GCF_028609845.1	0.5	0.998
3000245inst2_path_2	GCF_003325455.1	0.5	0.999
3000245inst2_path_2	GCF_030644365.1	0.5	0.998
3000245inst2_path_2	GCF_900104525.1	0.5	0.992
3000245inst2_path_2	GCF_030063505.1	0.667	0.999
3000245inst2_path_2	GCF_022317005.1	0.667	0.995
3000245inst2_path_2	GCF_900091545.1	0.5	0.989
3000245inst2_path_2	GCF_009930875.1	0.5	0.998
3000245inst2_path_2	GCF_014108865.1	0.5	0.992
3000245inst2_path_2	GCF_004795735.1	0.667	0.996
3000245inst2_path_2	GCF_015327065.1	0.5	1.0
3000245inst2_path_2	GCF_015240065.1	0.5	0.999
3000245inst2_path_2	GCF_014789785.1	0.5	0.999
3000245inst2_path_2	GCF_030316175.1	0.667	0.998
3000245inst2_path_2	GCF_006007965.1	0.5	0.99
3000245inst2_path_2	GCF_022179485.1	0.667	0.994
3000245inst2_path_2	GCF_030518795.1	0.5	0.989
3000245inst2_path_2	GCF_000755185.1	0.5	0.998
3000245inst2_path_2	GCF_004000195.1	0.5	0.993
3000245inst2_path_2	GCF_019931675.1	0.5	0.992
3000245inst2_path_2	GCF_014493605.1	0.5	0.991
3000245inst2_path_2	GCF_016694895.1	0.5	0.998
3000245inst2_path_2	GCF_900090275.1	0.5	0.99
3000245inst2_path_2	GCF_025821705.1	0.667	0.997
3000245inst2_path_2	GCF_030866825.1	0.5	0.999
3000245inst2_path_2	GCF_026017845.1	0.667	0.928
3000245inst2_path_2	GCF_010726765.1	0.667	0.997
3000245inst2_path_2	GCF_013184985.2	0.5	1.0
3000245inst2_path_2	GCF_000328705.1	0.5	1.0
3000245inst2_path_2	GCF_006333825.1	0.5	0.997
3000245inst2_path_2	GCF_029674565.1	0.667	0.999
3000245inst2_path_2	GCF_942548115.1	0.5	1.0
3000245inst2_path_2	GCF_009498035.1	0.5	1.0
3000245inst2_path_2	GCF_003182115.1	0.667	0.949
3000245inst2_path_2	GCF_009664835.1	0.667	0.906
3000245inst2_path_2	GCF_030229545.1	0.667	0.996
3000245inst2_path_2	GCF_022558505.1	0.833	0.971
3000245inst2_path_2	GCF_023208195.1	0.5	0.99
3000245inst2_path_2	GCF_025822025.1	0.667	0.994
3000245inst2_path_2	GCF_030755195.1	0.833	0.973
3000245inst2_path_2	GCF_015711475.1	0.5	1.0
3000245inst2_path_2	GCF_025822465.1	0.833	0.973
3000245inst2_path_2	GCF_030252325.1	0.833	0.99
3000245inst2_path_2	GCF_030408775.1	0.667	0.996
3000245inst2_path_2	GCF_003073475.1	0.5	1.0
3000245inst2_path_2	GCF_018326285.1	0.667	0.993
3000245inst2_path_2	GCF_014334735.1	0.5	0.999
3000245inst2_path_2	GCF_004006015.1	0.667	0.998
3000245inst2_path_2	GCF_029215935.1	0.667	0.996
3000245inst2_path_2	GCF_025821805.1	0.667	0.995
3000245inst2_path_2	GCF_013694245.2	0.5	0.991
3000245inst2_path_2	GCF_003524425.1	0.5	1.0
3000245inst2_path_2	GCF_030736795.1	0.5	0.989
3000245inst2_path_2	GCF_006494775.1	0.5	1.0
3000245inst2_path_2	GCF_021049285.1	0.5	0.998
3000245inst2_path_2	GCF_019397265.1	0.5	0.993
3000245inst2_path_2	GCF_000943515.2	0.667	0.931
3000245inst2_path_2	GCF_030252165.1	0.667	0.995
3000245inst2_path_2	GCF_963550995.1	0.667	0.998
3000245inst2_path_2	GCF_024508295.1	0.5	0.999
3000245inst2_path_2	GCF_020735845.1	0.667	0.995
3000245inst2_path_2	GCF_943913665.1	0.667	0.997
3000245inst2_path_2	GCF_002407185.1	0.5	0.988
3000245inst2_path_2	GCF_024453815.1	0.5	1.0
3000245inst2_path_2	GCF_025822965.1	1.0	0.987
3000245inst2_path_2	GCF_018982825.1	0.667	0.999
3000245inst2_path_2	GCF_026012555.1	0.833	0.973
3000245inst2_path_2	GCF_022557175.1	0.667	0.995
3000245inst2_path_2	GCF_003113335.1	0.5	0.999
3000245inst2_path_2	GCF_001997295.1	0.5	0.993
3000245inst2_path_2	GCF_009740915.1	0.667	0.999
3000245inst2_path_2	GCF_004683965.1	0.5	0.996
3000245inst2_path_2	GCF_028021195.1	0.5	1.0
3000245inst2_path_2	GCF_014217915.1	0.5	0.988
3000245inst2_path_2	GCF_021216675.1	0.5	0.988
3000245inst2_path_2	GCF_019973735.1	0.5	0.994
3000245inst2_path_2	GCF_007096345.1	0.5	1.0
3000245inst2_path_2	GCF_030537705.1	0.5	1.0
3000245inst2_path_2	GCF_029961765.1	0.5	0.991
3000245inst2_path_2	GCF_014203365.1	0.667	0.904
3000245inst2_path_2	GCF_963540845.1	0.667	0.998
3000245inst2_path_2	GCF_900108565.1	0.667	0.995
3000245inst2_path_2	GCF_025273675.1	0.667	0.946
3000245inst2_path_2	GCF_013364215.1	0.5	0.988
3000245inst2_path_2	GCF_019704575.1	0.5	1.0
3000245inst2_path_2	GCF_900659885.1	0.5	0.992
3000245inst2_path_2	GCF_018736145.1	0.5	1.0
3000245inst2_path_2	GCF_003971195.1	0.5	0.998
3000245inst2_path_2	GCF_900637295.1	0.5	1.0
3000245inst2_path_2	GCF_016907155.1	0.667	0.925
3000245inst2_path_2	GCF_024508335.1	0.5	1.0
3000245inst2_path_2	GCF_001571025.1	0.5	1.0
3000245inst2_path_2	GCF_024587105.1	0.667	0.996
3000245inst2_path_2	GCF_003030385.1	0.5	0.988
3000245inst2_path_2	GCF_030462145.1	0.667	0.977
3000245inst2_path_2	GCF_001021485.1	0.833	0.971
3000245inst2_path_2	GCF_019456695.2	0.833	0.973
3000245inst2_path_2	GCF_029917005.1	0.5	0.99
3000245inst2_path_2	GCF_003113375.1	0.667	0.996
3000245inst2_path_2	GCF_017815535.1	0.5	0.991
3000245inst2_path_2	GCF_900105925.1	0.5	0.988
3000245inst2_path_2	GCF_900447255.1	0.5	1.0
3000245inst2_path_2	GCF_009026825.1	0.667	0.996
3000245inst2_path_2	GCF_026616955.1	0.667	0.998
3000245inst2_path_2	GCF_002263515.1	0.667	0.909
3000245inst2_path_2	GCF_000372385.1	0.667	0.998
3000245inst2_path_2	GCF_001021385.1	0.667	0.996
3000245inst2_path_2	GCF_022437945.1	0.5	1.0
3000245inst2_path_2	GCF_019443965.1	0.5	0.999
3000245inst2_path_2	GCF_017569205.1	0.5	0.993
3000245inst2_path_2	GCF_016598775.1	0.5	1.0
3000245inst2_path_2	GCF_013466425.1	0.833	0.972
3000245inst2_path_2	GCF_013394715.1	0.5	0.998
3000245inst2_path_2	GCF_018263855.1	0.5	1.0
3000245inst2_path_2	GCF_025822365.1	0.667	0.995
3000245inst2_path_2	GCF_030515835.1	0.5	0.998
3000245inst2_path_2	GCF_018326265.1	0.5	0.992
3000245inst2_path_2	GCF_030417435.1	0.667	0.996
3000245inst2_path_2	GCF_009661075.1	0.5	1.0
3000245inst2_path_2	GCF_004798665.1	0.5	0.998
3000245inst2_path_2	GCF_030240185.1	0.5	0.999
3000245inst2_path_2	GCF_030253495.1	0.5	0.999
3000245inst2_path_2	GCF_028993575.1	0.5	0.99
3000245inst2_path_2	GCF_029854255.1	0.667	0.994
3000245inst2_path_2	GCF_010682065.1	0.5	0.99
3000245inst2_path_2	GCF_010731855.1	0.667	0.996
3000245inst2_path_2	GCF_030769625.1	0.5	1.0
3000245inst2_path_2	GCF_014262665.1	0.5	1.0
3000245inst2_path_2	GCF_011420305.2	0.5	0.992
3000245inst2_path_2	GCF_020736445.1	0.5	0.988
3000245inst2_path_2	GCF_027497255.1	0.5	0.99
3000245inst2_path_2	GCF_026625985.1	0.833	0.971
3000245inst2_path_2	GCF_030408895.1	0.667	0.996
3000245inst2_path_2	GCF_020616335.1	0.667	1.0
3000245inst2_path_2	GCF_025821425.1	0.667	0.996
3000245inst2_path_2	GCF_030486835.1	0.5	1.0
3000245inst2_path_2	GCF_900091455.1	0.5	0.99
3000245inst2_path_2	GCF_900104535.1	0.667	0.946
3000245inst2_path_2	GCF_004352905.1	0.5	1.0
3000245inst2_path_2	GCF_025822215.1	0.667	0.996
3000245inst2_path_2	GCF_000011305.1	0.667	0.999
3000245inst2_path_2	GCF_000418365.1	0.667	0.995
3000245inst2_path_2	GCF_019686115.1	0.667	0.999
3000245inst2_path_2	GCF_030408735.1	0.667	0.999
3000245inst2_path_2	GCF_900090235.1	0.5	0.99
3000245inst2_path_2	GCF_002162115.2	0.5	1.0
3000245inst2_path_2	GCF_027270515.1	0.667	0.999
3000245inst2_path_2	GCF_014635485.1	0.5	1.0
3000245inst2_path_2	GCF_032486935.1	0.5	1.0
3000245inst2_path_2	GCF_003855255.1	0.667	0.995
3000245inst2_path_2	GCF_014873115.1	0.667	0.932
3000245inst2_path_2	GCF_016889465.1	0.5	1.0
3000245inst2_path_2	GCF_030418225.1	0.667	0.998
3000245inst2_path_2	GCF_029632925.1	0.667	0.997
3000245inst2_path_2	GCF_030486405.1	0.667	0.995
3000245inst2_path_2	GCF_029581455.1	0.5	0.991
3000245inst2_path_2	GCF_029581275.1	0.5	0.991
3000245inst2_path_2	GCF_004135345.1	0.5	1.0
3000245inst2_path_2	GCF_030811505.1	0.5	1.0
3000245inst2_path_2	GCF_020520305.1	0.667	0.999
3000245inst2_path_2	GCF_001277995.1	0.667	0.998
3000245inst2_path_2	GCF_006349365.1	0.5	1.0
3000245inst2_path_2	GCF_011745145.1	0.667	0.994
3000245inst2_path_2	GCF_963534975.1	0.5	1.0
3000245inst2_path_2	GCF_024662375.1	0.5	0.992
3000245inst2_path_2	GCF_002099355.1	0.5	0.999
3000245inst2_path_2	GCF_031458185.1	0.5	1.0
3000245inst2_path_2	GCF_004785915.1	0.5	1.0
3000245inst2_path_2	GCF_023515995.1	0.833	0.972
3000245inst2_path_2	GCF_030077625.1	0.667	0.998
3000245inst2_path_2	GCF_000732945.1	0.667	0.998
3000245inst2_path_2	GCF_014635145.1	0.5	0.99
3000245inst2_path_2	GCF_003952265.1	0.5	0.992
3000245inst2_path_2	GCF_025823075.1	0.667	0.999
3000245inst2_path_2	GCF_024584515.1	0.5	1.0
3000245inst2_path_2	GCF_030408455.1	0.667	0.997
3000245inst2_path_2	GCF_025822525.1	0.667	0.996
3000245inst2_path_2	GCF_022392385.1	0.667	0.911
3000245inst2_path_2	GCF_000767055.1	0.667	0.998
3000245inst2_path_2	GCF_030408715.1	0.667	0.975
3000245inst2_path_2	GCF_900090305.1	0.5	0.991
3000245inst2_path_2	GCF_029581195.1	0.5	0.988
3000245inst2_path_2	GCF_004519465.1	0.5	1.0
3000245inst2_path_2	GCF_900105305.1	0.5	1.0
3000245inst2_path_2	GCF_025821885.1	0.667	0.998
3000245inst2_path_2	GCF_000442645.1	0.5	1.0
3000245inst2_path_2	GCF_029643425.1	0.5	1.0
3000245inst2_path_2	GCF_030486665.1	0.5	0.999
3000245inst2_path_2	GCF_009707425.1	0.5	0.989
3000245inst2_path_2	GCF_010731895.1	0.667	0.996
3000245inst2_path_2	GCF_015710575.1	0.667	0.996
3000245inst2_path_2	GCF_963555015.1	0.5	0.999
3000245inst2_path_2	GCF_013348785.1	0.667	0.996
3000245inst2_path_2	GCF_030408635.1	0.5	1.0
3000245inst2_path_2	GCF_009720185.1	0.667	0.998
3000245inst2_path_2	GCF_030252345.1	0.5	0.988
3000245inst2_path_2	GCF_000026445.2	0.833	0.991
3000245inst2_path_2	GCF_030486885.1	0.5	1.0
3000245inst2_path_2	GCF_030345095.1	0.5	0.988
3000245inst2_path_2	GCF_024652765.1	0.5	0.999
3000245inst2_path_2	GCF_019645815.1	0.667	0.997
3000245inst2_path_2	GCF_024734075.1	0.667	0.997
3000245inst2_path_2	GCF_019668465.1	0.833	0.974
3000245inst2_path_2	GCF_025146395.1	0.667	0.986
3000245inst2_path_2	GCF_030979975.1	0.667	0.926
3000245inst2_path_2	GCF_003860625.1	0.5	0.989
3000245inst2_path_2	GCF_011290345.1	0.5	0.989
3000245inst2_path_2	GCF_000766885.2	0.5	1.0
3000245inst2_path_2	GCF_014217685.1	0.5	0.999
3000245inst2_path_2	GCF_021496665.1	0.667	0.999
3000245inst2_path_2	GCF_024732245.1	0.667	0.999
3000245inst2_path_2	GCF_025822385.1	0.667	0.995
3000245inst2_path_2	GCF_030461435.1	0.667	0.969
3000245inst2_path_2	GCF_000715805.1	0.5	0.999
3000245inst2_path_2	GCF_014960965.1	0.5	0.998
3000245inst2_path_2	GCF_024701555.1	0.5	0.991
3000245inst2_path_2	GCF_026625785.1	0.667	0.998
3000245inst2_path_2	GCF_009806405.1	0.667	0.997
3000245inst2_path_2	GCF_030440305.1	0.667	0.996
3000245inst2_path_2	GCF_029866425.1	0.667	1.0
3000245inst2_path_2	GCF_025821645.1	0.833	0.959
3000245inst2_path_2	GCF_011038645.2	0.5	1.0
3000245inst2_path_2	GCF_002356195.1	0.5	1.0
3000245inst2_path_2	GCF_022430545.2	0.833	0.973
3000245inst2_path_2	GCF_029581215.1	0.5	0.989
3000245inst2_path_2	GCF_013466785.1	0.5	0.991
3000245inst2_path_2	GCF_963378105.1	0.667	0.996
3000245inst2_path_2	GCF_020885655.1	0.667	0.927
3000245inst2_path_2	GCF_013414345.1	0.5	0.999
3000245inst2_path_2	GCF_001984015.1	0.667	1.0
3000245inst2_path_2	GCF_001941645.1	0.667	0.915
3000245inst2_path_2	GCF_025150725.1	0.5	0.988
3000245inst2_path_2	GCF_011038655.2	0.667	0.976
3000245inst2_path_2	GCF_018388425.1	0.5	0.992
3000245inst2_path_2	GCF_900343145.1	0.5	0.991
3000245inst2_path_2	GCF_004564375.1	0.5	0.995
3000245inst2_path_2	GCF_025821735.1	0.833	0.973
3000245inst2_path_2	GCF_016313185.1	0.667	0.997
3000245inst2_path_2	GCF_022346285.1	0.667	0.997
3000245inst2_path_2	GCF_002240455.1	0.5	1.0
3000245inst2_path_2	GCF_016695385.1	0.5	1.0
3000245inst2_path_2	GCF_001886355.1	0.667	0.925
3000245inst2_path_2	GCF_021354605.1	0.5	0.991
3000245inst2_path_2	GCF_013211575.1	0.5	0.988
3000245inst2_path_2	GCF_028622115.1	0.5	0.999
3000245inst2_path_2	GCF_900167475.1	0.5	0.999
3000245inst2_path_2	GCF_029674605.1	0.5	0.999
3000245inst2_path_2	GCF_000243395.2	0.5	1.0
3000245inst2_path_2	GCF_024703895.1	0.5	0.998
3000245inst2_path_2	GCF_025822845.1	0.667	0.994
3000245inst2_path_2	GCF_000993785.3	0.5	0.989
3000245inst2_path_2	GCF_022340085.1	0.833	0.972
3000245inst2_path_2	GCF_028527885.1	0.667	0.996
3000245inst2_path_2	GCF_030063735.1	0.667	0.999
3000245inst2_path_2	GCF_900089605.1	0.5	0.989
3000245inst2_path_2	GCF_014646175.1	0.5	0.991
3000245inst2_path_2	GCF_001767255.1	0.5	1.0
3000245inst2_path_2	GCF_029581295.1	0.5	0.989
3000245inst2_path_2	GCF_001636295.1	0.5	1.0
3000245inst2_path_2	GCF_000494755.1	0.5	0.988
3000245inst2_path_2	GCF_014680085.1	0.5	0.99
3000245inst2_path_2	GCF_019285775.1	0.667	0.995
3000245inst2_path_2	GCF_950074805.1	0.667	0.997
3000245inst2_path_2	GCF_963378075.1	0.667	0.996
3000245inst2_path_2	GCF_005954645.2	0.5	0.989
3000245inst2_path_2	GCF_963523345.1	0.5	1.0
3000245inst2_path_2	GCF_963540185.1	0.5	0.999
3000245inst2_path_2	GCF_022919075.1	0.5	0.995
3000245inst2_path_2	GCF_025823355.1	0.833	0.972
3000245inst2_path_2	GCF_029625435.1	0.5	1.0
3000245inst2_path_2	GCF_000389985.1	0.5	0.992
3000245inst2_path_2	GCF_900105065.1	0.5	0.991
3000245inst2_path_2	GCF_008079355.1	0.5	0.996
3000245inst2_path_2	GCF_017086465.1	0.5	0.992
3000245inst2_path_2	GCF_020218005.1	0.667	0.995
3000245inst2_path_2	GCF_000214175.1	0.5	0.999
3000245inst2_path_2	GCF_030211955.1	0.667	0.997
3000245inst2_path_2	GCF_030285665.1	0.667	0.932
3000245inst2_path_2	GCF_028451225.2	0.833	0.973
3000245inst2_path_2	GCF_009708005.2	0.5	1.0
3000245inst2_path_2	GCF_002355155.1	0.667	0.998
3000245inst2_path_2	GCF_000262465.1	0.5	1.0
3000245inst2_path_2	GCF_018388465.1	0.5	0.999
3000245inst2_path_2	GCF_016889985.1	0.5	1.0
3000245inst2_path_2	GCF_020172685.1	0.667	0.996
3000245inst2_path_2	GCF_004118935.1	0.5	0.999
3000245inst2_path_2	GCF_002872015.2	0.5	1.0
3000245inst2_path_2	GCF_023516435.1	0.5	1.0
3000245inst2_path_2	GCF_010671825.1	0.5	0.99
3000245inst2_path_2	GCF_025822085.1	0.667	0.994
3000245inst2_path_2	GCF_019880385.1	0.5	0.992
3000245inst2_path_2	GCF_003814005.1	0.667	0.998
3000245inst2_path_2	GCF_029263835.1	0.5	1.0
3000245inst2_path_2	GCF_022759505.1	0.5	0.999
3000245inst2_path_2	GCF_001941445.1	0.667	0.987
3000245inst2_path_2	GCF_025821945.1	0.833	0.97
3000245inst2_path_2	GCF_003052165.1	0.667	0.999
3000245inst2_path_2	GCF_004102025.1	0.5	0.998
3000245inst2_path_2	GCF_025822535.1	0.667	0.996
3000245inst2_path_2	GCF_005845385.1	0.5	0.998
3000245inst2_path_2	GCF_001278845.1	0.5	0.998
3000245inst2_path_2	GCF_025822435.1	0.667	0.995
3000245inst2_path_2	GCF_001072465.1	0.5	0.998
3000245inst2_path_2	GCF_032104765.1	0.667	0.978
3000245inst2_path_2	GCF_029639525.1	0.667	1.0
3000245inst2_path_2	GCF_022558525.1	0.667	0.995
3000245inst2_path_2	GCF_009557055.1	0.5	0.991
3000245inst2_path_2	GCF_009660225.1	0.5	1.0
3000245inst2_path_2	GCF_030285625.1	0.667	0.921
3000245inst2_path_2	GCF_030295465.1	0.667	0.999
3000245inst2_path_2	GCF_027947515.1	0.667	0.998
3000245inst2_path_2	GCF_025821725.1	0.667	0.995
3000245inst2_path_2	GCF_030506255.1	0.5	0.991
3000245inst2_path_2	GCF_017585205.1	0.5	1.0
3000245inst2_path_2	GCF_005890155.1	0.5	1.0
3000245inst2_path_2	GCF_025822715.1	0.667	0.96
3000245inst2_path_2	GCF_030408595.1	0.5	1.0
3000245inst2_path_2	GCF_030515875.1	0.5	1.0
3000245inst2_path_2	GCF_943912895.1	0.667	0.997
3000245inst2_path_2	GCF_010731875.1	0.667	0.996
3000245inst2_path_2	GCF_025263485.1	0.833	0.972
3000245inst2_path_2	GCF_001673565.1	0.667	0.996
3000245inst2_path_2	GCF_008001035.1	0.5	1.0
3000245inst2_path_2	GCF_021183865.1	0.833	0.971
3000245inst2_path_2	GCF_001942025.1	0.5	0.995
3000245inst2_path_2	GCF_012974285.1	0.667	0.999
3000245inst2_path_2	GCF_000372085.1	0.5	1.0
3000245inst2_path_2	GCF_020144675.1	0.667	0.997
3000245inst2_path_2	GCF_028446585.1	0.5	0.989
3000245inst2_path_2	GCF_030503635.1	0.667	0.998
3000245inst2_path_2	GCF_002688545.1	0.5	0.99
3000245inst2_path_2	GCF_000015265.1	0.5	0.993
3000245inst2_path_2	GCF_030408835.1	0.5	1.0
3000245inst2_path_2	GCF_002407065.1	0.5	0.988
3000245inst2_path_2	GCF_025822585.1	0.667	0.997
3000245inst2_path_2	GCF_009930795.1	0.5	0.999
3000245inst2_path_2	GCF_024362325.1	0.5	0.999
3000245inst2_path_2	GCF_031458155.1	0.667	0.994
3000245inst2_path_2	GCF_031599035.1	0.667	0.998
3000245inst2_path_2	GCF_026153295.1	0.667	0.948
3000245inst2_path_2	GCF_026501225.1	0.667	0.994
3000245inst2_path_2	GCF_025643595.1	0.667	0.914
3000245inst2_path_2	GCF_900103775.1	0.5	1.0
3000245inst2_path_2	GCF_025997915.1	0.5	0.999
3000245inst2_path_2	GCF_006494815.1	0.5	0.992
3000245inst2_path_2	GCF_011046535.1	0.5	0.992
3000245inst2_path_2	GCF_030264295.1	0.667	0.932
3000245inst2_path_2	GCF_013283855.1	0.5	0.998
3000245inst2_path_2	GCF_013177295.1	0.5	1.0
3000245inst2_path_2	GCF_030232325.1	0.5	0.998
3000245inst2_path_2	GCF_028527785.1	0.5	1.0
3000245inst2_path_2	GCF_947254445.1	0.5	0.999
3000245inst2_path_2	GCF_018885265.1	0.667	0.911
3000245inst2_path_2	GCF_025822005.1	0.667	0.996
3000245inst2_path_2	GCF_008329905.1	0.667	0.996
3000245inst2_path_2	GCF_025821225.1	0.667	0.998
3000245inst2_path_2	GCF_027497355.1	0.5	0.989
3000245inst2_path_2	GCF_025822325.1	0.667	0.994
3000245inst2_path_2	GCF_001021065.1	0.5	1.0
3000245inst2_path_2	GCF_000024025.1	0.5	0.999
3000245inst2_path_2	GCF_030826365.1	0.5	0.995
3000245inst2_path_2	GCF_028609885.1	0.667	0.996
3000245inst2_path_2	GCF_019468565.1	0.5	0.991
3000245inst2_path_2	GCF_014595995.2	0.5	0.999
3000245inst2_path_2	GCF_030408395.1	0.5	1.0
3000245inst2_path_2	GCF_001064145.1	0.5	0.998
3000245inst2_path_2	GCF_000143885.2	0.667	0.999
3000245inst2_path_2	GCF_001655245.1	0.667	0.996
3000245inst2_path_2	GCF_024734405.1	0.667	0.915
3000245inst2_path_2	GCF_030323745.1	0.667	0.993
3000245inst2_path_2	GCF_001021025.1	0.667	0.998
3000245inst2_path_2	GCF_003030345.1	0.5	0.988
3000245inst2_path_2	GCF_030218365.1	0.5	1.0
3000245inst2_path_2	GCF_963550885.1	0.667	0.998
3000245inst2_path_2	GCF_021183725.1	0.833	0.972
3000245inst2_path_2	GCF_030296355.1	0.667	0.995
3000245inst2_path_2	GCF_014697215.1	0.667	0.914
3000245inst2_path_2	GCF_009707485.1	0.5	0.992
3000245inst2_path_2	GCF_029675005.1	0.667	0.997
3000245inst2_path_2	GCF_001997345.1	0.5	0.989
3000245inst2_path_2	GCF_000218545.1	0.5	0.999
3000245inst2_path_2	GCF_003443875.1	0.5	1.0
3000245inst2_path_2	GCF_027854205.1	0.833	0.971
3000245inst2_path_2	GCF_003989555.1	0.667	0.996
3000245inst2_path_2	GCF_963554205.1	0.5	1.0
3000245inst2_path_2	GCF_014303395.1	0.667	0.953
3000245inst2_path_2	GCF_030053835.1	0.5	1.0
3000245inst2_path_2	GCF_025823305.1	0.833	0.971
3000245inst2_path_2	GCF_963510835.1	0.667	0.997
3000245inst2_path_2	GCF_943908535.1	0.5	1.0
3000245inst2_path_2	GCF_019317345.1	0.667	0.925
3000245inst2_path_2	GCF_902375935.1	0.667	0.994
3000245inst2_path_2	GCF_025268675.1	0.667	0.945
3000245inst2_path_2	GCF_014217255.1	0.667	1.0
3000245inst2_path_2	GCF_009429125.1	0.5	1.0
3000245inst2_path_2	GCF_026625045.1	0.5	0.998
3000245inst2_path_2	GCF_017310035.1	0.5	0.993
3000245inst2_path_2	GCF_030499155.1	0.667	0.997
3000245inst2_path_2	GCF_900090285.1	0.5	0.988
3000245inst2_path_2	GCF_019448235.1	0.5	0.992
3000245inst2_path_2	GCF_031158775.1	0.5	1.0
3000251inst1_gene_seq	GCF_029667155.1	0.583	0.962
3000251inst1_gene_seq	GCF_030220105.1	0.958	1.0
3000316inst1_path_100	GCF_021869625.1	1.0	1.0
3000316inst1_path_100	GCF_008931465.1	1.0	1.0
3000316inst1_path_100	GCF_004010755.1	1.0	1.0
3000316inst1_path_100	GCF_029084745.1	0.8	1.0
3000316inst1_path_100	GCF_002902865.1	1.0	1.0
3000316inst1_path_100	GCF_002903405.1	1.0	1.0
3000316inst1_path_100	GCF_002934285.1	0.6	1.0
3000316inst1_path_100	GCF_032193635.1	1.0	1.0
3000316inst1_path_100	GCF_032460805.1	0.8	1.0
3000316inst1_path_100	GCF_032484315.1	0.6	1.0
3000316inst1_path_100	GCF_032460975.1	0.8	1.0
3000316inst1_path_100	GCF_019048665.1	1.0	1.0
3000316inst1_path_100	GCF_019046925.1	1.0	1.0
3000316inst1_path_100	GCF_032337455.1	1.0	1.0
3000316inst1_path_101	GCF_021869625.1	0.833	1.0
3000316inst1_path_101	GCF_008931465.1	0.833	1.0
3000316inst1_path_101	GCF_004010755.1	0.833	1.0
3000316inst1_path_101	GCF_029084745.1	0.667	1.0
3000316inst1_path_101	GCF_002902865.1	0.833	1.0
3000316inst1_path_101	GCF_002903405.1	0.833	1.0
3000316inst1_path_101	GCF_002934285.1	0.5	1.0
3000316inst1_path_101	GCF_032193635.1	0.833	1.0
3000316inst1_path_101	GCF_032460805.1	0.667	1.0
3000316inst1_path_101	GCF_032484315.1	0.5	1.0
3000316inst1_path_101	GCF_032460975.1	0.667	1.0
3000316inst1_path_101	GCF_019048665.1	0.833	1.0
3000316inst1_path_101	GCF_019046925.1	0.833	1.0
3000316inst1_path_101	GCF_032337455.1	1.0	1.0
3000316inst1_path_103	GCF_019856235.1	0.667	0.979
3000316inst1_path_103	GCF_032460765.1	0.5	0.997
3000316inst1_path_103	GCF_030296995.1	0.667	0.998
3000316inst1_path_103	GCF_032464185.1	0.583	0.968
3000316inst1_path_103	GCF_031844645.1	0.583	0.994
3000316inst1_path_103	GCF_032193635.1	0.417	1.0
3000316inst1_path_103	GCF_032460805.1	0.75	0.997
3000316inst1_path_103	GCF_019048665.1	0.583	1.0
3000316inst1_path_109	GCF_021869625.1	0.833	1.0
3000316inst1_path_109	GCF_008931465.1	0.833	1.0
3000316inst1_path_109	GCF_004010755.1	0.833	1.0
3000316inst1_path_109	GCF_029084745.1	0.667	1.0
3000316inst1_path_109	GCF_002902865.1	1.0	1.0
3000316inst1_path_109	GCF_002903405.1	0.833	1.0
3000316inst1_path_109	GCF_002934285.1	0.5	1.0
3000316inst1_path_109	GCF_032193635.1	0.833	1.0
3000316inst1_path_109	GCF_032460805.1	0.667	1.0
3000316inst1_path_109	GCF_032484315.1	0.5	1.0
3000316inst1_path_109	GCF_032460975.1	0.667	1.0
3000316inst1_path_109	GCF_019048665.1	0.833	1.0
3000316inst1_path_109	GCF_019046925.1	0.833	1.0
3000316inst1_path_109	GCF_032337455.1	0.833	1.0
3000316inst1_path_115	GCF_021869625.1	0.714	1.0
3000316inst1_path_115	GCF_008931465.1	0.714	1.0
3000316inst1_path_115	GCF_004010755.1	0.714	1.0
3000316inst1_path_115	GCF_029084745.1	0.571	1.0
3000316inst1_path_115	GCF_002902865.1	0.714	1.0
3000316inst1_path_115	GCF_002903405.1	0.714	1.0
3000316inst1_path_115	GCF_032193635.1	0.714	1.0
3000316inst1_path_115	GCF_032460805.1	0.571	1.0
3000316inst1_path_115	GCF_032460975.1	0.571	1.0
3000316inst1_path_115	GCF_019048665.1	0.714	1.0
3000316inst1_path_115	GCF_019046925.1	0.714	1.0
3000316inst1_path_115	GCF_032337455.1	0.714	1.0
3000316inst1_path_116	GCF_021869625.1	0.714	1.0
3000316inst1_path_116	GCF_008931465.1	0.714	1.0
3000316inst1_path_116	GCF_004010755.1	0.714	1.0
3000316inst1_path_116	GCF_029084745.1	0.571	1.0
3000316inst1_path_116	GCF_002902865.1	0.714	1.0
3000316inst1_path_116	GCF_002903405.1	0.714	1.0
3000316inst1_path_116	GCF_032193635.1	0.714	1.0
3000316inst1_path_116	GCF_032460805.1	0.571	1.0
3000316inst1_path_116	GCF_032460975.1	0.571	1.0
3000316inst1_path_116	GCF_019048665.1	0.714	1.0
3000316inst1_path_116	GCF_019046925.1	0.714	1.0
3000316inst1_path_116	GCF_032337455.1	0.714	1.0
3000316inst1_path_117	GCF_029371965.1	0.583	1.0
3000316inst1_path_117	GCF_032193635.1	0.417	1.0
3000316inst1_path_129	GCF_021869625.1	0.5	1.0
3000316inst1_path_129	GCF_008931465.1	0.5	1.0
3000316inst1_path_129	GCF_004010755.1	0.5	1.0
3000316inst1_path_129	GCF_002902865.1	0.5	1.0
3000316inst1_path_129	GCF_002903405.1	0.5	1.0
3000316inst1_path_129	GCF_032193635.1	0.5	1.0
3000316inst1_path_129	GCF_019048665.1	0.5	1.0
3000316inst1_path_129	GCF_019046925.1	0.5	1.0
3000316inst1_path_129	GCF_032337455.1	0.9	1.0
3000316inst1_path_198	GCF_031611515.1	0.636	1.0
3000316inst1_path_198	GCF_004010755.1	0.636	1.0
3000316inst1_path_198	GCF_002902865.1	0.545	1.0
3000316inst1_path_198	GCF_002787395.1	0.636	0.993
3000316inst1_path_198	GCF_032193635.1	0.545	0.951
3000316inst1_path_198	GCF_032484315.1	0.727	0.998
3000316inst1_path_1	GCF_021869625.1	1.0	1.0
3000316inst1_path_1	GCF_008931465.1	1.0	1.0
3000316inst1_path_1	GCF_004010755.1	1.0	1.0
3000316inst1_path_1	GCF_029084745.1	0.8	1.0
3000316inst1_path_1	GCF_002902865.1	1.0	1.0
3000316inst1_path_1	GCF_002903405.1	1.0	1.0
3000316inst1_path_1	GCF_002934285.1	0.6	1.0
3000316inst1_path_1	GCF_032193635.1	1.0	1.0
3000316inst1_path_1	GCF_032460805.1	0.8	1.0
3000316inst1_path_1	GCF_032484315.1	0.6	1.0
3000316inst1_path_1	GCF_032460975.1	0.8	1.0
3000316inst1_path_1	GCF_019048665.1	1.0	1.0
3000316inst1_path_1	GCF_019046925.1	1.0	1.0
3000316inst1_path_1	GCF_032337455.1	1.0	1.0
3000316inst1_path_239	GCF_021869625.1	0.625	1.0
3000316inst1_path_239	GCF_008931465.1	0.625	1.0
3000316inst1_path_239	GCF_004010755.1	0.625	1.0
3000316inst1_path_239	GCF_024349785.1	0.5	1.0
3000316inst1_path_239	GCF_029084745.1	0.5	1.0
3000316inst1_path_239	GCF_002902865.1	0.625	1.0
3000316inst1_path_239	GCF_002903405.1	0.625	1.0
3000316inst1_path_239	GCF_032193635.1	0.625	1.0
3000316inst1_path_239	GCF_032460805.1	0.5	1.0
3000316inst1_path_239	GCF_032460975.1	0.5	1.0
3000316inst1_path_239	GCF_019048665.1	0.625	1.0
3000316inst1_path_239	GCF_019046925.1	0.625	1.0
3000316inst1_path_239	GCF_032337455.1	0.625	1.0
3000316inst1_path_280_trimmed	GCF_032369155.1	0.571	0.989
3000316inst1_path_280_trimmed	GCF_014490785.1	0.571	0.994
3000316inst1_path_280_trimmed	GCF_032484315.1	0.714	1.0
3000316inst1_path_357	GCF_021869625.1	0.625	1.0
3000316inst1_path_357	GCF_008931465.1	0.625	1.0
3000316inst1_path_357	GCF_004010755.1	0.625	1.0
3000316inst1_path_357	GCF_029084745.1	0.5	1.0
3000316inst1_path_357	GCF_002902865.1	0.625	1.0
3000316inst1_path_357	GCF_002903405.1	0.625	1.0
3000316inst1_path_357	GCF_032193635.1	0.625	1.0
3000316inst1_path_357	GCF_032460805.1	0.5	1.0
3000316inst1_path_357	GCF_032460975.1	0.5	1.0
3000316inst1_path_357	GCF_019048665.1	0.625	1.0
3000316inst1_path_357	GCF_019046925.1	0.625	1.0
3000316inst1_path_357	GCF_001563285.1	0.5	1.0
3000316inst1_path_357	GCF_032337455.1	0.625	1.0
3000316inst1_path_493	GCF_021869625.1	0.833	1.0
3000316inst1_path_493	GCF_008931465.1	0.833	1.0
3000316inst1_path_493	GCF_004010755.1	0.833	1.0
3000316inst1_path_493	GCF_029084745.1	0.667	1.0
3000316inst1_path_493	GCF_002902865.1	0.833	1.0
3000316inst1_path_493	GCF_002903405.1	0.833	1.0
3000316inst1_path_493	GCF_002934285.1	0.5	1.0
3000316inst1_path_493	GCF_032193635.1	0.833	1.0
3000316inst1_path_493	GCF_032460805.1	0.667	1.0
3000316inst1_path_493	GCF_032484315.1	0.5	1.0
3000316inst1_path_493	GCF_032460975.1	0.667	1.0
3000316inst1_path_493	GCF_019048665.1	0.833	1.0
3000316inst1_path_493	GCF_019046925.1	0.833	1.0
3000316inst1_path_493	GCF_032337455.1	0.833	1.0
3000391inst1_gene_seq	GCF_029667155.1	0.786	0.999
3000391inst1_gene_seq	GCF_030220105.1	0.857	1.0
3000391inst1_gene_seq	GCF_032464605.1	0.5	0.992
3000391inst1_gene_seq	GCF_032470315.1	0.643	0.991
3000391inst1_gene_seq	GCF_032468335.1	0.5	0.995
3000392inst1_gene_seq	GCF_918429175.1	0.596	1.0
3000392inst1_gene_seq	GCF_031626455.1	0.596	0.999
3000392inst1_gene_seq	GCF_030323745.1	0.596	0.999
3000410inst1_path_100	GCF_019856235.1	0.8	1.0
3000410inst1_path_100	GCF_012844345.1	0.8	1.0
3000410inst1_path_100	GCF_021283075.2	0.6	0.999
3000410inst1_path_100	GCF_030263955.1	0.6	1.0
3000410inst1_path_100	GCF_032461035.1	0.6	1.0
3000410inst1_path_100	GCF_025371035.1	0.6	1.0
3000410inst1_path_100	GCF_000263795.2	0.6	1.0
3000410inst1_path_100	GCF_024205665.1	0.6	0.999
3000410inst1_path_100	GCF_024266725.1	0.8	1.0
3000410inst1_path_100	GCF_004010755.1	0.6	0.998
3000410inst1_path_100	GCF_030411935.1	0.6	1.0
3000410inst1_path_100	GCF_001722355.1	0.6	1.0
3000410inst1_path_100	GCF_030296995.1	0.6	1.0
3000410inst1_path_100	GCF_018223845.1	0.6	1.0
3000410inst1_path_100	GCF_029084745.1	0.6	1.0
3000410inst1_path_100	GCF_002787395.1	0.6	1.0
3000410inst1_path_100	GCF_002903405.1	0.6	1.0
3000410inst1_path_100	GCF_001997295.1	0.6	1.0
3000410inst1_path_100	GCF_032027445.1	0.8	1.0
3000410inst1_path_100	GCF_031844645.1	1.0	0.992
3000410inst1_path_100	GCF_002753995.1	0.8	1.0
3000410inst1_path_100	GCF_030344915.1	0.8	1.0
3000410inst1_path_100	GCF_032113295.1	0.6	1.0
3000410inst1_path_100	GCF_023546785.1	0.6	1.0
3000410inst1_path_100	GCF_016584135.1	0.6	1.0
3000410inst1_path_100	GCF_928381455.1	0.6	1.0
3000410inst1_path_100	GCF_001856665.1	0.6	1.0
3000410inst1_path_100	GCF_004022565.1	0.8	1.0
3000410inst1_path_100	GCF_900343145.1	0.6	1.0
3000410inst1_path_100	GCF_023277365.1	0.6	1.0
3000410inst1_path_100	GCF_028553725.1	0.6	1.0
3000410inst1_path_100	GCF_032193635.1	0.6	1.0
3000410inst1_path_100	GCF_030687795.1	0.6	1.0
3000410inst1_path_100	GCF_029836375.1	0.6	1.0
3000410inst1_path_100	GCF_002953115.1	0.8	1.0
3000410inst1_path_100	GCF_021117075.1	0.6	1.0
3000410inst1_path_100	GCF_032337455.1	0.6	0.998
3000410inst1_path_100	GCF_032112525.1	0.6	1.0
3000410inst1_path_100	GCF_027947635.1	0.8	1.0
3000410inst1_path_100	GCF_027595145.1	0.8	1.0
3000410inst1_path_106	GCF_019856235.1	0.8	1.0
3000410inst1_path_106	GCF_030296995.1	0.6	1.0
3000410inst1_path_10	GCF_031119035.1	0.75	0.998
3000410inst1_path_10	GCF_030329385.1	0.75	1.0
3000410inst1_path_10	GCF_024266725.1	0.75	1.0
3000410inst1_path_10	GCF_004010755.1	0.75	1.0
3000410inst1_path_10	GCF_032301015.1	1.0	1.0
3000410inst1_path_10	GCF_030296995.1	1.0	1.0
3000410inst1_path_10	GCF_016916895.1	0.75	1.0
3000410inst1_path_10	GCF_032464185.1	1.0	1.0
3000410inst1_path_10	GCF_002787395.1	0.75	1.0
3000410inst1_path_10	GCF_002753995.1	0.75	1.0
3000410inst1_path_10	GCF_928381455.1	0.75	1.0
3000410inst1_path_10	GCF_900343145.1	0.75	1.0
3000410inst1_path_10	GCF_032193635.1	0.75	1.0
3000410inst1_path_10	GCF_032460975.1	0.75	1.0
3000410inst1_path_10	GCF_002953115.1	0.75	1.0
3000410inst1_path_10	GCF_032337455.1	0.75	1.0
3000410inst1_path_10	GCF_032112525.1	0.75	1.0
3000410inst1_path_10	GCF_027595145.1	0.75	1.0
3000410inst1_path_121	GCF_015040095.1	0.5	0.99
3000410inst1_path_121	GCF_001643015.1	0.75	0.997
3000410inst1_path_121	GCF_009734385.1	0.625	0.989
3000410inst1_path_121	GCF_031844645.1	0.5	1.0
3000410inst1_path_121	GCF_021117075.1	0.5	0.998
3000410inst1_path_121	GCF_032112525.1	0.75	0.848
3000410inst1_path_154	GCF_019856235.1	0.75	0.998
3000410inst1_path_154	GCF_012844345.1	0.5	0.997
3000410inst1_path_154	GCF_021869625.1	0.5	0.969
3000410inst1_path_154	GCF_032301015.1	0.5	1.0
3000410inst1_path_154	GCF_030296995.1	0.75	0.987
3000410inst1_path_154	GCF_029084745.1	0.5	0.992
3000410inst1_path_154	GCF_032464185.1	0.75	1.0
3000410inst1_path_154	GCF_032490415.1	0.375	0.998
3000410inst1_path_154	GCF_029542345.1	0.75	0.811
3000410inst1_path_154	GCF_030344915.1	0.625	0.996
3000410inst1_path_154	GCF_016599735.1	0.5	0.969
3000410inst1_path_154	GCF_019046925.1	0.5	1.0
3000410inst1_path_154	GCF_027947635.1	0.5	0.986
3000410inst1_path_154	GCF_027595145.1	0.5	0.984
3000410inst1_path_21	GCF_021283075.2	0.556	1.0
3000410inst1_path_21	GCF_002934425.1	0.444	0.992
3000410inst1_path_21	GCF_008931465.1	0.556	0.987
3000410inst1_path_21	GCF_032027445.1	0.556	1.0
3000410inst1_path_21	GCF_031844645.1	0.556	1.0
3000410inst1_path_21	GCF_029542345.1	0.667	0.918
3000410inst1_path_21	GCF_002953115.1	0.556	1.0
3000410inst1_path_21	GCF_032337455.1	0.667	0.941
3000410inst1_path_21	GCF_032112525.1	0.667	0.968
3000410inst1_path_21	GCF_027947635.1	0.556	1.0
3000410inst1_path_21	GCF_027595145.1	0.667	0.976
3000410inst1_path_63	GCF_019856235.1	0.812	0.989
3000410inst1_path_63	GCF_026735415.2	0.438	0.964
3000410inst1_path_63	GCF_032460765.1	0.562	0.993
3000410inst1_path_63	GCF_030296995.1	0.688	0.998
3000410inst1_path_63	GCF_032464185.1	0.812	0.987
3000410inst1_path_63	GCF_031844645.1	0.875	0.928
3000410inst1_path_63	GCF_032460805.1	0.438	0.996
3000410inst1_path_73_trimmed	GCF_019856235.1	1.0	1.0
3000410inst1_path_73_trimmed	GCF_021869625.1	1.0	1.0
3000410inst1_path_73_trimmed	GCF_032301015.1	1.0	1.0
3000410inst1_path_73_trimmed	GCF_032460765.1	1.0	1.0
3000410inst1_path_73_trimmed	GCF_030296995.1	1.0	1.0
3000410inst1_path_73_trimmed	GCF_031630315.1	1.0	1.0
3000410inst1_path_73_trimmed	GCF_032464185.1	1.0	1.0
3000410inst1_path_73_trimmed	GCF_029542345.1	1.0	1.0
3000410inst1_path_73_trimmed	GCF_016599735.1	1.0	1.0
3000410inst1_path_83	GCF_019856235.1	0.5	0.988
3000410inst1_path_83	GCF_021869625.1	0.75	0.983
3000410inst1_path_83	GCF_031844645.1	0.75	1.0
3000410inst1_path_83	GCF_029542345.1	0.5	0.987
3000410inst1_path_83	GCF_016599735.1	0.75	0.983
3000410inst1_path_94	GCF_019856235.1	0.714	0.962
3000410inst1_path_94	GCF_021869625.1	0.571	0.989
3000410inst1_path_94	GCF_031844645.1	0.857	0.998
3000410inst1_path_94	GCF_029542345.1	0.714	0.994
3000410inst1_path_94	GCF_016599735.1	0.571	0.989
3000412inst1_path_107	GCF_032290465.1	0.714	0.992
3000412inst1_path_107	GCF_009734385.1	0.571	0.984
3000412inst1_path_107	GCF_027941835.1	0.571	0.995
3000412inst1_path_107	GCF_002787395.1	0.714	0.992
3000412inst1_path_107	GCF_030329235.1	0.714	0.909
3000412inst1_path_107	GCF_031236015.1	0.571	0.991
3000412inst1_path_107	GCF_016599735.1	0.714	0.992
3000412inst1_path_107	GCF_032484315.1	0.571	0.989
3000412inst1_path_107	GCF_019046925.1	0.571	0.992
3000412inst1_path_112	GCF_032484315.1	0.556	1.0
3000412inst1_path_149	GCF_030295155.1	0.545	1.0
3000412inst1_path_19_trimmed	GCF_015767575.1	0.667	0.989
3000412inst1_path_19_trimmed	GCF_024730645.1	0.833	0.991
3000412inst1_path_19_trimmed	GCF_030345985.1	0.833	0.991
3000412inst1_path_19_trimmed	GCF_030582555.1	0.833	0.992
3000412inst1_path_19_trimmed	GCF_028745705.1	0.667	0.998
3000412inst1_path_19_trimmed	GCF_026410125.1	0.5	0.993
3000412inst1_path_19_trimmed	GCF_003293715.1	0.5	1.0
3000412inst1_path_19_trimmed	GCF_032335615.1	0.5	0.994
3000412inst1_path_19_trimmed	GCF_014489535.1	0.833	0.994
3000412inst1_path_19_trimmed	GCF_022807955.1	0.833	0.936
3000412inst1_path_19_trimmed	GCF_026616255.1	0.5	0.995
3000412inst1_path_19_trimmed	GCF_001262075.1	0.833	0.992
3000412inst1_path_19_trimmed	GCF_002261365.1	0.5	1.0
3000412inst1_path_19_trimmed	GCF_003366075.1	0.667	0.91
3000412inst1_path_19_trimmed	GCF_003051885.1	0.667	1.0
3000412inst1_path_19_trimmed	GCF_018437695.1	0.833	0.991
3000412inst1_path_19_trimmed	GCF_015291765.1	0.667	1.0
3000412inst1_path_19_trimmed	GCF_030864135.1	0.833	0.99
3000412inst1_path_19_trimmed	GCF_030149145.1	0.667	0.996
3000412inst1_path_19_trimmed	GCF_030060905.1	0.667	0.99
3000412inst1_path_19_trimmed	GCF_011388215.1	0.833	0.991
3000412inst1_path_19_trimmed	GCF_022647505.1	0.667	0.992
3000412inst1_path_19_trimmed	GCF_002407485.1	0.667	0.994
3000412inst1_path_360	GCF_032290465.1	0.6	1.0
3000412inst1_path_360	GCF_026167605.1	0.6	0.994
3000412inst1_path_360	GCF_029084745.1	0.6	1.0
3000412inst1_path_360	GCF_950293265.1	0.6	1.0
3000412inst1_path_360	GCF_002787395.1	0.8	0.991
3000412inst1_path_360	GCF_010092425.1	0.6	0.991
3000412inst1_path_360	GCF_003355005.1	0.8	0.908
3000412inst1_path_360	GCF_032484315.1	0.6	1.0
3000412inst1_path_360	GCF_030316235.1	0.6	1.0
3000412inst1_path_360	GCF_024137865.1	0.8	0.994
3000412inst1_path_396	GCF_001620265.1	0.632	1.0
3000412inst1_path_438	GCF_030295155.1	0.833	1.0
3000412inst1_path_438	GCF_030520125.1	0.5	1.0
3000412inst1_path_438	GCF_026167605.1	0.5	0.994
3000412inst1_path_438	GCF_029084745.1	0.5	1.0
3000412inst1_path_438	GCF_950293265.1	0.5	1.0
3000412inst1_path_438	GCF_018388565.1	0.833	1.0
3000412inst1_path_438	GCF_016599735.1	0.833	0.995
3000412inst1_path_438	GCF_010092425.1	0.5	0.991
3000412inst1_path_438	GCF_003355005.1	0.667	0.908
3000412inst1_path_438	GCF_032484315.1	0.5	1.0
3000412inst1_path_438	GCF_030316235.1	0.5	1.0
3000412inst1_path_438	GCF_024137865.1	0.833	0.974
3000412inst1_path_82	GCF_032290465.1	0.5	0.992
3000412inst1_path_82	GCF_008931465.1	0.5	0.995
3000412inst1_path_82	GCF_004010755.1	0.5	0.994
3000412inst1_path_82	GCF_029084745.1	0.5	0.992
3000412inst1_path_82	GCF_002787395.1	0.625	0.991
3000412inst1_path_82	GCF_018388565.1	0.625	0.992
3000412inst1_path_82	GCF_004684345.1	0.625	0.992
3000412inst1_path_82	GCF_003355005.1	0.75	0.91
3000412inst1_path_82	GCF_019046925.1	0.5	0.999
3000412inst1_path_82	GCF_024137865.1	0.625	0.994
3000413inst1_path_60_trimmed	GCF_032248775.1	0.857	0.883
3000413inst1_path_60_trimmed	GCF_027595145.1	0.571	0.992
3000444inst1_gene_seq	GCF_028622875.1	0.8	1.0
3000478inst1_gene_seq	GCF_031458175.1	0.857	1.0
3000478inst1_gene_seq	GCF_016916895.1	0.571	1.0
3000478inst1_gene_seq	GCF_027594385.1	0.571	1.0
3000501inst1_path_65	GCF_002009255.1	1.0	1.0
3000501inst1_path_65	GCF_014899185.1	1.0	1.0
3000501inst1_path_65	GCF_030286045.1	1.0	1.0
3000501inst1_path_65	GCF_015767575.1	1.0	1.0
3000501inst1_path_65	GCF_011039955.1	1.0	1.0
3000501inst1_path_65	GCF_029028125.1	1.0	1.0
3000501inst1_path_65	GCF_022651825.1	1.0	1.0
3000501inst1_path_65	GCF_000170775.1	1.0	1.0
3000501inst1_path_65	GCF_011604665.1	1.0	1.0
3000501inst1_path_65	GCF_001708505.1	1.0	1.0
3000501inst1_path_65	GCF_025144145.1	1.0	1.0
3000501inst1_path_65	GCF_025141935.1	1.0	1.0
3000501inst1_path_65	GCF_018734325.1	1.0	1.0
3000501inst1_path_65	GCF_021611515.1	1.0	1.0
3000501inst1_path_65	GCF_000877815.1	1.0	1.0
3000501inst1_path_65	GCF_003086815.1	1.0	1.0
3000501inst1_path_65	GCF_009906855.1	1.0	1.0
3000501inst1_path_65	GCF_009938015.1	1.0	1.0
3000501inst1_path_65	GCF_902470945.1	1.0	1.0
3000501inst1_path_65	GCF_000772045.1	1.0	1.0
3000501inst1_path_65	GCF_017377875.1	1.0	1.0
3000501inst1_path_65	GCF_009739515.1	1.0	0.999
3000501inst1_path_65	GCF_008329645.1	1.0	0.995
3000501inst1_path_65	GCF_009914055.1	1.0	1.0
3000501inst1_path_65	GCF_015694455.1	1.0	0.999
3000501inst1_path_65	GCF_013423785.1	1.0	1.0
3000501inst1_path_65	GCF_009685175.1	1.0	1.0
3000501inst1_path_65	GCF_024730645.1	1.0	1.0
3000501inst1_path_65	GCF_008704495.1	1.0	1.0
3000501inst1_path_65	GCF_031884335.1	1.0	1.0
3000501inst1_path_65	GCF_029667155.1	1.0	0.999
3000501inst1_path_65	GCF_018138145.1	1.0	1.0
3000501inst1_path_65	GCF_029537255.1	1.0	1.0
3000501inst1_path_65	GCF_001622165.1	1.0	1.0
3000501inst1_path_65	GCF_004751985.1	1.0	1.0
3000501inst1_path_65	GCF_019930545.1	1.0	0.999
3000501inst1_path_65	GCF_017377395.1	1.0	1.0
3000501inst1_path_65	GCF_003008535.1	1.0	1.0
3000501inst1_path_65	GCF_008370855.1	1.0	0.998
3000501inst1_path_65	GCF_008330225.1	1.0	1.0
3000501inst1_path_65	GCF_000758705.1	1.0	0.999
3000501inst1_path_65	GCF_000402035.1	1.0	1.0
3000501inst1_path_65	GCF_018324385.1	1.0	1.0
3000501inst1_path_65	GCF_030408855.1	1.0	0.999
3000501inst1_path_65	GCF_008329985.2	1.0	1.0
3000501inst1_path_65	GCF_900249875.1	1.0	1.0
3000501inst1_path_65	GCF_002022565.1	1.0	1.0
3000501inst1_path_65	GCF_021496785.1	1.0	1.0
3000501inst1_path_65	GCF_000023105.1	1.0	1.0
3000501inst1_path_65	GCF_007679965.1	1.0	1.0
3000501inst1_path_65	GCF_026153515.1	1.0	1.0
3000501inst1_path_65	GCF_007859635.1	1.0	0.993
3000501inst1_path_65	GCF_008807415.1	1.0	1.0
3000501inst1_path_65	GCF_900231165.1	1.0	1.0
3000501inst1_path_65	GCF_028680155.1	1.0	1.0
3000501inst1_path_65	GCF_009734405.1	1.0	0.999
3000501inst1_path_65	GCF_027925145.1	1.0	1.0
3000501inst1_path_65	GCF_030384605.1	1.0	1.0
3000501inst1_path_65	GCF_011524325.1	1.0	0.999
3000501inst1_path_65	GCF_019731555.1	1.0	0.997
3000501inst1_path_65	GCF_013426915.1	1.0	1.0
3000501inst1_path_65	GCF_025821765.1	1.0	0.996
3000501inst1_path_65	GCF_023733635.1	1.0	1.0
3000501inst1_path_65	GCF_030520245.1	1.0	1.0
3000501inst1_path_65	GCF_002600635.1	1.0	1.0
3000501inst1_path_65	GCF_009177135.1	1.0	1.0
3000501inst1_path_65	GCF_032074285.1	1.0	1.0
3000501inst1_path_65	GCF_023278545.1	1.0	1.0
3000501inst1_path_65	GCF_031119035.1	1.0	1.0
3000501inst1_path_65	GCF_000177655.2	1.0	1.0
3000501inst1_path_65	GCF_029763995.1	1.0	1.0
3000501inst1_path_65	GCF_014171475.1	1.0	0.996
3000501inst1_path_65	GCF_025908395.1	1.0	1.0
3000501inst1_path_65	GCF_025821345.1	1.0	0.995
3000501inst1_path_65	GCF_030483885.1	1.0	1.0
3000501inst1_path_65	GCF_023168325.1	1.0	0.999
3000501inst1_path_65	GCF_007633355.1	1.0	1.0
3000501inst1_path_65	GCF_031757035.1	1.0	1.0
3000501inst1_path_65	GCF_032111865.1	1.0	1.0
3000501inst1_path_65	GCF_027497395.1	1.0	1.0
3000501inst1_path_65	GCF_030147785.1	1.0	1.0
3000501inst1_path_65	GCF_011044495.1	1.0	1.0
3000501inst1_path_65	GCF_030644265.1	1.0	1.0
3000501inst1_path_65	GCF_011046735.1	1.0	1.0
3000501inst1_path_65	GCF_003019985.1	1.0	0.999
3000501inst1_path_65	GCF_000017505.1	1.0	1.0
3000501inst1_path_65	GCF_026428275.1	1.0	1.0
3000501inst1_path_65	GCF_001687605.2	1.0	0.999
3000501inst1_path_65	GCF_013234275.1	1.0	1.0
3000501inst1_path_65	GCF_000021765.1	1.0	1.0
3000501inst1_path_65	GCF_004216475.1	1.0	1.0
3000501inst1_path_65	GCF_011044255.1	1.0	0.996
3000501inst1_path_65	GCF_017161115.1	1.0	1.0
3000501inst1_path_65	GCF_003111765.1	1.0	1.0
3000501inst1_path_65	GCF_019880305.1	1.0	1.0
3000501inst1_path_65	GCF_030766965.1	1.0	1.0
3000501inst1_path_65	GCF_031454515.1	1.0	1.0
3000501inst1_path_65	GCF_032075085.1	1.0	1.0
3000501inst1_path_65	GCF_002949085.1	1.0	1.0
3000501inst1_path_65	GCF_000262695.1	1.0	1.0
3000501inst1_path_65	GCF_003261055.1	1.0	1.0
3000501inst1_path_65	GCF_025141175.1	1.0	1.0
3000501inst1_path_65	GCF_027497375.1	1.0	1.0
3000501inst1_path_65	GCF_030435155.1	1.0	1.0
3000501inst1_path_65	GCF_016894385.1	1.0	1.0
3000501inst1_path_65	GCF_014931565.1	1.0	1.0
3000501inst1_path_65	GCF_003544895.1	1.0	1.0
3000501inst1_path_65	GCF_014644735.1	1.0	1.0
3000501inst1_path_65	GCF_023169945.1	1.0	1.0
3000501inst1_path_65	GCF_000212415.1	1.0	0.999
3000501inst1_path_65	GCF_031192345.1	1.0	1.0
3000501inst1_path_65	GCF_014191545.1	1.0	1.0
3000501inst1_path_65	GCF_007679425.1	1.0	1.0
3000501inst1_path_65	GCF_007991115.1	1.0	1.0
3000501inst1_path_65	GCF_023243115.1	1.0	1.0
3000501inst1_path_65	GCF_002288525.1	1.0	1.0
3000501inst1_path_65	GCF_022832715.1	1.0	1.0
3000501inst1_path_65	GCF_029674625.1	1.0	1.0
3000501inst1_path_65	GCF_007874125.1	1.0	1.0
3000501inst1_path_65	GCF_030505175.1	1.0	1.0
3000501inst1_path_65	GCF_003254375.1	1.0	1.0
3000501inst1_path_65	GCF_030297175.1	1.0	1.0
3000501inst1_path_65	GCF_916618745.1	1.0	1.0
3000501inst1_path_65	GCF_026811385.1	1.0	1.0
3000501inst1_path_65	GCF_018860385.1	1.0	1.0
3000501inst1_path_65	GCF_017577685.1	1.0	1.0
3000501inst1_path_65	GCF_004795715.1	1.0	1.0
3000501inst1_path_65	GCF_029581255.1	1.0	1.0
3000501inst1_path_65	GCF_022374935.2	1.0	0.997
3000501inst1_path_65	GCF_003402535.2	1.0	1.0
3000501inst1_path_65	GCF_030758295.1	1.0	1.0
3000501inst1_path_65	GCF_001263175.1	1.0	1.0
3000501inst1_path_65	GCF_009676825.1	1.0	1.0
3000501inst1_path_65	GCF_032208645.1	1.0	1.0
3000501inst1_path_65	GCF_020782145.1	1.0	1.0
3000501inst1_path_65	GCF_963523625.1	1.0	0.994
3000501inst1_path_65	GCF_002009335.2	1.0	1.0
3000501inst1_path_65	GCF_027925125.1	1.0	1.0
3000501inst1_path_65	GCF_025666195.1	1.0	1.0
3000501inst1_path_65	GCF_023373785.1	1.0	1.0
3000501inst1_path_65	GCF_030345985.1	1.0	1.0
3000501inst1_path_65	GCF_001530125.1	1.0	1.0
3000501inst1_path_65	GCF_026427775.1	1.0	0.999
3000501inst1_path_65	GCF_002995535.1	1.0	1.0
3000501inst1_path_65	GCF_016406165.1	1.0	1.0
3000501inst1_path_65	GCF_024810035.1	1.0	1.0
3000501inst1_path_65	GCF_000155675.2	1.0	1.0
3000501inst1_path_65	GCF_024749125.1	1.0	1.0
3000501inst1_path_65	GCF_028747985.1	1.0	0.999
3000501inst1_path_65	GCF_028553745.1	1.0	1.0
3000501inst1_path_65	GCF_001545155.1	1.0	1.0
3000501inst1_path_65	GCF_030385105.1	1.0	1.0
3000501inst1_path_65	GCF_014203625.1	1.0	1.0
3000501inst1_path_65	GCF_030406845.1	1.0	1.0
3000501inst1_path_65	GCF_023096355.1	1.0	0.999
3000501inst1_path_65	GCF_000233715.2	1.0	1.0
3000501inst1_path_65	GCF_009688945.1	1.0	1.0
3000501inst1_path_65	GCF_000497445.1	1.0	1.0
3000501inst1_path_65	GCF_963378095.1	1.0	0.996
3000501inst1_path_65	GCF_028752095.1	1.0	1.0
3000501inst1_path_65	GCF_006542395.2	1.0	1.0
3000501inst1_path_65	GCF_026226235.1	1.0	1.0
3000501inst1_path_65	GCF_900070355.1	1.0	0.997
3000501inst1_path_65	GCF_007641255.1	1.0	1.0
3000501inst1_path_65	GCF_020923435.1	1.0	1.0
3000501inst1_path_65	GCF_000817955.1	1.0	1.0
3000501inst1_path_65	GCF_032335655.1	1.0	1.0
3000501inst1_path_65	GCF_901827175.1	1.0	1.0
3000501inst1_path_65	GCF_017948265.1	1.0	1.0
3000501inst1_path_65	GCF_902374455.1	1.0	1.0
3000501inst1_path_65	GCF_026340135.1	1.0	1.0
3000501inst1_path_65	GCF_019856235.1	1.0	1.0
3000501inst1_path_65	GCF_000735125.2	1.0	1.0
3000501inst1_path_65	GCF_002163715.1	1.0	1.0
3000501inst1_path_65	GCF_029910075.1	1.0	1.0
3000501inst1_path_65	GCF_018336475.1	1.0	1.0
3000501inst1_path_65	GCF_958366315.1	1.0	0.996
3000501inst1_path_65	GCF_024206795.1	1.0	1.0
3000501inst1_path_65	GCF_012277275.1	1.0	1.0
3000501inst1_path_65	GCF_000244895.1	1.0	1.0
3000501inst1_path_65	GCF_024328335.1	1.0	1.0
3000501inst1_path_65	GCF_029855125.1	1.0	1.0
3000501inst1_path_65	GCF_014883915.1	1.0	0.999
3000501inst1_path_65	GCF_002056295.1	1.0	1.0
3000501inst1_path_65	GCF_009664225.1	1.0	1.0
3000501inst1_path_65	GCF_019665785.1	1.0	1.0
3000501inst1_path_65	GCF_013378075.1	1.0	0.997
3000501inst1_path_65	GCF_001523745.2	1.0	1.0
3000501inst1_path_65	GCF_021391535.1	1.0	1.0
3000501inst1_path_65	GCF_009002475.1	1.0	1.0
3000501inst1_path_65	GCF_023746535.1	1.0	1.0
3000501inst1_path_65	GCF_025999835.1	1.0	0.997
3000501inst1_path_65	GCF_007018905.1	1.0	1.0
3000501inst1_path_65	GCF_030515855.1	1.0	0.999
3000501inst1_path_65	GCF_030440425.1	1.0	1.0
3000501inst1_path_65	GCF_025598485.1	1.0	1.0
3000501inst1_path_65	GCF_900142895.1	1.0	1.0
3000501inst1_path_65	GCF_003627755.1	1.0	1.0
3000501inst1_path_65	GCF_027594865.1	1.0	1.0
3000501inst1_path_65	GCF_025821605.1	1.0	0.996
3000501inst1_path_65	GCF_024204645.1	1.0	1.0
3000501inst1_path_65	GCF_003258605.2	1.0	1.0
3000501inst1_path_65	GCF_030217125.1	1.0	0.999
3000501inst1_path_65	GCF_000758605.1	1.0	0.999
3000501inst1_path_65	GCF_025141525.1	1.0	1.0
3000501inst1_path_65	GCF_029338815.1	1.0	1.0
3000501inst1_path_65	GCF_020520285.1	1.0	1.0
3000501inst1_path_65	GCF_006337125.1	1.0	1.0
3000501inst1_path_65	GCF_021405555.1	1.0	1.0
3000501inst1_path_65	GCF_016925495.1	1.0	1.0
3000501inst1_path_65	GCF_018279165.1	1.0	1.0
3000501inst1_path_65	GCF_030268845.1	1.0	1.0
3000501inst1_path_65	GCF_028609865.1	1.0	0.997
3000501inst1_path_65	GCF_028473665.1	1.0	0.995
3000501inst1_path_65	GCF_032026905.1	1.0	1.0
3000501inst1_path_65	GCF_016899445.1	1.0	1.0
3000501inst1_path_65	GCF_012849555.1	1.0	1.0
3000501inst1_path_65	GCF_013344685.1	1.0	0.996
3000501inst1_path_65	GCF_000092385.1	1.0	1.0
3000501inst1_path_65	GCF_030015065.1	1.0	1.0
3000501inst1_path_65	GCF_029229485.1	1.0	1.0
3000501inst1_path_65	GCF_004006095.1	1.0	1.0
3000501inst1_path_65	GCF_023714245.1	1.0	0.999
3000501inst1_path_65	GCF_024981055.1	1.0	1.0
3000501inst1_path_65	GCF_900215155.1	1.0	1.0
3000501inst1_path_65	GCF_030505375.1	1.0	1.0
3000501inst1_path_65	GCF_014168815.1	1.0	1.0
3000501inst1_path_65	GCF_031324195.1	1.0	1.0
3000501inst1_path_65	GCF_030450055.1	1.0	1.0
3000501inst1_path_65	GCF_028370115.1	1.0	1.0
3000501inst1_path_65	GCF_024498955.1	1.0	1.0
3000501inst1_path_65	GCF_030556675.1	1.0	1.0
3000501inst1_path_65	GCF_013374995.1	1.0	1.0
3000501inst1_path_65	GCF_028816475.1	1.0	1.0
3000501inst1_path_65	GCF_963528185.1	1.0	1.0
3000501inst1_path_65	GCF_013343005.1	1.0	1.0
3000501inst1_path_65	GCF_963522585.1	1.0	1.0
3000501inst1_path_65	GCF_023512925.1	1.0	1.0
3000501inst1_path_65	GCF_019976975.1	1.0	0.997
3000501inst1_path_65	GCF_020447305.1	1.0	1.0
3000501inst1_path_65	GCF_000213255.1	1.0	1.0
3000501inst1_path_65	GCF_017526105.1	1.0	1.0
3000501inst1_path_65	GCF_013836145.1	1.0	1.0
3000501inst1_path_65	GCF_017614965.1	1.0	1.0
3000501inst1_path_65	GCF_012273515.1	1.0	1.0
3000501inst1_path_65	GCF_019669985.1	1.0	1.0
3000501inst1_path_65	GCF_003611275.1	1.0	1.0
3000501inst1_path_65	GCF_008801375.1	1.0	1.0
3000501inst1_path_65	GCF_014171595.1	1.0	1.0
3000501inst1_path_65	GCF_030687475.1	1.0	1.0
3000501inst1_path_65	GCF_031457625.1	1.0	0.999
3000501inst1_path_65	GCF_025398735.1	1.0	1.0
3000501inst1_path_65	GCF_002002905.1	1.0	1.0
3000501inst1_path_65	GCF_021560055.1	1.0	1.0
3000501inst1_path_65	GCF_029850805.1	1.0	1.0
3000501inst1_path_65	GCF_014843375.1	1.0	1.0
3000501inst1_path_65	GCF_025144465.1	1.0	1.0
3000501inst1_path_65	GCF_001412595.2	1.0	1.0
3000501inst1_path_65	GCF_006351965.1	1.0	1.0
3000501inst1_path_65	GCF_000302535.1	1.0	1.0
3000501inst1_path_65	GCF_030505635.1	1.0	1.0
3000501inst1_path_65	GCF_026898115.1	1.0	1.0
3000501inst1_path_65	GCF_019977255.1	1.0	0.998
3000501inst1_path_65	GCF_963529355.1	1.0	1.0
3000501inst1_path_65	GCF_000092945.1	1.0	0.998
3000501inst1_path_65	GCF_014650935.1	1.0	1.0
3000501inst1_path_65	GCF_029906565.1	1.0	1.0
3000501inst1_path_65	GCF_031500285.1	1.0	1.0
3000501inst1_path_65	GCF_017311125.1	1.0	1.0
3000501inst1_path_65	GCF_001854405.1	1.0	1.0
3000501inst1_path_65	GCF_020880215.1	1.0	1.0
3000501inst1_path_65	GCF_030846775.1	1.0	1.0
3000501inst1_path_65	GCF_000801755.2	1.0	1.0
3000501inst1_path_65	GCF_022647665.1	1.0	1.0
3000501inst1_path_65	GCF_004153505.1	1.0	1.0
3000501inst1_path_65	GCF_000186345.1	1.0	0.999
3000501inst1_path_65	GCF_030687535.1	1.0	1.0
3000501inst1_path_65	GCF_024749085.1	1.0	1.0
3000501inst1_path_65	GCF_016836745.1	1.0	1.0
3000501inst1_path_65	GCF_028621875.1	1.0	1.0
3000501inst1_path_65	GCF_019614655.1	1.0	1.0
3000501inst1_path_65	GCF_030323185.1	1.0	1.0
3000501inst1_path_65	GCF_003173775.1	1.0	1.0
3000501inst1_path_65	GCF_012844345.1	1.0	1.0
3000501inst1_path_65	GCF_011057975.1	1.0	0.996
3000501inst1_path_65	GCF_023100985.1	1.0	1.0
3000501inst1_path_65	GCF_017939665.1	1.0	1.0
3000501inst1_path_65	GCF_010365285.1	1.0	1.0
3000501inst1_path_65	GCF_003345255.1	1.0	1.0
3000501inst1_path_65	GCF_014217605.1	1.0	0.994
3000501inst1_path_65	GCF_009931615.1	1.0	1.0
3000501inst1_path_65	GCF_030165025.1	1.0	1.0
3000501inst1_path_65	GCF_015992245.1	1.0	1.0
3000501inst1_path_65	GCF_014640575.1	1.0	0.999
3000501inst1_path_65	GCF_914271535.1	1.0	1.0
3000501inst1_path_65	GCF_015832135.1	1.0	1.0
3000501inst1_path_65	GCF_032193475.1	1.0	1.0
3000501inst1_path_65	GCF_022846435.1	1.0	1.0
3000501inst1_path_65	GCF_000214395.1	1.0	1.0
3000501inst1_path_65	GCF_013307435.2	1.0	1.0
3000501inst1_path_65	GCF_019139895.1	1.0	1.0
3000501inst1_path_65	GCF_000058485.1	1.0	1.0
3000501inst1_path_65	GCF_028771845.1	1.0	1.0
3000501inst1_path_65	GCF_001590685.1	1.0	1.0
3000501inst1_path_65	GCF_000024325.1	1.0	1.0
3000501inst1_path_65	GCF_020181635.1	1.0	0.998
3000501inst1_path_65	GCF_018982885.2	1.0	1.0
3000501inst1_path_65	GCF_000801295.1	1.0	1.0
3000501inst1_path_65	GCF_020524355.2	1.0	0.999
3000501inst1_path_65	GCF_021283075.2	1.0	1.0
3000501inst1_path_65	GCF_009857135.1	1.0	1.0
3000501inst1_path_65	GCF_027924905.1	1.0	1.0
3000501inst1_path_65	GCF_019977275.1	1.0	0.998
3000501inst1_path_65	GCF_022760275.1	1.0	1.0
3000501inst1_path_65	GCF_001644575.1	1.0	0.999
3000501inst1_path_65	GCF_003367355.1	1.0	1.0
3000501inst1_path_65	GCF_025266735.1	1.0	1.0
3000501inst1_path_65	GCF_025821405.1	1.0	0.996
3000501inst1_path_65	GCF_022374895.2	1.0	0.996
3000501inst1_path_65	GCF_000020525.1	1.0	1.0
3000501inst1_path_65	GCF_023130505.1	1.0	1.0
3000501inst1_path_65	GCF_002080455.1	1.0	1.0
3000501inst1_path_65	GCF_016918765.2	1.0	1.0
3000501inst1_path_65	GCF_003952565.1	1.0	1.0
3000501inst1_path_65	GCF_030127025.1	1.0	1.0
3000501inst1_path_65	GCF_013364375.1	1.0	1.0
3000501inst1_path_65	GCF_014656155.1	1.0	1.0
3000501inst1_path_65	GCF_017309975.1	1.0	1.0
3000501inst1_path_65	GCF_003408635.1	1.0	1.0
3000501inst1_path_65	GCF_003851745.1	1.0	1.0
3000501inst1_path_65	GCF_900129425.1	1.0	1.0
3000501inst1_path_65	GCF_019599145.1	1.0	1.0
3000501inst1_path_65	GCF_015034585.1	1.0	1.0
3000501inst1_path_65	GCF_022809775.1	1.0	1.0
3000501inst1_path_65	GCF_007981265.1	1.0	1.0
3000501inst1_path_65	GCF_021432765.1	1.0	1.0
3000501inst1_path_65	GCF_026342745.1	1.0	1.0
3000501inst1_path_65	GCF_022807995.1	1.0	1.0
3000501inst1_path_65	GCF_030848725.1	1.0	1.0
3000501inst1_path_65	GCF_030518815.1	1.0	1.0
3000501inst1_path_65	GCF_027924845.1	1.0	1.0
3000501inst1_path_65	GCF_026016445.1	1.0	1.0
3000501inst1_path_65	GCF_000764535.1	1.0	0.997
3000501inst1_path_65	GCF_002028385.1	1.0	1.0
3000501inst1_path_65	GCF_019112525.1	1.0	1.0
3000501inst1_path_65	GCF_020026305.1	1.0	1.0
3000501inst1_path_65	GCF_032109785.1	1.0	1.0
3000501inst1_path_65	GCF_026810445.1	1.0	1.0
3000501inst1_path_65	GCF_030687395.1	1.0	1.0
3000501inst1_path_65	GCF_032061605.1	1.0	1.0
3000501inst1_path_65	GCF_006517235.1	1.0	0.998
3000501inst1_path_65	GCF_000189755.2	1.0	1.0
3000501inst1_path_65	GCF_006064855.1	1.0	1.0
3000501inst1_path_65	GCF_007745175.1	1.0	1.0
3000501inst1_path_65	GCF_002813775.1	1.0	1.0
3000501inst1_path_65	GCF_018304825.1	1.0	1.0
3000501inst1_path_65	GCF_014640905.1	1.0	1.0
3000501inst1_path_65	GCF_014764405.1	1.0	1.0
3000501inst1_path_65	GCF_030582555.1	1.0	1.0
3000501inst1_path_65	GCF_019684455.1	1.0	1.0
3000501inst1_path_65	GCF_024734645.1	1.0	1.0
3000501inst1_path_65	GCF_021383925.1	1.0	1.0
3000501inst1_path_65	GCF_019739095.1	1.0	0.997
3000501inst1_path_65	GCF_028553805.1	1.0	1.0
3000501inst1_path_65	GCF_019823045.1	1.0	1.0
3000501inst1_path_65	GCF_024436315.1	1.0	1.0
3000501inst1_path_65	GCF_006517195.1	1.0	1.0
3000501inst1_path_65	GCF_003268535.2	1.0	1.0
3000501inst1_path_65	GCF_031582945.1	1.0	0.995
3000501inst1_path_65	GCF_000195335.1	1.0	1.0
3000501inst1_path_65	GCF_937872045.1	1.0	1.0
3000501inst1_path_65	GCF_002944315.1	1.0	1.0
3000501inst1_path_65	GCF_003173715.1	1.0	1.0
3000501inst1_path_65	GCF_026651065.1	1.0	1.0
3000501inst1_path_65	GCF_015040095.1	1.0	0.999
3000501inst1_path_65	GCF_000009265.1	1.0	1.0
3000501inst1_path_65	GCF_031323725.1	1.0	1.0
3000501inst1_path_65	GCF_004123675.1	1.0	1.0
3000501inst1_path_65	GCF_030263955.1	1.0	1.0
3000501inst1_path_65	GCF_001412535.1	1.0	1.0
3000501inst1_path_65	GCF_002288385.1	1.0	1.0
3000501inst1_path_65	GCF_025946765.1	1.0	1.0
3000501inst1_path_65	GCF_025452055.1	1.0	0.998
3000501inst1_path_65	GCF_004421105.1	1.0	1.0
3000501inst1_path_65	GCF_000826835.2	1.0	1.0
3000501inst1_path_65	GCF_008704655.1	1.0	1.0
3000501inst1_path_65	GCF_028473585.1	1.0	1.0
3000501inst1_path_65	GCF_019464455.1	1.0	1.0
3000501inst1_path_65	GCF_017742835.1	1.0	1.0
3000501inst1_path_65	GCF_025821785.1	1.0	0.996
3000501inst1_path_65	GCF_016919685.1	1.0	1.0
3000501inst1_path_65	GCF_001562255.1	1.0	1.0
3000501inst1_path_65	GCF_026015985.1	1.0	1.0
3000501inst1_path_65	GCF_009867075.1	1.0	1.0
3000501inst1_path_65	GCF_028714775.1	1.0	1.0
3000501inst1_path_65	GCF_030553075.1	1.0	1.0
3000501inst1_path_65	GCF_000266945.1	1.0	1.0
3000501inst1_path_65	GCF_000015125.1	1.0	1.0
3000501inst1_path_65	GCF_021389895.1	1.0	1.0
3000501inst1_path_65	GCF_018409545.1	1.0	1.0
3000501inst1_path_65	GCF_001643015.1	1.0	0.998
3000501inst1_path_65	GCF_028471905.1	1.0	0.999
3000501inst1_path_65	GCF_001927265.3	1.0	1.0
3000501inst1_path_65	GCF_030519305.1	1.0	1.0
3000501inst1_path_65	GCF_001477625.1	1.0	1.0
3000501inst1_path_65	GCF_025821825.1	1.0	0.996
3000501inst1_path_65	GCF_011303755.1	1.0	1.0
3000501inst1_path_65	GCF_032191855.1	1.0	1.0
3000501inst1_path_65	GCF_014843515.1	1.0	1.0
3000501inst1_path_65	GCF_024971855.1	1.0	1.0
3000501inst1_path_65	GCF_003369795.1	1.0	1.0
3000501inst1_path_65	GCF_001717955.1	1.0	0.998
3000501inst1_path_65	GCF_026627225.1	1.0	1.0
3000501inst1_path_65	GCF_019048465.1	1.0	1.0
3000501inst1_path_65	GCF_014200955.1	1.0	1.0
3000501inst1_path_65	GCF_030733905.1	1.0	1.0
3000501inst1_path_65	GCF_000143085.1	1.0	1.0
3000501inst1_path_65	GCF_000022265.1	1.0	1.0
3000501inst1_path_65	GCF_016622125.1	1.0	1.0
3000501inst1_path_65	GCF_026013905.1	1.0	1.0
3000501inst1_path_65	GCF_024205205.1	1.0	1.0
3000501inst1_path_65	GCF_018866325.1	1.0	1.0
3000501inst1_path_65	GCF_001305615.1	1.0	1.0
3000501inst1_path_65	GCF_028623185.1	1.0	1.0
3000501inst1_path_65	GCF_021083405.1	1.0	1.0
3000501inst1_path_65	GCF_018326245.1	1.0	1.0
3000501inst1_path_65	GCF_000015505.1	1.0	1.0
3000501inst1_path_65	GCF_028475105.1	1.0	1.0
3000501inst1_path_65	GCF_003860405.1	1.0	0.996
3000501inst1_path_65	GCF_029581235.1	1.0	1.0
3000501inst1_path_65	GCF_003595605.1	1.0	0.997
3000501inst1_path_65	GCF_026191725.2	1.0	1.0
3000501inst1_path_65	GCF_025398015.1	1.0	1.0
3000501inst1_path_65	GCF_018802605.1	1.0	1.0
3000501inst1_path_65	GCF_000010665.1	1.0	1.0
3000501inst1_path_65	GCF_000968135.1	1.0	1.0
3000501inst1_path_65	GCF_030643885.1	1.0	1.0
3000501inst1_path_65	GCF_023373525.1	1.0	0.999
3000501inst1_path_65	GCF_000009365.1	1.0	1.0
3000501inst1_path_65	GCF_023716685.1	1.0	1.0
3000501inst1_path_65	GCF_031348265.1	1.0	1.0
3000501inst1_path_65	GCF_000511325.1	1.0	1.0
3000501inst1_path_65	GCF_013046785.1	1.0	1.0
3000501inst1_path_65	GCF_024730785.1	1.0	1.0
3000501inst1_path_65	GCF_019355615.1	1.0	1.0
3000501inst1_path_65	GCF_002218195.1	1.0	0.993
3000501inst1_path_65	GCF_003113475.3	1.0	1.0
3000501inst1_path_65	GCF_000014065.1	1.0	1.0
3000501inst1_path_65	GCF_001857945.1	1.0	0.999
3000501inst1_path_65	GCF_014701195.1	1.0	1.0
3000501inst1_path_65	GCF_030060825.1	1.0	1.0
3000501inst1_path_65	GCF_001672455.2	1.0	1.0
3000501inst1_path_65	GCF_023512095.1	1.0	1.0
3000501inst1_path_65	GCF_027922405.1	1.0	1.0
3000501inst1_path_65	GCF_029223295.1	1.0	1.0
3000501inst1_path_65	GCF_003333285.1	1.0	0.999
3000501inst1_path_65	GCF_002934425.1	1.0	1.0
3000501inst1_path_65	GCF_009394735.1	1.0	0.998
3000501inst1_path_65	GCF_010499425.1	1.0	1.0
3000501inst1_path_65	GCF_900291985.1	1.0	1.0
3000501inst1_path_65	GCF_010119915.1	1.0	0.999
3000501inst1_path_65	GCF_002078235.1	1.0	1.0
3000501inst1_path_65	GCF_020410765.1	1.0	1.0
3000501inst1_path_65	GCF_009363535.1	1.0	1.0
3000501inst1_path_65	GCF_013365515.1	1.0	1.0
3000501inst1_path_65	GCF_009935825.1	1.0	1.0
3000501inst1_path_65	GCF_025643355.1	1.0	1.0
3000501inst1_path_65	GCF_000224005.2	1.0	1.0
3000501inst1_path_65	GCF_021173675.1	1.0	1.0
3000501inst1_path_65	GCF_001865315.1	1.0	1.0
3000501inst1_path_65	GCF_007000325.2	1.0	1.0
3000501inst1_path_65	GCF_030514525.1	1.0	1.0
3000501inst1_path_65	GCF_024662015.1	1.0	1.0
3000501inst1_path_65	GCF_029958925.1	1.0	1.0
3000501inst1_path_65	GCF_015291685.1	1.0	1.0
3000501inst1_path_65	GCF_030915485.1	1.0	0.999
3000501inst1_path_65	GCF_003952225.1	1.0	0.999
3000501inst1_path_65	GCF_001839645.2	1.0	1.0
3000501inst1_path_65	GCF_028745705.1	1.0	1.0
3000501inst1_path_65	GCF_029269405.1	1.0	1.0
3000501inst1_path_65	GCF_030816155.1	1.0	0.996
3000501inst1_path_65	GCF_023218155.1	1.0	1.0
3000501inst1_path_65	GCF_902833685.1	1.0	1.0
3000501inst1_path_65	GCF_003008555.2	1.0	1.0
3000501inst1_path_65	GCF_031801515.1	1.0	1.0
3000501inst1_path_65	GCF_000186385.1	1.0	1.0
3000501inst1_path_65	GCF_032461035.1	1.0	1.0
3000501inst1_path_65	GCF_000172695.2	1.0	1.0
3000501inst1_path_65	GCF_011305995.1	1.0	1.0
3000501inst1_path_65	GCF_031454715.1	1.0	1.0
3000501inst1_path_65	GCF_029714365.1	1.0	1.0
3000501inst1_path_65	GCF_022648765.1	1.0	1.0
3000501inst1_path_65	GCF_024746795.1	1.0	1.0
3000501inst1_path_65	GCF_011617465.1	1.0	0.994
3000501inst1_path_65	GCF_022354465.1	1.0	1.0
3000501inst1_path_65	GCF_900215505.1	1.0	1.0
3000501inst1_path_65	GCF_020447105.2	1.0	1.0
3000501inst1_path_65	GCF_006740705.1	1.0	0.999
3000501inst1_path_65	GCF_030687875.1	1.0	1.0
3000501inst1_path_65	GCF_029835255.1	1.0	1.0
3000501inst1_path_65	GCF_030414215.1	1.0	0.999
3000501inst1_path_65	GCF_014489475.1	1.0	1.0
3000501inst1_path_65	GCF_030687335.1	1.0	1.0
3000501inst1_path_65	GCF_017569225.1	1.0	1.0
3000501inst1_path_65	GCF_902832775.1	1.0	1.0
3000501inst1_path_65	GCF_000023585.1	1.0	1.0
3000501inst1_path_65	GCF_003253775.1	1.0	0.996
3000501inst1_path_65	GCF_031932125.1	1.0	1.0
3000501inst1_path_65	GCF_001854305.1	1.0	1.0
3000501inst1_path_65	GCF_937925325.1	1.0	1.0
3000501inst1_path_65	GCF_017304535.1	1.0	1.0
3000501inst1_path_65	GCF_002117725.1	1.0	1.0
3000501inst1_path_65	GCF_003352045.1	1.0	1.0
3000501inst1_path_65	GCF_900215475.1	1.0	1.0
3000501inst1_path_65	GCF_030503915.1	1.0	1.0
3000501inst1_path_65	GCF_009649995.1	1.0	1.0
3000501inst1_path_65	GCF_007197755.1	1.0	1.0
3000501inst1_path_65	GCF_020423045.1	1.0	1.0
3000501inst1_path_65	GCF_025144335.1	1.0	1.0
3000501inst1_path_65	GCF_001548155.2	1.0	1.0
3000501inst1_path_65	GCF_020023735.2	1.0	1.0
3000501inst1_path_65	GCF_031435405.1	1.0	1.0
3000501inst1_path_65	GCF_032199685.1	1.0	1.0
3000501inst1_path_65	GCF_030506185.1	1.0	1.0
3000501inst1_path_65	GCF_014638565.1	1.0	1.0
3000501inst1_path_65	GCF_014490555.1	1.0	0.997
3000501inst1_path_65	GCF_013334205.1	1.0	1.0
3000501inst1_path_65	GCF_003931855.1	1.0	0.999
3000501inst1_path_65	GCF_030292155.1	1.0	1.0
3000501inst1_path_65	GCF_030035605.1	1.0	1.0
3000501inst1_path_65	GCF_030687435.1	1.0	1.0
3000501inst1_path_65	GCF_011045195.1	1.0	0.995
3000501inst1_path_65	GCF_003850545.1	1.0	1.0
3000501inst1_path_65	GCF_023712515.1	1.0	1.0
3000501inst1_path_65	GCF_024748795.1	1.0	1.0
3000501inst1_path_65	GCF_014231195.1	1.0	1.0
3000501inst1_path_65	GCF_003721495.1	1.0	1.0
3000501inst1_path_65	GCF_030687915.1	1.0	1.0
3000501inst1_path_65	GCF_023100965.1	1.0	1.0
3000501inst1_path_65	GCF_030490285.1	1.0	1.0
3000501inst1_path_65	GCF_026625825.1	1.0	1.0
3000501inst1_path_65	GCF_003854895.1	1.0	1.0
3000501inst1_path_65	GCF_031611515.1	1.0	1.0
3000501inst1_path_65	GCF_031629295.1	1.0	1.0
3000501inst1_path_65	GCF_029222015.1	1.0	0.999
3000501inst1_path_65	GCF_003268655.1	1.0	0.998
3000501inst1_path_65	GCF_014652775.1	1.0	1.0
3000501inst1_path_65	GCF_001714725.1	1.0	1.0
3000501inst1_path_65	GCF_000756615.1	1.0	0.999
3000501inst1_path_65	GCF_020991085.1	1.0	1.0
3000501inst1_path_65	GCF_948472415.1	1.0	1.0
3000501inst1_path_65	GCF_017298635.1	1.0	1.0
3000501inst1_path_65	GCF_010977575.1	1.0	1.0
3000501inst1_path_65	GCF_030826345.1	1.0	0.999
3000501inst1_path_65	GCF_014070435.1	1.0	1.0
3000501inst1_path_65	GCF_029210385.1	1.0	1.0
3000501inst1_path_65	GCF_007556775.1	1.0	1.0
3000501inst1_path_65	GCF_000346225.2	1.0	1.0
3000501inst1_path_65	GCF_002157185.1	1.0	1.0
3000501inst1_path_65	GCF_028553885.1	1.0	1.0
3000501inst1_path_65	GCF_020995455.1	1.0	1.0
3000501inst1_path_65	GCF_025345565.1	1.0	1.0
3000501inst1_path_65	GCF_014121165.1	1.0	1.0
3000501inst1_path_65	GCF_021869625.1	1.0	1.0
3000501inst1_path_65	GCF_021538875.1	1.0	1.0
3000501inst1_path_65	GCF_029714945.1	1.0	1.0
3000501inst1_path_65	GCF_009363735.1	1.0	1.0
3000501inst1_path_65	GCF_000244915.1	1.0	1.0
3000501inst1_path_65	GCF_900498135.1	1.0	1.0
3000501inst1_path_65	GCF_003595175.1	1.0	1.0
3000501inst1_path_65	GCF_026410125.1	1.0	1.0
3000501inst1_path_65	GCF_011764585.1	1.0	1.0
3000501inst1_path_65	GCF_000327045.1	1.0	1.0
3000501inst1_path_65	GCF_016865485.1	1.0	1.0
3000501inst1_path_65	GCF_007989365.1	1.0	1.0
3000501inst1_path_65	GCF_010725485.1	1.0	0.998
3000501inst1_path_65	GCF_022221585.1	1.0	1.0
3000501inst1_path_65	GCF_024448735.1	1.0	1.0
3000501inst1_path_65	GCF_024362365.1	1.0	0.999
3000501inst1_path_65	GCF_030016165.2	1.0	1.0
3000501inst1_path_65	GCF_001886735.1	1.0	1.0
3000501inst1_path_65	GCF_010994285.1	1.0	1.0
3000501inst1_path_65	GCF_032104565.1	1.0	1.0
3000501inst1_path_65	GCF_007672625.1	1.0	0.996
3000501inst1_path_65	GCF_002192255.1	1.0	1.0
3000501inst1_path_65	GCF_005937995.2	1.0	0.999
3000501inst1_path_65	GCF_031611235.1	1.0	1.0
3000501inst1_path_65	GCF_016495405.1	1.0	1.0
3000501inst1_path_65	GCF_030144815.1	1.0	1.0
3000501inst1_path_65	GCF_029201545.1	1.0	1.0
3000501inst1_path_65	GCF_003293715.1	1.0	1.0
3000501inst1_path_65	GCF_023278595.1	1.0	1.0
3000501inst1_path_65	GCF_900103405.1	1.0	1.0
3000501inst1_path_65	GCF_021233355.1	1.0	1.0
3000501inst1_path_65	GCF_030161135.1	1.0	1.0
3000501inst1_path_65	GCF_007680565.1	1.0	1.0
3000501inst1_path_65	GCF_003994855.1	1.0	1.0
3000501inst1_path_65	GCF_031344055.1	1.0	1.0
3000501inst1_path_65	GCF_923868895.1	1.0	1.0
3000501inst1_path_65	GCF_947486845.1	1.0	0.999
3000501inst1_path_65	GCF_902170435.1	1.0	1.0
3000501inst1_path_65	GCF_025604205.1	1.0	1.0
3000501inst1_path_65	GCF_030863945.1	1.0	1.0
3000501inst1_path_65	GCF_020181615.1	1.0	0.997
3000501inst1_path_65	GCF_023101125.1	1.0	1.0
3000501inst1_path_65	GCF_025961535.1	1.0	1.0
3000501inst1_path_65	GCF_025854335.1	1.0	1.0
3000501inst1_path_65	GCF_016617715.1	1.0	1.0
3000501inst1_path_65	GCF_022605325.1	1.0	1.0
3000501inst1_path_65	GCF_009650135.1	1.0	1.0
3000501inst1_path_65	GCF_009789675.1	1.0	1.0
3000501inst1_path_65	GCF_003325995.1	1.0	1.0
3000501inst1_path_65	GCF_030386515.1	1.0	1.0
3000501inst1_path_65	GCF_028622875.1	1.0	1.0
3000501inst1_path_65	GCF_020991315.1	1.0	1.0
3000501inst1_path_65	GCF_025957665.1	1.0	1.0
3000501inst1_path_65	GCF_014201135.1	1.0	0.997
3000501inst1_path_65	GCF_003391095.1	1.0	1.0
3000501inst1_path_65	GCF_002158865.1	1.0	1.0
3000501inst1_path_65	GCF_024508315.1	1.0	1.0
3000501inst1_path_65	GCF_029395675.1	1.0	0.999
3000501inst1_path_65	GCF_025200695.1	1.0	1.0
3000501inst1_path_65	GCF_029616825.1	1.0	1.0
3000501inst1_path_65	GCF_000152825.2	1.0	1.0
3000501inst1_path_65	GCF_000716965.1	1.0	1.0
3000501inst1_path_65	GCF_009905215.1	1.0	1.0
3000501inst1_path_65	GCF_029892045.1	1.0	1.0
3000501inst1_path_65	GCF_017498545.1	1.0	1.0
3000501inst1_path_65	GCF_904820335.1	1.0	1.0
3000501inst1_path_65	GCF_031455795.1	1.0	1.0
3000501inst1_path_65	GCF_000019785.1	1.0	1.0
3000501inst1_path_65	GCF_004535885.1	1.0	1.0
3000501inst1_path_65	GCF_023078475.1	1.0	1.0
3000501inst1_path_65	GCF_003967195.1	1.0	1.0
3000501inst1_path_65	GCF_015277535.1	1.0	1.0
3000501inst1_path_65	GCF_013000985.1	1.0	1.0
3000501inst1_path_65	GCF_017301735.1	1.0	1.0
3000501inst1_path_65	GCF_031173285.1	1.0	1.0
3000501inst1_path_65	GCF_024496245.1	1.0	0.994
3000501inst1_path_65	GCF_015291745.1	1.0	1.0
3000501inst1_path_65	GCF_000014965.1	1.0	1.0
3000501inst1_path_65	GCF_003691445.1	1.0	1.0
3000501inst1_path_65	GCF_020730965.2	1.0	1.0
3000501inst1_path_65	GCF_028215975.1	1.0	1.0
3000501inst1_path_65	GCF_000576085.2	1.0	1.0
3000501inst1_path_65	GCF_001735805.1	1.0	1.0
3000501inst1_path_65	GCF_026233155.1	1.0	1.0
3000501inst1_path_65	GCF_019603315.1	1.0	0.999
3000501inst1_path_65	GCF_030913365.1	1.0	1.0
3000501inst1_path_65	GCF_013127955.1	1.0	1.0
3000501inst1_path_65	GCF_026013965.1	1.0	0.994
3000501inst1_path_65	GCF_000178815.2	1.0	1.0
3000501inst1_path_65	GCF_028830055.1	1.0	1.0
3000501inst1_path_65	GCF_013364235.1	1.0	1.0
3000501inst1_path_65	GCF_029542585.1	1.0	0.999
3000501inst1_path_65	GCF_023100925.1	1.0	1.0
3000501inst1_path_65	GCF_011388195.1	1.0	1.0
3000501inst1_path_65	GCF_025244845.1	1.0	0.999
3000501inst1_path_65	GCF_008689865.1	1.0	1.0
3000501inst1_path_65	GCF_023151555.2	1.0	1.0
3000501inst1_path_65	GCF_031851355.1	1.0	1.0
3000501inst1_path_65	GCF_023208015.1	1.0	1.0
3000501inst1_path_65	GCF_031454875.1	1.0	0.998
3000501inst1_path_65	GCF_028463845.1	1.0	1.0
3000501inst1_path_65	GCF_002243515.1	1.0	0.999
3000501inst1_path_65	GCF_022554075.1	1.0	1.0
3000501inst1_path_65	GCF_000023225.1	1.0	1.0
3000501inst1_path_65	GCF_025452095.1	1.0	0.999
3000501inst1_path_65	GCF_032092735.1	1.0	1.0
3000501inst1_path_65	GCF_025822285.1	1.0	0.996
3000501inst1_path_65	GCF_023383595.1	1.0	1.0
3000501inst1_path_65	GCF_006351905.1	1.0	1.0
3000501inst1_path_65	GCF_031317035.1	1.0	0.999
3000501inst1_path_65	GCF_022361495.1	1.0	1.0
3000501inst1_path_65	GCF_030220105.1	1.0	0.999
3000501inst1_path_65	GCF_009728935.1	1.0	1.0
3000501inst1_path_65	GCF_013267355.1	1.0	1.0
3000501inst1_path_65	GCF_002113825.1	1.0	1.0
3000501inst1_path_65	GCF_000024285.1	1.0	1.0
3000501inst1_path_65	GCF_020616575.1	1.0	1.0
3000501inst1_path_65	GCF_015277575.1	1.0	1.0
3000501inst1_path_65	GCF_001191005.1	1.0	1.0
3000501inst1_path_65	GCF_007833915.1	1.0	1.0
3000501inst1_path_65	GCF_016583785.1	1.0	1.0
3000501inst1_path_65	GCF_026735415.2	1.0	1.0
3000501inst1_path_65	GCF_003060865.1	1.0	1.0
3000501inst1_path_65	GCF_026802235.1	1.0	1.0
3000501inst1_path_65	GCF_024749185.1	1.0	1.0
3000501inst1_path_65	GCF_019602835.1	1.0	1.0
3000501inst1_path_65	GCF_029201585.1	1.0	1.0
3000501inst1_path_65	GCF_012932215.1	1.0	1.0
3000501inst1_path_65	GCF_900637955.1	1.0	1.0
3000501inst1_path_65	GCF_009363435.1	1.0	1.0
3000501inst1_path_65	GCF_000828635.1	1.0	1.0
3000501inst1_path_65	GCF_021276285.1	1.0	1.0
3000501inst1_path_65	GCF_024499195.1	1.0	1.0
3000501inst1_path_65	GCF_001611275.1	1.0	1.0
3000501inst1_path_65	GCF_031202855.1	1.0	1.0
3000501inst1_path_65	GCF_017901135.1	1.0	1.0
3000501inst1_path_65	GCF_900091505.1	1.0	1.0
3000501inst1_path_65	GCF_015767635.1	1.0	1.0
3000501inst1_path_65	GCF_002094995.1	1.0	1.0
3000501inst1_path_65	GCF_026184235.1	1.0	1.0
3000501inst1_path_65	GCF_003952445.1	1.0	1.0
3000501inst1_path_65	GCF_014844055.1	1.0	1.0
3000501inst1_path_65	GCF_009856625.1	1.0	1.0
3000501inst1_path_65	GCF_030160795.1	1.0	1.0
3000501inst1_path_65	GCF_008728195.1	1.0	0.999
3000501inst1_path_65	GCF_024970695.1	1.0	1.0
3000501inst1_path_65	GCF_028768405.1	1.0	1.0
3000501inst1_path_65	GCF_000145255.1	1.0	1.0
3000501inst1_path_65	GCF_003966715.1	1.0	1.0
3000501inst1_path_65	GCF_006337085.1	1.0	1.0
3000501inst1_path_65	GCF_000263795.2	1.0	1.0
3000501inst1_path_65	GCF_001271345.1	1.0	1.0
3000501inst1_path_65	GCF_016756815.1	1.0	1.0
3000501inst1_path_65	GCF_007679325.1	1.0	0.998
3000501inst1_path_65	GCF_009648855.1	1.0	1.0
3000501inst1_path_65	GCF_000266885.1	1.0	1.0
3000501inst1_path_65	GCF_003049605.2	1.0	1.0
3000501inst1_path_65	GCF_012769535.1	1.0	1.0
3000501inst1_path_65	GCF_024170025.1	1.0	1.0
3000501inst1_path_65	GCF_017901175.1	1.0	1.0
3000501inst1_path_65	GCF_009676865.1	1.0	1.0
3000501inst1_path_65	GCF_004361965.1	1.0	1.0
3000501inst1_path_65	GCF_004193915.1	1.0	1.0
3000501inst1_path_65	GCF_016772375.1	1.0	1.0
3000501inst1_path_65	GCF_016756595.1	1.0	1.0
3000501inst1_path_65	GCF_024181025.1	1.0	1.0
3000501inst1_path_65	GCF_020510705.1	1.0	1.0
3000501inst1_path_65	GCF_008728835.1	1.0	1.0
3000501inst1_path_65	GCF_000020365.1	1.0	1.0
3000501inst1_path_65	GCF_015624465.1	1.0	1.0
3000501inst1_path_65	GCF_024519175.1	1.0	1.0
3000501inst1_path_65	GCF_032164355.1	1.0	1.0
3000501inst1_path_65	GCF_017815515.1	1.0	1.0
3000501inst1_path_65	GCF_003952245.1	1.0	1.0
3000501inst1_path_65	GCF_000262165.1	1.0	0.996
3000501inst1_path_65	GCF_009792355.1	1.0	1.0
3000501inst1_path_65	GCF_030544485.1	1.0	1.0
3000501inst1_path_65	GCF_024219955.1	1.0	0.999
3000501inst1_path_65	GCF_932126575.1	1.0	1.0
3000501inst1_path_65	GCF_019139815.1	1.0	1.0
3000501inst1_path_65	GCF_004346085.1	1.0	1.0
3000501inst1_path_65	GCF_019684995.1	1.0	1.0
3000501inst1_path_65	GCF_013085505.1	1.0	1.0
3000501inst1_path_65	GCF_028583725.1	1.0	1.0
3000501inst1_path_65	GCF_025985525.1	1.0	1.0
3000501inst1_path_65	GCF_024134545.1	1.0	1.0
3000501inst1_path_65	GCF_002917995.1	1.0	1.0
3000501inst1_path_65	GCF_027924605.1	1.0	1.0
3000501inst1_path_65	GCF_017638445.1	1.0	0.999
3000501inst1_path_65	GCF_031454815.1	1.0	1.0
3000501inst1_path_65	GCF_004136295.1	1.0	1.0
3000501inst1_path_65	GCF_011617245.1	1.0	0.994
3000501inst1_path_65	GCF_016756495.1	1.0	1.0
3000501inst1_path_65	GCF_000377945.1	1.0	1.0
3000501inst1_path_65	GCF_017873105.1	1.0	1.0
3000501inst1_path_65	GCF_003287915.1	1.0	1.0
3000501inst1_path_65	GCF_031454325.1	1.0	1.0
3000501inst1_path_65	GCF_020616155.1	1.0	1.0
3000501inst1_path_65	GCF_025847205.1	1.0	1.0
3000501inst1_path_65	GCF_029229465.1	1.0	1.0
3000501inst1_path_65	GCF_001971685.1	1.0	1.0
3000501inst1_path_65	GCF_007679945.1	1.0	1.0
3000501inst1_path_65	GCF_017306535.1	1.0	1.0
3000501inst1_path_65	GCF_015160855.1	1.0	1.0
3000501inst1_path_65	GCF_025822625.1	1.0	0.995
3000501inst1_path_65	GCF_019795555.1	1.0	1.0
3000501inst1_path_65	GCF_002216795.1	1.0	1.0
3000501inst1_path_65	GCF_021021495.1	1.0	1.0
3000501inst1_path_65	GCF_014525405.1	1.0	1.0
3000501inst1_path_65	GCF_000177195.2	1.0	1.0
3000501inst1_path_65	GCF_000025705.1	1.0	1.0
3000501inst1_path_65	GCF_023376055.1	1.0	1.0
3000501inst1_path_65	GCF_007113425.2	1.0	1.0
3000501inst1_path_65	GCF_016495725.1	1.0	0.999
3000501inst1_path_65	GCF_030388405.1	1.0	1.0
3000501inst1_path_65	GCF_025143985.1	1.0	1.0
3000501inst1_path_65	GCF_017167425.1	1.0	1.0
3000501inst1_path_65	GCF_009832925.1	1.0	1.0
3000501inst1_path_65	GCF_007183175.1	1.0	1.0
3000501inst1_path_65	GCF_001753165.1	1.0	1.0
3000501inst1_path_65	GCF_026797105.1	1.0	0.999
3000501inst1_path_65	GCF_008806975.1	1.0	1.0
3000501inst1_path_65	GCF_900156295.1	1.0	1.0
3000501inst1_path_65	GCF_014653855.1	1.0	1.0
3000501inst1_path_65	GCF_001648175.1	1.0	1.0
3000501inst1_path_65	GCF_018326145.1	1.0	0.999
3000501inst1_path_65	GCF_025854275.1	1.0	1.0
3000501inst1_path_65	GCF_027947595.1	1.0	1.0
3000501inst1_path_65	GCF_004000665.1	1.0	1.0
3000501inst1_path_65	GCF_026340175.1	1.0	1.0
3000501inst1_path_65	GCF_016901135.1	1.0	1.0
3000501inst1_path_65	GCF_006974105.1	1.0	1.0
3000501inst1_path_65	GCF_023101045.1	1.0	1.0
3000501inst1_path_65	GCF_016406125.1	1.0	1.0
3000501inst1_path_65	GCF_014236835.1	1.0	1.0
3000501inst1_path_65	GCF_028201555.1	1.0	0.995
3000501inst1_path_65	GCF_028993615.1	1.0	1.0
3000501inst1_path_65	GCF_001017435.1	1.0	1.0
3000501inst1_path_65	GCF_009789655.1	1.0	1.0
3000501inst1_path_65	GCF_028994275.1	1.0	1.0
3000501inst1_path_65	GCF_012516435.1	1.0	1.0
3000501inst1_path_65	GCF_019977655.1	1.0	1.0
3000501inst1_path_65	GCF_024205665.1	1.0	1.0
3000501inst1_path_65	GCF_032469895.1	1.0	1.0
3000501inst1_path_65	GCF_003722335.1	1.0	0.994
3000501inst1_path_65	GCF_030915525.1	1.0	1.0
3000501inst1_path_65	GCF_013297165.1	1.0	1.0
3000501inst1_path_65	GCF_029909795.1	1.0	1.0
3000501inst1_path_65	GCF_021184025.1	1.0	1.0
3000501inst1_path_65	GCF_002162135.1	1.0	1.0
3000501inst1_path_65	GCF_001447315.1	1.0	1.0
3000501inst1_path_65	GCF_000018405.1	1.0	1.0
3000501inst1_path_65	GCF_025822825.1	1.0	0.999
3000501inst1_path_65	GCF_000830005.1	1.0	1.0
3000501inst1_path_65	GCF_022846455.1	1.0	1.0
3000501inst1_path_65	GCF_020042665.1	1.0	1.0
3000501inst1_path_65	GCF_030028355.1	1.0	1.0
3000501inst1_path_65	GCF_025665295.1	1.0	1.0
3000501inst1_path_65	GCF_023277965.1	1.0	1.0
3000501inst1_path_65	GCF_001263205.1	1.0	1.0
3000501inst1_path_65	GCF_030078145.1	1.0	1.0
3000501inst1_path_65	GCF_025398175.1	1.0	1.0
3000501inst1_path_65	GCF_016756395.1	1.0	1.0
3000501inst1_path_65	GCF_022811105.1	1.0	0.999
3000501inst1_path_65	GCF_022374915.2	1.0	0.996
3000501inst1_path_65	GCF_000328565.1	1.0	0.993
3000501inst1_path_65	GCF_004136015.1	1.0	1.0
3000501inst1_path_65	GCF_030704205.1	1.0	1.0
3000501inst1_path_65	GCF_016605905.1	1.0	1.0
3000501inst1_path_65	GCF_032290525.1	1.0	1.0
3000501inst1_path_65	GCF_002109385.1	1.0	1.0
3000501inst1_path_65	GCF_030758255.1	1.0	1.0
3000501inst1_path_65	GCF_019797765.1	1.0	1.0
3000501inst1_path_65	GCF_007970665.1	1.0	0.999
3000501inst1_path_65	GCF_025698825.1	1.0	1.0
3000501inst1_path_65	GCF_012935655.1	1.0	1.0
3000501inst1_path_65	GCF_030580635.1	1.0	1.0
3000501inst1_path_65	GCF_009184865.1	1.0	1.0
3000501inst1_path_65	GCF_019454085.1	1.0	1.0
3000501inst1_path_65	GCF_029542205.1	1.0	1.0
3000501inst1_path_65	GCF_020535565.1	1.0	1.0
3000501inst1_path_65	GCF_002355955.1	1.0	1.0
3000501inst1_path_65	GCF_030548545.1	1.0	1.0
3000501inst1_path_65	GCF_014211975.1	1.0	1.0
3000501inst1_path_65	GCF_025427835.1	1.0	1.0
3000501inst1_path_65	GCF_030370035.1	1.0	1.0
3000501inst1_path_65	GCF_028621345.1	1.0	1.0
3000501inst1_path_65	GCF_015159875.1	1.0	1.0
3000501inst1_path_65	GCF_900091425.1	1.0	1.0
3000501inst1_path_65	GCF_003367315.1	1.0	1.0
3000501inst1_path_65	GCF_031197935.1	1.0	1.0
3000501inst1_path_65	GCF_004023645.1	1.0	1.0
3000501inst1_path_65	GCF_018141005.1	1.0	1.0
3000501inst1_path_65	GCF_900100555.1	1.0	1.0
3000501inst1_path_65	GCF_003268635.1	1.0	1.0
3000501inst1_path_65	GCF_002871575.2	1.0	1.0
3000501inst1_path_65	GCF_030450125.1	1.0	1.0
3000501inst1_path_65	GCF_004135755.1	1.0	1.0
3000501inst1_path_65	GCF_963395025.1	1.0	1.0
3000501inst1_path_65	GCF_013282215.1	1.0	1.0
3000501inst1_path_65	GCF_029964055.1	1.0	0.996
3000501inst1_path_65	GCF_030551255.1	1.0	1.0
3000501inst1_path_65	GCF_017654605.1	1.0	0.996
3000501inst1_path_65	GCF_003852235.1	1.0	1.0
3000501inst1_path_65	GCF_902813185.1	1.0	1.0
3000501inst1_path_65	GCF_020422885.1	1.0	1.0
3000501inst1_path_65	GCF_014353015.1	1.0	1.0
3000501inst1_path_65	GCF_003054495.1	1.0	1.0
3000501inst1_path_65	GCF_004564135.1	1.0	0.999
3000501inst1_path_65	GCF_030323205.1	1.0	1.0
3000501inst1_path_65	GCF_021395175.1	1.0	1.0
3000501inst1_path_65	GCF_010906985.2	1.0	1.0
3000501inst1_path_65	GCF_030329385.1	1.0	1.0
3000501inst1_path_65	GCF_030850085.1	1.0	1.0
3000501inst1_path_65	GCF_014216335.1	1.0	1.0
3000501inst1_path_65	GCF_000009985.1	1.0	1.0
3000501inst1_path_65	GCF_014896655.1	1.0	1.0
3000501inst1_path_65	GCF_014303795.1	1.0	1.0
3000501inst1_path_65	GCF_030323105.1	1.0	1.0
3000501inst1_path_65	GCF_030812135.1	1.0	1.0
3000501inst1_path_65	GCF_002953195.1	1.0	1.0
3000501inst1_path_65	GCF_003025515.1	1.0	1.0
3000501inst1_path_65	GCF_905373745.1	1.0	1.0
3000501inst1_path_65	GCF_900104945.1	1.0	1.0
3000501inst1_path_65	GCF_000025265.1	1.0	1.0
3000501inst1_path_65	GCF_009671065.1	1.0	1.0
3000501inst1_path_65	GCF_023712135.1	1.0	0.999
3000501inst1_path_65	GCF_030070225.1	1.0	1.0
3000501inst1_path_65	GCF_030127045.1	1.0	1.0
3000501inst1_path_65	GCF_017599015.1	1.0	1.0
3000501inst1_path_65	GCF_013624435.2	1.0	0.999
3000501inst1_path_65	GCF_945929885.1	1.0	1.0
3000501inst1_path_65	GCF_023573145.1	1.0	1.0
3000501inst1_path_65	GCF_029023805.1	1.0	0.998
3000501inst1_path_65	GCF_024611995.1	1.0	1.0
3000501inst1_path_65	GCF_009720485.1	1.0	0.999
3000501inst1_path_65	GCF_030295155.1	1.0	1.0
3000501inst1_path_65	GCF_000189295.2	1.0	1.0
3000501inst1_path_65	GCF_019263705.2	1.0	0.997
3000501inst1_path_65	GCF_019891395.1	1.0	1.0
3000501inst1_path_65	GCF_024329695.1	1.0	1.0
3000501inst1_path_65	GCF_009937955.1	1.0	1.0
3000501inst1_path_65	GCF_032352985.1	1.0	1.0
3000501inst1_path_65	GCF_947258345.1	1.0	1.0
3000501inst1_path_65	GCF_032290465.1	1.0	1.0
3000501inst1_path_65	GCF_019211725.1	1.0	1.0
3000501inst1_path_65	GCF_019704555.1	1.0	1.0
3000501inst1_path_65	GCF_018906035.1	1.0	1.0
3000501inst1_path_65	GCF_025823155.1	1.0	0.996
3000501inst1_path_65	GCF_030866705.1	1.0	1.0
3000501inst1_path_65	GCF_027270315.1	1.0	1.0
3000501inst1_path_65	GCF_027941915.1	1.0	1.0
3000501inst1_path_65	GCF_003060825.1	1.0	0.999
3000501inst1_path_65	GCF_032017205.1	1.0	1.0
3000501inst1_path_65	GCF_032335615.1	1.0	1.0
3000501inst1_path_65	GCF_032291405.1	1.0	1.0
3000501inst1_path_65	GCF_030687515.1	1.0	1.0
3000501inst1_path_65	GCF_028553905.1	1.0	1.0
3000501inst1_path_65	GCF_002910775.2	1.0	1.0
3000501inst1_path_65	GCF_030486815.1	1.0	0.999
3000501inst1_path_65	GCF_001579945.1	1.0	1.0
3000501inst1_path_65	GCF_010669185.1	1.0	1.0
3000501inst1_path_65	GCF_004365885.1	1.0	1.0
3000501inst1_path_65	GCF_011761465.1	1.0	1.0
3000501inst1_path_65	GCF_000012885.1	1.0	1.0
3000501inst1_path_65	GCF_002028405.1	1.0	1.0
3000501inst1_path_65	GCF_000025545.1	1.0	1.0
3000501inst1_path_65	GCF_002797755.1	1.0	1.0
3000501inst1_path_65	GCF_000236645.1	1.0	1.0
3000501inst1_path_65	GCF_030503955.1	1.0	1.0
3000501inst1_path_65	GCF_003287935.1	1.0	1.0
3000501inst1_path_65	GCF_019056675.1	1.0	1.0
3000501inst1_path_65	GCF_029840835.1	1.0	1.0
3000501inst1_path_65	GCF_024181525.1	1.0	1.0
3000501inst1_path_65	GCF_013459415.1	1.0	1.0
3000501inst1_path_65	GCF_002158905.1	1.0	1.0
3000501inst1_path_65	GCF_030548405.1	1.0	1.0
3000501inst1_path_65	GCF_009735625.1	1.0	0.996
3000501inst1_path_65	GCF_000761155.1	1.0	1.0
3000501inst1_path_65	GCF_026802345.1	1.0	1.0
3000501inst1_path_65	GCF_900634615.1	1.0	1.0
3000501inst1_path_65	GCF_023650435.1	1.0	1.0
3000501inst1_path_65	GCF_029457475.1	1.0	1.0
3000501inst1_path_65	GCF_014236795.1	1.0	1.0
3000501inst1_path_65	GCF_026651895.1	1.0	1.0
3000501inst1_path_65	GCF_031457895.1	1.0	1.0
3000501inst1_path_65	GCF_009910365.1	1.0	1.0
3000501inst1_path_65	GCF_025823345.1	1.0	0.999
3000501inst1_path_65	GCF_026427715.1	1.0	1.0
3000501inst1_path_65	GCF_001644605.1	1.0	0.999
3000501inst1_path_65	GCF_029910195.1	1.0	1.0
3000501inst1_path_65	GCF_027497295.1	1.0	1.0
3000501inst1_path_65	GCF_022870925.1	1.0	1.0
3000501inst1_path_65	GCF_024124775.1	1.0	1.0
3000501inst1_path_65	GCF_025152625.1	1.0	1.0
3000501inst1_path_65	GCF_023674485.1	1.0	1.0
3000501inst1_path_65	GCF_008931465.1	1.0	1.0
3000501inst1_path_65	GCF_937894655.1	1.0	1.0
3000501inst1_path_65	GCF_900453455.1	1.0	0.996
3000501inst1_path_65	GCF_006385595.1	1.0	1.0
3000501inst1_path_65	GCF_022229365.1	1.0	1.0
3000501inst1_path_65	GCF_029714305.1	1.0	1.0
3000501inst1_path_65	GCF_031454775.1	1.0	0.996
3000501inst1_path_65	GCF_016598615.1	1.0	1.0
3000501inst1_path_65	GCF_030483315.1	1.0	1.0
3000501inst1_path_65	GCF_019382755.1	1.0	1.0
3000501inst1_path_65	GCF_000183745.1	1.0	1.0
3000501inst1_path_65	GCF_025823225.1	1.0	0.995
3000501inst1_path_65	GCF_013367775.1	1.0	1.0
3000501inst1_path_65	GCF_024666615.1	1.0	1.0
3000501inst1_path_65	GCF_030553055.1	1.0	1.0
3000501inst1_path_65	GCF_001577265.1	1.0	1.0
3000501inst1_path_65	GCF_021483665.1	1.0	1.0
3000501inst1_path_65	GCF_002105535.1	1.0	1.0
3000501inst1_path_65	GCF_021590045.1	1.0	1.0
3000501inst1_path_65	GCF_030413675.1	1.0	1.0
3000501inst1_path_65	GCF_000964255.1	1.0	1.0
3000501inst1_path_65	GCF_011820545.1	1.0	1.0
3000501inst1_path_65	GCF_030160535.1	1.0	1.0
3000501inst1_path_65	GCF_005696555.1	1.0	1.0
3000501inst1_path_65	GCF_032085515.1	1.0	1.0
3000501inst1_path_65	GCF_002587065.1	1.0	1.0
3000501inst1_path_65	GCF_000830985.1	1.0	1.0
3000501inst1_path_65	GCF_003100395.1	1.0	1.0
3000501inst1_path_65	GCF_000304315.1	1.0	1.0
3000501inst1_path_65	GCF_014679505.1	1.0	0.999
3000501inst1_path_65	GCF_030385255.1	1.0	1.0
3000501inst1_path_65	GCF_000026145.1	1.0	1.0
3000501inst1_path_65	GCF_023713885.1	1.0	0.999
3000501inst1_path_65	GCF_010731575.1	1.0	0.999
3000501inst1_path_65	GCF_025309455.1	1.0	1.0
3000501inst1_path_65	GCF_010119935.1	1.0	1.0
3000501inst1_path_65	GCF_900454575.1	1.0	1.0
3000501inst1_path_65	GCF_006088775.1	1.0	1.0
3000501inst1_path_65	GCF_032109445.1	1.0	1.0
3000501inst1_path_65	GCF_014268205.2	1.0	1.0
3000501inst1_path_65	GCF_031317065.1	1.0	0.999
3000501inst1_path_65	GCF_000209655.1	1.0	1.0
3000501inst1_path_65	GCF_027920785.2	1.0	1.0
3000501inst1_path_65	GCF_026625745.1	1.0	0.998
3000501inst1_path_65	GCF_030406045.1	1.0	1.0
3000501inst1_path_65	GCF_030584905.1	1.0	1.0
3000501inst1_path_65	GCF_016128195.1	1.0	1.0
3000501inst1_path_65	GCF_001636945.2	1.0	1.0
3000501inst1_path_65	GCF_014489535.1	1.0	1.0
3000501inst1_path_65	GCF_024927925.1	1.0	1.0
3000501inst1_path_65	GCF_018604145.1	1.0	1.0
3000501inst1_path_65	GCF_027924965.1	1.0	1.0
3000501inst1_path_65	GCF_018596375.1	1.0	1.0
3000501inst1_path_65	GCF_015624505.1	1.0	1.0
3000501inst1_path_65	GCF_009734425.1	1.0	0.999
3000501inst1_path_65	GCF_018199995.1	1.0	1.0
3000501inst1_path_65	GCF_001294605.1	1.0	0.997
3000501inst1_path_65	GCF_019504385.1	1.0	1.0
3000501inst1_path_65	GCF_030286025.1	1.0	1.0
3000501inst1_path_65	GCF_030296055.1	1.0	1.0
3000501inst1_path_65	GCF_030915405.1	1.0	1.0
3000501inst1_path_65	GCF_024266725.1	1.0	1.0
3000501inst1_path_65	GCF_027684825.1	1.0	0.999
3000501inst1_path_65	GCF_025821465.1	1.0	0.996
3000501inst1_path_65	GCF_030547055.1	1.0	1.0
3000501inst1_path_65	GCF_018408855.1	1.0	1.0
3000501inst1_path_65	GCF_963519155.1	1.0	1.0
3000501inst1_path_65	GCF_002946835.1	1.0	1.0
3000501inst1_path_65	GCF_020080045.1	1.0	1.0
3000501inst1_path_65	GCF_004010755.1	1.0	1.0
3000501inst1_path_65	GCF_032337475.1	1.0	1.0
3000501inst1_path_65	GCF_963551245.1	1.0	1.0
3000501inst1_path_65	GCF_003086915.1	1.0	1.0
3000501inst1_path_65	GCF_025665335.1	1.0	1.0
3000501inst1_path_65	GCF_008704395.1	1.0	1.0
3000501inst1_path_65	GCF_025142275.1	1.0	1.0
3000501inst1_path_65	GCF_003515645.1	1.0	0.996
3000501inst1_path_65	GCF_001522585.2	1.0	1.0
3000501inst1_path_65	GCF_014645275.1	1.0	0.999
3000501inst1_path_65	GCF_030028615.1	1.0	1.0
3000501inst1_path_65	GCF_021491675.1	1.0	1.0
3000501inst1_path_65	GCF_000227685.2	1.0	1.0
3000501inst1_path_65	GCF_032464605.1	1.0	1.0
3000501inst1_path_65	GCF_009363615.1	1.0	1.0
3000501inst1_path_65	GCF_000316175.1	1.0	1.0
3000501inst1_path_65	GCF_900639955.1	1.0	1.0
3000501inst1_path_65	GCF_016925615.1	1.0	1.0
3000501inst1_path_65	GCF_032301015.1	1.0	1.0
3000501inst1_path_65	GCF_027118995.1	1.0	1.0
3000501inst1_path_65	GCF_000014005.1	1.0	0.999
3000501inst1_path_65	GCF_023349165.1	1.0	1.0
3000501inst1_path_65	GCF_023734095.1	1.0	0.993
3000501inst1_path_65	GCF_021607245.1	1.0	0.999
3000501inst1_path_65	GCF_003428825.1	1.0	1.0
3000501inst1_path_65	GCF_026810205.1	1.0	1.0
3000501inst1_path_65	GCF_032027705.1	1.0	0.999
3000501inst1_path_65	GCF_026247885.1	1.0	1.0
3000501inst1_path_65	GCF_014764385.1	1.0	1.0
3000501inst1_path_65	GCF_000214275.2	1.0	1.0
3000501inst1_path_65	GCF_016858125.1	1.0	1.0
3000501inst1_path_65	GCF_030411935.1	1.0	1.0
3000501inst1_path_65	GCF_900090195.1	1.0	1.0
3000501inst1_path_65	GCF_014863585.1	1.0	1.0
3000501inst1_path_65	GCF_026802215.1	1.0	1.0
3000501inst1_path_65	GCF_001641285.1	1.0	1.0
3000501inst1_path_65	GCF_014126615.1	1.0	1.0
3000501inst1_path_65	GCF_005860785.2	1.0	1.0
3000501inst1_path_65	GCF_024496285.1	1.0	1.0
3000501inst1_path_65	GCF_030264275.1	1.0	1.0
3000501inst1_path_65	GCF_000192745.1	1.0	1.0
3000501inst1_path_65	GCF_001412575.1	1.0	1.0
3000501inst1_path_65	GCF_003072645.1	1.0	1.0
3000501inst1_path_65	GCF_006742785.1	1.0	1.0
3000501inst1_path_65	GCF_000242255.2	1.0	1.0
3000501inst1_path_65	GCF_012277335.1	1.0	0.995
3000501inst1_path_65	GCF_016403265.1	1.0	1.0
3000501inst1_path_65	GCF_022968815.1	1.0	0.996
3000501inst1_path_65	GCF_030345295.1	1.0	1.0
3000501inst1_path_65	GCF_029201565.1	1.0	1.0
3000501inst1_path_65	GCF_020181595.1	1.0	0.997
3000501inst1_path_65	GCF_028703225.1	1.0	1.0
3000501inst1_path_65	GCF_021605885.1	1.0	1.0
3000501inst1_path_65	GCF_019974135.1	1.0	0.998
3000501inst1_path_65	GCF_028898945.1	1.0	1.0
3000501inst1_path_65	GCF_016862135.1	1.0	1.0
3000501inst1_path_65	GCF_023195795.1	1.0	1.0
3000501inst1_path_65	GCF_032469975.1	1.0	0.999
3000501inst1_path_65	GCF_901827155.1	1.0	1.0
3000501inst1_path_65	GCF_000026185.1	1.0	1.0
3000501inst1_path_65	GCF_001010355.1	1.0	1.0
3000501inst1_path_65	GCF_008118345.1	1.0	1.0
3000501inst1_path_65	GCF_023712665.1	1.0	1.0
3000501inst1_path_65	GCF_018417615.1	1.0	1.0
3000501inst1_path_65	GCF_007748175.1	1.0	1.0
3000501inst1_path_65	GCF_019968905.1	1.0	1.0
3000501inst1_path_65	GCF_021560695.1	1.0	1.0
3000501inst1_path_65	GCF_000828895.1	1.0	1.0
3000501inst1_path_65	GCF_014490575.1	1.0	1.0
3000501inst1_path_65	GCF_014263395.1	1.0	1.0
3000501inst1_path_65	GCF_030866765.1	1.0	1.0
3000501inst1_path_65	GCF_030482685.1	1.0	1.0
3000501inst1_path_65	GCF_002277955.1	1.0	0.999
3000501inst1_path_65	GCF_002327145.1	1.0	1.0
3000501inst1_path_65	GCF_016598595.1	1.0	1.0
3000501inst1_path_65	GCF_009859475.1	1.0	1.0
3000501inst1_path_65	GCF_005577435.1	1.0	0.999
3000501inst1_path_65	GCF_017310015.1	1.0	1.0
3000501inst1_path_65	GCF_025822645.1	1.0	0.996
3000501inst1_path_65	GCF_014250155.1	1.0	1.0
3000501inst1_path_65	GCF_014495885.1	1.0	1.0
3000501inst1_path_65	GCF_025252265.1	1.0	1.0
3000501inst1_path_65	GCF_003008515.1	1.0	1.0
3000501inst1_path_65	GCF_024758505.1	1.0	1.0
3000501inst1_path_65	GCF_020736465.1	1.0	1.0
3000501inst1_path_65	GCF_030849025.1	1.0	1.0
3000501inst1_path_65	GCF_000632515.1	1.0	1.0
3000501inst1_path_65	GCF_001753245.1	1.0	1.0
3000501inst1_path_65	GCF_025821905.1	1.0	0.996
3000501inst1_path_65	GCF_022374875.2	1.0	0.996
3000501inst1_path_65	GCF_031932575.1	1.0	1.0
3000501inst1_path_65	GCF_007113545.2	1.0	1.0
3000501inst1_path_65	GCF_031456735.1	1.0	1.0
3000501inst1_path_65	GCF_009762325.1	1.0	1.0
3000501inst1_path_65	GCF_001889605.1	1.0	1.0
3000501inst1_path_65	GCF_003096195.1	1.0	0.999
3000501inst1_path_65	GCF_020341595.1	1.0	1.0
3000501inst1_path_65	GCF_000013625.1	1.0	1.0
3000501inst1_path_65	GCF_000982975.1	1.0	1.0
3000501inst1_path_65	GCF_003433515.1	1.0	1.0
3000501inst1_path_65	GCF_001653795.1	1.0	1.0
3000501inst1_path_65	GCF_003547075.1	1.0	1.0
3000501inst1_path_65	GCF_001405815.1	1.0	1.0
3000501inst1_path_65	GCF_026016345.1	1.0	1.0
3000501inst1_path_65	GCF_001922345.1	1.0	1.0
3000501inst1_path_65	GCF_027594845.1	1.0	1.0
3000501inst1_path_65	GCF_019443505.1	1.0	1.0
3000501inst1_path_65	GCF_009846825.1	1.0	1.0
3000501inst1_path_65	GCF_030689745.1	1.0	1.0
3000501inst1_path_65	GCF_027171405.1	1.0	1.0
3000501inst1_path_65	GCF_014640215.1	1.0	1.0
3000501inst1_path_65	GCF_027988115.1	1.0	1.0
3000501inst1_path_65	GCF_003584815.1	1.0	1.0
3000501inst1_path_65	GCF_024807835.1	1.0	1.0
3000501inst1_path_65	GCF_016864195.1	1.0	1.0
3000501inst1_path_65	GCF_011326135.1	1.0	1.0
3000501inst1_path_65	GCF_022227925.1	1.0	1.0
3000501inst1_path_65	GCF_021284765.1	1.0	1.0
3000501inst1_path_65	GCF_002073975.1	1.0	1.0
3000501inst1_path_65	GCF_019599025.1	1.0	1.0
3000501inst1_path_65	GCF_032085155.1	1.0	1.0
3000501inst1_path_65	GCF_002154375.1	1.0	1.0
3000501inst1_path_65	GCF_029760895.1	1.0	1.0
3000501inst1_path_65	GCF_032460765.1	1.0	1.0
3000501inst1_path_65	GCF_005517195.1	1.0	1.0
3000501inst1_path_65	GCF_030296995.1	1.0	1.0
3000501inst1_path_65	GCF_030412785.1	1.0	1.0
3000501inst1_path_65	GCF_022637435.1	1.0	0.998
3000501inst1_path_65	GCF_030342225.1	1.0	0.996
3000501inst1_path_65	GCF_013127315.1	1.0	1.0
3000501inst1_path_65	GCF_012273495.1	1.0	1.0
3000501inst1_path_65	GCF_001579905.1	1.0	1.0
3000501inst1_path_65	GCF_001854325.1	1.0	1.0
3000501inst1_path_65	GCF_027886585.1	1.0	1.0
3000501inst1_path_65	GCF_030323285.1	1.0	0.999
3000501inst1_path_65	GCF_022807955.1	1.0	1.0
3000501inst1_path_65	GCF_025560745.1	1.0	1.0
3000501inst1_path_65	GCF_002022225.1	1.0	1.0
3000501inst1_path_65	GCF_020715685.1	1.0	1.0
3000501inst1_path_65	GCF_009676705.1	1.0	1.0
3000501inst1_path_65	GCF_024585125.1	1.0	1.0
3000501inst1_path_65	GCF_900177425.1	1.0	0.999
3000501inst1_path_65	GCF_000153125.2	1.0	1.0
3000501inst1_path_65	GCF_000948975.2	1.0	1.0
3000501inst1_path_65	GCF_002288345.1	1.0	1.0
3000501inst1_path_65	GCF_030126985.1	1.0	0.999
3000501inst1_path_65	GCF_030161735.1	1.0	0.999
3000501inst1_path_65	GCF_020510525.1	1.0	1.0
3000501inst1_path_65	GCF_015910445.1	1.0	1.0
3000501inst1_path_65	GCF_030323225.1	1.0	1.0
3000501inst1_path_65	GCF_963555345.1	1.0	1.0
3000501inst1_path_65	GCF_017933235.1	1.0	1.0
3000501inst1_path_65	GCF_004118975.1	1.0	1.0
3000501inst1_path_65	GCF_024362185.1	1.0	0.998
3000501inst1_path_65	GCF_016772395.1	1.0	1.0
3000501inst1_path_65	GCF_030687165.1	1.0	1.0
3000501inst1_path_65	GCF_005484945.1	1.0	1.0
3000501inst1_path_65	GCF_031630195.1	1.0	1.0
3000501inst1_path_65	GCF_018388445.1	1.0	1.0
3000501inst1_path_65	GCF_947072025.1	1.0	1.0
3000501inst1_path_65	GCF_003065365.1	1.0	1.0
3000501inst1_path_65	GCF_000015245.1	1.0	1.0
3000501inst1_path_65	GCF_016724865.1	1.0	0.999
3000501inst1_path_65	GCF_003970715.1	1.0	1.0
3000501inst1_path_65	GCF_002007685.1	1.0	1.0
3000501inst1_path_65	GCF_001750785.1	1.0	1.0
3000501inst1_path_65	GCF_031324335.1	1.0	1.0
3000501inst1_path_65	GCF_900105785.1	1.0	1.0
3000501inst1_path_65	GCF_030177755.1	1.0	1.0
3000501inst1_path_65	GCF_013409125.1	1.0	1.0
3000501inst1_path_65	GCF_024748675.1	1.0	1.0
3000501inst1_path_65	GCF_021206375.1	1.0	1.0
3000501inst1_path_65	GCF_959607695.1	1.0	1.0
3000501inst1_path_65	GCF_002261425.1	1.0	1.0
3000501inst1_path_65	GCF_900625055.1	1.0	1.0
3000501inst1_path_65	GCF_006228405.1	1.0	1.0
3000501inst1_path_65	GCF_030758315.1	1.0	1.0
3000501inst1_path_65	GCF_002910725.2	1.0	1.0
3000501inst1_path_65	GCF_003058465.1	1.0	1.0
3000501inst1_path_65	GCF_030388665.1	1.0	1.0
3000501inst1_path_65	GCF_027627475.1	1.0	1.0
3000501inst1_path_65	GCF_900187405.1	1.0	1.0
3000501inst1_path_65	GCF_019904175.1	1.0	1.0
3000501inst1_path_65	GCF_001632775.1	1.0	1.0
3000501inst1_path_65	GCF_004168365.1	1.0	1.0
3000501inst1_path_65	GCF_001941625.1	1.0	1.0
3000501inst1_path_65	GCF_021398215.1	1.0	0.999
3000501inst1_path_65	GCF_026105885.1	1.0	1.0
3000501inst1_path_65	GCF_900105655.1	1.0	1.0
3000501inst1_path_65	GCF_026651485.1	1.0	1.0
3000501inst1_path_65	GCF_013364355.1	1.0	1.0
3000501inst1_path_65	GCF_027497155.1	1.0	1.0
3000501inst1_path_65	GCF_025821505.1	1.0	0.996
3000501inst1_path_65	GCF_025822805.1	1.0	0.993
3000501inst1_path_65	GCF_007197575.1	1.0	1.0
3000501inst1_path_65	GCF_009617955.1	1.0	1.0
3000501inst1_path_65	GCF_000816465.3	1.0	1.0
3000501inst1_path_65	GCF_018408275.1	1.0	1.0
3000501inst1_path_65	GCF_009834345.1	1.0	1.0
3000501inst1_path_65	GCF_000807785.2	1.0	1.0
3000501inst1_path_65	GCF_000468495.1	1.0	1.0
3000501inst1_path_65	GCF_021654575.1	1.0	1.0
3000501inst1_path_65	GCF_021800405.1	1.0	0.998
3000501inst1_path_65	GCF_000012985.1	1.0	1.0
3000501inst1_path_65	GCF_022354745.1	1.0	1.0
3000501inst1_path_65	GCF_005280295.1	1.0	0.993
3000501inst1_path_65	GCF_031458315.1	1.0	0.999
3000501inst1_path_65	GCF_001278055.1	1.0	1.0
3000501inst1_path_65	GCF_030520125.1	1.0	1.0
3000501inst1_path_65	GCF_030909125.1	1.0	1.0
3000501inst1_path_65	GCF_004114795.1	1.0	0.999
3000501inst1_path_65	GCF_947494135.1	1.0	1.0
3000501inst1_path_65	GCF_030908545.1	1.0	1.0
3000501inst1_path_65	GCF_030053175.1	1.0	1.0
3000501inst1_path_65	GCF_009650765.1	1.0	1.0
3000501inst1_path_65	GCF_018208375.1	1.0	0.995
3000501inst1_path_65	GCF_001856685.1	1.0	0.996
3000501inst1_path_65	GCF_030064125.1	1.0	1.0
3000501inst1_path_65	GCF_012974645.1	1.0	1.0
3000501inst1_path_65	GCF_003325475.1	1.0	1.0
3000501inst1_path_65	GCF_025137375.1	1.0	1.0
3000501inst1_path_65	GCF_008329715.1	1.0	1.0
3000501inst1_path_65	GCF_024380015.1	1.0	1.0
3000501inst1_path_65	GCF_001687105.1	1.0	1.0
3000501inst1_path_65	GCF_004346505.1	1.0	1.0
3000501inst1_path_65	GCF_020544465.1	1.0	1.0
3000501inst1_path_65	GCF_013364195.1	1.0	1.0
3000501inst1_path_65	GCF_900105005.1	1.0	1.0
3000501inst1_path_65	GCF_003691465.1	1.0	1.0
3000501inst1_path_65	GCF_001697225.1	1.0	1.0
3000501inst1_path_65	GCF_025398035.1	1.0	1.0
3000501inst1_path_65	GCF_025136295.1	1.0	1.0
3000501inst1_path_65	GCF_900289095.1	1.0	1.0
3000501inst1_path_65	GCF_900188315.1	1.0	1.0
3000501inst1_path_65	GCF_028885395.1	1.0	1.0
3000501inst1_path_65	GCF_000785705.2	1.0	1.0
3000501inst1_path_65	GCF_030435705.1	1.0	1.0
3000501inst1_path_65	GCF_029909435.1	1.0	1.0
3000501inst1_path_65	GCF_009497075.1	1.0	0.997
3000501inst1_path_65	GCF_023823975.1	1.0	0.999
3000501inst1_path_65	GCF_002215215.1	1.0	1.0
3000501inst1_path_65	GCF_027497235.1	1.0	1.0
3000501inst1_path_65	GCF_013168275.1	1.0	1.0
3000501inst1_path_65	GCF_026847575.1	1.0	1.0
3000501inst1_path_65	GCF_004766445.2	1.0	1.0
3000501inst1_path_65	GCF_000829195.1	1.0	1.0
3000501inst1_path_65	GCF_030408435.1	1.0	0.999
3000501inst1_path_65	GCF_030915425.1	1.0	1.0
3000501inst1_path_65	GCF_013359935.1	1.0	1.0
3000501inst1_path_65	GCF_015209765.1	1.0	1.0
3000501inst1_path_65	GCF_029909975.1	1.0	1.0
3000501inst1_path_65	GCF_028751195.1	1.0	0.999
3000501inst1_path_65	GCF_002157835.1	1.0	0.999
3000501inst1_path_65	GCF_001687065.1	1.0	1.0
3000501inst1_path_65	GCF_025642115.1	1.0	1.0
3000501inst1_path_65	GCF_023218095.1	1.0	0.996
3000501inst1_path_65	GCF_020544365.1	1.0	1.0
3000501inst1_path_65	GCF_029457495.1	1.0	1.0
3000501inst1_path_65	GCF_022227035.1	1.0	1.0
3000501inst1_path_65	GCF_010669125.1	1.0	1.0
3000501inst1_path_65	GCF_003966895.1	1.0	0.999
3000501inst1_path_65	GCF_001433395.1	1.0	1.0
3000501inst1_path_65	GCF_030518135.1	1.0	0.999
3000501inst1_path_65	GCF_001507315.1	1.0	1.0
3000501inst1_path_65	GCF_005938665.2	1.0	1.0
3000501inst1_path_65	GCF_900143685.1	1.0	1.0
3000501inst1_path_65	GCF_001557535.2	1.0	1.0
3000501inst1_path_65	GCF_014069575.1	1.0	0.996
3000501inst1_path_65	GCF_000237305.1	1.0	1.0
3000501inst1_path_65	GCF_002224285.1	1.0	0.999
3000501inst1_path_65	GCF_963537885.1	1.0	1.0
3000501inst1_path_65	GCF_030687595.1	1.0	1.0
3000501inst1_path_65	GCF_022846615.1	1.0	1.0
3000501inst1_path_65	GCF_000195295.1	1.0	0.999
3000501inst1_path_65	GCF_013782625.1	1.0	1.0
3000501inst1_path_65	GCF_029371965.1	1.0	1.0
3000501inst1_path_65	GCF_024758005.1	1.0	0.998
3000501inst1_path_65	GCF_008119665.1	1.0	1.0
3000501inst1_path_65	GCF_016591715.1	1.0	1.0
3000501inst1_path_65	GCF_003852375.1	1.0	1.0
3000501inst1_path_65	GCF_021342015.1	1.0	1.0
3000501inst1_path_65	GCF_030347235.1	1.0	1.0
3000501inst1_path_65	GCF_003355155.1	1.0	1.0
3000501inst1_path_65	GCF_013004005.1	1.0	1.0
3000501inst1_path_65	GCF_032093435.1	1.0	1.0
3000501inst1_path_65	GCF_949837185.1	1.0	1.0
3000501inst1_path_65	GCF_029714345.1	1.0	1.0
3000501inst1_path_65	GCF_029581395.1	1.0	1.0
3000501inst1_path_65	GCF_031583655.1	1.0	1.0
3000501inst1_path_65	GCF_030644525.1	1.0	1.0
3000501inst1_path_65	GCF_023078495.1	1.0	1.0
3000501inst1_path_65	GCF_000243135.2	1.0	0.999
3000501inst1_path_65	GCF_000495755.1	1.0	1.0
3000501inst1_path_65	GCF_902459485.1	1.0	1.0
3000501inst1_path_65	GCF_030295745.1	1.0	0.996
3000501inst1_path_65	GCF_022788635.1	1.0	1.0
3000501inst1_path_65	GCF_002090335.1	1.0	1.0
3000501inst1_path_65	GCF_023101105.1	1.0	1.0
3000501inst1_path_65	GCF_022869865.1	1.0	0.999
3000501inst1_path_65	GCF_003952545.1	1.0	1.0
3000501inst1_path_65	GCF_029837835.1	1.0	1.0
3000501inst1_path_65	GCF_031921665.1	1.0	1.0
3000501inst1_path_65	GCF_009720625.1	1.0	1.0
3000501inst1_path_65	GCF_020035395.2	1.0	1.0
3000501inst1_path_65	GCF_030811425.1	1.0	1.0
3000501inst1_path_65	GCF_026967615.1	1.0	1.0
3000501inst1_path_65	GCF_026409565.1	1.0	1.0
3000501inst1_path_65	GCF_963510995.1	1.0	1.0
3000501inst1_path_65	GCF_018316795.1	1.0	1.0
3000501inst1_path_65	GCF_937926375.1	1.0	1.0
3000501inst1_path_65	GCF_001651805.1	1.0	1.0
3000501inst1_path_65	GCF_007113505.2	1.0	1.0
3000501inst1_path_65	GCF_017354965.1	1.0	1.0
3000501inst1_path_65	GCF_000154705.2	1.0	1.0
3000501inst1_path_65	GCF_001020985.1	1.0	0.995
3000501inst1_path_65	GCF_026230195.1	1.0	1.0
3000501inst1_path_65	GCF_021789315.1	1.0	0.999
3000501inst1_path_65	GCF_014931605.1	1.0	1.0
3000501inst1_path_65	GCF_007679095.1	1.0	1.0
3000501inst1_path_65	GCF_029167025.1	1.0	1.0
3000501inst1_path_65	GCF_963424245.1	1.0	1.0
3000501inst1_path_65	GCF_019186805.1	1.0	1.0
3000501inst1_path_65	GCF_031458175.1	1.0	0.999
3000501inst1_path_65	GCF_013911085.1	1.0	1.0
3000501inst1_path_65	GCF_007113585.2	1.0	1.0
3000501inst1_path_65	GCF_027359675.1	1.0	1.0
3000501inst1_path_65	GCF_025685425.1	1.0	1.0
3000501inst1_path_65	GCF_024137965.1	1.0	1.0
3000501inst1_path_65	GCF_027695885.1	1.0	0.999
3000501inst1_path_65	GCF_016865525.2	1.0	1.0
3000501inst1_path_65	GCF_000494915.1	1.0	1.0
3000501inst1_path_65	GCF_027558435.1	1.0	1.0
3000501inst1_path_65	GCF_019456675.1	1.0	0.993
3000501inst1_path_65	GCF_001654495.1	1.0	1.0
3000501inst1_path_65	GCF_907164845.1	1.0	1.0
3000501inst1_path_65	GCF_030517755.1	1.0	1.0
3000501inst1_path_65	GCF_002288505.1	1.0	1.0
3000501inst1_path_65	GCF_900089595.1	1.0	1.0
3000501inst1_path_65	GCF_024360925.2	1.0	1.0
3000501inst1_path_65	GCF_032061165.1	1.0	0.999
3000501inst1_path_65	GCF_019722725.1	1.0	1.0
3000501inst1_path_65	GCF_032191315.1	1.0	1.0
3000501inst1_path_65	GCF_004114955.1	1.0	1.0
3000501inst1_path_65	GCF_003151075.1	1.0	1.0
3000501inst1_path_65	GCF_017603605.1	1.0	1.0
3000501inst1_path_65	GCF_020172665.1	1.0	0.997
3000501inst1_path_65	GCF_027497195.1	1.0	1.0
3000501inst1_path_65	GCF_029541745.1	1.0	1.0
3000501inst1_path_65	GCF_000024725.1	1.0	1.0
3000501inst1_path_65	GCF_030028635.1	1.0	1.0
3000501inst1_path_65	GCF_016861355.2	1.0	1.0
3000501inst1_path_65	GCF_015277775.1	1.0	1.0
3000501inst1_path_65	GCF_031630315.1	1.0	1.0
3000501inst1_path_65	GCF_008330945.1	1.0	1.0
3000501inst1_path_65	GCF_030864005.1	1.0	1.0
3000501inst1_path_65	GCF_023702655.1	1.0	1.0
3000501inst1_path_65	GCF_004006355.1	1.0	1.0
3000501inst1_path_65	GCF_014198755.1	1.0	1.0
3000501inst1_path_65	GCF_006547045.1	1.0	1.0
3000501inst1_path_65	GCF_013423905.1	1.0	1.0
3000501inst1_path_65	GCF_014198365.1	1.0	1.0
3000501inst1_path_65	GCF_027286385.1	1.0	1.0
3000501inst1_path_65	GCF_031454805.1	1.0	1.0
3000501inst1_path_65	GCF_020520165.1	1.0	0.998
3000501inst1_path_65	GCF_003713065.1	1.0	0.999
3000501inst1_path_65	GCF_012935715.1	1.0	1.0
3000501inst1_path_65	GCF_030159915.1	1.0	1.0
3000501inst1_path_65	GCF_006351945.1	1.0	1.0
3000501inst1_path_65	GCF_018223845.1	1.0	1.0
3000501inst1_path_65	GCF_900292015.1	1.0	0.996
3000501inst1_path_65	GCF_009796845.1	1.0	1.0
3000501inst1_path_65	GCF_001758625.2	1.0	1.0
3000501inst1_path_65	GCF_003584645.1	1.0	1.0
3000501inst1_path_65	GCF_024748695.1	1.0	1.0
3000501inst1_path_65	GCF_003675325.1	1.0	1.0
3000501inst1_path_65	GCF_030188845.1	1.0	1.0
3000501inst1_path_65	GCF_024749245.1	1.0	1.0
3000501inst1_path_65	GCF_030483585.1	1.0	1.0
3000501inst1_path_65	GCF_019977335.1	1.0	0.998
3000501inst1_path_65	GCF_003086795.1	1.0	1.0
3000501inst1_path_65	GCF_030408575.1	1.0	0.996
3000501inst1_path_65	GCF_002943525.1	1.0	1.0
3000501inst1_path_65	GCF_001685395.1	1.0	0.999
3000501inst1_path_65	GCF_003966735.1	1.0	1.0
3000501inst1_path_65	GCF_010726505.1	1.0	0.996
3000501inst1_path_65	GCF_026192955.1	1.0	1.0
3000501inst1_path_65	GCF_023022985.1	1.0	0.999
3000501inst1_path_65	GCF_014640135.1	1.0	1.0
3000501inst1_path_65	GCF_026616255.1	1.0	1.0
3000501inst1_path_65	GCF_030845055.1	1.0	0.999
3000501inst1_path_65	GCF_900101785.1	1.0	0.998
3000501inst1_path_65	GCF_004114615.1	1.0	1.0
3000501inst1_path_65	GCF_026261605.1	1.0	1.0
3000501inst1_path_65	GCF_030733715.1	1.0	1.0
3000501inst1_path_65	GCF_024748925.1	1.0	1.0
3000501inst1_path_65	GCF_001889025.1	1.0	0.998
3000501inst1_path_65	GCF_001969265.1	1.0	0.998
3000501inst1_path_65	GCF_003353065.1	1.0	1.0
3000501inst1_path_65	GCF_030062155.1	1.0	1.0
3000501inst1_path_65	GCF_030296675.1	1.0	0.997
3000501inst1_path_65	GCF_019063885.1	1.0	1.0
3000501inst1_path_65	GCF_025244865.1	1.0	0.999
3000501inst1_path_65	GCF_003443535.1	1.0	1.0
3000501inst1_path_65	GCF_009866745.1	1.0	1.0
3000501inst1_path_65	GCF_031460335.1	1.0	1.0
3000501inst1_path_65	GCF_937872495.1	1.0	1.0
3000501inst1_path_65	GCF_003596305.1	1.0	1.0
3000501inst1_path_65	GCF_943736995.1	1.0	1.0
3000501inst1_path_65	GCF_003086775.1	1.0	1.0
3000501inst1_path_65	GCF_028657945.1	1.0	1.0
3000501inst1_path_65	GCF_016629525.1	1.0	1.0
3000501inst1_path_65	GCF_019704135.1	1.0	1.0
3000501inst1_path_65	GCF_009025935.1	1.0	1.0
3000501inst1_path_65	GCF_026743115.1	1.0	1.0
3000501inst1_path_65	GCF_022387135.1	1.0	1.0
3000501inst1_path_65	GCF_900106055.1	1.0	0.997
3000501inst1_path_65	GCF_031157845.1	1.0	1.0
3000501inst1_path_65	GCF_001029105.3	1.0	1.0
3000501inst1_path_65	GCF_019806665.1	1.0	1.0
3000501inst1_path_65	GCF_002777255.1	1.0	1.0
3000501inst1_path_65	GCF_027497215.1	1.0	1.0
3000501inst1_path_65	GCF_025263265.1	1.0	0.995
3000501inst1_path_65	GCF_001010805.1	1.0	1.0
3000501inst1_path_65	GCF_031316285.1	1.0	1.0
3000501inst1_path_65	GCF_023375815.1	1.0	1.0
3000501inst1_path_65	GCF_013376875.1	1.0	1.0
3000501inst1_path_65	GCF_002843625.1	1.0	1.0
3000501inst1_path_65	GCF_003967035.1	1.0	1.0
3000501inst1_path_65	GCF_021654285.1	1.0	1.0
3000501inst1_path_65	GCF_024612015.1	1.0	1.0
3000501inst1_path_65	GCF_009734385.1	1.0	0.999
3000501inst1_path_65	GCF_011046245.1	1.0	1.0
3000501inst1_path_65	GCF_018457175.1	1.0	1.0
3000501inst1_path_65	GCF_003184205.1	1.0	0.999
3000501inst1_path_65	GCF_024860185.1	1.0	1.0
3000501inst1_path_65	GCF_021228305.1	1.0	1.0
3000501inst1_path_65	GCF_008033115.1	1.0	1.0
3000501inst1_path_65	GCF_004087915.1	1.0	1.0
3000501inst1_path_65	GCF_030758935.1	1.0	1.0
3000501inst1_path_65	GCF_963518835.1	1.0	0.999
3000501inst1_path_65	GCF_003584565.2	1.0	1.0
3000501inst1_path_65	GCF_003955715.1	1.0	1.0
3000501inst1_path_65	GCF_020881855.1	1.0	1.0
3000501inst1_path_65	GCF_012931845.1	1.0	1.0
3000501inst1_path_65	GCF_024806875.1	1.0	1.0
3000501inst1_path_65	GCF_000485905.1	1.0	1.0
3000501inst1_path_65	GCF_026016745.1	1.0	1.0
3000501inst1_path_65	GCF_019904295.1	1.0	1.0
3000501inst1_path_65	GCF_001598115.1	1.0	1.0
3000501inst1_path_65	GCF_001705995.2	1.0	1.0
3000501inst1_path_65	GCF_014268695.2	1.0	1.0
3000501inst1_path_65	GCF_016593255.1	1.0	1.0
3000501inst1_path_65	GCF_021602405.1	1.0	1.0
3000501inst1_path_65	GCF_029510815.1	1.0	0.999
3000501inst1_path_65	GCF_005403365.1	1.0	0.999
3000501inst1_path_65	GCF_004323595.1	1.0	1.0
3000501inst1_path_65	GCF_007858535.1	1.0	0.996
3000501inst1_path_65	GCF_017493175.3	1.0	1.0
3000501inst1_path_65	GCF_963395035.1	1.0	1.0
3000501inst1_path_65	GCF_014395975.1	1.0	1.0
3000501inst1_path_65	GCF_024584785.1	1.0	1.0
3000501inst1_path_65	GCF_017301635.1	1.0	1.0
3000501inst1_path_65	GCF_001011035.1	1.0	1.0
3000501inst1_path_65	GCF_024748965.1	1.0	1.0
3000501inst1_path_65	GCF_030285785.1	1.0	1.0
3000501inst1_path_65	GCF_026342895.1	1.0	1.0
3000501inst1_path_65	GCF_028680215.1	1.0	1.0
3000501inst1_path_65	GCF_000013025.1	1.0	1.0
3000501inst1_path_65	GCF_025822925.1	1.0	0.996
3000501inst1_path_65	GCF_017355755.1	1.0	1.0
3000501inst1_path_65	GCF_030269245.1	1.0	1.0
3000501inst1_path_65	GCF_000827125.1	1.0	1.0
3000501inst1_path_65	GCF_020911845.1	1.0	1.0
3000501inst1_path_65	GCF_023704195.1	1.0	1.0
3000501inst1_path_65	GCF_021412625.1	1.0	1.0
3000501inst1_path_65	GCF_018325965.1	1.0	1.0
3000501inst1_path_65	GCF_019551435.1	1.0	1.0
3000501inst1_path_65	GCF_029714325.1	1.0	1.0
3000501inst1_path_65	GCF_017498505.1	1.0	1.0
3000501inst1_path_65	GCF_031457185.1	1.0	1.0
3000501inst1_path_65	GCF_937425535.1	1.0	1.0
3000501inst1_path_65	GCF_024749305.1	1.0	1.0
3000501inst1_path_65	GCF_024204685.1	1.0	1.0
3000501inst1_path_65	GCF_006438915.1	1.0	1.0
3000501inst1_path_65	GCF_000231405.2	1.0	1.0
3000501inst1_path_65	GCF_004365595.1	1.0	1.0
3000501inst1_path_65	GCF_032065025.1	1.0	1.0
3000501inst1_path_65	GCF_017614955.1	1.0	1.0
3000501inst1_path_65	GCF_032144195.1	1.0	1.0
3000501inst1_path_65	GCF_031455555.1	1.0	1.0
3000501inst1_path_65	GCF_010634845.1	1.0	1.0
3000501inst1_path_65	GCF_001262075.1	1.0	1.0
3000501inst1_path_65	GCF_014863605.1	1.0	1.0
3000501inst1_path_65	GCF_016811995.1	1.0	1.0
3000501inst1_path_65	GCF_000225565.1	1.0	1.0
3000501inst1_path_65	GCF_016765655.2	1.0	1.0
3000501inst1_path_65	GCF_030374125.1	1.0	1.0
3000501inst1_path_65	GCF_028680185.1	1.0	1.0
3000501inst1_path_65	GCF_013283895.1	1.0	1.0
3000501inst1_path_65	GCF_008727795.1	1.0	1.0
3000501inst1_path_65	GCF_032360065.1	1.0	1.0
3000501inst1_path_65	GCF_020405165.1	1.0	1.0
3000501inst1_path_65	GCF_016698645.1	1.0	1.0
3000501inst1_path_65	GCF_004683885.1	1.0	0.993
3000501inst1_path_65	GCF_000349325.1	1.0	1.0
3000501inst1_path_65	GCF_009834125.1	1.0	1.0
3000501inst1_path_65	GCF_026642215.1	1.0	1.0
3000501inst1_path_65	GCF_006442795.2	1.0	1.0
3000501inst1_path_65	GCF_013364095.1	1.0	1.0
3000501inst1_path_65	GCF_021498265.1	1.0	1.0
3000501inst1_path_65	GCF_030440515.1	1.0	1.0
3000501inst1_path_65	GCF_022370455.1	1.0	1.0
3000501inst1_path_65	GCF_018325865.1	1.0	1.0
3000501inst1_path_65	GCF_011492965.1	1.0	1.0
3000501inst1_path_65	GCF_030252185.1	1.0	0.999
3000501inst1_path_65	GCF_025141335.1	1.0	1.0
3000501inst1_path_65	GCF_013170825.1	1.0	1.0
3000501inst1_path_65	GCF_003852255.1	1.0	1.0
3000501inst1_path_65	GCF_022637455.1	1.0	1.0
3000501inst1_path_65	GCF_031583145.1	1.0	1.0
3000501inst1_path_65	GCF_021044625.1	1.0	1.0
3000501inst1_path_65	GCF_018866305.1	1.0	0.999
3000501inst1_path_65	GCF_024363545.1	1.0	1.0
3000501inst1_path_65	GCF_032115335.1	1.0	1.0
3000501inst1_path_65	GCF_021052305.1	1.0	1.0
3000501inst1_path_65	GCF_030646225.1	1.0	1.0
3000501inst1_path_65	GCF_001703595.1	1.0	1.0
3000501inst1_path_65	GCF_000495635.2	1.0	1.0
3000501inst1_path_65	GCF_030816075.1	1.0	0.994
3000501inst1_path_65	GCF_016615955.1	1.0	1.0
3000501inst1_path_65	GCF_023101065.1	1.0	1.0
3000501inst1_path_65	GCF_024746815.1	1.0	1.0
3000501inst1_path_65	GCF_031626215.1	1.0	0.996
3000501inst1_path_65	GCF_900634575.1	1.0	1.0
3000501inst1_path_65	GCF_029105195.1	1.0	1.0
3000501inst1_path_65	GCF_016925515.1	1.0	1.0
3000501inst1_path_65	GCF_014202835.1	1.0	1.0
3000501inst1_path_65	GCF_030063945.1	1.0	1.0
3000501inst1_path_65	GCF_012935695.1	1.0	1.0
3000501inst1_path_65	GCF_029910495.1	1.0	1.0
3000501inst1_path_65	GCF_003402595.1	1.0	1.0
3000501inst1_path_65	GCF_008016805.1	1.0	1.0
3000501inst1_path_65	GCF_003344965.1	1.0	1.0
3000501inst1_path_65	GCF_014652515.1	1.0	1.0
3000501inst1_path_65	GCF_001931635.1	1.0	1.0
3000501inst1_path_65	GCF_016921115.1	1.0	1.0
3000501inst1_path_65	GCF_016811915.1	1.0	1.0
3000501inst1_path_65	GCF_948107705.1	1.0	1.0
3000501inst1_path_65	GCF_008275125.1	1.0	1.0
3000501inst1_path_65	GCF_003610015.1	1.0	1.0
3000501inst1_path_65	GCF_020510685.1	1.0	1.0
3000501inst1_path_65	GCF_017798165.1	1.0	1.0
3000501inst1_path_65	GCF_018326425.1	1.0	1.0
3000501inst1_path_65	GCF_018831605.1	1.0	1.0
3000501inst1_path_65	GCF_030034735.1	1.0	1.0
3000501inst1_path_65	GCF_020025155.1	1.0	1.0
3000501inst1_path_65	GCF_018623035.1	1.0	1.0
3000501inst1_path_65	GCF_002742645.2	1.0	0.996
3000501inst1_path_65	GCF_022879595.1	1.0	1.0
3000501inst1_path_65	GCF_905142495.1	1.0	1.0
3000501inst1_path_65	GCF_014269225.2	1.0	1.0
3000501inst1_path_65	GCF_026167605.1	1.0	1.0
3000501inst1_path_65	GCF_000184705.1	1.0	1.0
3000501inst1_path_65	GCF_032460255.1	1.0	1.0
3000501inst1_path_65	GCF_002005165.1	1.0	1.0
3000501inst1_path_65	GCF_004328945.1	1.0	1.0
3000501inst1_path_65	GCF_024266955.1	1.0	0.998
3000501inst1_path_65	GCF_030233875.1	1.0	0.992
3000501inst1_path_65	GCF_029853695.1	1.0	1.0
3000501inst1_path_65	GCF_004343025.1	1.0	1.0
3000501inst1_path_65	GCF_900104975.1	1.0	1.0
3000501inst1_path_65	GCF_029906485.1	1.0	1.0
3000501inst1_path_65	GCF_030826395.1	1.0	1.0
3000501inst1_path_65	GCF_019685315.1	1.0	1.0
3000501inst1_path_65	GCF_004526345.1	1.0	1.0
3000501inst1_path_65	GCF_000154965.1	1.0	1.0
3000501inst1_path_65	GCF_022179425.1	1.0	0.996
3000501inst1_path_65	GCF_001663815.1	1.0	1.0
3000501inst1_path_65	GCF_014789585.1	1.0	1.0
3000501inst1_path_65	GCF_024442315.1	1.0	1.0
3000501inst1_path_65	GCF_018406605.1	1.0	1.0
3000501inst1_path_65	GCF_024732225.1	1.0	1.0
3000501inst1_path_65	GCF_021117385.1	1.0	1.0
3000501inst1_path_65	GCF_905336995.1	1.0	1.0
3000501inst1_path_65	GCF_026000375.1	1.0	1.0
3000501inst1_path_65	GCF_003813965.1	1.0	0.998
3000501inst1_path_65	GCF_021432065.1	1.0	1.0
3000501inst1_path_65	GCF_030482065.1	1.0	1.0
3000501inst1_path_65	GCF_022385335.1	1.0	1.0
3000501inst1_path_65	GCF_016919405.1	1.0	1.0
3000501inst1_path_65	GCF_002082195.1	1.0	1.0
3000501inst1_path_65	GCF_019599365.1	1.0	1.0
3000501inst1_path_65	GCF_024748835.1	1.0	1.0
3000501inst1_path_65	GCF_021049265.1	1.0	1.0
3000501inst1_path_65	GCF_023702105.1	1.0	1.0
3000501inst1_path_65	GCF_030142155.1	1.0	0.999
3000501inst1_path_65	GCF_019316905.1	1.0	1.0
3000501inst1_path_65	GCF_030348905.1	1.0	1.0
3000501inst1_path_65	GCF_018604545.1	1.0	1.0
3000501inst1_path_65	GCF_031001775.1	1.0	0.999
3000501inst1_path_65	GCF_032101385.1	1.0	1.0
3000501inst1_path_65	GCF_011801365.1	1.0	1.0
3000501inst1_path_65	GCF_029219945.1	1.0	1.0
3000501inst1_path_65	GCF_014205165.1	1.0	1.0
3000501inst1_path_65	GCF_029869925.1	1.0	1.0
3000501inst1_path_65	GCF_001661075.1	1.0	1.0
3000501inst1_path_65	GCF_023699965.1	1.0	1.0
3000501inst1_path_65	GCF_000283275.1	1.0	1.0
3000501inst1_path_65	GCF_001007875.1	1.0	1.0
3000501inst1_path_65	GCF_030845995.1	1.0	1.0
3000501inst1_path_65	GCF_001998865.1	1.0	1.0
3000501inst1_path_65	GCF_023702635.1	1.0	1.0
3000501inst1_path_65	GCF_022229325.1	1.0	1.0
3000501inst1_path_65	GCF_009827115.1	1.0	1.0
3000501inst1_path_65	GCF_003173755.1	1.0	1.0
3000501inst1_path_65	GCF_024749365.1	1.0	1.0
3000501inst1_path_65	GCF_011764485.1	1.0	1.0
3000501inst1_path_65	GCF_025263565.1	1.0	0.995
3000501inst1_path_65	GCF_008806955.1	1.0	1.0
3000501inst1_path_65	GCF_001718875.1	1.0	1.0
3000501inst1_path_65	GCF_006385135.1	1.0	1.0
3000501inst1_path_65	GCF_004153525.1	1.0	1.0
3000501inst1_path_65	GCF_015482775.1	1.0	1.0
3000501inst1_path_65	GCF_000019965.1	1.0	0.999
3000501inst1_path_65	GCF_029953595.1	1.0	1.0
3000501inst1_path_65	GCF_905367725.1	1.0	1.0
3000501inst1_path_65	GCF_028743655.1	1.0	1.0
3000501inst1_path_65	GCF_030814985.1	1.0	1.0
3000501inst1_path_65	GCF_011694515.1	1.0	0.993
3000501inst1_path_65	GCF_031920185.1	1.0	0.999
3000501inst1_path_65	GCF_026723865.1	1.0	0.996
3000501inst1_path_65	GCF_002310495.1	1.0	1.0
3000501inst1_path_65	GCF_030297635.1	1.0	1.0
3000501inst1_path_65	GCF_029854195.1	1.0	1.0
3000501inst1_path_65	GCF_028198185.1	1.0	1.0
3000501inst1_path_65	GCF_019685075.1	1.0	1.0
3000501inst1_path_65	GCF_009685195.1	1.0	1.0
3000501inst1_path_65	GCF_013395055.1	1.0	1.0
3000501inst1_path_65	GCF_023520895.1	1.0	0.999
3000501inst1_path_65	GCF_003627775.1	1.0	1.0
3000501inst1_path_65	GCF_030406405.1	1.0	1.0
3000501inst1_path_65	GCF_023716865.1	1.0	1.0
3000501inst1_path_65	GCF_001190945.1	1.0	0.995
3000501inst1_path_65	GCF_025961485.1	1.0	1.0
3000501inst1_path_65	GCF_032085055.1	1.0	0.998
3000501inst1_path_65	GCF_009930815.1	1.0	1.0
3000501inst1_path_65	GCF_026229605.1	1.0	1.0
3000501inst1_path_65	GCF_028609825.1	1.0	0.999
3000501inst1_path_65	GCF_016626125.1	1.0	1.0
3000501inst1_path_65	GCF_900142425.1	1.0	1.0
3000501inst1_path_65	GCF_029910035.1	1.0	1.0
3000501inst1_path_65	GCF_022385315.1	1.0	1.0
3000501inst1_path_65	GCF_900155645.1	1.0	1.0
3000501inst1_path_65	GCF_029866845.1	1.0	1.0
3000501inst1_path_65	GCF_002843585.1	1.0	1.0
3000501inst1_path_65	GCF_024381035.1	1.0	1.0
3000501inst1_path_65	GCF_910573735.1	1.0	1.0
3000501inst1_path_65	GCF_018682635.1	1.0	1.0
3000501inst1_path_65	GCF_025739275.1	1.0	1.0
3000501inst1_path_65	GCF_003610515.1	1.0	1.0
3000501inst1_path_65	GCF_030719235.1	1.0	1.0
3000501inst1_path_65	GCF_030345075.1	1.0	1.0
3000501inst1_path_65	GCF_022163125.1	1.0	0.999
3000501inst1_path_65	GCF_016756555.1	1.0	1.0
3000501inst1_path_65	GCF_022682355.1	1.0	1.0
3000501inst1_path_65	GCF_007746795.1	1.0	1.0
3000501inst1_path_65	GCF_020990385.1	1.0	1.0
3000501inst1_path_65	GCF_000389965.1	1.0	1.0
3000501inst1_path_65	GCF_001017655.1	1.0	1.0
3000501inst1_path_65	GCF_027941835.1	1.0	0.997
3000501inst1_path_65	GCF_030818855.1	1.0	1.0
3000501inst1_path_65	GCF_014638185.1	1.0	1.0
3000501inst1_path_65	GCF_900198525.1	1.0	1.0
3000501inst1_path_65	GCF_029761915.1	1.0	1.0
3000501inst1_path_65	GCF_020871915.1	1.0	1.0
3000501inst1_path_65	GCF_013401535.1	1.0	1.0
3000501inst1_path_65	GCF_029084745.1	1.0	1.0
3000501inst1_path_65	GCF_023370075.1	1.0	0.999
3000501inst1_path_65	GCF_012913485.1	1.0	1.0
3000501inst1_path_65	GCF_023100905.1	1.0	1.0
3000501inst1_path_65	GCF_018325805.1	1.0	1.0
3000501inst1_path_65	GCF_900105995.1	1.0	1.0
3000501inst1_path_65	GCF_024701375.2	1.0	1.0
3000501inst1_path_65	GCF_003184265.1	1.0	1.0
3000501inst1_path_65	GCF_002163625.1	1.0	1.0
3000501inst1_path_65	GCF_014218315.1	1.0	1.0
3000501inst1_path_65	GCF_025200925.1	1.0	1.0
3000501inst1_path_65	GCF_011290485.1	1.0	1.0
3000501inst1_path_65	GCF_030285925.1	1.0	1.0
3000501inst1_path_65	GCF_002261365.1	1.0	1.0
3000501inst1_path_65	GCF_002741035.1	1.0	1.0
3000501inst1_path_65	GCF_949769275.1	1.0	1.0
3000501inst1_path_65	GCF_029215585.1	1.0	1.0
3000501inst1_path_65	GCF_031199945.1	1.0	1.0
3000501inst1_path_65	GCF_028609845.1	1.0	1.0
3000501inst1_path_65	GCF_031224895.1	1.0	1.0
3000501inst1_path_65	GCF_019141525.1	1.0	1.0
3000501inst1_path_65	GCF_005405945.1	1.0	1.0
3000501inst1_path_65	GCF_003325455.1	1.0	1.0
3000501inst1_path_65	GCF_008728855.1	1.0	1.0
3000501inst1_path_65	GCF_001601315.1	1.0	1.0
3000501inst1_path_65	GCF_015101885.1	1.0	1.0
3000501inst1_path_65	GCF_028471945.1	1.0	1.0
3000501inst1_path_65	GCF_014202795.1	1.0	1.0
3000501inst1_path_65	GCF_012971745.1	1.0	1.0
3000501inst1_path_65	GCF_001696615.3	1.0	1.0
3000501inst1_path_65	GCF_900177325.1	1.0	1.0
3000501inst1_path_65	GCF_011602485.1	1.0	1.0
3000501inst1_path_65	GCF_004803895.1	1.0	1.0
3000501inst1_path_65	GCF_025854375.1	1.0	0.998
3000501inst1_path_65	GCF_030217805.1	1.0	1.0
3000501inst1_path_65	GCF_950293265.1	1.0	1.0
3000501inst1_path_65	GCF_002848345.1	1.0	1.0
3000501inst1_path_65	GCF_012689525.1	1.0	1.0
3000501inst1_path_65	GCF_013085545.1	1.0	1.0
3000501inst1_path_65	GCF_013201075.1	1.0	1.0
3000501inst1_path_65	GCF_000612505.1	1.0	0.999
3000501inst1_path_65	GCF_031456915.1	1.0	1.0
3000501inst1_path_65	GCF_004340865.1	1.0	1.0
3000501inst1_path_65	GCF_022317005.1	1.0	0.992
3000501inst1_path_65	GCF_012295575.1	1.0	1.0
3000501inst1_path_65	GCF_016102525.1	1.0	1.0
3000501inst1_path_65	GCF_001969445.1	1.0	1.0
3000501inst1_path_65	GCF_900091545.1	1.0	1.0
3000501inst1_path_65	GCF_019977315.1	1.0	0.999
3000501inst1_path_65	GCF_002237595.1	1.0	1.0
3000501inst1_path_65	GCF_018128485.1	1.0	0.997
3000501inst1_path_65	GCF_019880405.1	1.0	1.0
3000501inst1_path_65	GCF_013822785.1	1.0	1.0
3000501inst1_path_65	GCF_003352105.1	1.0	1.0
3000501inst1_path_65	GCF_014621695.1	1.0	1.0
3000501inst1_path_65	GCF_024298925.1	1.0	0.999
3000501inst1_path_65	GCF_021341735.1	1.0	1.0
3000501inst1_path_65	GCF_001278705.1	1.0	1.0
3000501inst1_path_65	GCF_002902905.1	1.0	1.0
3000501inst1_path_65	GCF_013305665.1	1.0	1.0
3000501inst1_path_65	GCF_026104355.1	1.0	1.0
3000501inst1_path_65	GCF_024802625.1	1.0	1.0
3000501inst1_path_65	GCF_017304095.1	1.0	1.0
3000501inst1_path_65	GCF_012317585.1	1.0	1.0
3000501inst1_path_65	GCF_008386395.1	1.0	1.0
3000501inst1_path_65	GCF_023101665.1	1.0	1.0
3000501inst1_path_65	GCF_002847305.1	1.0	1.0
3000501inst1_path_65	GCF_004795735.1	1.0	0.999
3000501inst1_path_65	GCF_021631985.1	1.0	1.0
3000501inst1_path_65	GCF_015327065.1	1.0	1.0
3000501inst1_path_65	GCF_021513275.1	1.0	0.999
3000501inst1_path_65	GCF_900104315.1	1.0	0.998
3000501inst1_path_65	GCF_023823875.1	1.0	0.999
3000501inst1_path_65	GCF_030053115.1	1.0	1.0
3000501inst1_path_65	GCF_014489615.1	1.0	1.0
3000501inst1_path_65	GCF_002237445.1	1.0	1.0
3000501inst1_path_65	GCF_000521505.1	1.0	1.0
3000501inst1_path_65	GCF_003330845.1	1.0	1.0
3000501inst1_path_65	GCF_013741155.1	1.0	1.0
3000501inst1_path_65	GCF_018324255.1	1.0	1.0
3000501inst1_path_65	GCF_014495705.1	1.0	1.0
3000501inst1_path_65	GCF_001632865.1	1.0	1.0
3000501inst1_path_65	GCF_005160265.1	1.0	1.0
3000501inst1_path_65	GCF_024346915.1	1.0	1.0
3000501inst1_path_65	GCF_024170005.1	1.0	1.0
3000501inst1_path_65	GCF_030142045.1	1.0	0.999
3000501inst1_path_65	GCF_014192225.1	1.0	1.0
3000501inst1_path_65	GCF_008000915.1	1.0	1.0
3000501inst1_path_65	GCF_006007965.1	1.0	0.999
3000501inst1_path_65	GCF_000017565.1	1.0	1.0
3000501inst1_path_65	GCF_004006415.1	1.0	1.0
3000501inst1_path_65	GCF_001888805.2	1.0	1.0
3000501inst1_path_65	GCF_011305535.1	1.0	1.0
3000501inst1_path_65	GCF_002831585.1	1.0	1.0
3000501inst1_path_65	GCF_018223725.1	1.0	1.0
3000501inst1_path_65	GCF_030378205.1	1.0	1.0
3000501inst1_path_65	GCF_012044895.1	1.0	1.0
3000501inst1_path_65	GCF_025666235.1	1.0	1.0
3000501inst1_path_65	GCF_019464415.1	1.0	1.0
3000501inst1_path_65	GCF_024206005.1	1.0	1.0
3000501inst1_path_65	GCF_019665765.1	1.0	1.0
3000501inst1_path_65	GCF_025643255.1	1.0	1.0
3000501inst1_path_65	GCF_022179485.1	1.0	0.999
3000501inst1_path_65	GCF_030518795.1	1.0	1.0
3000501inst1_path_65	GCF_003864115.1	1.0	1.0
3000501inst1_path_65	GCF_000755185.1	1.0	0.999
3000501inst1_path_65	GCF_015230315.1	1.0	0.999
3000501inst1_path_65	GCF_017654485.1	1.0	1.0
3000501inst1_path_65	GCF_026965555.1	1.0	1.0
3000501inst1_path_65	GCF_013410185.1	1.0	1.0
3000501inst1_path_65	GCF_020843965.1	1.0	1.0
3000501inst1_path_65	GCF_022811525.1	1.0	1.0
3000501inst1_path_65	GCF_007113405.2	1.0	1.0
3000501inst1_path_65	GCF_002847445.1	1.0	0.999
3000501inst1_path_65	GCF_030053895.1	1.0	1.0
3000501inst1_path_65	GCF_031954365.1	1.0	1.0
3000501inst1_path_65	GCF_013358335.1	1.0	1.0
3000501inst1_path_65	GCF_030020805.1	1.0	0.999
3000501inst1_path_65	GCF_013009255.1	1.0	1.0
3000501inst1_path_65	GCF_000016425.1	1.0	1.0
3000501inst1_path_65	GCF_032464185.1	1.0	1.0
3000501inst1_path_65	GCF_028994075.1	1.0	1.0
3000501inst1_path_65	GCF_002327105.1	1.0	1.0
3000501inst1_path_65	GCF_015291725.1	1.0	1.0
3000501inst1_path_65	GCF_006094275.1	1.0	0.997
3000501inst1_path_65	GCF_008087625.1	1.0	0.999
3000501inst1_path_65	GCF_029637485.1	1.0	0.997
3000501inst1_path_65	GCF_030386755.1	1.0	1.0
3000501inst1_path_65	GCF_014268275.3	1.0	1.0
3000501inst1_path_65	GCF_030361605.1	1.0	1.0
3000501inst1_path_65	GCF_009834145.1	1.0	1.0
3000501inst1_path_65	GCF_021398855.1	1.0	1.0
3000501inst1_path_65	GCF_004524855.1	1.0	1.0
3000501inst1_path_65	GCF_022870505.1	1.0	1.0
3000501inst1_path_65	GCF_001854285.1	1.0	1.0
3000501inst1_path_65	GCF_026625645.1	1.0	1.0
3000501inst1_path_65	GCF_017868935.1	1.0	1.0
3000501inst1_path_65	GCF_007674065.1	1.0	0.999
3000501inst1_path_65	GCF_009731355.2	1.0	1.0
3000501inst1_path_65	GCF_019977375.1	1.0	0.998
3000501inst1_path_65	GCF_011493005.1	1.0	1.0
3000501inst1_path_65	GCF_013177705.1	1.0	1.0
3000501inst1_path_65	GCF_012102845.1	1.0	1.0
3000501inst1_path_65	GCF_014637265.1	1.0	1.0
3000501inst1_path_65	GCF_004361875.1	1.0	1.0
3000501inst1_path_65	GCF_027474405.1	1.0	0.996
3000501inst1_path_65	GCF_029715615.1	1.0	1.0
3000501inst1_path_65	GCF_001941845.1	1.0	1.0
3000501inst1_path_65	GCF_963527095.1	1.0	1.0
3000501inst1_path_65	GCF_014203225.1	1.0	1.0
3000501inst1_path_65	GCF_016694895.1	1.0	0.998
3000501inst1_path_65	GCF_003032475.1	1.0	1.0
3000501inst1_path_65	GCF_032251615.1	1.0	1.0
3000501inst1_path_65	GCF_018722605.1	1.0	1.0
3000501inst1_path_65	GCF_900090275.1	1.0	1.0
3000501inst1_path_65	GCF_030064585.1	1.0	1.0
3000501inst1_path_65	GCF_015209745.1	1.0	1.0
3000501inst1_path_65	GCF_022879815.1	1.0	1.0
3000501inst1_path_65	GCF_003627815.1	1.0	1.0
3000501inst1_path_65	GCF_003150835.1	1.0	0.998
3000501inst1_path_65	GCF_018243235.1	1.0	1.0
3000501inst1_path_65	GCF_029714385.1	1.0	1.0
3000501inst1_path_65	GCF_030412035.1	1.0	1.0
3000501inst1_path_65	GCF_030436055.1	1.0	1.0
3000501inst1_path_65	GCF_030269585.1	1.0	1.0
3000501inst1_path_65	GCF_001310255.1	1.0	0.998
3000501inst1_path_65	GCF_025836975.1	1.0	1.0
3000501inst1_path_65	GCF_001655295.1	1.0	1.0
3000501inst1_path_65	GCF_031199965.1	1.0	0.999
3000501inst1_path_65	GCF_026797755.1	1.0	0.999
3000501inst1_path_65	GCF_012295505.1	1.0	0.999
3000501inst1_path_65	GCF_023101085.1	1.0	1.0
3000501inst1_path_65	GCF_022406875.1	1.0	1.0
3000501inst1_path_65	GCF_026344195.1	1.0	1.0
3000501inst1_path_65	GCF_021290385.1	1.0	1.0
3000501inst1_path_65	GCF_947495155.1	1.0	1.0
3000501inst1_path_65	GCF_023100865.1	1.0	1.0
3000501inst1_path_65	GCF_020089835.1	1.0	1.0
3000501inst1_path_65	GCF_014640695.1	1.0	1.0
3000501inst1_path_65	GCF_028664465.1	1.0	1.0
3000501inst1_path_65	GCF_024205225.1	1.0	1.0
3000501inst1_path_65	GCF_019139795.1	1.0	1.0
3000501inst1_path_65	GCF_016925675.1	1.0	1.0
3000501inst1_path_65	GCF_003851685.1	1.0	1.0
3000501inst1_path_65	GCF_001266795.1	1.0	1.0
3000501inst1_path_65	GCF_014218275.1	1.0	1.0
3000501inst1_path_65	GCF_000828615.1	1.0	1.0
3000501inst1_path_65	GCF_003387155.1	1.0	1.0
3000501inst1_path_65	GCF_028870195.1	1.0	1.0
3000501inst1_path_65	GCF_010450915.1	1.0	0.999
3000501inst1_path_65	GCF_010726765.1	1.0	0.994
3000501inst1_path_65	GCF_024734895.1	1.0	0.999
3000501inst1_path_65	GCF_019933155.2	1.0	1.0
3000501inst1_path_65	GCF_029478305.1	1.0	1.0
3000501inst1_path_65	GCF_030169715.1	1.0	0.999
3000501inst1_path_65	GCF_013184985.2	1.0	1.0
3000501inst1_path_65	GCF_029543025.1	1.0	1.0
3000501inst1_path_65	GCF_021730305.1	1.0	1.0
3000501inst1_path_65	GCF_009834105.1	1.0	1.0
3000501inst1_path_65	GCF_003711205.1	1.0	1.0
3000501inst1_path_65	GCF_006333825.1	1.0	1.0
3000501inst1_path_65	GCF_019448355.1	1.0	1.0
3000501inst1_path_65	GCF_016889285.1	1.0	0.997
3000501inst1_path_65	GCF_004331955.1	1.0	1.0
3000501inst1_path_65	GCF_001190925.1	1.0	1.0
3000501inst1_path_65	GCF_947494945.1	1.0	1.0
3000501inst1_path_65	GCF_026210475.1	1.0	1.0
3000501inst1_path_65	GCF_017301335.1	1.0	1.0
3000501inst1_path_65	GCF_001281315.1	1.0	0.999
3000501inst1_path_65	GCF_015160875.1	1.0	1.0
3000501inst1_path_65	GCF_014650375.1	1.0	1.0
3000501inst1_path_65	GCF_020419555.1	1.0	1.0
3000501inst1_path_65	GCF_900174485.1	1.0	1.0
3000501inst1_path_65	GCF_029838335.1	1.0	1.0
3000501inst1_path_65	GCF_008120895.1	1.0	1.0
3000501inst1_path_65	GCF_003595545.1	1.0	1.0
3000501inst1_path_65	GCF_000213055.1	1.0	1.0
3000501inst1_path_65	GCF_000025905.1	1.0	0.999
3000501inst1_path_65	GCF_023330665.1	1.0	0.998
3000501inst1_path_65	GCF_023704175.1	1.0	1.0
3000501inst1_path_65	GCF_018847975.1	1.0	1.0
3000501inst1_path_65	GCF_025148665.1	1.0	0.994
3000501inst1_path_65	GCF_030687895.1	1.0	1.0
3000501inst1_path_65	GCF_016457235.1	1.0	1.0
3000501inst1_path_65	GCF_029223545.1	1.0	1.0
3000501inst1_path_65	GCF_014489805.1	1.0	0.999
3000501inst1_path_65	GCF_030229545.1	1.0	0.995
3000501inst1_path_65	GCF_009769165.1	1.0	1.0
3000501inst1_path_65	GCF_900289045.1	1.0	0.998
3000501inst1_path_65	GCF_006716215.1	1.0	1.0
3000501inst1_path_65	GCF_027497275.1	1.0	1.0
3000501inst1_path_65	GCF_003086675.1	1.0	1.0
3000501inst1_path_65	GCF_022558505.1	1.0	0.996
3000501inst1_path_65	GCF_019334425.1	1.0	1.0
3000501inst1_path_65	GCF_031312015.1	1.0	1.0
3000501inst1_path_65	GCF_003408515.1	1.0	1.0
3000501inst1_path_65	GCF_018131005.1	1.0	1.0
3000501inst1_path_65	GCF_031845765.1	1.0	1.0
3000501inst1_path_65	GCF_001577755.1	1.0	1.0
3000501inst1_path_65	GCF_001183865.1	1.0	1.0
3000501inst1_path_65	GCF_026020075.1	1.0	1.0
3000501inst1_path_65	GCF_018729255.1	1.0	1.0
3000501inst1_path_65	GCF_013359655.1	1.0	1.0
3000501inst1_path_65	GCF_029759805.1	1.0	1.0
3000501inst1_path_65	GCF_032112545.1	1.0	1.0
3000501inst1_path_65	GCF_030160195.1	1.0	1.0
3000501inst1_path_65	GCF_031454005.1	1.0	1.0
3000501inst1_path_65	GCF_002902865.1	1.0	1.0
3000501inst1_path_65	GCF_004217225.1	1.0	1.0
3000501inst1_path_65	GCF_000253295.1	1.0	1.0
3000501inst1_path_65	GCF_001189535.1	1.0	1.0
3000501inst1_path_65	GCF_025822025.1	1.0	0.996
3000501inst1_path_65	GCF_030755195.1	1.0	0.996
3000501inst1_path_65	GCF_030262695.1	1.0	1.0
3000501inst1_path_65	GCF_014083965.1	1.0	1.0
3000501inst1_path_65	GCF_028010285.1	1.0	1.0
3000501inst1_path_65	GCF_011751035.2	1.0	1.0
3000501inst1_path_65	GCF_013155125.1	1.0	0.997
3000501inst1_path_65	GCF_003952505.1	1.0	1.0
3000501inst1_path_65	GCF_001705075.2	1.0	1.0
3000501inst1_path_65	GCF_963521225.1	1.0	1.0
3000501inst1_path_65	GCF_020418435.1	1.0	1.0
3000501inst1_path_65	GCF_015711475.1	1.0	0.997
3000501inst1_path_65	GCF_021353295.2	1.0	1.0
3000501inst1_path_65	GCF_028610225.1	1.0	1.0
3000501inst1_path_65	GCF_947495805.1	1.0	1.0
3000501inst1_path_65	GCF_031455915.1	1.0	1.0
3000501inst1_path_65	GCF_024396695.1	1.0	1.0
3000501inst1_path_65	GCF_028473605.1	1.0	1.0
3000501inst1_path_65	GCF_028621695.1	1.0	1.0
3000501inst1_path_65	GCF_001442745.1	1.0	1.0
3000501inst1_path_65	GCF_003403315.2	1.0	1.0
3000501inst1_path_65	GCF_025822465.1	1.0	0.996
3000501inst1_path_65	GCF_900096755.1	1.0	1.0
3000501inst1_path_65	GCF_014302295.1	1.0	1.0
3000501inst1_path_65	GCF_025847435.1	1.0	1.0
3000501inst1_path_65	GCF_030252325.1	1.0	0.996
3000501inst1_path_65	GCF_900005615.1	1.0	1.0
3000501inst1_path_65	GCF_003073475.1	1.0	1.0
3000501inst1_path_65	GCF_025200905.1	1.0	1.0
3000501inst1_path_65	GCF_030123505.1	1.0	0.999
3000501inst1_path_65	GCF_000829415.1	1.0	1.0
3000501inst1_path_65	GCF_004551645.1	1.0	1.0
3000501inst1_path_65	GCF_002009175.1	1.0	1.0
3000501inst1_path_65	GCF_018326285.1	1.0	0.999
3000501inst1_path_65	GCF_026239535.1	1.0	1.0
3000501inst1_path_65	GCF_030169005.1	1.0	1.0
3000501inst1_path_65	GCF_004323615.2	1.0	1.0
3000501inst1_path_65	GCF_031583915.1	1.0	1.0
3000501inst1_path_65	GCF_003628555.1	1.0	1.0
3000501inst1_path_65	GCF_014334735.1	1.0	1.0
3000501inst1_path_65	GCF_032460215.1	1.0	1.0
3000501inst1_path_65	GCF_025998535.1	1.0	1.0
3000501inst1_path_65	GCF_004923315.1	1.0	1.0
3000501inst1_path_65	GCF_003290225.1	1.0	1.0
3000501inst1_path_65	GCF_002787395.1	1.0	1.0
3000501inst1_path_65	GCF_032401205.1	1.0	1.0
3000501inst1_path_65	GCF_027158565.1	1.0	1.0
3000501inst1_path_65	GCF_933509905.1	1.0	1.0
3000501inst1_path_65	GCF_003966565.1	1.0	1.0
3000501inst1_path_65	GCF_032077925.1	1.0	1.0
3000501inst1_path_65	GCF_030369595.1	1.0	0.999
3000501inst1_path_65	GCF_015500075.1	1.0	1.0
3000501inst1_path_65	GCF_023169845.1	1.0	1.0
3000501inst1_path_65	GCF_001454985.1	1.0	0.998
3000501inst1_path_65	GCF_003491345.1	1.0	1.0
3000501inst1_path_65	GCF_019719355.1	1.0	1.0
3000501inst1_path_65	GCF_902833085.1	1.0	1.0
3000501inst1_path_65	GCF_029215935.1	1.0	0.999
3000501inst1_path_65	GCF_019913095.1	1.0	1.0
3000501inst1_path_65	GCF_030412635.1	1.0	0.997
3000501inst1_path_65	GCF_000364805.1	1.0	1.0
3000501inst1_path_65	GCF_025821805.1	1.0	0.999
3000501inst1_path_65	GCF_030294985.1	1.0	1.0
3000501inst1_path_65	GCF_031801495.1	1.0	1.0
3000501inst1_path_65	GCF_028680255.1	1.0	1.0
3000501inst1_path_65	GCF_947090715.1	1.0	1.0
3000501inst1_path_65	GCF_001444425.1	1.0	1.0
3000501inst1_path_65	GCF_023330645.1	1.0	1.0
3000501inst1_path_65	GCF_027924565.1	1.0	1.0
3000501inst1_path_65	GCF_003952425.1	1.0	1.0
3000501inst1_path_65	GCF_002243345.2	1.0	1.0
3000501inst1_path_65	GCF_002983865.1	1.0	1.0
3000501inst1_path_65	GCF_002005145.1	1.0	1.0
3000501inst1_path_65	GCF_021228015.1	1.0	1.0
3000501inst1_path_65	GCF_032248715.1	1.0	1.0
3000501inst1_path_65	GCF_000010525.1	1.0	1.0
3000501inst1_path_65	GCF_018282095.1	1.0	1.0
3000501inst1_path_65	GCF_030386455.1	1.0	1.0
3000501inst1_path_65	GCF_002250745.2	1.0	0.995
3000501inst1_path_65	GCF_014217835.1	1.0	1.0
3000501inst1_path_65	GCF_005491425.1	1.0	1.0
3000501inst1_path_65	GCF_026016365.1	1.0	1.0
3000501inst1_path_65	GCF_000227705.2	1.0	1.0
3000501inst1_path_65	GCF_029542445.1	1.0	0.999
3000501inst1_path_65	GCF_014174315.1	1.0	1.0
3000501inst1_path_65	GCF_009734265.1	1.0	1.0
3000501inst1_path_65	GCF_009363475.1	1.0	1.0
3000501inst1_path_65	GCF_003669015.1	1.0	1.0
3000501inst1_path_65	GCF_030386655.1	1.0	1.0
3000501inst1_path_65	GCF_032198945.1	1.0	1.0
3000501inst1_path_65	GCF_001465795.2	1.0	1.0
3000501inst1_path_65	GCF_019581175.1	1.0	1.0
3000501inst1_path_65	GCF_013694245.2	1.0	1.0
3000501inst1_path_65	GCF_010384365.1	1.0	1.0
3000501inst1_path_65	GCF_017603825.1	1.0	0.999
3000501inst1_path_65	GCF_012273735.1	1.0	1.0
3000501inst1_path_65	GCF_031317185.1	1.0	1.0
3000501inst1_path_65	GCF_031979885.1	1.0	1.0
3000501inst1_path_65	GCF_024741815.1	1.0	1.0
3000501inst1_path_65	GCF_031456215.1	1.0	1.0
3000501inst1_path_65	GCF_030736795.1	1.0	1.0
3000501inst1_path_65	GCF_024349685.1	1.0	1.0
3000501inst1_path_65	GCF_019880365.1	1.0	1.0
3000501inst1_path_65	GCF_901827165.1	1.0	1.0
3000501inst1_path_65	GCF_001414055.1	1.0	0.997
3000501inst1_path_65	GCF_946409155.1	1.0	1.0
3000501inst1_path_65	GCF_018388565.1	1.0	1.0
3000501inst1_path_65	GCF_029581435.1	1.0	1.0
3000501inst1_path_65	GCF_021049285.1	1.0	1.0
3000501inst1_path_65	GCF_019397265.1	1.0	0.995
3000501inst1_path_65	GCF_031317505.1	1.0	1.0
3000501inst1_path_65	GCF_003201725.1	1.0	1.0
3000501inst1_path_65	GCF_024181725.1	1.0	1.0
3000501inst1_path_65	GCF_030160235.1	1.0	1.0
3000501inst1_path_65	GCF_032424095.1	1.0	1.0
3000501inst1_path_65	GCF_003591175.1	1.0	1.0
3000501inst1_path_65	GCF_003366075.1	1.0	1.0
3000501inst1_path_65	GCF_011800555.1	1.0	1.0
3000501inst1_path_65	GCF_009832905.1	1.0	1.0
3000501inst1_path_65	GCF_011193355.1	1.0	1.0
3000501inst1_path_65	GCF_009696685.2	1.0	1.0
3000501inst1_path_65	GCF_030123365.1	1.0	1.0
3000501inst1_path_65	GCF_030252165.1	1.0	0.999
3000501inst1_path_65	GCF_004684345.1	1.0	1.0
3000501inst1_path_65	GCF_030687855.1	1.0	1.0
3000501inst1_path_65	GCF_016134045.1	1.0	1.0
3000501inst1_path_65	GCF_001056295.1	1.0	0.999
3000501inst1_path_65	GCF_002354895.1	1.0	1.0
3000501inst1_path_65	GCF_030929625.1	1.0	1.0
3000501inst1_path_65	GCF_963550995.1	1.0	0.999
3000501inst1_path_65	GCF_004006175.1	1.0	1.0
3000501inst1_path_65	GCF_032084525.1	1.0	1.0
3000501inst1_path_65	GCF_017933255.1	1.0	1.0
3000501inst1_path_65	GCF_004011755.1	1.0	1.0
3000501inst1_path_65	GCF_024508295.1	1.0	1.0
3000501inst1_path_65	GCF_030687415.1	1.0	1.0
3000501inst1_path_65	GCF_030719295.1	1.0	1.0
3000501inst1_path_65	GCF_022347065.1	1.0	0.995
3000501inst1_path_65	GCF_003851705.1	1.0	1.0
3000501inst1_path_65	GCF_023169885.1	1.0	1.0
3000501inst1_path_65	GCF_028748065.1	1.0	1.0
3000501inst1_path_65	GCF_030769685.1	1.0	1.0
3000501inst1_path_65	GCF_013364155.1	1.0	1.0
3000501inst1_path_65	GCF_028752555.1	1.0	1.0
3000501inst1_path_65	GCF_025809195.1	1.0	0.999
3000501inst1_path_65	GCF_001611795.1	1.0	1.0
3000501inst1_path_65	GCF_002951615.1	1.0	1.0
3000501inst1_path_65	GCF_001672375.2	1.0	1.0
3000501inst1_path_65	GCF_019774615.1	1.0	1.0
3000501inst1_path_65	GCF_019623905.1	1.0	1.0
3000501inst1_path_65	GCF_004683865.2	1.0	1.0
3000501inst1_path_65	GCF_030546455.1	1.0	0.999
3000501inst1_path_65	GCF_900143215.1	1.0	1.0
3000501inst1_path_65	GCF_029866525.1	1.0	1.0
3000501inst1_path_65	GCF_029866785.1	1.0	1.0
3000501inst1_path_65	GCF_004634385.1	1.0	1.0
3000501inst1_path_65	GCF_022879575.1	1.0	1.0
3000501inst1_path_65	GCF_020735845.1	1.0	0.999
3000501inst1_path_65	GCF_000013405.1	1.0	1.0
3000501inst1_path_65	GCF_019431245.1	1.0	1.0
3000501inst1_path_65	GCF_031342455.1	1.0	1.0
3000501inst1_path_65	GCF_022695595.1	1.0	1.0
3000501inst1_path_65	GCF_006517715.1	1.0	1.0
3000501inst1_path_65	GCF_005849285.1	1.0	1.0
3000501inst1_path_65	GCF_023167125.1	1.0	0.998
3000501inst1_path_65	GCF_011650445.1	1.0	1.0
3000501inst1_path_65	GCF_019703895.1	1.0	1.0
3000501inst1_path_65	GCF_006738645.1	1.0	1.0
3000501inst1_path_65	GCF_000698295.1	1.0	1.0
3000501inst1_path_65	GCF_030585445.1	1.0	1.0
3000501inst1_path_65	GCF_023101145.1	1.0	1.0
3000501inst1_path_65	GCF_030160335.1	1.0	1.0
3000501inst1_path_65	GCF_002407185.1	1.0	1.0
3000501inst1_path_65	GCF_023100945.1	1.0	1.0
3000501inst1_path_65	GCF_014189505.1	1.0	0.999
3000501inst1_path_65	GCF_030845235.1	1.0	1.0
3000501inst1_path_65	GCF_007744675.1	1.0	1.0
3000501inst1_path_65	GCF_000280865.2	1.0	1.0
3000501inst1_path_65	GCF_015040335.1	1.0	0.999
3000501inst1_path_65	GCF_024425175.1	1.0	1.0
3000501inst1_path_65	GCF_963512495.1	1.0	1.0
3000501inst1_path_65	GCF_019775695.1	1.0	1.0
3000501inst1_path_65	GCF_000355765.4	1.0	1.0
3000501inst1_path_65	GCF_024453815.1	1.0	0.999
3000501inst1_path_65	GCF_025822965.1	1.0	0.996
3000501inst1_path_65	GCF_023283475.1	1.0	1.0
3000501inst1_path_65	GCF_000283535.1	1.0	1.0
3000501inst1_path_65	GCF_000934545.1	1.0	1.0
3000501inst1_path_65	GCF_003013695.1	1.0	1.0
3000501inst1_path_65	GCF_032463305.1	1.0	1.0
3000501inst1_path_65	GCF_005490965.1	1.0	1.0
3000501inst1_path_65	GCF_001650215.1	1.0	1.0
3000501inst1_path_65	GCF_020731415.2	1.0	1.0
3000501inst1_path_65	GCF_028473465.1	1.0	1.0
3000501inst1_path_65	GCF_009873475.1	1.0	1.0
3000501inst1_path_65	GCF_002586745.1	1.0	1.0
3000501inst1_path_65	GCF_023509015.1	1.0	1.0
3000501inst1_path_65	GCF_030127005.1	1.0	1.0
3000501inst1_path_65	GCF_003574835.2	1.0	1.0
3000501inst1_path_65	GCF_017488845.2	1.0	1.0
3000501inst1_path_65	GCF_022870785.1	1.0	1.0
3000501inst1_path_65	GCF_030284585.1	1.0	1.0
3000501inst1_path_65	GCF_025141855.1	1.0	1.0
3000501inst1_path_65	GCF_020093395.1	1.0	1.0
3000501inst1_path_65	GCF_001189295.1	1.0	1.0
3000501inst1_path_65	GCF_031659155.1	1.0	1.0
3000501inst1_path_65	GCF_030329235.1	1.0	1.0
3000501inst1_path_65	GCF_023093695.1	1.0	1.0
3000501inst1_path_65	GCF_003970735.1	1.0	1.0
3000501inst1_path_65	GCF_009796285.1	1.0	1.0
3000501inst1_path_65	GCF_031454915.1	1.0	0.998
3000501inst1_path_65	GCF_030815735.1	1.0	1.0
3000501inst1_path_65	GCF_008122265.1	1.0	1.0
3000501inst1_path_65	GCF_031357045.1	1.0	1.0
3000501inst1_path_65	GCF_001644685.1	1.0	1.0
3000501inst1_path_65	GCF_014268445.2	1.0	1.0
3000501inst1_path_65	GCF_002749615.1	1.0	0.997
3000501inst1_path_65	GCF_026012555.1	1.0	0.996
3000501inst1_path_65	GCF_019457655.1	1.0	1.0
3000501inst1_path_65	GCF_000279145.1	1.0	1.0
3000501inst1_path_65	GCF_025960285.1	1.0	0.993
3000501inst1_path_65	GCF_030122705.1	1.0	1.0
3000501inst1_path_65	GCF_020524005.1	1.0	1.0
3000501inst1_path_65	GCF_026168105.1	1.0	1.0
3000501inst1_path_65	GCF_003352085.1	1.0	1.0
3000501inst1_path_65	GCF_026183555.1	1.0	1.0
3000501inst1_path_65	GCF_002288075.1	1.0	1.0
3000501inst1_path_65	GCF_020544525.1	1.0	1.0
3000501inst1_path_65	GCF_001713475.1	1.0	1.0
3000501inst1_path_65	GCF_030812215.1	1.0	1.0
3000501inst1_path_65	GCF_030063905.1	1.0	1.0
3000501inst1_path_65	GCF_002812405.1	1.0	1.0
3000501inst1_path_65	GCF_024448175.1	1.0	1.0
3000501inst1_path_65	GCF_003952405.1	1.0	1.0
3000501inst1_path_65	GCF_026153095.1	1.0	1.0
3000501inst1_path_65	GCF_029960805.1	1.0	1.0
3000501inst1_path_65	GCF_032072805.1	1.0	1.0
3000501inst1_path_65	GCF_030413145.1	1.0	1.0
3000501inst1_path_65	GCF_963524165.1	1.0	1.0
3000501inst1_path_65	GCF_021088345.1	1.0	1.0
3000501inst1_path_65	GCF_006970545.1	1.0	1.0
3000501inst1_path_65	GCF_018141545.1	1.0	0.994
3000501inst1_path_65	GCF_006094435.1	1.0	1.0
3000501inst1_path_65	GCF_003051885.1	1.0	1.0
3000501inst1_path_65	GCF_022846655.1	1.0	1.0
3000501inst1_path_65	GCF_025642995.1	1.0	1.0
3000501inst1_path_65	GCF_002754815.1	1.0	1.0
3000501inst1_path_65	GCF_028532485.1	1.0	1.0
3000501inst1_path_65	GCF_017309045.1	1.0	1.0
3000501inst1_path_65	GCF_002093745.2	1.0	1.0
3000501inst1_path_65	GCF_019139675.1	1.0	1.0
3000501inst1_path_65	GCF_021654335.1	1.0	1.0
3000501inst1_path_65	GCF_007745435.1	1.0	1.0
3000501inst1_path_65	GCF_001655595.1	1.0	1.0
3000501inst1_path_65	GCF_030486425.1	1.0	0.999
3000501inst1_path_65	GCF_002903405.1	1.0	1.0
3000501inst1_path_65	GCF_022807935.1	1.0	1.0
3000501inst1_path_65	GCF_025200735.1	1.0	1.0
3000501inst1_path_65	GCF_022557175.1	1.0	0.997
3000501inst1_path_65	GCF_005153485.1	1.0	1.0
3000501inst1_path_65	GCF_029167645.1	1.0	1.0
3000501inst1_path_65	GCF_020422905.1	1.0	1.0
3000501inst1_path_65	GCF_003113335.1	1.0	0.999
3000501inst1_path_65	GCF_002795805.1	1.0	1.0
3000501inst1_path_65	GCF_011398925.1	1.0	1.0
3000501inst1_path_65	GCF_002198685.1	1.0	1.0
3000501inst1_path_65	GCF_001997295.1	1.0	1.0
3000501inst1_path_65	GCF_003568845.1	1.0	1.0
3000501inst1_path_65	GCF_937975695.1	1.0	1.0
3000501inst1_path_65	GCF_015689475.1	1.0	1.0
3000501inst1_path_65	GCF_008801455.1	1.0	1.0
3000501inst1_path_65	GCF_024220175.1	1.0	0.996
3000501inst1_path_65	GCF_003387095.1	1.0	1.0
3000501inst1_path_65	GCF_030296015.1	1.0	1.0
3000501inst1_path_65	GCF_030296075.1	1.0	1.0
3000501inst1_path_65	GCF_024748735.1	1.0	1.0
3000501inst1_path_65	GCF_002162035.1	1.0	1.0
3000501inst1_path_65	GCF_001305595.1	1.0	1.0
3000501inst1_path_65	GCF_016598575.1	1.0	1.0
3000501inst1_path_65	GCF_007855645.1	1.0	1.0
3000501inst1_path_65	GCF_003955735.1	1.0	1.0
3000501inst1_path_65	GCF_030223485.1	1.0	0.999
3000501inst1_path_65	GCF_006440675.2	1.0	1.0
3000501inst1_path_65	GCF_029855045.1	1.0	1.0
3000501inst1_path_65	GCF_032027445.1	1.0	1.0
3000501inst1_path_65	GCF_012275145.1	1.0	1.0
3000501inst1_path_65	GCF_014495845.1	1.0	1.0
3000501inst1_path_65	GCF_030294945.1	1.0	1.0
3000501inst1_path_65	GCF_014058705.1	1.0	1.0
3000501inst1_path_65	GCF_002277895.1	1.0	1.0
3000501inst1_path_65	GCF_000344805.1	1.0	1.0
3000501inst1_path_65	GCF_020886775.1	1.0	0.996
3000501inst1_path_65	GCF_001693385.1	1.0	1.0
3000501inst1_path_65	GCF_028021195.1	1.0	0.999
3000501inst1_path_65	GCF_016623465.1	1.0	0.999
3000501inst1_path_65	GCF_014203035.1	1.0	1.0
3000501inst1_path_65	GCF_029760955.1	1.0	1.0
3000501inst1_path_65	GCF_963518635.1	1.0	1.0
3000501inst1_path_65	GCF_900682675.2	1.0	1.0
3000501inst1_path_65	GCF_014217915.1	1.0	0.999
3000501inst1_path_65	GCF_001511835.1	1.0	1.0
3000501inst1_path_65	GCF_030295765.1	1.0	1.0
3000501inst1_path_65	GCF_016860545.1	1.0	1.0
3000501inst1_path_65	GCF_014652255.1	1.0	1.0
3000501inst1_path_65	GCF_003626975.1	1.0	1.0
3000501inst1_path_65	GCF_014235185.1	1.0	0.997
3000501inst1_path_65	GCF_002176815.1	1.0	1.0
3000501inst1_path_65	GCF_031453935.1	1.0	1.0
3000501inst1_path_65	GCF_032080045.1	1.0	1.0
3000501inst1_path_65	GCF_013170725.1	1.0	1.0
3000501inst1_path_65	GCF_015556285.1	1.0	1.0
3000501inst1_path_65	GCF_005281435.1	1.0	1.0
3000501inst1_path_65	GCF_000294695.2	1.0	0.999
3000501inst1_path_65	GCF_021216675.1	1.0	1.0
3000501inst1_path_65	GCF_032335575.1	1.0	1.0
3000501inst1_path_65	GCF_029542605.1	1.0	1.0
3000501inst1_path_65	GCF_013004065.1	1.0	1.0
3000501inst1_path_65	GCF_021605005.1	1.0	0.998
3000501inst1_path_65	GCF_014171775.1	1.0	1.0
3000501inst1_path_65	GCF_001578105.1	1.0	1.0
3000501inst1_path_65	GCF_031202265.1	1.0	1.0
3000501inst1_path_65	GCF_020735985.1	1.0	1.0
3000501inst1_path_65	GCF_027925025.1	1.0	1.0
3000501inst1_path_65	GCF_032095755.1	1.0	1.0
3000501inst1_path_65	GCF_014764365.1	1.0	1.0
3000501inst1_path_65	GCF_007096345.1	1.0	1.0
3000501inst1_path_65	GCF_030036535.1	1.0	1.0
3000501inst1_path_65	GCF_022458885.1	1.0	0.995
3000501inst1_path_65	GCF_030537705.1	1.0	0.999
3000501inst1_path_65	GCF_000960975.1	1.0	1.0
3000501inst1_path_65	GCF_032077545.1	1.0	1.0
3000501inst1_path_65	GCF_000184345.1	1.0	0.999
3000501inst1_path_65	GCF_024138675.1	1.0	1.0
3000501inst1_path_65	GCF_025398775.1	1.0	1.0
3000501inst1_path_65	GCF_021390075.1	1.0	1.0
3000501inst1_path_65	GCF_025370095.1	1.0	0.996
3000501inst1_path_65	GCF_028747205.1	1.0	1.0
3000501inst1_path_65	GCF_001685415.1	1.0	1.0
3000501inst1_path_65	GCF_014268595.2	1.0	1.0
3000501inst1_path_65	GCF_005937885.2	1.0	1.0
3000501inst1_path_65	GCF_030758455.1	1.0	1.0
3000501inst1_path_65	GCF_014681765.1	1.0	1.0
3000501inst1_path_65	GCF_013200955.2	1.0	1.0
3000501inst1_path_65	GCF_019049305.1	1.0	1.0
3000501inst1_path_65	GCF_029495675.1	1.0	1.0
3000501inst1_path_65	GCF_000734975.2	1.0	1.0
3000501inst1_path_65	GCF_031872955.1	1.0	1.0
3000501inst1_path_65	GCF_019977395.1	1.0	0.998
3000501inst1_path_65	GCF_023822065.1	1.0	1.0
3000501inst1_path_65	GCF_001047315.1	1.0	1.0
3000501inst1_path_65	GCF_024442335.1	1.0	1.0
3000501inst1_path_65	GCF_900105085.1	1.0	1.0
3000501inst1_path_65	GCF_016009175.1	1.0	1.0
3000501inst1_path_65	GCF_014203365.1	1.0	1.0
3000501inst1_path_65	GCF_028920765.1	1.0	1.0
3000501inst1_path_65	GCF_022340925.1	1.0	1.0
3000501inst1_path_65	GCF_002795825.1	1.0	1.0
3000501inst1_path_65	GCF_029962585.1	1.0	1.0
3000501inst1_path_65	GCF_032027065.1	1.0	1.0
3000501inst1_path_65	GCF_014863545.1	1.0	0.999
3000501inst1_path_65	GCF_000948985.2	1.0	1.0
3000501inst1_path_65	GCF_963540845.1	1.0	0.999
3000501inst1_path_65	GCF_900108565.1	1.0	0.993
3000501inst1_path_65	GCF_022760135.1	1.0	1.0
3000501inst1_path_65	GCF_029223585.1	1.0	1.0
3000501inst1_path_65	GCF_003019815.1	1.0	1.0
3000501inst1_path_65	GCF_020171345.1	1.0	1.0
3000501inst1_path_65	GCF_029167625.1	1.0	1.0
3000501inst1_path_65	GCF_001644565.1	1.0	0.999
3000501inst1_path_65	GCF_032087075.1	1.0	1.0
3000501inst1_path_65	GCF_027627435.1	1.0	1.0
3000501inst1_path_65	GCF_009834515.1	1.0	1.0
3000501inst1_path_65	GCF_031844645.1	1.0	1.0
3000501inst1_path_65	GCF_018831305.1	1.0	1.0
3000501inst1_path_65	GCF_003952665.1	1.0	1.0
3000501inst1_path_65	GCF_030408555.1	1.0	0.999
3000501inst1_path_65	GCF_027478735.1	1.0	1.0
3000501inst1_path_65	GCF_023273835.1	1.0	1.0
3000501inst1_path_65	GCF_000010725.1	1.0	1.0
3000501inst1_path_65	GCF_001854125.1	1.0	1.0
3000501inst1_path_65	GCF_022637415.1	1.0	1.0
3000501inst1_path_65	GCF_025628925.2	1.0	1.0
3000501inst1_path_65	GCF_001975725.1	1.0	1.0
3000501inst1_path_65	GCF_029714225.1	1.0	1.0
3000501inst1_path_65	GCF_030483365.1	1.0	1.0
3000501inst1_path_65	GCF_028736035.1	1.0	1.0
3000501inst1_path_65	GCF_013364215.1	1.0	1.0
3000501inst1_path_65	GCF_001888185.1	1.0	1.0
3000501inst1_path_65	GCF_963539705.1	1.0	0.999
3000501inst1_path_65	GCF_013374095.1	1.0	0.995
3000501inst1_path_65	GCF_030716965.1	1.0	1.0
3000501inst1_path_65	GCF_027625475.1	1.0	0.999
3000501inst1_path_65	GCF_014640475.1	1.0	0.999
3000501inst1_path_65	GCF_005937985.2	1.0	0.996
3000501inst1_path_65	GCF_019704575.1	1.0	1.0
3000501inst1_path_65	GCF_014672695.1	1.0	0.998
3000501inst1_path_65	GCF_014725735.1	1.0	1.0
3000501inst1_path_65	GCF_900659885.1	1.0	1.0
3000501inst1_path_65	GCF_000759535.1	1.0	1.0
3000501inst1_path_65	GCF_030815195.1	1.0	1.0
3000501inst1_path_65	GCF_003403095.1	1.0	1.0
3000501inst1_path_65	GCF_029223985.1	1.0	0.999
3000501inst1_path_65	GCF_013260315.1	1.0	1.0
3000501inst1_path_65	GCF_031455575.1	1.0	1.0
3000501inst1_path_65	GCF_000015045.1	1.0	1.0
3000501inst1_path_65	GCF_002966815.1	1.0	1.0
3000501inst1_path_65	GCF_003293395.1	1.0	1.0
3000501inst1_path_65	GCF_025449295.1	1.0	1.0
3000501inst1_path_65	GCF_029542005.1	1.0	1.0
3000501inst1_path_65	GCF_900637295.1	1.0	0.995
3000501inst1_path_65	GCF_022759525.1	1.0	1.0
3000501inst1_path_65	GCF_005877055.1	1.0	0.999
3000501inst1_path_65	GCF_026802075.1	1.0	0.993
3000501inst1_path_65	GCF_014649315.1	1.0	1.0
3000501inst1_path_65	GCF_030687715.1	1.0	1.0
3000501inst1_path_65	GCF_024508335.1	1.0	1.0
3000501inst1_path_65	GCF_000969645.2	1.0	1.0
3000501inst1_path_65	GCF_030168875.1	1.0	1.0
3000501inst1_path_65	GCF_030123065.1	1.0	1.0
3000501inst1_path_65	GCF_030908585.1	1.0	0.999
3000501inst1_path_65	GCF_015500055.1	1.0	1.0
3000501inst1_path_65	GCF_019670005.1	1.0	1.0
3000501inst1_path_65	GCF_025562755.1	1.0	1.0
3000501inst1_path_65	GCF_001571025.1	1.0	0.999
3000501inst1_path_65	GCF_003935055.1	1.0	1.0
3000501inst1_path_65	GCF_018437695.1	1.0	1.0
3000501inst1_path_65	GCF_001901345.1	1.0	1.0
3000501inst1_path_65	GCF_030930845.1	1.0	1.0
3000501inst1_path_65	GCF_013414305.1	1.0	1.0
3000501inst1_path_65	GCF_023498005.1	1.0	1.0
3000501inst1_path_65	GCF_019457555.1	1.0	1.0
3000501inst1_path_65	GCF_030687695.1	1.0	1.0
3000501inst1_path_65	GCF_030385095.1	1.0	1.0
3000501inst1_path_65	GCF_024587105.1	1.0	0.999
3000501inst1_path_65	GCF_937894755.1	1.0	1.0
3000501inst1_path_65	GCF_003030385.1	1.0	1.0
3000501inst1_path_65	GCF_030462145.1	1.0	0.996
3000501inst1_path_65	GCF_031455125.1	1.0	1.0
3000501inst1_path_65	GCF_002151445.1	1.0	0.998
3000501inst1_path_65	GCF_005155025.1	1.0	1.0
3000501inst1_path_65	GCF_001021485.1	1.0	0.996
3000501inst1_path_65	GCF_024758705.1	1.0	0.994
3000501inst1_path_65	GCF_900089455.2	1.0	1.0
3000501inst1_path_65	GCF_002741015.1	1.0	1.0
3000501inst1_path_65	GCF_019456695.2	1.0	0.996
3000501inst1_path_65	GCF_002224485.1	1.0	0.998
3000501inst1_path_65	GCF_029841185.1	1.0	1.0
3000501inst1_path_65	GCF_025813715.1	1.0	1.0
3000501inst1_path_65	GCF_000284295.1	1.0	1.0
3000501inst1_path_65	GCF_027945725.1	1.0	0.997
3000501inst1_path_65	GCF_005377625.1	1.0	1.0
3000501inst1_path_65	GCF_001547895.1	1.0	1.0
3000501inst1_path_65	GCF_029201605.1	1.0	1.0
3000501inst1_path_65	GCF_003994295.1	1.0	1.0
3000501inst1_path_65	GCF_029541605.1	1.0	1.0
3000501inst1_path_65	GCF_029369725.1	1.0	1.0
3000501inst1_path_65	GCF_030687655.1	1.0	1.0
3000501inst1_path_65	GCF_021696955.2	1.0	0.999
3000501inst1_path_65	GCF_016899425.1	1.0	1.0
3000501inst1_path_65	GCF_029917005.1	1.0	1.0
3000501inst1_path_65	GCF_024362385.1	1.0	0.998
3000501inst1_path_65	GCF_031932185.1	1.0	0.999
3000501inst1_path_65	GCF_003113375.1	1.0	0.996
3000501inst1_path_65	GCF_026427415.1	1.0	1.0
3000501inst1_path_65	GCF_017815535.1	1.0	1.0
3000501inst1_path_65	GCF_031195445.1	1.0	1.0
3000501inst1_path_65	GCF_016864235.1	1.0	1.0
3000501inst1_path_65	GCF_021801725.1	1.0	0.998
3000501inst1_path_65	GCF_018316655.1	1.0	1.0
3000501inst1_path_65	GCF_024112375.1	1.0	1.0
3000501inst1_path_65	GCF_031454575.1	1.0	0.998
3000501inst1_path_65	GCF_900105925.1	1.0	1.0
3000501inst1_path_65	GCF_001524625.2	1.0	1.0
3000501inst1_path_65	GCF_026016705.1	1.0	1.0
3000501inst1_path_65	GCF_026626005.1	1.0	1.0
3000501inst1_path_65	GCF_032115155.1	1.0	1.0
3000501inst1_path_65	GCF_009377295.1	1.0	0.999
3000501inst1_path_65	GCF_026625605.1	1.0	1.0
3000501inst1_path_65	GCF_009026825.1	1.0	1.0
3000501inst1_path_65	GCF_021233075.1	1.0	1.0
3000501inst1_path_65	GCF_020595105.1	1.0	1.0
3000501inst1_path_65	GCF_030863885.1	1.0	1.0
3000501inst1_path_65	GCF_025139345.1	1.0	1.0
3000501inst1_path_65	GCF_032490415.1	1.0	1.0
3000501inst1_path_65	GCF_008632455.1	1.0	1.0
3000501inst1_path_65	GCF_016887885.1	1.0	1.0
3000501inst1_path_65	GCF_904440645.1	1.0	1.0
3000501inst1_path_65	GCF_014843355.1	1.0	1.0
3000501inst1_path_65	GCF_017948325.1	1.0	0.994
3000501inst1_path_65	GCF_029104455.1	1.0	1.0
3000501inst1_path_65	GCF_014302995.1	1.0	1.0
3000501inst1_path_65	GCF_013385335.1	1.0	1.0
3000501inst1_path_65	GCF_007858975.2	1.0	1.0
3000501inst1_path_65	GCF_008843165.1	1.0	1.0
3000501inst1_path_65	GCF_024584805.1	1.0	1.0
3000501inst1_path_65	GCF_018966525.1	1.0	0.999
3000501inst1_path_65	GCF_011764565.1	1.0	1.0
3000501inst1_path_65	GCF_001584205.1	1.0	1.0
3000501inst1_path_65	GCF_025200715.1	1.0	1.0
3000501inst1_path_65	GCF_025244825.1	1.0	0.999
3000501inst1_path_65	GCF_023168405.1	1.0	0.999
3000501inst1_path_65	GCF_001021385.1	1.0	0.993
3000501inst1_path_65	GCF_029524165.1	1.0	1.0
3000501inst1_path_65	GCF_019056655.1	1.0	1.0
3000501inst1_path_65	GCF_005280735.1	1.0	1.0
3000501inst1_path_65	GCF_017569205.1	1.0	1.0
3000501inst1_path_65	GCF_028198165.1	1.0	1.0
3000501inst1_path_65	GCF_022013435.1	1.0	1.0
3000501inst1_path_65	GCF_030291795.1	1.0	1.0
3000501inst1_path_65	GCF_030122805.1	1.0	0.999
3000501inst1_path_65	GCF_001546925.1	1.0	1.0
3000501inst1_path_65	GCF_031324125.1	1.0	1.0
3000501inst1_path_65	GCF_016598775.1	1.0	0.999
3000501inst1_path_65	GCF_007990675.1	1.0	1.0
3000501inst1_path_65	GCF_000517405.1	1.0	1.0
3000501inst1_path_65	GCF_013466425.1	1.0	0.996
3000501inst1_path_65	GCF_004322855.1	1.0	0.999
3000501inst1_path_65	GCF_029952845.1	1.0	0.999
3000501inst1_path_65	GCF_022557255.1	1.0	1.0
3000501inst1_path_65	GCF_013426895.1	1.0	1.0
3000501inst1_path_65	GCF_013347265.1	1.0	0.999
3000501inst1_path_65	GCF_031324285.1	1.0	1.0
3000501inst1_path_65	GCF_027497335.1	1.0	1.0
3000501inst1_path_65	GCF_023169865.1	1.0	1.0
3000501inst1_path_65	GCF_030406665.1	1.0	1.0
3000501inst1_path_65	GCF_032390415.1	1.0	1.0
3000501inst1_path_65	GCF_007954585.1	1.0	1.0
3000501inst1_path_65	GCF_022930885.1	1.0	1.0
3000501inst1_path_65	GCF_003086855.1	1.0	1.0
3000501inst1_path_65	GCF_003074035.1	1.0	1.0
3000501inst1_path_65	GCF_013394715.1	1.0	0.998
3000501inst1_path_65	GCF_011302915.1	1.0	1.0
3000501inst1_path_65	GCF_031454585.1	1.0	1.0
3000501inst1_path_65	GCF_019550795.1	1.0	0.999
3000501inst1_path_65	GCF_013170765.1	1.0	1.0
3000501inst1_path_65	GCF_020162115.1	1.0	1.0
3000501inst1_path_65	GCF_004923295.1	1.0	1.0
3000501inst1_path_65	GCF_025822365.1	1.0	0.999
3000501inst1_path_65	GCF_030515835.1	1.0	0.999
3000501inst1_path_65	GCF_031759225.1	1.0	0.999
3000501inst1_path_65	GCF_024112395.1	1.0	1.0
3000501inst1_path_65	GCF_026810505.1	1.0	1.0
3000501inst1_path_65	GCF_018326265.1	1.0	1.0
3000501inst1_path_65	GCF_002953415.1	1.0	0.999
3000501inst1_path_65	GCF_025725665.1	1.0	1.0
3000501inst1_path_65	GCF_008727715.1	1.0	1.0
3000501inst1_path_65	GCF_014495905.1	1.0	1.0
3000501inst1_path_65	GCF_016653635.2	1.0	1.0
3000501inst1_path_65	GCF_024029875.1	1.0	1.0
3000501inst1_path_65	GCF_020616555.1	1.0	1.0
3000501inst1_path_65	GCF_900090295.1	1.0	1.0
3000501inst1_path_65	GCF_031600295.1	1.0	1.0
3000501inst1_path_65	GCF_030405805.1	1.0	1.0
3000501inst1_path_65	GCF_030417435.1	1.0	0.996
3000501inst1_path_65	GCF_018987265.1	1.0	1.0
3000501inst1_path_65	GCF_016132545.1	1.0	1.0
3000501inst1_path_65	GCF_023100665.1	1.0	1.0
3000501inst1_path_65	GCF_030295385.1	1.0	1.0
3000501inst1_path_65	GCF_900090265.1	1.0	1.0
3000501inst1_path_65	GCF_003441615.1	1.0	1.0
3000501inst1_path_65	GCF_018069625.1	1.0	1.0
3000501inst1_path_65	GCF_009707285.1	1.0	0.999
3000501inst1_path_65	GCF_028816435.1	1.0	1.0
3000501inst1_path_65	GCF_029870955.1	1.0	1.0
3000501inst1_path_65	GCF_019800625.1	1.0	1.0
3000501inst1_path_65	GCF_001051995.2	1.0	1.0
3000501inst1_path_65	GCF_023373925.1	1.0	1.0
3000501inst1_path_65	GCF_022879615.1	1.0	1.0
3000501inst1_path_65	GCF_029542345.1	1.0	1.0
3000501inst1_path_65	GCF_029910095.1	1.0	1.0
3000501inst1_path_65	GCF_004798665.1	1.0	1.0
3000501inst1_path_65	GCF_022749515.1	1.0	1.0
3000501inst1_path_65	GCF_002814095.1	1.0	0.999
3000501inst1_path_65	GCF_030240185.1	1.0	1.0
3000501inst1_path_65	GCF_009363595.1	1.0	1.0
3000501inst1_path_65	GCF_014650835.1	1.0	1.0
3000501inst1_path_65	GCF_003600685.1	1.0	1.0
3000501inst1_path_65	GCF_029581175.1	1.0	1.0
3000501inst1_path_65	GCF_029543205.1	1.0	1.0
3000501inst1_path_65	GCF_000742835.1	1.0	1.0
3000501inst1_path_65	GCF_030253495.1	1.0	1.0
3000501inst1_path_65	GCF_028993575.1	1.0	1.0
3000501inst1_path_65	GCF_030388245.1	1.0	1.0
3000501inst1_path_65	GCF_029854255.1	1.0	0.999
3000501inst1_path_65	GCF_000016725.1	1.0	1.0
3000501inst1_path_65	GCF_029674665.1	1.0	1.0
3000501inst1_path_65	GCF_023150255.1	1.0	1.0
3000501inst1_path_65	GCF_003351765.1	1.0	1.0
3000501inst1_path_65	GCF_010731855.1	1.0	0.995
3000501inst1_path_65	GCF_000020725.1	1.0	1.0
3000501inst1_path_65	GCF_029625475.1	1.0	0.999
3000501inst1_path_65	GCF_024748615.1	1.0	1.0
3000501inst1_path_65	GCF_014217585.1	1.0	1.0
3000501inst1_path_65	GCF_029873575.1	1.0	0.999
3000501inst1_path_65	GCF_009363255.1	1.0	1.0
3000501inst1_path_65	GCF_015711015.1	1.0	1.0
3000501inst1_path_65	GCF_000758685.1	1.0	0.999
3000501inst1_path_65	GCF_001431725.1	1.0	1.0
3000501inst1_path_65	GCF_030182545.1	1.0	1.0
3000501inst1_path_65	GCF_014205315.1	1.0	1.0
3000501inst1_path_65	GCF_027286305.1	1.0	0.999
3000501inst1_path_65	GCF_030769625.1	1.0	1.0
3000501inst1_path_65	GCF_024612035.1	1.0	1.0
3000501inst1_path_65	GCF_014489595.1	1.0	1.0
3000501inst1_path_65	GCF_002105555.1	1.0	1.0
3000501inst1_path_65	GCF_024741795.1	1.0	0.999
3000501inst1_path_65	GCF_901827205.1	1.0	1.0
3000501inst1_path_65	GCF_029277445.1	1.0	1.0
3000501inst1_path_65	GCF_022965755.1	1.0	1.0
3000501inst1_path_65	GCF_016756615.1	1.0	1.0
3000501inst1_path_65	GCF_002305875.1	1.0	1.0
3000501inst1_path_65	GCF_023586845.1	1.0	0.999
3000501inst1_path_65	GCF_900182845.1	1.0	1.0
3000501inst1_path_65	GCF_021729845.1	1.0	1.0
3000501inst1_path_65	GCF_014262665.1	1.0	1.0
3000501inst1_path_65	GCF_022788655.1	1.0	1.0
3000501inst1_path_65	GCF_020736445.1	1.0	0.998
3000501inst1_path_65	GCF_025847085.1	1.0	1.0
3000501inst1_path_65	GCF_019670485.1	1.0	1.0
3000501inst1_path_65	GCF_030915385.1	1.0	1.0
3000501inst1_path_65	GCF_023634805.2	1.0	1.0
3000501inst1_path_65	GCF_009650935.1	1.0	1.0
3000501inst1_path_65	GCF_025369935.1	1.0	0.999
3000501inst1_path_65	GCF_027497255.1	1.0	1.0
3000501inst1_path_65	GCF_015277515.1	1.0	1.0
3000501inst1_path_65	GCF_007113525.2	1.0	1.0
3000501inst1_path_65	GCF_026625985.1	1.0	0.996
3000501inst1_path_65	GCF_014844075.1	1.0	1.0
3000501inst1_path_65	GCF_030408895.1	1.0	0.993
3000501inst1_path_65	GCF_014621775.1	1.0	1.0
3000501inst1_path_65	GCF_030123445.1	1.0	1.0
3000501inst1_path_65	GCF_020616335.1	1.0	0.994
3000501inst1_path_65	GCF_004346755.1	1.0	0.999
3000501inst1_path_65	GCF_022394535.1	1.0	1.0
3000501inst1_path_65	GCF_013378055.1	1.0	0.995
3000501inst1_path_65	GCF_025821425.1	1.0	0.997
3000501inst1_path_65	GCF_001577465.1	1.0	1.0
3000501inst1_path_65	GCF_025264645.1	1.0	1.0
3000501inst1_path_65	GCF_030316075.1	1.0	1.0
3000501inst1_path_65	GCF_011765175.1	1.0	1.0
3000501inst1_path_65	GCF_026016325.1	1.0	1.0
3000501inst1_path_65	GCF_022026295.1	1.0	1.0
3000501inst1_path_65	GCF_002891535.1	1.0	1.0
3000501inst1_path_65	GCF_021249385.1	1.0	1.0
3000501inst1_path_65	GCF_009936375.1	1.0	1.0
3000501inst1_path_65	GCF_031199375.1	1.0	1.0
3000501inst1_path_65	GCF_007018645.1	1.0	1.0
3000501inst1_path_65	GCF_019856535.1	1.0	1.0
3000501inst1_path_65	GCF_012273235.1	1.0	1.0
3000501inst1_path_65	GCF_030486835.1	1.0	0.996
3000501inst1_path_65	GCF_002812565.2	1.0	1.0
3000501inst1_path_65	GCF_024610635.1	1.0	1.0
3000501inst1_path_65	GCF_021312615.1	1.0	0.999
3000501inst1_path_65	GCF_023715305.1	1.0	0.999
3000501inst1_path_65	GCF_012975065.1	1.0	1.0
3000501inst1_path_65	GCF_032485155.1	1.0	1.0
3000501inst1_path_65	GCF_032103985.1	1.0	1.0
3000501inst1_path_65	GCF_019443425.1	1.0	0.999
3000501inst1_path_65	GCF_900091455.1	1.0	1.0
3000501inst1_path_65	GCF_007677425.1	1.0	1.0
3000501inst1_path_65	GCF_000012865.1	1.0	1.0
3000501inst1_path_65	GCF_019797845.1	1.0	1.0
3000501inst1_path_65	GCF_025141875.1	1.0	1.0
3000501inst1_path_65	GCF_020341615.1	1.0	1.0
3000501inst1_path_65	GCF_001888165.1	1.0	1.0
3000501inst1_path_65	GCF_959604295.1	1.0	1.0
3000501inst1_path_65	GCF_022234565.1	1.0	1.0
3000501inst1_path_65	GCF_023499255.1	1.0	1.0
3000501inst1_path_65	GCF_900104535.1	1.0	0.999
3000501inst1_path_65	GCF_030160695.1	1.0	1.0
3000501inst1_path_65	GCF_002753995.1	1.0	1.0
3000501inst1_path_65	GCF_021654775.1	1.0	0.999
3000501inst1_path_65	GCF_032460605.1	1.0	1.0
3000501inst1_path_65	GCF_004352905.1	1.0	0.998
3000501inst1_path_65	GCF_902459475.1	1.0	1.0
3000501inst1_path_65	GCF_031920025.1	1.0	1.0
3000501inst1_path_65	GCF_015624485.1	1.0	1.0
3000501inst1_path_65	GCF_003443735.1	1.0	1.0
3000501inst1_path_65	GCF_024721585.1	1.0	0.995
3000501inst1_path_65	GCF_016031615.1	1.0	1.0
3000501inst1_path_65	GCF_011769905.1	1.0	0.995
3000501inst1_path_65	GCF_024707545.1	1.0	1.0
3000501inst1_path_65	GCF_025822215.1	1.0	0.995
3000501inst1_path_65	GCF_024171415.1	1.0	1.0
3000501inst1_path_65	GCF_028464045.1	1.0	1.0
3000501inst1_path_65	GCF_000011305.1	1.0	0.999
3000501inst1_path_65	GCF_019443265.1	1.0	1.0
3000501inst1_path_65	GCF_000758545.1	1.0	0.999
3000501inst1_path_65	GCF_030323125.1	1.0	1.0
3000501inst1_path_65	GCF_000418365.1	1.0	0.999
3000501inst1_path_65	GCF_014489495.1	1.0	0.999
3000501inst1_path_65	GCF_014863505.1	1.0	1.0
3000501inst1_path_65	GCF_021233395.1	1.0	1.0
3000501inst1_path_65	GCF_029714425.1	1.0	1.0
3000501inst1_path_65	GCF_025846885.1	1.0	1.0
3000501inst1_path_65	GCF_003429225.1	1.0	1.0
3000501inst1_path_65	GCF_014764445.1	1.0	0.998
3000501inst1_path_65	GCF_902705895.1	1.0	1.0
3000501inst1_path_65	GCF_022603235.1	1.0	0.999
3000501inst1_path_65	GCF_022788715.1	1.0	1.0
3000501inst1_path_65	GCF_015291625.1	1.0	1.0
3000501inst1_path_65	GCF_028553765.1	1.0	1.0
3000501inst1_path_65	GCF_023701995.1	1.0	1.0
3000501inst1_path_65	GCF_009223885.1	1.0	1.0
3000501inst1_path_65	GCF_016464715.1	1.0	1.0
3000501inst1_path_65	GCF_959597815.1	1.0	0.998
3000501inst1_path_65	GCF_032073445.1	1.0	1.0
3000501inst1_path_65	GCF_017894365.1	1.0	1.0
3000501inst1_path_65	GCF_028463985.1	1.0	1.0
3000501inst1_path_65	GCF_904440635.1	1.0	1.0
3000501inst1_path_65	GCF_000698845.1	1.0	1.0
3000501inst1_path_65	GCF_030408735.1	1.0	0.999
3000501inst1_path_65	GCF_014268755.2	1.0	1.0
3000501inst1_path_65	GCF_019645935.1	1.0	1.0
3000501inst1_path_65	GCF_010669145.1	1.0	1.0
3000501inst1_path_65	GCF_013154915.1	1.0	1.0
3000501inst1_path_65	GCF_001676745.1	1.0	1.0
3000501inst1_path_65	GCF_900090235.1	1.0	1.0
3000501inst1_path_65	GCF_030584825.1	1.0	1.0
3000501inst1_path_65	GCF_020097155.1	1.0	1.0
3000501inst1_path_65	GCF_022788695.1	1.0	1.0
3000501inst1_path_65	GCF_014236815.1	1.0	1.0
3000501inst1_path_65	GCF_013004105.1	1.0	1.0
3000501inst1_path_65	GCF_031324245.1	1.0	0.999
3000501inst1_path_65	GCF_030123425.1	1.0	0.999
3000501inst1_path_65	GCF_007922635.1	1.0	0.996
3000501inst1_path_65	GCF_013364175.1	1.0	1.0
3000501inst1_path_65	GCF_007754425.1	1.0	1.0
3000501inst1_path_65	GCF_009601725.1	1.0	1.0
3000501inst1_path_65	GCF_030053135.1	1.0	1.0
3000501inst1_path_65	GCF_022827705.1	1.0	1.0
3000501inst1_path_65	GCF_001463725.1	1.0	1.0
3000501inst1_path_65	GCF_029714285.1	1.0	1.0
3000501inst1_path_65	GCF_026642255.1	1.0	1.0
3000501inst1_path_65	GCF_016804325.1	1.0	1.0
3000501inst1_path_65	GCF_000024805.1	1.0	1.0
3000501inst1_path_65	GCF_030294925.1	1.0	1.0
3000501inst1_path_65	GCF_022637515.1	1.0	1.0
3000501inst1_path_65	GCF_003855255.1	1.0	0.999
3000501inst1_path_65	GCF_031236015.1	1.0	1.0
3000501inst1_path_65	GCF_030582835.1	1.0	1.0
3000501inst1_path_65	GCF_017795745.1	1.0	1.0
3000501inst1_path_65	GCF_007743815.1	1.0	1.0
3000501inst1_path_65	GCF_008843145.1	1.0	1.0
3000501inst1_path_65	GCF_027214225.1	1.0	1.0
3000501inst1_path_65	GCF_032056845.1	1.0	1.0
3000501inst1_path_65	GCF_015291565.1	1.0	1.0
3000501inst1_path_65	GCF_019203965.1	1.0	1.0
3000501inst1_path_65	GCF_004124275.1	1.0	1.0
3000501inst1_path_65	GCF_007679495.1	1.0	0.999
3000501inst1_path_65	GCF_028473745.1	1.0	1.0
3000501inst1_path_65	GCF_026723825.1	1.0	1.0
3000501inst1_path_65	GCF_900636035.1	1.0	1.0
3000501inst1_path_65	GCF_030297015.1	1.0	1.0
3000501inst1_path_65	GCF_015291645.1	1.0	1.0
3000501inst1_path_65	GCF_019793795.1	1.0	1.0
3000501inst1_path_65	GCF_024704525.1	1.0	1.0
3000501inst1_path_65	GCF_016807805.1	1.0	1.0
3000501inst1_path_65	GCF_021545335.1	1.0	1.0
3000501inst1_path_65	GCF_014203425.1	1.0	1.0
3000501inst1_path_65	GCF_014650315.1	1.0	1.0
3000501inst1_path_65	GCF_031771805.1	1.0	1.0
3000501inst1_path_65	GCF_015291665.1	1.0	1.0
3000501inst1_path_65	GCF_006542275.1	1.0	1.0
3000501inst1_path_65	GCF_000020125.1	1.0	1.0
3000501inst1_path_65	GCF_014395425.1	1.0	1.0
3000501inst1_path_65	GCF_031457825.1	1.0	1.0
3000501inst1_path_65	GCF_030418225.1	1.0	0.994
3000501inst1_path_65	GCF_024413515.1	1.0	1.0
3000501inst1_path_65	GCF_005144885.1	1.0	1.0
3000501inst1_path_65	GCF_030541745.1	1.0	1.0
3000501inst1_path_65	GCF_032113295.1	1.0	1.0
3000501inst1_path_65	GCF_007113445.1	1.0	1.0
3000501inst1_path_65	GCF_000022145.1	1.0	1.0
3000501inst1_path_65	GCF_001532025.2	1.0	1.0
3000501inst1_path_65	GCF_004104505.1	1.0	1.0
3000501inst1_path_65	GCF_007795095.1	1.0	1.0
3000501inst1_path_65	GCF_012273535.1	1.0	1.0
3000501inst1_path_65	GCF_001267925.1	1.0	1.0
3000501inst1_path_65	GCF_016615815.1	1.0	1.0
3000501inst1_path_65	GCF_003667705.1	1.0	1.0
3000501inst1_path_65	GCF_018279705.1	1.0	1.0
3000501inst1_path_65	GCF_029635795.1	1.0	1.0
3000501inst1_path_65	GCF_021391355.1	1.0	1.0
3000501inst1_path_65	GCF_023546785.1	1.0	1.0
3000501inst1_path_65	GCF_030486405.1	1.0	0.998
3000501inst1_path_65	GCF_029543085.1	1.0	1.0
3000501inst1_path_65	GCF_016803985.1	1.0	1.0
3000501inst1_path_65	GCF_024707505.1	1.0	1.0
3000501inst1_path_65	GCF_000758525.1	1.0	0.999
3000501inst1_path_65	GCF_029581455.1	1.0	1.0
3000501inst1_path_65	GCF_011694815.1	1.0	1.0
3000501inst1_path_65	GCF_025639885.1	1.0	1.0
3000501inst1_path_65	GCF_030238025.1	1.0	1.0
3000501inst1_path_65	GCF_030687125.1	1.0	1.0
3000501inst1_path_65	GCF_024749285.1	1.0	1.0
3000501inst1_path_65	GCF_003590145.2	1.0	1.0
3000501inst1_path_65	GCF_001698125.1	1.0	1.0
3000501inst1_path_65	GCF_006517215.1	1.0	0.998
3000501inst1_path_65	GCF_030644465.1	1.0	1.0
3000501inst1_path_65	GCF_016756475.1	1.0	1.0
3000501inst1_path_65	GCF_030908285.1	1.0	1.0
3000501inst1_path_65	GCF_029581275.1	1.0	1.0
3000501inst1_path_65	GCF_005937855.2	1.0	1.0
3000501inst1_path_65	GCF_000010085.1	1.0	1.0
3000501inst1_path_65	GCF_007164525.1	1.0	1.0
3000501inst1_path_65	GCF_015291765.1	1.0	1.0
3000501inst1_path_65	GCF_004135345.1	1.0	1.0
3000501inst1_path_65	GCF_016887565.1	1.0	1.0
3000501inst1_path_65	GCF_009756665.1	1.0	1.0
3000501inst1_path_65	GCF_030851405.1	1.0	1.0
3000501inst1_path_65	GCF_024362205.1	1.0	1.0
3000501inst1_path_65	GCF_014897605.1	1.0	0.995
3000501inst1_path_65	GCF_030406775.1	1.0	1.0
3000501inst1_path_65	GCF_028751975.1	1.0	1.0
3000501inst1_path_65	GCF_028616935.1	1.0	1.0
3000501inst1_path_65	GCF_009495655.1	1.0	1.0
3000501inst1_path_65	GCF_032423895.1	1.0	1.0
3000501inst1_path_65	GCF_020151015.1	1.0	1.0
3000501inst1_path_65	GCF_020923495.1	1.0	1.0
3000501inst1_path_65	GCF_009707365.1	1.0	0.999
3000501inst1_path_65	GCF_003217555.1	1.0	0.999
3000501inst1_path_65	GCF_900129855.1	1.0	1.0
3000501inst1_path_65	GCF_030811505.1	1.0	1.0
3000501inst1_path_65	GCF_025558485.1	1.0	0.999
3000501inst1_path_65	GCF_009762795.1	1.0	1.0
3000501inst1_path_65	GCF_002874965.1	1.0	1.0
3000501inst1_path_65	GCF_017302985.1	1.0	1.0
3000501inst1_path_65	GCF_031457655.1	1.0	0.999
3000501inst1_path_65	GCF_023822025.1	1.0	1.0
3000501inst1_path_65	GCF_029278605.1	1.0	1.0
3000501inst1_path_65	GCF_030291095.1	1.0	1.0
3000501inst1_path_65	GCF_001277995.1	1.0	0.997
3000501inst1_path_65	GCF_902459535.1	1.0	1.0
3000501inst1_path_65	GCF_021228795.1	1.0	1.0
3000501inst1_path_65	GCF_003609995.1	1.0	1.0
3000501inst1_path_65	GCF_002162355.1	1.0	0.999
3000501inst1_path_65	GCF_006349365.1	1.0	1.0
3000501inst1_path_65	GCF_024626545.1	1.0	1.0
3000501inst1_path_65	GCF_013184245.1	1.0	1.0
3000501inst1_path_65	GCF_001402915.1	1.0	1.0
3000501inst1_path_65	GCF_013003965.1	1.0	1.0
3000501inst1_path_65	GCF_946151075.1	1.0	1.0
3000501inst1_path_65	GCF_020535245.1	1.0	0.997
3000501inst1_path_65	GCF_004379315.1	1.0	1.0
3000501inst1_path_65	GCF_009937995.1	1.0	1.0
3000501inst1_path_65	GCF_023892995.1	1.0	1.0
3000501inst1_path_65	GCF_011745145.1	1.0	0.998
3000501inst1_path_65	GCF_963534975.1	1.0	1.0
3000501inst1_path_65	GCF_000412265.1	1.0	1.0
3000501inst1_path_65	GCF_028553785.1	1.0	1.0
3000501inst1_path_65	GCF_028210115.1	1.0	0.999
3000501inst1_path_65	GCF_003952725.1	1.0	1.0
3000501inst1_path_65	GCF_027912835.1	1.0	1.0
3000501inst1_path_65	GCF_004353225.1	1.0	1.0
3000501inst1_path_65	GCF_027891305.1	1.0	1.0
3000501inst1_path_65	GCF_900638345.1	1.0	1.0
3000501inst1_path_65	GCF_946226905.1	1.0	1.0
3000501inst1_path_65	GCF_000235605.1	1.0	1.0
3000501inst1_path_65	GCF_031846145.1	1.0	1.0
3000501inst1_path_65	GCF_000023545.1	1.0	1.0
3000501inst1_path_65	GCF_004010775.1	1.0	1.0
3000501inst1_path_65	GCF_023078455.1	1.0	1.0
3000501inst1_path_65	GCF_010983895.1	1.0	1.0
3000501inst1_path_65	GCF_015871485.1	1.0	1.0
3000501inst1_path_65	GCF_030272265.1	1.0	1.0
3000501inst1_path_65	GCF_004353525.1	1.0	0.999
3000501inst1_path_65	GCF_016772275.1	1.0	1.0
3000501inst1_path_65	GCF_031458185.1	1.0	0.997
3000501inst1_path_65	GCF_021028635.1	1.0	1.0
3000501inst1_path_65	GCF_026683955.1	1.0	0.999
3000501inst1_path_65	GCF_029536165.1	1.0	1.0
3000501inst1_path_65	GCF_029854435.1	1.0	1.0
3000501inst1_path_65	GCF_023515995.1	1.0	0.994
3000501inst1_path_65	GCF_027913035.1	1.0	1.0
3000501inst1_path_65	GCF_003627795.1	1.0	1.0
3000501inst1_path_65	GCF_007113565.2	1.0	1.0
3000501inst1_path_65	GCF_005222225.1	1.0	1.0
3000501inst1_path_65	GCF_011516665.3	1.0	1.0
3000501inst1_path_65	GCF_029843205.1	1.0	1.0
3000501inst1_path_65	GCF_019464535.1	1.0	1.0
3000501inst1_path_65	GCF_020544405.1	1.0	1.0
3000501inst1_path_65	GCF_026342305.1	1.0	1.0
3000501inst1_path_65	GCF_018436245.1	1.0	1.0
3000501inst1_path_65	GCF_003952585.1	1.0	1.0
3000501inst1_path_65	GCF_001692275.2	1.0	1.0
3000501inst1_path_65	GCF_003945505.1	1.0	1.0
3000501inst1_path_65	GCF_000732945.1	1.0	1.0
3000501inst1_path_65	GCF_029674545.1	1.0	1.0
3000501inst1_path_65	GCF_030719255.1	1.0	1.0
3000501inst1_path_65	GCF_030272285.1	1.0	1.0
3000501inst1_path_65	GCF_014635145.1	1.0	0.999
3000501inst1_path_65	GCF_006385015.1	1.0	0.994
3000501inst1_path_65	GCF_024970185.1	1.0	1.0
3000501inst1_path_65	GCF_031875345.1	1.0	1.0
3000501inst1_path_65	GCF_026153455.1	1.0	1.0
3000501inst1_path_65	GCF_003952265.1	1.0	0.994
3000501inst1_path_65	GCF_030263935.1	1.0	1.0
3000501inst1_path_65	GCF_025823075.1	1.0	0.998
3000501inst1_path_65	GCF_015291305.1	1.0	1.0
3000501inst1_path_65	GCF_024508275.1	1.0	1.0
3000501inst1_path_65	GCF_027626035.1	1.0	0.999
3000501inst1_path_65	GCF_032145515.1	1.0	1.0
3000501inst1_path_65	GCF_027625935.1	1.0	1.0
3000501inst1_path_65	GCF_016864555.1	1.0	1.0
3000501inst1_path_65	GCF_016584135.1	1.0	1.0
3000501inst1_path_65	GCF_900119915.1	1.0	1.0
3000501inst1_path_65	GCF_012844365.1	1.0	0.994
3000501inst1_path_65	GCF_004135935.1	1.0	1.0
3000501inst1_path_65	GCF_000967425.1	1.0	1.0
3000501inst1_path_65	GCF_003119115.1	1.0	1.0
3000501inst1_path_65	GCF_030296575.1	1.0	0.999
3000501inst1_path_65	GCF_002117445.1	1.0	1.0
3000501inst1_path_65	GCF_017933115.1	1.0	1.0
3000501inst1_path_65	GCF_003028855.1	1.0	1.0
3000501inst1_path_65	GCF_029457515.1	1.0	1.0
3000501inst1_path_65	GCF_024749325.1	1.0	1.0
3000501inst1_path_65	GCF_004136315.1	1.0	1.0
3000501inst1_path_65	GCF_963518715.1	1.0	1.0
3000501inst1_path_65	GCF_900635405.1	1.0	1.0
3000501inst1_path_65	GCF_000689395.1	1.0	0.999
3000501inst1_path_65	GCF_031456755.1	1.0	1.0
3000501inst1_path_65	GCF_024758725.1	1.0	0.998
3000501inst1_path_65	GCF_003952485.1	1.0	1.0
3000501inst1_path_65	GCF_030408455.1	1.0	0.996
3000501inst1_path_65	GCF_014489575.1	1.0	1.0
3000501inst1_path_65	GCF_025822525.1	1.0	0.996
3000501inst1_path_65	GCF_016599735.1	1.0	1.0
3000501inst1_path_65	GCF_030026745.1	1.0	1.0
3000501inst1_path_65	GCF_032460565.1	1.0	0.999
3000501inst1_path_65	GCF_001750215.1	1.0	1.0
3000501inst1_path_65	GCF_000522985.1	1.0	1.0
3000501inst1_path_65	GCF_027626975.1	1.0	1.0
3000501inst1_path_65	GCF_028473645.1	1.0	1.0
3000501inst1_path_65	GCF_000296215.2	1.0	1.0
3000501inst1_path_65	GCF_016917355.1	1.0	1.0
3000501inst1_path_65	GCF_013341275.1	1.0	1.0
3000501inst1_path_65	GCF_018802765.1	1.0	1.0
3000501inst1_path_65	GCF_018854855.1	1.0	1.0
3000501inst1_path_65	GCF_030719275.1	1.0	1.0
3000501inst1_path_65	GCF_021044665.1	1.0	1.0
3000501inst1_path_65	GCF_000242595.2	1.0	0.999
3000501inst1_path_65	GCF_000767055.1	1.0	0.998
3000501inst1_path_65	GCF_030408715.1	1.0	0.999
3000501inst1_path_65	GCF_003050865.1	1.0	1.0
3000501inst1_path_65	GCF_003950035.1	1.0	1.0
3000501inst1_path_65	GCF_002108455.1	1.0	1.0
3000501inst1_path_65	GCF_900090305.1	1.0	1.0
3000501inst1_path_65	GCF_030269825.1	1.0	1.0
3000501inst1_path_65	GCF_029581195.1	1.0	1.0
3000501inst1_path_65	GCF_030027225.1	1.0	1.0
3000501inst1_path_65	GCF_023716485.1	1.0	1.0
3000501inst1_path_65	GCF_019038105.1	1.0	1.0
3000501inst1_path_65	GCF_030453725.1	1.0	0.995
3000501inst1_path_65	GCF_900086985.1	1.0	1.0
3000501inst1_path_65	GCF_022878925.1	1.0	1.0
3000501inst1_path_65	GCF_020843945.1	1.0	1.0
3000501inst1_path_65	GCF_030718065.1	1.0	1.0
3000501inst1_path_65	GCF_021021415.1	1.0	1.0
3000501inst1_path_65	GCF_009866785.1	1.0	1.0
3000501inst1_path_65	GCF_018256185.1	1.0	1.0
3000501inst1_path_65	GCF_000226315.1	1.0	0.998
3000501inst1_path_65	GCF_030296655.1	1.0	0.999
3000501inst1_path_65	GCF_019846815.1	1.0	1.0
3000501inst1_path_65	GCF_027497175.1	1.0	1.0
3000501inst1_path_65	GCF_027912675.1	1.0	1.0
3000501inst1_path_65	GCF_024178045.1	1.0	1.0
3000501inst1_path_65	GCF_016615645.1	1.0	1.0
3000501inst1_path_65	GCF_030931015.1	1.0	1.0
3000501inst1_path_65	GCF_029691625.1	1.0	1.0
3000501inst1_path_65	GCF_013085925.1	1.0	1.0
3000501inst1_path_65	GCF_963519195.1	1.0	0.998
3000501inst1_path_65	GCF_900105305.1	1.0	0.994
3000501inst1_path_65	GCF_019977235.1	1.0	0.999
3000501inst1_path_65	GCF_000934605.2	1.0	1.0
3000501inst1_path_65	GCF_004328495.1	1.0	1.0
3000501inst1_path_65	GCF_024749045.1	1.0	1.0
3000501inst1_path_65	GCF_008728025.1	1.0	1.0
3000501inst1_path_65	GCF_016865235.1	1.0	1.0
3000501inst1_path_65	GCF_025821885.1	1.0	0.996
3000501inst1_path_65	GCF_003177035.1	1.0	1.0
3000501inst1_path_65	GCF_001931675.1	1.0	1.0
3000501inst1_path_65	GCF_002222655.1	1.0	1.0
3000501inst1_path_65	GCF_021398735.1	1.0	1.0
3000501inst1_path_65	GCF_032192075.1	1.0	1.0
3000501inst1_path_65	GCF_013284375.2	1.0	1.0
3000501inst1_path_65	GCF_028473685.1	1.0	1.0
3000501inst1_path_65	GCF_016337145.1	1.0	1.0
3000501inst1_path_65	GCF_030758415.1	1.0	0.997
3000501inst1_path_65	GCF_002266435.2	1.0	1.0
3000501inst1_path_65	GCF_025728255.1	1.0	1.0
3000501inst1_path_65	GCF_030012965.1	1.0	1.0
3000501inst1_path_65	GCF_900105395.1	1.0	1.0
3000501inst1_path_65	GCF_000172155.1	1.0	1.0
3000501inst1_path_65	GCF_030264015.1	1.0	0.999
3000501inst1_path_65	GCF_020616535.1	1.0	1.0
3000501inst1_path_65	GCF_029942085.1	1.0	1.0
3000501inst1_path_65	GCF_031854345.1	1.0	1.0
3000501inst1_path_65	GCF_030254645.1	1.0	1.0
3000501inst1_path_65	GCF_001040905.1	1.0	1.0
3000501inst1_path_65	GCF_015871245.1	1.0	1.0
3000501inst1_path_65	GCF_900109545.1	1.0	1.0
3000501inst1_path_65	GCF_015709435.1	1.0	1.0
3000501inst1_path_65	GCF_022604645.1	1.0	1.0
3000501inst1_path_65	GCF_019973615.1	1.0	1.0
3000501inst1_path_65	GCF_026014005.1	1.0	1.0
3000501inst1_path_65	GCF_003086835.1	1.0	1.0
3000501inst1_path_65	GCF_032470315.1	1.0	0.999
3000501inst1_path_65	GCF_030582395.1	1.0	1.0
3000501inst1_path_65	GCF_021462785.1	1.0	1.0
3000501inst1_path_65	GCF_024749345.1	1.0	1.0
3000501inst1_path_65	GCF_937891345.1	1.0	1.0
3000501inst1_path_65	GCF_900090205.1	1.0	1.0
3000501inst1_path_65	GCF_009193375.1	1.0	1.0
3000501inst1_path_65	GCF_026168515.1	1.0	0.995
3000501inst1_path_65	GCF_028888695.1	1.0	0.999
3000501inst1_path_65	GCF_026072915.1	1.0	1.0
3000501inst1_path_65	GCF_003945525.1	1.0	1.0
3000501inst1_path_65	GCF_026686735.1	1.0	1.0
3000501inst1_path_65	GCF_020535385.1	1.0	1.0
3000501inst1_path_65	GCF_020428325.2	1.0	1.0
3000501inst1_path_65	GCF_024748985.1	1.0	1.0
3000501inst1_path_65	GCF_029537235.1	1.0	1.0
3000501inst1_path_65	GCF_009937975.1	1.0	1.0
3000501inst1_path_65	GCF_030142075.1	1.0	0.997
3000501inst1_path_65	GCF_019880525.1	1.0	1.0
3000501inst1_path_65	GCF_031932205.1	1.0	1.0
3000501inst1_path_65	GCF_020691745.1	1.0	1.0
3000501inst1_path_65	GCF_002863865.1	1.0	1.0
3000501inst1_path_65	GCF_024749225.1	1.0	1.0
3000501inst1_path_65	GCF_901905185.1	1.0	1.0
3000501inst1_path_65	GCF_030126965.1	1.0	0.999
3000501inst1_path_65	GCF_000442645.1	1.0	1.0
3000501inst1_path_65	GCF_016839225.1	1.0	1.0
3000501inst1_path_65	GCF_021729885.1	1.0	1.0
3000501inst1_path_65	GCF_018326065.1	1.0	1.0
3000501inst1_path_65	GCF_017354985.1	1.0	1.0
3000501inst1_path_65	GCF_022637395.1	1.0	1.0
3000501inst1_path_65	GCF_014400405.1	1.0	1.0
3000501inst1_path_65	GCF_030384645.1	1.0	0.999
3000501inst1_path_65	GCF_017874495.1	1.0	1.0
3000501inst1_path_65	GCF_030161015.1	1.0	1.0
3000501inst1_path_65	GCF_000092925.1	1.0	1.0
3000501inst1_path_65	GCF_000299335.2	1.0	1.0
3000501inst1_path_65	GCF_023921125.1	1.0	0.998
3000501inst1_path_65	GCF_029643425.1	1.0	1.0
3000501inst1_path_65	GCF_032190615.1	1.0	1.0
3000501inst1_path_65	GCF_032369155.1	1.0	1.0
3000501inst1_path_65	GCF_030486665.1	1.0	1.0
3000501inst1_path_65	GCF_000020045.1	1.0	1.0
3000501inst1_path_65	GCF_019977195.1	1.0	0.998
3000501inst1_path_65	GCF_010092425.1	1.0	1.0
3000501inst1_path_65	GCF_030549035.1	1.0	1.0
3000501inst1_path_65	GCF_022655415.1	1.0	1.0
3000501inst1_path_65	GCF_019392295.1	1.0	1.0
3000501inst1_path_65	GCF_016889805.1	1.0	1.0
3000501inst1_path_65	GCF_030147545.1	1.0	1.0
3000501inst1_path_65	GCF_013116665.1	1.0	1.0
3000501inst1_path_65	GCF_022537035.1	1.0	1.0
3000501inst1_path_65	GCF_026625725.1	1.0	1.0
3000501inst1_path_65	GCF_030687575.1	1.0	1.0
3000501inst1_path_65	GCF_021117295.1	1.0	1.0
3000501inst1_path_65	GCF_030812925.1	1.0	1.0
3000501inst1_path_65	GCF_009707425.1	1.0	1.0
3000501inst1_path_65	GCF_016756575.1	1.0	1.0
3000501inst1_path_65	GCF_014396585.1	1.0	0.996
3000501inst1_path_65	GCF_015209725.1	1.0	1.0
3000501inst1_path_65	GCF_027625375.1	1.0	1.0
3000501inst1_path_65	GCF_030864135.1	1.0	1.0
3000501inst1_path_65	GCF_030064165.1	1.0	1.0
3000501inst1_path_65	GCF_030814735.1	1.0	0.999
3000501inst1_path_65	GCF_002934795.1	1.0	1.0
3000501inst1_path_65	GCF_901846895.1	1.0	1.0
3000501inst1_path_65	GCF_010731895.1	1.0	0.994
3000501inst1_path_65	GCF_000968535.2	1.0	1.0
3000501inst1_path_65	GCF_007747795.1	1.0	1.0
3000501inst1_path_65	GCF_027214245.1	1.0	1.0
3000501inst1_path_65	GCF_000341895.1	1.0	1.0
3000501inst1_path_65	GCF_018128905.1	1.0	1.0
3000501inst1_path_65	GCF_900108075.1	1.0	1.0
3000501inst1_path_65	GCF_027924885.1	1.0	1.0
3000501inst1_path_65	GCF_963555015.1	1.0	0.998
3000501inst1_path_65	GCF_013403565.1	1.0	1.0
3000501inst1_path_65	GCF_963529395.1	1.0	1.0
3000501inst1_path_65	GCF_028994495.1	1.0	1.0
3000501inst1_path_65	GCF_946229005.1	1.0	1.0
3000501inst1_path_65	GCF_024529975.1	1.0	1.0
3000501inst1_path_65	GCF_030285885.1	1.0	1.0
3000501inst1_path_65	GCF_031954405.1	1.0	1.0
3000501inst1_path_65	GCF_003952385.1	1.0	1.0
3000501inst1_path_65	GCF_029636725.1	1.0	0.994
3000501inst1_path_65	GCF_937914915.1	1.0	1.0
3000501inst1_path_65	GCF_030386475.1	1.0	1.0
3000501inst1_path_65	GCF_030408635.1	1.0	0.999
3000501inst1_path_65	GCF_002949975.1	1.0	1.0
3000501inst1_path_65	GCF_014701235.1	1.0	1.0
3000501inst1_path_65	GCF_946222465.1	1.0	1.0
3000501inst1_path_65	GCF_030252345.1	1.0	1.0
3000501inst1_path_65	GCF_000739105.1	1.0	1.0
3000501inst1_path_65	GCF_000026445.2	1.0	0.996
3000501inst1_path_65	GCF_029873235.1	1.0	1.0
3000501inst1_path_65	GCF_023523925.1	1.0	0.999
3000501inst1_path_65	GCF_009938265.1	1.0	1.0
3000501inst1_path_65	GCF_018326005.1	1.0	1.0
3000501inst1_path_65	GCF_000172795.2	1.0	1.0
3000501inst1_path_65	GCF_000017265.1	1.0	1.0
3000501inst1_path_65	GCF_030486885.1	1.0	0.998
3000501inst1_path_65	GCF_030345095.1	1.0	1.0
3000501inst1_path_65	GCF_024652765.1	1.0	0.993
3000501inst1_path_65	GCF_001955695.1	1.0	1.0
3000501inst1_path_65	GCF_003945545.1	1.0	1.0
3000501inst1_path_65	GCF_000785535.1	1.0	0.999
3000501inst1_path_65	GCF_022865125.1	1.0	1.0
3000501inst1_path_65	GCF_030323165.1	1.0	1.0
3000501inst1_path_65	GCF_019645815.1	1.0	0.999
3000501inst1_path_65	GCF_027886705.1	1.0	1.0
3000501inst1_path_65	GCF_023330685.1	1.0	0.995
3000501inst1_path_65	GCF_000166135.1	1.0	0.999
3000501inst1_path_65	GCF_019668465.1	1.0	0.996
3000501inst1_path_65	GCF_005860795.2	1.0	1.0
3000501inst1_path_65	GCF_019443445.1	1.0	1.0
3000501inst1_path_65	GCF_028616745.1	1.0	1.0
3000501inst1_path_65	GCF_025146395.1	1.0	0.999
3000501inst1_path_65	GCF_023515955.1	1.0	1.0
3000501inst1_path_65	GCF_019710535.1	1.0	1.0
3000501inst1_path_65	GCF_032200625.1	1.0	1.0
3000501inst1_path_65	GCF_001553625.1	1.0	1.0
3000501inst1_path_65	GCF_014852565.2	1.0	1.0
3000501inst1_path_65	GCF_963527575.1	1.0	1.0
3000501inst1_path_65	GCF_019139855.1	1.0	1.0
3000501inst1_path_65	GCF_011300685.1	1.0	1.0
3000501inst1_path_65	GCF_030281045.1	1.0	1.0
3000501inst1_path_65	GCF_011290365.1	1.0	1.0
3000501inst1_path_65	GCF_032070985.1	1.0	1.0
3000501inst1_path_65	GCF_900243745.1	1.0	0.996
3000501inst1_path_65	GCF_022698305.1	1.0	1.0
3000501inst1_path_65	GCF_016919705.1	1.0	1.0
3000501inst1_path_65	GCF_017338855.1	1.0	1.0
3000501inst1_path_65	GCF_031455215.1	1.0	1.0
3000501inst1_path_65	GCF_016446285.1	1.0	1.0
3000501inst1_path_65	GCF_000828475.1	1.0	1.0
3000501inst1_path_65	GCF_017161445.1	1.0	1.0
3000501inst1_path_65	GCF_007752535.1	1.0	0.999
3000501inst1_path_65	GCF_031581545.1	1.0	1.0
3000501inst1_path_65	GCF_000212675.2	1.0	1.0
3000501inst1_path_65	GCF_031582845.1	1.0	1.0
3000501inst1_path_65	GCF_019343105.1	1.0	1.0
3000501inst1_path_65	GCF_009363135.1	1.0	1.0
3000501inst1_path_65	GCF_003952345.1	1.0	1.0
3000501inst1_path_65	GCF_003952525.1	1.0	1.0
3000501inst1_path_65	GCF_000023265.1	1.0	1.0
3000501inst1_path_65	GCF_963396185.1	1.0	1.0
3000501inst1_path_65	GCF_011290345.1	1.0	1.0
3000501inst1_path_65	GCF_016925535.1	1.0	0.997
3000501inst1_path_65	GCF_003586545.1	1.0	1.0
3000501inst1_path_65	GCF_013393385.1	1.0	0.999
3000501inst1_path_65	GCF_003852295.1	1.0	1.0
3000501inst1_path_65	GCF_000218565.1	1.0	1.0
3000501inst1_path_65	GCF_022869105.1	1.0	1.0
3000501inst1_path_65	GCF_005937905.2	1.0	1.0
3000501inst1_path_65	GCF_014191015.1	1.0	1.0
3000501inst1_path_65	GCF_000959325.1	1.0	1.0
3000501inst1_path_65	GCF_031157615.1	1.0	0.999
3000501inst1_path_65	GCF_900070345.1	1.0	1.0
3000501inst1_path_65	GCF_024582735.1	1.0	1.0
3000501inst1_path_65	GCF_001011155.1	1.0	1.0
3000501inst1_path_65	GCF_004803715.2	1.0	0.999
3000501inst1_path_65	GCF_023115465.1	1.0	1.0
3000501inst1_path_65	GCF_020524285.1	1.0	1.0
3000501inst1_path_65	GCF_030010515.1	1.0	1.0
3000501inst1_path_65	GCF_000812665.2	1.0	1.0
3000501inst1_path_65	GCF_000766885.2	1.0	0.999
3000501inst1_path_65	GCF_900184155.1	1.0	1.0
3000501inst1_path_65	GCF_009363655.1	1.0	1.0
3000501inst1_path_65	GCF_021496665.1	1.0	0.995
3000501inst1_path_65	GCF_025643095.1	1.0	1.0
3000501inst1_path_65	GCF_030369675.1	1.0	1.0
3000501inst1_path_65	GCF_013358405.1	1.0	1.0
3000501inst1_path_65	GCF_030159715.1	1.0	1.0
3000501inst1_path_65	GCF_012840045.1	1.0	1.0
3000501inst1_path_65	GCF_029319185.1	1.0	1.0
3000501inst1_path_65	GCF_025822385.1	1.0	0.998
3000501inst1_path_65	GCF_003856555.1	1.0	1.0
3000501inst1_path_65	GCF_902833205.1	1.0	1.0
3000501inst1_path_65	GCF_004798685.1	1.0	0.999
3000501inst1_path_65	GCF_018207515.1	1.0	0.999
3000501inst1_path_65	GCF_030323145.1	1.0	1.0
3000501inst1_path_65	GCF_003352005.1	1.0	0.999
3000501inst1_path_65	GCF_002067135.1	1.0	1.0
3000501inst1_path_65	GCF_000177215.2	1.0	1.0
3000501inst1_path_65	GCF_030846175.1	1.0	1.0
3000501inst1_path_65	GCF_001679665.1	1.0	1.0
3000501inst1_path_65	GCF_008000795.1	1.0	1.0
3000501inst1_path_65	GCF_900095415.1	1.0	1.0
3000501inst1_path_65	GCF_031670015.1	1.0	0.997
3000501inst1_path_65	GCF_005860925.2	1.0	1.0
3000501inst1_path_65	GCF_001673705.2	1.0	1.0
3000501inst1_path_65	GCF_009834565.1	1.0	1.0
3000501inst1_path_65	GCF_017639205.1	1.0	1.0
3000501inst1_path_65	GCF_019800985.1	1.0	1.0
3000501inst1_path_65	GCF_004795855.1	1.0	1.0
3000501inst1_path_65	GCF_001886615.1	1.0	1.0
3000501inst1_path_65	GCF_020510625.1	1.0	1.0
3000501inst1_path_65	GCF_030505395.1	1.0	0.998
3000501inst1_path_65	GCF_002407205.1	1.0	1.0
3000501inst1_path_65	GCF_016613535.2	1.0	1.0
3000501inst1_path_65	GCF_026792345.1	1.0	1.0
3000501inst1_path_65	GCF_030461435.1	1.0	0.999
3000501inst1_path_65	GCF_018968665.1	1.0	1.0
3000501inst1_path_65	GCF_009268135.1	1.0	1.0
3000501inst1_path_65	GCF_019973775.1	1.0	1.0
3000501inst1_path_65	GCF_021390155.1	1.0	1.0
3000501inst1_path_65	GCF_025642155.1	1.0	1.0
3000501inst1_path_65	GCF_014679145.1	1.0	0.999
3000501inst1_path_65	GCF_014960965.1	1.0	1.0
3000501inst1_path_65	GCF_023746555.1	1.0	1.0
3000501inst1_path_65	GCF_010093235.1	1.0	1.0
3000501inst1_path_65	GCF_001856665.1	1.0	1.0
3000501inst1_path_65	GCF_000612545.2	1.0	1.0
3000501inst1_path_65	GCF_963553455.1	1.0	0.996
3000501inst1_path_65	GCF_024207115.1	1.0	1.0
3000501inst1_path_65	GCF_014490785.1	1.0	1.0
3000501inst1_path_65	GCF_019428685.1	1.0	1.0
3000501inst1_path_65	GCF_023311895.1	1.0	1.0
3000501inst1_path_65	GCF_032026945.1	1.0	1.0
3000501inst1_path_65	GCF_903995135.1	1.0	1.0
3000501inst1_path_65	GCF_015679265.1	1.0	1.0
3000501inst1_path_65	GCF_030815455.1	1.0	1.0
3000501inst1_path_65	GCF_016839145.1	1.0	1.0
3000501inst1_path_65	GCF_023714885.1	1.0	0.999
3000501inst1_path_65	GCF_011516645.4	1.0	1.0
3000501inst1_path_65	GCF_937957785.1	1.0	1.0
3000501inst1_path_65	GCF_022637375.1	1.0	1.0
3000501inst1_path_65	GCF_021441825.1	1.0	1.0
3000501inst1_path_65	GCF_024347195.1	1.0	1.0
3000501inst1_path_65	GCF_016864375.1	1.0	1.0
3000501inst1_path_65	GCF_030436015.1	1.0	1.0
3000501inst1_path_65	GCF_019047325.1	1.0	1.0
3000501inst1_path_65	GCF_019355575.1	1.0	1.0
3000501inst1_path_65	GCF_032087155.1	1.0	1.0
3000501inst1_path_65	GCF_031081985.1	1.0	1.0
3000501inst1_path_65	GCF_003854875.1	1.0	1.0
3000501inst1_path_65	GCF_019297855.1	1.0	1.0
3000501inst1_path_65	GCF_029909415.1	1.0	1.0
3000501inst1_path_65	GCF_009676845.1	1.0	1.0
3000501inst1_path_65	GCF_020640855.1	1.0	1.0
3000501inst1_path_65	GCF_006517275.1	1.0	1.0
3000501inst1_path_65	GCF_014083985.1	1.0	1.0
3000501inst1_path_65	GCF_017498525.1	1.0	1.0
3000501inst1_path_65	GCF_003325375.1	1.0	1.0
3000501inst1_path_65	GCF_015644725.1	1.0	1.0
3000501inst1_path_65	GCF_001484565.1	1.0	1.0
3000501inst1_path_65	GCF_030291035.1	1.0	1.0
3000501inst1_path_65	GCF_025821645.1	1.0	0.996
3000501inst1_path_65	GCF_011038645.2	1.0	0.996
3000501inst1_path_65	GCF_030758975.1	1.0	1.0
3000501inst1_path_65	GCF_028421645.1	1.0	0.999
3000501inst1_path_65	GCF_030316255.1	1.0	1.0
3000501inst1_path_65	GCF_021049305.1	1.0	1.0
3000501inst1_path_65	GCF_022430545.2	1.0	0.996
3000501inst1_path_65	GCF_029581215.1	1.0	1.0
3000501inst1_path_65	GCF_030246845.1	1.0	1.0
3000501inst1_path_65	GCF_014926585.1	1.0	1.0
3000501inst1_path_65	GCF_002717025.1	1.0	1.0
3000501inst1_path_65	GCF_027925445.1	1.0	1.0
3000501inst1_path_65	GCF_029910655.1	1.0	1.0
3000501inst1_path_65	GCF_900105685.1	1.0	0.999
3000501inst1_path_65	GCF_004214895.1	1.0	1.0
3000501inst1_path_65	GCF_018135625.1	1.0	1.0
3000501inst1_path_65	GCF_026651955.1	1.0	1.0
3000501inst1_path_65	GCF_002305855.1	1.0	1.0
3000501inst1_path_65	GCF_031455425.1	1.0	0.999
3000501inst1_path_65	GCF_009789635.1	1.0	1.0
3000501inst1_path_65	GCF_003111925.1	1.0	1.0
3000501inst1_path_65	GCF_963378105.1	1.0	0.996
3000501inst1_path_65	GCF_000016185.1	1.0	1.0
3000501inst1_path_65	GCF_003543295.1	1.0	1.0
3000501inst1_path_65	GCF_029201425.1	1.0	1.0
3000501inst1_path_65	GCF_000155735.2	1.0	1.0
3000501inst1_path_65	GCF_029318635.1	1.0	1.0
3000501inst1_path_65	GCF_014651415.1	1.0	1.0
3000501inst1_path_65	GCF_001186215.2	1.0	1.0
3000501inst1_path_65	GCF_005886805.2	1.0	1.0
3000501inst1_path_65	GCF_000186245.1	1.0	1.0
3000501inst1_path_65	GCF_009858335.1	1.0	1.0
3000501inst1_path_65	GCF_015665245.1	1.0	1.0
3000501inst1_path_65	GCF_900104805.1	1.0	1.0
3000501inst1_path_65	GCF_012849375.1	1.0	1.0
3000501inst1_path_65	GCF_003952465.1	1.0	1.0
3000501inst1_path_65	GCF_009914215.2	1.0	1.0
3000501inst1_path_65	GCF_959599685.1	1.0	1.0
3000501inst1_path_65	GCF_029027105.1	1.0	1.0
3000501inst1_path_65	GCF_009646095.1	1.0	0.997
3000501inst1_path_65	GCF_030687675.1	1.0	1.0
3000501inst1_path_65	GCF_003732465.1	1.0	1.0
3000501inst1_path_65	GCF_001941645.1	1.0	1.0
3000501inst1_path_65	GCF_001420975.1	1.0	0.997
3000501inst1_path_65	GCF_014673495.1	1.0	1.0
3000501inst1_path_65	GCF_004022565.1	1.0	1.0
3000501inst1_path_65	GCF_016638705.1	1.0	1.0
3000501inst1_path_65	GCF_900105315.1	1.0	0.994
3000501inst1_path_65	GCF_013170805.1	1.0	1.0
3000501inst1_path_65	GCF_021165735.1	1.0	1.0
3000501inst1_path_65	GCF_014191785.1	1.0	1.0
3000501inst1_path_65	GCF_017968885.1	1.0	1.0
3000501inst1_path_65	GCF_023380025.1	1.0	0.995
3000501inst1_path_65	GCF_000165715.2	1.0	1.0
3000501inst1_path_65	GCF_001936175.1	1.0	1.0
3000501inst1_path_65	GCF_011301715.1	1.0	0.998
3000501inst1_path_65	GCF_003441595.1	1.0	1.0
3000501inst1_path_65	GCF_030908485.1	1.0	1.0
3000501inst1_path_65	GCF_900130075.1	1.0	1.0
3000501inst1_path_65	GCF_030770395.1	1.0	1.0
3000501inst1_path_65	GCF_900343145.1	1.0	0.997
3000501inst1_path_65	GCF_900221035.1	1.0	1.0
3000501inst1_path_65	GCF_023170545.1	1.0	1.0
3000501inst1_path_65	GCF_008271705.1	1.0	1.0
3000501inst1_path_65	GCF_014637625.1	1.0	1.0
3000501inst1_path_65	GCF_031201145.1	1.0	1.0
3000501inst1_path_65	GCF_004001245.1	1.0	1.0
3000501inst1_path_65	GCF_031454275.1	1.0	1.0
3000501inst1_path_65	GCF_001664345.1	1.0	1.0
3000501inst1_path_65	GCF_008365315.1	1.0	1.0
3000501inst1_path_65	GCF_032468335.1	1.0	0.999
3000501inst1_path_65	GCF_014169075.1	1.0	1.0
3000501inst1_path_65	GCF_022637475.1	1.0	1.0
3000501inst1_path_65	GCF_029714205.1	1.0	1.0
3000501inst1_path_65	GCF_012849095.1	1.0	1.0
3000501inst1_path_65	GCF_002355735.1	1.0	1.0
3000501inst1_path_65	GCF_031977455.1	1.0	0.999
3000501inst1_path_65	GCF_019163155.1	1.0	1.0
3000501inst1_path_65	GCF_016027455.1	1.0	1.0
3000501inst1_path_65	GCF_029714545.1	1.0	1.0
3000501inst1_path_65	GCF_017161425.1	1.0	1.0
3000501inst1_path_65	GCF_018310575.1	1.0	1.0
3000501inst1_path_65	GCF_032101525.1	1.0	0.997
3000501inst1_path_65	GCF_031456695.1	1.0	1.0
3000501inst1_path_65	GCF_002843605.1	1.0	1.0
3000501inst1_path_65	GCF_025642735.1	1.0	1.0
3000501inst1_path_65	GCF_019355935.1	1.0	1.0
3000501inst1_path_65	GCF_024707525.1	1.0	1.0
3000501inst1_path_65	GCF_963521725.1	1.0	1.0
3000501inst1_path_65	GCF_031020795.1	1.0	1.0
3000501inst1_path_65	GCF_030499135.1	1.0	1.0
3000501inst1_path_65	GCF_025821735.1	1.0	0.996
3000501inst1_path_65	GCF_000260965.1	1.0	1.0
3000501inst1_path_65	GCF_003940805.1	1.0	1.0
3000501inst1_path_65	GCF_014701095.1	1.0	1.0
3000501inst1_path_65	GCF_017086365.1	1.0	0.999
3000501inst1_path_65	GCF_016313185.1	1.0	0.998
3000501inst1_path_65	GCF_027913215.1	1.0	1.0
3000501inst1_path_65	GCF_008065155.1	1.0	1.0
3000501inst1_path_65	GCF_009363575.1	1.0	1.0
3000501inst1_path_65	GCF_029910215.1	1.0	1.0
3000501inst1_path_65	GCF_030585545.1	1.0	1.0
3000501inst1_path_65	GCF_022487465.1	1.0	1.0
3000501inst1_path_65	GCF_023101685.1	1.0	1.0
3000501inst1_path_65	GCF_002024615.2	1.0	1.0
3000501inst1_path_65	GCF_004135975.1	1.0	1.0
3000501inst1_path_65	GCF_022346285.1	1.0	0.995
3000501inst1_path_65	GCF_019355535.1	1.0	1.0
3000501inst1_path_65	GCF_002591235.1	1.0	1.0
3000501inst1_path_65	GCF_007995155.1	1.0	0.999
3000501inst1_path_65	GCF_004795795.1	1.0	1.0
3000501inst1_path_65	GCF_002240455.1	1.0	1.0
3000501inst1_path_65	GCF_023277365.1	1.0	1.0
3000501inst1_path_65	GCF_004104485.1	1.0	1.0
3000501inst1_path_65	GCF_003627215.1	1.0	1.0
3000501inst1_path_65	GCF_006088715.1	1.0	1.0
3000501inst1_path_65	GCF_031834365.1	1.0	1.0
3000501inst1_path_65	GCF_017358145.1	1.0	1.0
3000501inst1_path_65	GCF_003030325.1	1.0	1.0
3000501inst1_path_65	GCF_016756515.1	1.0	1.0
3000501inst1_path_65	GCF_900106965.1	1.0	1.0
3000501inst1_path_65	GCF_003240565.2	1.0	1.0
3000501inst1_path_65	GCF_032053945.1	1.0	1.0
3000501inst1_path_65	GCF_018802645.1	1.0	1.0
3000501inst1_path_65	GCF_023169965.1	1.0	1.0
3000501inst1_path_65	GCF_016865255.1	1.0	1.0
3000501inst1_path_65	GCF_030370015.1	1.0	1.0
3000501inst1_path_65	GCF_002736105.1	1.0	1.0
3000501inst1_path_65	GCF_003367375.1	1.0	1.0
3000501inst1_path_65	GCF_026723805.1	1.0	0.998
3000501inst1_path_65	GCF_004851605.1	1.0	1.0
3000501inst1_path_65	GCF_021665875.1	1.0	1.0
3000501inst1_path_65	GCF_024749205.1	1.0	1.0
3000501inst1_path_65	GCF_029011865.1	1.0	1.0
3000501inst1_path_65	GCF_026016725.1	1.0	1.0
3000501inst1_path_65	GCF_001908835.1	1.0	1.0
3000501inst1_path_65	GCF_024397915.1	1.0	1.0
3000501inst1_path_65	GCF_001887265.1	1.0	1.0
3000501inst1_path_65	GCF_013401555.1	1.0	1.0
3000501inst1_path_65	GCF_025452195.1	1.0	1.0
3000501inst1_path_65	GCF_032335595.1	1.0	1.0
3000501inst1_path_65	GCF_029625235.1	1.0	1.0
3000501inst1_path_65	GCF_011058295.1	1.0	1.0
3000501inst1_path_65	GCF_018612955.1	1.0	1.0
3000501inst1_path_65	GCF_017671885.1	1.0	1.0
3000501inst1_path_65	GCF_003296175.1	1.0	1.0
3000501inst1_path_65	GCF_007113665.2	1.0	1.0
3000501inst1_path_65	GCF_000940805.1	1.0	1.0
3000501inst1_path_65	GCF_028867705.1	1.0	1.0
3000501inst1_path_65	GCF_030127205.1	1.0	1.0
3000501inst1_path_65	GCF_002263495.1	1.0	1.0
3000501inst1_path_65	GCF_019355555.1	1.0	1.0
3000501inst1_path_65	GCF_009363895.1	1.0	0.998
3000501inst1_path_65	GCF_030552875.1	1.0	1.0
3000501inst1_path_65	GCF_023277745.1	1.0	1.0
3000501inst1_path_65	GCF_918797525.1	1.0	1.0
3000501inst1_path_65	GCF_030345275.1	1.0	1.0
3000501inst1_path_65	GCF_002934285.1	1.0	1.0
3000501inst1_path_65	GCF_026241895.1	1.0	1.0
3000501inst1_path_65	GCF_025727575.1	1.0	0.994
3000501inst1_path_65	GCF_004322775.1	1.0	1.0
3000501inst1_path_65	GCF_900103365.1	1.0	1.0
3000501inst1_path_65	GCF_028752115.1	1.0	1.0
3000501inst1_path_65	GCF_031455155.1	1.0	1.0
3000501inst1_path_65	GCF_900167475.1	1.0	1.0
3000501inst1_path_65	GCF_016094345.1	1.0	1.0
3000501inst1_path_65	GCF_000023065.1	1.0	1.0
3000501inst1_path_65	GCF_028898845.1	1.0	1.0
3000501inst1_path_65	GCF_030544505.1	1.0	1.0
3000501inst1_path_65	GCF_008274805.1	1.0	1.0
3000501inst1_path_65	GCF_012584515.1	1.0	1.0
3000501inst1_path_65	GCF_029674605.1	1.0	0.999
3000501inst1_path_65	GCF_030717765.1	1.0	1.0
3000501inst1_path_65	GCF_004524875.1	1.0	1.0
3000501inst1_path_65	GCF_017357425.1	1.0	0.998
3000501inst1_path_65	GCF_018406445.1	1.0	1.0
3000501inst1_path_65	GCF_031844185.1	1.0	0.999
3000501inst1_path_65	GCF_006442545.2	1.0	1.0
3000501inst1_path_65	GCF_025402955.1	1.0	1.0
3000501inst1_path_65	GCF_031456675.1	1.0	1.0
3000501inst1_path_65	GCF_030219325.1	1.0	1.0
3000501inst1_path_65	GCF_030413635.1	1.0	1.0
3000501inst1_path_65	GCF_002079305.1	1.0	1.0
3000501inst1_path_65	GCF_021491915.1	1.0	1.0
3000501inst1_path_65	GCF_019823085.1	1.0	1.0
3000501inst1_path_65	GCF_027366555.1	1.0	1.0
3000501inst1_path_65	GCF_009363755.1	1.0	1.0
3000501inst1_path_65	GCF_947169465.1	1.0	0.993
3000501inst1_path_65	GCF_002220195.1	1.0	1.0
3000501inst1_path_65	GCF_019355395.1	1.0	1.0
3000501inst1_path_65	GCF_000227745.2	1.0	1.0
3000501inst1_path_65	GCF_025822845.1	1.0	0.994
3000501inst1_path_65	GCF_000280925.3	1.0	1.0
3000501inst1_path_65	GCF_029224025.1	1.0	1.0
3000501inst1_path_65	GCF_009650215.1	1.0	1.0
3000501inst1_path_65	GCF_002844375.1	1.0	1.0
3000501inst1_path_65	GCF_000993785.3	1.0	1.0
3000501inst1_path_65	GCF_000024205.1	1.0	1.0
3000501inst1_path_65	GCF_902459525.1	1.0	1.0
3000501inst1_path_65	GCF_030149145.1	1.0	1.0
3000501inst1_path_65	GCF_000661895.1	1.0	1.0
3000501inst1_path_65	GCF_003233655.1	1.0	1.0
3000501inst1_path_65	GCF_900089495.1	1.0	1.0
3000501inst1_path_65	GCF_022340085.1	1.0	0.996
3000501inst1_path_65	GCF_014280875.1	1.0	1.0
3000501inst1_path_65	GCF_028527885.1	1.0	0.999
3000501inst1_path_65	GCF_029691665.1	1.0	1.0
3000501inst1_path_65	GCF_900089605.1	1.0	1.0
3000501inst1_path_65	GCF_027922245.1	1.0	1.0
3000501inst1_path_65	GCF_029581315.1	1.0	1.0
3000501inst1_path_65	GCF_001713455.1	1.0	1.0
3000501inst1_path_65	GCF_032487415.1	1.0	1.0
3000501inst1_path_65	GCF_014644575.1	1.0	1.0
3000501inst1_path_65	GCF_026016285.1	1.0	1.0
3000501inst1_path_65	GCF_014646175.1	1.0	1.0
3000501inst1_path_65	GCF_001420995.1	1.0	0.997
3000501inst1_path_65	GCF_014297575.1	1.0	1.0
3000501inst1_path_65	GCF_030812395.1	1.0	1.0
3000501inst1_path_65	GCF_011492945.1	1.0	1.0
3000501inst1_path_65	GCF_004328645.1	1.0	1.0
3000501inst1_path_65	GCF_017788805.1	1.0	1.0
3000501inst1_path_65	GCF_022533565.1	1.0	1.0
3000501inst1_path_65	GCF_021223605.1	1.0	0.999
3000501inst1_path_65	GCF_030549525.1	1.0	1.0
3000501inst1_path_65	GCF_001767255.1	1.0	0.999
3000501inst1_path_65	GCF_025200865.1	1.0	1.0
3000501inst1_path_65	GCF_004114915.1	1.0	1.0
3000501inst1_path_65	GCF_004354345.1	1.0	0.998
3000501inst1_path_65	GCF_026651855.1	1.0	1.0
3000501inst1_path_65	GCF_014236855.1	1.0	1.0
3000501inst1_path_65	GCF_000931445.1	1.0	1.0
3000501inst1_path_65	GCF_015353075.1	1.0	1.0
3000501inst1_path_65	GCF_029581295.1	1.0	1.0
3000501inst1_path_65	GCF_001636295.1	1.0	1.0
3000501inst1_path_65	GCF_002356535.2	1.0	1.0
3000501inst1_path_65	GCF_014844175.1	1.0	1.0
3000501inst1_path_65	GCF_023330585.1	1.0	1.0
3000501inst1_path_65	GCF_000494755.1	1.0	1.0
3000501inst1_path_65	GCF_020520145.1	1.0	1.0
3000501inst1_path_65	GCF_030285945.1	1.0	1.0
3000501inst1_path_65	GCF_016919265.1	1.0	1.0
3000501inst1_path_65	GCF_005887635.2	1.0	1.0
3000501inst1_path_65	GCF_022637315.1	1.0	0.999
3000501inst1_path_65	GCF_904845985.1	1.0	1.0
3000501inst1_path_65	GCF_004114935.1	1.0	1.0
3000501inst1_path_65	GCF_014680085.1	1.0	1.0
3000501inst1_path_65	GCF_019801365.1	1.0	1.0
3000501inst1_path_65	GCF_001655615.1	1.0	1.0
3000501inst1_path_65	GCF_030719035.1	1.0	1.0
3000501inst1_path_65	GCF_027943625.1	1.0	1.0
3000501inst1_path_65	GCF_018622995.1	1.0	0.999
3000501inst1_path_65	GCF_022429625.1	1.0	1.0
3000501inst1_path_65	GCF_014897395.1	1.0	0.998
3000501inst1_path_65	GCF_005234135.1	1.0	1.0
3000501inst1_path_65	GCF_002240205.1	1.0	1.0
3000501inst1_path_65	GCF_032191335.1	1.0	1.0
3000501inst1_path_65	GCF_005116675.2	1.0	1.0
3000501inst1_path_65	GCF_019048725.1	1.0	1.0
3000501inst1_path_65	GCF_019285775.1	1.0	0.999
3000501inst1_path_65	GCF_947493785.1	1.0	1.0
3000501inst1_path_65	GCF_017311415.1	1.0	1.0
3000501inst1_path_65	GCF_020783685.1	1.0	1.0
3000501inst1_path_65	GCF_032378615.1	1.0	1.0
3000501inst1_path_65	GCF_003344865.1	1.0	1.0
3000501inst1_path_65	GCF_900105445.1	1.0	1.0
3000501inst1_path_65	GCF_022394705.1	1.0	1.0
3000501inst1_path_65	GCF_950074805.1	1.0	0.994
3000501inst1_path_65	GCF_960934445.1	1.0	1.0
3000501inst1_path_65	GCF_030297115.1	1.0	1.0
3000501inst1_path_65	GCF_014840935.1	1.0	1.0
3000501inst1_path_65	GCF_963378075.1	1.0	0.997
3000501inst1_path_65	GCF_027912495.1	1.0	0.997
3000501inst1_path_65	GCF_010104355.1	1.0	1.0
3000501inst1_path_65	GCF_028416635.1	1.0	0.996
3000501inst1_path_65	GCF_012676905.1	1.0	1.0
3000501inst1_path_65	GCF_963396235.1	1.0	1.0
3000501inst1_path_65	GCF_019056475.1	1.0	1.0
3000501inst1_path_65	GCF_003816055.1	1.0	0.999
3000501inst1_path_65	GCF_900114275.1	1.0	1.0
3000501inst1_path_65	GCF_016903055.1	1.0	1.0
3000501inst1_path_65	GCF_000093085.1	1.0	0.999
3000501inst1_path_65	GCF_001854385.1	1.0	1.0
3000501inst1_path_65	GCF_001761385.1	1.0	1.0
3000501inst1_path_65	GCF_000020685.1	1.0	0.998
3000501inst1_path_65	GCF_009688985.1	1.0	1.0
3000501inst1_path_65	GCF_031324095.1	1.0	1.0
3000501inst1_path_65	GCF_018802245.1	1.0	1.0
3000501inst1_path_65	GCF_001189515.2	1.0	1.0
3000501inst1_path_65	GCF_018326405.1	1.0	1.0
3000501inst1_path_65	GCF_023612255.1	1.0	1.0
3000501inst1_path_65	GCF_021266465.1	1.0	1.0
3000501inst1_path_65	GCF_032335255.1	1.0	1.0
3000501inst1_path_65	GCF_001632845.1	1.0	1.0
3000501inst1_path_65	GCF_028583545.1	1.0	1.0
3000501inst1_path_65	GCF_025290815.1	1.0	1.0
3000501inst1_path_65	GCF_963540185.1	1.0	1.0
3000501inst1_path_65	GCF_029223865.1	1.0	1.0
3000501inst1_path_65	GCF_020171595.1	1.0	1.0
3000501inst1_path_65	GCF_009363555.1	1.0	1.0
3000501inst1_path_65	GCF_032069105.1	1.0	1.0
3000501inst1_path_65	GCF_003173735.1	1.0	1.0
3000501inst1_path_65	GCF_008764455.1	1.0	0.999
3000501inst1_path_65	GCF_014678725.1	1.0	1.0
3000501inst1_path_65	GCF_003428335.1	1.0	1.0
3000501inst1_path_65	GCF_009688965.1	1.0	1.0
3000501inst1_path_65	GCF_000931465.1	1.0	1.0
3000501inst1_path_65	GCF_027671005.1	1.0	1.0
3000501inst1_path_65	GCF_025823355.1	1.0	0.996
3000501inst1_path_65	GCF_021052325.1	1.0	1.0
3000501inst1_path_65	GCF_029625435.1	1.0	1.0
3000501inst1_path_65	GCF_019139535.1	1.0	1.0
3000501inst1_path_65	GCF_021018765.1	1.0	1.0
3000501inst1_path_65	GCF_000012925.1	1.0	1.0
3000501inst1_path_65	GCF_900217235.1	1.0	1.0
3000501inst1_path_65	GCF_028553725.1	1.0	1.0
3000501inst1_path_65	GCF_008247605.1	1.0	1.0
3000501inst1_path_65	GCF_013394225.1	1.0	0.999
3000501inst1_path_65	GCF_030687935.1	1.0	1.0
3000501inst1_path_65	GCF_000214355.1	1.0	0.999
3000501inst1_path_65	GCF_027942015.1	1.0	1.0
3000501inst1_path_65	GCF_002968395.1	1.0	1.0
3000501inst1_path_65	GCF_014649395.1	1.0	1.0
3000501inst1_path_65	GCF_025398155.2	1.0	1.0
3000501inst1_path_65	GCF_032461435.1	1.0	1.0
3000501inst1_path_65	GCF_001652565.1	1.0	1.0
3000501inst1_path_65	GCF_021729865.1	1.0	1.0
3000501inst1_path_65	GCF_001523915.2	1.0	1.0
3000501inst1_path_65	GCF_003339525.1	1.0	1.0
3000501inst1_path_65	GCF_032363495.1	1.0	1.0
3000501inst1_path_65	GCF_032114295.1	1.0	1.0
3000501inst1_path_65	GCF_030518595.1	1.0	1.0
3000501inst1_path_65	GCF_007751945.1	1.0	1.0
3000501inst1_path_65	GCF_031455325.1	1.0	1.0
3000501inst1_path_65	GCF_029866945.1	1.0	1.0
3000501inst1_path_65	GCF_001887775.1	1.0	1.0
3000501inst1_path_65	GCF_008079355.1	1.0	1.0
3000501inst1_path_65	GCF_009498275.1	1.0	1.0
3000501inst1_path_65	GCF_022556315.1	1.0	1.0
3000501inst1_path_65	GCF_017086465.1	1.0	0.999
3000501inst1_path_65	GCF_011516865.1	1.0	1.0
3000501inst1_path_65	GCF_000021905.1	1.0	1.0
3000501inst1_path_65	GCF_019203205.1	1.0	1.0
3000501inst1_path_65	GCF_020218005.1	1.0	0.996
3000501inst1_path_65	GCF_022220465.1	1.0	1.0
3000501inst1_path_65	GCF_025264685.1	1.0	1.0
3000501inst1_path_65	GCF_002953935.1	1.0	0.998
3000501inst1_path_65	GCF_032193635.1	1.0	1.0
3000501inst1_path_65	GCF_030053095.1	1.0	1.0
3000501inst1_path_65	GCF_000178975.2	1.0	1.0
3000501inst1_path_65	GCF_004802635.2	1.0	1.0
3000501inst1_path_65	GCF_024585085.1	1.0	1.0
3000501inst1_path_65	GCF_900105255.1	1.0	1.0
3000501inst1_path_65	GCF_029167585.1	1.0	1.0
3000501inst1_path_65	GCF_030585205.1	1.0	1.0
3000501inst1_path_65	GCF_024397895.1	1.0	1.0
3000501inst1_path_65	GCF_015624425.1	1.0	1.0
3000501inst1_path_65	GCF_928721995.1	1.0	1.0
3000501inst1_path_65	GCF_900176205.1	1.0	1.0
3000501inst1_path_65	GCF_015326965.1	1.0	0.999
3000501inst1_path_65	GCF_018137965.1	1.0	1.0
3000501inst1_path_65	GCF_023914135.1	1.0	1.0
3000501inst1_path_65	GCF_014217545.1	1.0	0.998
3000501inst1_path_65	GCF_030687245.1	1.0	1.0
3000501inst1_path_65	GCF_029392895.1	1.0	1.0
3000501inst1_path_65	GCF_032460805.1	1.0	1.0
3000501inst1_path_65	GCF_902374595.1	1.0	0.994
3000501inst1_path_65	GCF_029909955.1	1.0	1.0
3000501inst1_path_65	GCF_030211955.1	1.0	0.996
3000501inst1_path_65	GCF_029223885.1	1.0	1.0
3000501inst1_path_65	GCF_028451225.2	1.0	0.996
3000501inst1_path_65	GCF_006337105.1	1.0	1.0
3000501inst1_path_65	GCF_031200535.1	1.0	1.0
3000501inst1_path_65	GCF_031454855.1	1.0	1.0
3000501inst1_path_65	GCF_021165955.1	1.0	1.0
3000501inst1_path_65	GCF_009708005.2	1.0	1.0
3000501inst1_path_65	GCF_002355155.1	1.0	0.999
3000501inst1_path_65	GCF_029690045.1	1.0	1.0
3000501inst1_path_65	GCF_003957745.1	1.0	1.0
3000501inst1_path_65	GCF_023515885.1	1.0	1.0
3000501inst1_path_65	GCF_003071405.1	1.0	1.0
3000501inst1_path_65	GCF_009650195.1	1.0	1.0
3000501inst1_path_65	GCF_030060905.1	1.0	1.0
3000501inst1_path_65	GCF_000262465.1	1.0	1.0
3000501inst1_path_65	GCF_016756635.1	1.0	1.0
3000501inst1_path_65	GCF_018388465.1	1.0	1.0
3000501inst1_path_65	GCF_001808185.1	1.0	1.0
3000501inst1_path_65	GCF_000020805.1	1.0	1.0
3000501inst1_path_65	GCF_029834475.1	1.0	1.0
3000501inst1_path_65	GCF_000242455.2	1.0	0.999
3000501inst1_path_65	GCF_024135805.1	1.0	1.0
3000501inst1_path_65	GCF_030813495.1	1.0	1.0
3000501inst1_path_65	GCF_008001015.1	1.0	1.0
3000501inst1_path_65	GCF_024666385.1	1.0	1.0
3000501inst1_path_65	GCF_021284745.1	1.0	1.0
3000501inst1_path_65	GCF_016889985.1	1.0	0.999
3000501inst1_path_65	GCF_018873185.1	1.0	1.0
3000501inst1_path_65	GCF_029643245.1	1.0	1.0
3000501inst1_path_65	GCF_006546735.2	1.0	1.0
3000501inst1_path_65	GCF_937863425.1	1.0	1.0
3000501inst1_path_65	GCF_024462715.1	1.0	0.994
3000501inst1_path_65	GCF_013282625.1	1.0	1.0
3000501inst1_path_65	GCF_009696665.2	1.0	1.0
3000501inst1_path_65	GCF_030286095.1	1.0	1.0
3000501inst1_path_65	GCF_025140835.1	1.0	1.0
3000501inst1_path_65	GCF_030687795.1	1.0	1.0
3000501inst1_path_65	GCF_030816745.1	1.0	1.0
3000501inst1_path_65	GCF_003963535.1	1.0	1.0
3000501inst1_path_65	GCF_028886065.1	1.0	1.0
3000501inst1_path_65	GCF_022695635.1	1.0	1.0
3000501inst1_path_65	GCF_002173775.1	1.0	1.0
3000501inst1_path_65	GCF_009913235.1	1.0	1.0
3000501inst1_path_65	GCF_023734135.1	1.0	1.0
3000501inst1_path_65	GCF_015710995.1	1.0	1.0
3000501inst1_path_65	GCF_016919445.1	1.0	1.0
3000501inst1_path_65	GCF_001562215.1	1.0	1.0
3000501inst1_path_65	GCF_002872015.2	1.0	0.999
3000501inst1_path_65	GCF_000349845.1	1.0	1.0
3000501inst1_path_65	GCF_001999325.1	1.0	1.0
3000501inst1_path_65	GCF_019287315.1	1.0	1.0
3000501inst1_path_65	GCF_000348785.1	1.0	0.996
3000501inst1_path_65	GCF_013004025.1	1.0	1.0
3000501inst1_path_65	GCF_010671825.1	1.0	1.0
3000501inst1_path_65	GCF_000590925.1	1.0	1.0
3000501inst1_path_65	GCF_000023445.1	1.0	1.0
3000501inst1_path_65	GCF_030687085.1	1.0	1.0
3000501inst1_path_65	GCF_023702035.1	1.0	1.0
3000501inst1_path_65	GCF_000143145.1	1.0	1.0
3000501inst1_path_65	GCF_028657905.1	1.0	1.0
3000501inst1_path_65	GCF_001717465.1	1.0	1.0
3000501inst1_path_65	GCF_026230175.1	1.0	1.0
3000501inst1_path_65	GCF_028920815.1	1.0	1.0
3000501inst1_path_65	GCF_016862415.1	1.0	1.0
3000501inst1_path_65	GCF_003071365.1	1.0	1.0
3000501inst1_path_65	GCF_032484315.1	1.0	1.0
3000501inst1_path_65	GCF_030812475.1	1.0	1.0
3000501inst1_path_65	GCF_005931095.1	1.0	1.0
3000501inst1_path_65	GCF_032460975.1	1.0	1.0
3000501inst1_path_65	GCF_031190635.1	1.0	1.0
3000501inst1_path_65	GCF_003086875.1	1.0	1.0
3000501inst1_path_65	GCF_025962055.1	1.0	1.0
3000501inst1_path_65	GCF_014117445.1	1.0	0.995
3000501inst1_path_65	GCF_032461005.1	1.0	1.0
3000501inst1_path_65	GCF_003852315.1	1.0	1.0
3000501inst1_path_65	GCF_003940825.1	1.0	1.0
3000501inst1_path_65	GCF_003173275.1	1.0	1.0
3000501inst1_path_65	GCF_027983475.1	1.0	1.0
3000501inst1_path_65	GCF_022870865.1	1.0	1.0
3000501inst1_path_65	GCF_024509915.1	1.0	1.0
3000501inst1_path_65	GCF_002037565.1	1.0	1.0
3000501inst1_path_65	GCF_008807035.1	1.0	1.0
3000501inst1_path_65	GCF_029836375.1	1.0	1.0
3000501inst1_path_65	GCF_900105595.1	1.0	1.0
3000501inst1_path_65	GCF_011762035.1	1.0	0.997
3000501inst1_path_65	GCF_000758565.1	1.0	0.999
3000501inst1_path_65	GCF_021117405.1	1.0	1.0
3000501inst1_path_65	GCF_022759505.1	1.0	1.0
3000501inst1_path_65	GCF_009363675.1	1.0	1.0
3000501inst1_path_65	GCF_003963515.1	1.0	1.0
3000501inst1_path_65	GCF_001941445.1	1.0	0.994
3000501inst1_path_65	GCF_026167525.1	1.0	0.993
3000501inst1_path_65	GCF_004353845.1	1.0	1.0
3000501inst1_path_65	GCF_024600715.1	1.0	1.0
3000501inst1_path_65	GCF_030158795.1	1.0	1.0
3000501inst1_path_65	GCF_023101365.1	1.0	1.0
3000501inst1_path_65	GCF_017915135.1	1.0	1.0
3000501inst1_path_65	GCF_024746835.1	1.0	1.0
3000501inst1_path_65	GCF_025960325.1	1.0	0.999
3000501inst1_path_65	GCF_016613475.2	1.0	1.0
3000501inst1_path_65	GCF_019355815.1	1.0	1.0
3000501inst1_path_65	GCF_963536215.1	1.0	1.0
3000501inst1_path_65	GCF_020740535.1	1.0	1.0
3000501inst1_path_65	GCF_025821945.1	1.0	0.996
3000501inst1_path_65	GCF_019048665.1	1.0	1.0
3000501inst1_path_65	GCF_018513965.1	1.0	1.0
3000501inst1_path_65	GCF_032110645.1	1.0	1.0
3000501inst1_path_65	GCF_023716005.1	1.0	1.0
3000501inst1_path_65	GCF_019048365.1	1.0	1.0
3000501inst1_path_65	GCF_000024465.1	1.0	1.0
3000501inst1_path_65	GCF_002002885.1	1.0	1.0
3000501inst1_path_65	GCF_008033135.1	1.0	1.0
3000501inst1_path_65	GCF_001639105.2	1.0	1.0
3000501inst1_path_65	GCF_003367395.1	1.0	1.0
3000501inst1_path_65	GCF_900637735.1	1.0	1.0
3000501inst1_path_65	GCF_017894385.1	1.0	1.0
3000501inst1_path_65	GCF_031324305.1	1.0	0.999
3000501inst1_path_65	GCF_023283925.1	1.0	1.0
3000501inst1_path_65	GCF_002117485.1	1.0	1.0
3000501inst1_path_65	GCF_025847175.1	1.0	0.997
3000501inst1_path_65	GCF_021117275.1	1.0	0.999
3000501inst1_path_65	GCF_014302635.1	1.0	0.997
3000501inst1_path_65	GCF_030295685.1	1.0	1.0
3000501inst1_path_65	GCF_020618415.1	1.0	1.0
3000501inst1_path_65	GCF_022368695.1	1.0	1.0
3000501inst1_path_65	GCF_001186405.1	1.0	1.0
3000501inst1_path_65	GCF_009789595.1	1.0	1.0
3000501inst1_path_65	GCF_003443595.1	1.0	1.0
3000501inst1_path_65	GCF_032467935.1	1.0	0.999
3000501inst1_path_65	GCF_003723955.1	1.0	1.0
3000501inst1_path_65	GCF_002355415.1	1.0	1.0
3000501inst1_path_65	GCF_023559245.1	1.0	0.997
3000501inst1_path_65	GCF_016894345.1	1.0	1.0
3000501inst1_path_65	GCF_004210355.1	1.0	1.0
3000501inst1_path_65	GCF_025244925.1	1.0	0.999
3000501inst1_path_65	GCF_021228675.1	1.0	1.0
3000501inst1_path_65	GCF_004102025.1	1.0	1.0
3000501inst1_path_65	GCF_002872475.1	1.0	1.0
3000501inst1_path_65	GCF_029203285.1	1.0	1.0
3000501inst1_path_65	GCF_000520015.2	1.0	1.0
3000501inst1_path_65	GCF_002953115.1	1.0	1.0
3000501inst1_path_65	GCF_004103875.1	1.0	1.0
3000501inst1_path_65	GCF_002531755.2	1.0	1.0
3000501inst1_path_65	GCF_000175935.2	1.0	1.0
3000501inst1_path_65	GCF_004005995.1	1.0	1.0
3000501inst1_path_65	GCF_002483685.1	1.0	0.999
3000501inst1_path_65	GCF_014168615.1	1.0	1.0
3000501inst1_path_65	GCF_019139835.1	1.0	1.0
3000501inst1_path_65	GCF_002025205.1	1.0	1.0
3000501inst1_path_65	GCF_003290245.1	1.0	0.995
3000501inst1_path_65	GCF_005154805.1	1.0	1.0
3000501inst1_path_65	GCF_025822535.1	1.0	0.998
3000501inst1_path_65	GCF_030291135.1	1.0	1.0
3000501inst1_path_65	GCF_002095475.1	1.0	1.0
3000501inst1_path_65	GCF_009720545.1	1.0	1.0
3000501inst1_path_65	GCF_963524455.1	1.0	1.0
3000501inst1_path_65	GCF_030413595.1	1.0	1.0
3000501inst1_path_65	GCF_024748775.1	1.0	1.0
3000501inst1_path_65	GCF_006517815.1	1.0	0.998
3000501inst1_path_65	GCF_008806995.1	1.0	1.0
3000501inst1_path_65	GCF_029269195.1	1.0	1.0
3000501inst1_path_65	GCF_026410065.1	1.0	1.0
3000501inst1_path_65	GCF_001278845.1	1.0	1.0
3000501inst1_path_65	GCF_025822435.1	1.0	0.993
3000501inst1_path_65	GCF_016629505.1	1.0	1.0
3000501inst1_path_65	GCF_016804005.1	1.0	1.0
3000501inst1_path_65	GCF_004798705.1	1.0	0.999
3000501inst1_path_65	GCF_010692925.1	1.0	1.0
3000501inst1_path_65	GCF_900104925.1	1.0	1.0
3000501inst1_path_65	GCF_012689545.1	1.0	1.0
3000501inst1_path_65	GCF_023168385.1	1.0	1.0
3000501inst1_path_65	GCF_003852065.1	1.0	1.0
3000501inst1_path_65	GCF_014054965.1	1.0	1.0
3000501inst1_path_65	GCF_030548825.1	1.0	1.0
3000501inst1_path_65	GCF_018304805.1	1.0	1.0
3000501inst1_path_65	GCF_003008575.1	1.0	1.0
3000501inst1_path_65	GCF_001954415.1	1.0	0.999
3000501inst1_path_65	GCF_030291075.1	1.0	1.0
3000501inst1_path_65	GCF_006494475.1	1.0	0.998
3000501inst1_path_65	GCF_022558525.1	1.0	0.999
3000501inst1_path_65	GCF_029854455.1	1.0	1.0
3000501inst1_path_65	GCF_000508205.1	1.0	1.0
3000501inst1_path_65	GCF_001941825.1	1.0	1.0
3000501inst1_path_65	GCF_009931255.1	1.0	1.0
3000501inst1_path_65	GCF_002243665.1	1.0	0.999
3000501inst1_path_65	GCF_026625585.1	1.0	1.0
3000501inst1_path_65	GCF_030908325.1	1.0	0.999
3000501inst1_path_65	GCF_008704445.1	1.0	1.0
3000501inst1_path_65	GCF_029892065.1	1.0	1.0
3000501inst1_path_65	GCF_006547065.1	1.0	0.994
3000501inst1_path_65	GCF_008369725.1	1.0	0.999
3000501inst1_path_65	GCF_003932015.1	1.0	0.998
3000501inst1_path_65	GCF_004127225.1	1.0	1.0
3000501inst1_path_65	GCF_030687295.1	1.0	1.0
3000501inst1_path_65	GCF_000015165.1	1.0	1.0
3000501inst1_path_65	GCF_009746125.1	1.0	1.0
3000501inst1_path_65	GCF_002285795.1	1.0	1.0
3000501inst1_path_65	GCF_025642095.1	1.0	1.0
3000501inst1_path_65	GCF_002832675.1	1.0	1.0
3000501inst1_path_65	GCF_963515855.1	1.0	1.0
3000501inst1_path_65	GCF_000511355.1	1.0	1.0
3000501inst1_path_65	GCF_963527075.1	1.0	1.0
3000501inst1_path_65	GCF_032069505.1	1.0	1.0
3000501inst1_path_65	GCF_007922615.2	1.0	1.0
3000501inst1_path_65	GCF_020535545.1	1.0	1.0
3000501inst1_path_65	GCF_021165895.1	1.0	1.0
3000501inst1_path_65	GCF_001746835.1	1.0	1.0
3000501inst1_path_65	GCF_021391335.1	1.0	0.999
3000501inst1_path_65	GCF_014649555.1	1.0	1.0
3000501inst1_path_65	GCF_000270305.1	1.0	1.0
3000501inst1_path_65	GCF_027923765.1	1.0	1.0
3000501inst1_path_65	GCF_004209755.1	1.0	1.0
3000501inst1_path_65	GCF_002833405.1	1.0	1.0
3000501inst1_path_65	GCF_900115325.1	1.0	1.0
3000501inst1_path_65	GCF_023614235.1	1.0	1.0
3000501inst1_path_65	GCF_027497495.1	1.0	1.0
3000501inst1_path_65	GCF_902386615.1	1.0	1.0
3000501inst1_path_65	GCF_004342265.1	1.0	1.0
3000501inst1_path_65	GCF_009660225.1	1.0	1.0
3000501inst1_path_65	GCF_021650705.1	1.0	1.0
3000501inst1_path_65	GCF_029590275.1	1.0	0.997
3000501inst1_path_65	GCF_019195435.1	1.0	1.0
3000501inst1_path_65	GCF_006496635.1	1.0	1.0
3000501inst1_path_65	GCF_030123405.1	1.0	0.999
3000501inst1_path_65	GCF_001677985.1	1.0	1.0
3000501inst1_path_65	GCF_031020985.1	1.0	1.0
3000501inst1_path_65	GCF_001465545.3	1.0	1.0
3000501inst1_path_65	GCF_000349945.1	1.0	1.0
3000501inst1_path_65	GCF_031800275.1	1.0	1.0
3000501inst1_path_65	GCF_030908605.1	1.0	0.999
3000501inst1_path_65	GCF_022492935.1	1.0	1.0
3000501inst1_path_65	GCF_031629435.1	1.0	1.0
3000501inst1_path_65	GCF_900119315.1	1.0	1.0
3000501inst1_path_65	GCF_020401845.1	1.0	1.0
3000501inst1_path_65	GCF_031576485.1	1.0	1.0
3000501inst1_path_65	GCF_030816725.1	1.0	0.998
3000501inst1_path_65	GCF_900465355.1	1.0	1.0
3000501inst1_path_65	GCF_019718935.1	1.0	1.0
3000501inst1_path_65	GCF_029167105.1	1.0	1.0
3000501inst1_path_65	GCF_031854185.1	1.0	1.0
3000501inst1_path_65	GCF_020883455.1	1.0	1.0
3000501inst1_path_65	GCF_946900835.1	1.0	1.0
3000501inst1_path_65	GCF_026625885.1	1.0	1.0
3000501inst1_path_65	GCF_030012015.1	1.0	1.0
3000501inst1_path_65	GCF_005406005.1	1.0	1.0
3000501inst1_path_65	GCF_030159735.1	1.0	1.0
3000501inst1_path_65	GCF_014844015.1	1.0	1.0
3000501inst1_path_65	GCF_000470975.2	1.0	1.0
3000501inst1_path_65	GCF_024347255.1	1.0	1.0
3000501inst1_path_65	GCF_025821725.1	1.0	0.996
3000501inst1_path_65	GCF_000503895.1	1.0	1.0
3000501inst1_path_65	GCF_010646885.2	1.0	1.0
3000501inst1_path_65	GCF_022369515.1	1.0	0.999
3000501inst1_path_65	GCF_007113485.2	1.0	1.0
3000501inst1_path_65	GCF_030236355.1	1.0	1.0
3000501inst1_path_65	GCF_020386635.1	1.0	1.0
3000501inst1_path_65	GCF_018288855.1	1.0	1.0
3000501inst1_path_65	GCF_024706405.1	1.0	0.999
3000501inst1_path_65	GCF_001618865.1	1.0	1.0
3000501inst1_path_65	GCF_031457435.1	1.0	1.0
3000501inst1_path_65	GCF_020541125.1	1.0	1.0
3000501inst1_path_65	GCF_018917465.1	1.0	0.999
3000501inst1_path_65	GCF_017585205.1	1.0	1.0
3000501inst1_path_65	GCF_016698665.1	1.0	1.0
3000501inst1_path_65	GCF_005890155.1	1.0	1.0
3000501inst1_path_65	GCF_030718145.1	1.0	1.0
3000501inst1_path_65	GCF_025822715.1	1.0	0.999
3000501inst1_path_65	GCF_030704305.1	1.0	1.0
3000501inst1_path_65	GCF_000019365.1	1.0	1.0
3000501inst1_path_65	GCF_023100725.1	1.0	0.994
3000501inst1_path_65	GCF_030316235.1	1.0	1.0
3000501inst1_path_65	GCF_001713395.1	1.0	1.0
3000501inst1_path_65	GCF_025140155.1	1.0	1.0
3000501inst1_path_65	GCF_022674245.1	1.0	1.0
3000501inst1_path_65	GCF_030408595.1	1.0	0.999
3000501inst1_path_65	GCF_005144635.2	1.0	1.0
3000501inst1_path_65	GCF_001890385.1	1.0	1.0
3000501inst1_path_65	GCF_030250585.1	1.0	1.0
3000501inst1_path_65	GCF_026651605.1	1.0	1.0
3000501inst1_path_65	GCF_030515875.1	1.0	0.998
3000501inst1_path_65	GCF_013394065.1	1.0	1.0
3000501inst1_path_65	GCF_027692035.1	1.0	1.0
3000501inst1_path_65	GCF_026013985.1	1.0	1.0
3000501inst1_path_65	GCF_003352065.1	1.0	1.0
3000501inst1_path_65	GCF_025656905.1	1.0	1.0
3000501inst1_path_65	GCF_943912895.1	1.0	0.999
3000501inst1_path_65	GCF_017979945.1	1.0	1.0
3000501inst1_path_65	GCF_032071425.1	1.0	1.0
3000501inst1_path_65	GCF_002407265.1	1.0	1.0
3000501inst1_path_65	GCF_014337175.1	1.0	1.0
3000501inst1_path_65	GCF_029623675.1	1.0	1.0
3000501inst1_path_65	GCF_023923245.1	1.0	1.0
3000501inst1_path_65	GCF_003950055.1	1.0	1.0
3000501inst1_path_65	GCF_025142135.1	1.0	1.0
3000501inst1_path_65	GCF_017742995.1	1.0	1.0
3000501inst1_path_65	GCF_025140295.1	1.0	1.0
3000501inst1_path_65	GCF_007747995.1	1.0	1.0
3000501inst1_path_65	GCF_021172045.1	1.0	0.995
3000501inst1_path_65	GCF_007954405.1	1.0	1.0
3000501inst1_path_65	GCF_010731875.1	1.0	0.993
3000501inst1_path_65	GCF_019285735.1	1.0	0.998
3000501inst1_path_65	GCF_002119685.1	1.0	1.0
3000501inst1_path_65	GCF_001664325.1	1.0	1.0
3000501inst1_path_65	GCF_016864575.1	1.0	1.0
3000501inst1_path_65	GCF_025263485.1	1.0	0.996
3000501inst1_path_65	GCF_002999235.1	1.0	1.0
3000501inst1_path_65	GCF_001294425.1	1.0	0.997
3000501inst1_path_65	GCF_958439165.1	1.0	1.0
3000501inst1_path_65	GCF_014650515.1	1.0	1.0
3000501inst1_path_65	GCF_004323735.1	1.0	1.0
3000501inst1_path_65	GCF_018140925.1	1.0	1.0
3000501inst1_path_65	GCF_025151995.1	1.0	1.0
3000501inst1_path_65	GCF_001983975.1	1.0	1.0
3000501inst1_path_65	GCF_025908475.1	1.0	1.0
3000501inst1_path_65	GCF_032081865.1	1.0	0.999
3000501inst1_path_65	GCF_021044685.1	1.0	1.0
3000501inst1_path_65	GCF_028621715.1	1.0	1.0
3000501inst1_path_65	GCF_001673565.1	1.0	0.999
3000501inst1_path_65	GCF_001693515.2	1.0	1.0
3000501inst1_path_65	GCF_030944405.1	1.0	1.0
3000501inst1_path_65	GCF_001664485.1	1.0	1.0
3000501inst1_path_65	GCF_004346925.1	1.0	1.0
3000501inst1_path_65	GCF_000420285.1	1.0	1.0
3000501inst1_path_65	GCF_001553605.1	1.0	1.0
3000501inst1_path_65	GCF_008932145.1	1.0	1.0
3000501inst1_path_65	GCF_018736125.1	1.0	1.0
3000501inst1_path_65	GCF_027692225.1	1.0	1.0
3000501inst1_path_65	GCF_003293695.1	1.0	1.0
3000501inst1_path_65	GCF_021183865.1	1.0	0.996
3000501inst1_path_65	GCF_005671395.1	1.0	1.0
3000501inst1_path_65	GCF_003076275.1	1.0	1.0
3000501inst1_path_65	GCF_023283565.1	1.0	1.0
3000501inst1_path_65	GCF_028753175.1	1.0	1.0
3000501inst1_path_65	GCF_030122845.1	1.0	0.999
3000501inst1_path_65	GCF_030719215.1	1.0	1.0
3000501inst1_path_65	GCF_013003985.1	1.0	1.0
3000501inst1_path_65	GCF_008001235.1	1.0	1.0
3000501inst1_path_65	GCF_002947975.1	1.0	1.0
3000501inst1_path_65	GCF_025642175.1	1.0	1.0
3000501inst1_path_65	GCF_030406865.1	1.0	1.0
3000501inst1_path_65	GCF_900108595.1	1.0	1.0
3000501inst1_path_65	GCF_000372085.1	1.0	0.995
3000501inst1_path_65	GCF_029854215.1	1.0	1.0
3000501inst1_path_65	GCF_003086695.1	1.0	1.0
3000501inst1_path_65	GCF_030996345.1	1.0	1.0
3000501inst1_path_65	GCF_030345315.1	1.0	1.0
3000501inst1_path_65	GCF_021310995.1	1.0	1.0
3000501inst1_path_65	GCF_963526455.1	1.0	1.0
3000501inst1_path_65	GCF_900156745.1	1.0	1.0
3000501inst1_path_65	GCF_021029465.1	1.0	1.0
3000501inst1_path_65	GCF_014385225.1	1.0	1.0
3000501inst1_path_65	GCF_029761955.1	1.0	1.0
3000501inst1_path_65	GCF_012971725.1	1.0	1.0
3000501inst1_path_65	GCF_032248755.1	1.0	1.0
3000501inst1_path_65	GCF_016405605.1	1.0	1.0
3000501inst1_path_65	GCF_013341015.1	1.0	1.0
3000501inst1_path_65	GCF_030503635.1	1.0	0.997
3000501inst1_path_65	GCF_030406905.1	1.0	1.0
3000501inst1_path_65	GCF_009866765.1	1.0	1.0
3000501inst1_path_65	GCF_029167005.1	1.0	1.0
3000501inst1_path_65	GCF_032208805.1	1.0	1.0
3000501inst1_path_65	GCF_000214375.1	1.0	0.999
3000501inst1_path_65	GCF_000477435.1	1.0	1.0
3000501inst1_path_65	GCF_030053155.1	1.0	1.0
3000501inst1_path_65	GCF_001447155.2	1.0	1.0
3000501inst1_path_65	GCF_002688545.1	1.0	1.0
3000501inst1_path_65	GCF_012935735.1	1.0	1.0
3000501inst1_path_65	GCF_001547915.1	1.0	1.0
3000501inst1_path_65	GCF_011044155.1	1.0	1.0
3000501inst1_path_65	GCF_009388985.1	1.0	1.0
3000501inst1_path_65	GCF_000972785.3	1.0	1.0
3000501inst1_path_65	GCF_014878205.1	1.0	1.0
3000501inst1_path_65	GCF_900108255.1	1.0	1.0
3000501inst1_path_65	GCF_014109765.1	1.0	1.0
3000501inst1_path_65	GCF_019598965.1	1.0	1.0
3000501inst1_path_65	GCF_003074055.1	1.0	1.0
3000501inst1_path_65	GCF_018141525.1	1.0	0.994
3000501inst1_path_65	GCF_012955605.1	1.0	0.999
3000501inst1_path_65	GCF_025143825.1	1.0	1.0
3000501inst1_path_65	GCF_003324675.1	1.0	1.0
3000501inst1_path_65	GCF_004803755.1	1.0	1.0
3000501inst1_path_65	GCF_011388215.1	1.0	1.0
3000501inst1_path_65	GCF_013305685.1	1.0	1.0
3000501inst1_path_65	GCF_017795125.1	1.0	1.0
3000501inst1_path_65	GCF_025200885.1	1.0	1.0
3000501inst1_path_65	GCF_023823775.1	1.0	1.0
3000501inst1_path_65	GCF_000297055.2	1.0	1.0
3000501inst1_path_65	GCF_028198125.1	1.0	1.0
3000501inst1_path_65	GCF_025234775.1	1.0	1.0
3000501inst1_path_65	GCF_030408835.1	1.0	0.999
3000501inst1_path_65	GCF_900177405.1	1.0	0.997
3000501inst1_path_65	GCF_024138995.1	1.0	1.0
3000501inst1_path_65	GCF_002407065.1	1.0	1.0
3000501inst1_path_65	GCF_002008305.4	1.0	1.0
3000501inst1_path_65	GCF_029690065.1	1.0	0.996
3000501inst1_path_65	GCF_001957005.1	1.0	0.999
3000501inst1_path_65	GCF_018417635.1	1.0	1.0
3000501inst1_path_65	GCF_009363495.1	1.0	1.0
3000501inst1_path_65	GCF_025822585.1	1.0	0.999
3000501inst1_path_65	GCF_016025255.1	1.0	0.995
3000501inst1_path_65	GCF_031458155.1	1.0	0.999
3000501inst1_path_65	GCF_026727675.1	1.0	1.0
3000501inst1_path_65	GCF_022559625.1	1.0	0.995
3000501inst1_path_65	GCF_950059515.1	1.0	1.0
3000501inst1_path_65	GCF_024757985.1	1.0	1.0
3000501inst1_path_65	GCF_018854695.1	1.0	1.0
3000501inst1_path_65	GCF_031599035.1	1.0	0.994
3000501inst1_path_65	GCF_000321415.2	1.0	1.0
3000501inst1_path_65	GCF_004327155.1	1.0	1.0
3000501inst1_path_65	GCF_014298075.1	1.0	1.0
3000501inst1_path_65	GCF_017569925.1	1.0	1.0
3000501inst1_path_65	GCF_025837155.1	1.0	1.0
3000501inst1_path_65	GCF_030264235.1	1.0	0.998
3000501inst1_path_65	GCF_000019165.1	1.0	1.0
3000501inst1_path_65	GCF_027594725.1	1.0	1.0
3000501inst1_path_65	GCF_947493315.1	1.0	1.0
3000501inst1_path_65	GCF_013927005.1	1.0	1.0
3000501inst1_path_65	GCF_030462555.1	1.0	1.0
3000501inst1_path_65	GCF_946228175.1	1.0	1.0
3000501inst1_path_65	GCF_007833355.1	1.0	1.0
3000501inst1_path_65	GCF_026501225.1	1.0	0.998
3000501inst1_path_65	GCF_003203775.1	1.0	0.999
3000501inst1_path_65	GCF_029876645.1	1.0	1.0
3000501inst1_path_65	GCF_031202305.1	1.0	1.0
3000501inst1_path_65	GCF_022354485.1	1.0	1.0
3000501inst1_path_65	GCF_010669285.1	1.0	1.0
3000501inst1_path_65	GCF_029094525.1	1.0	1.0
3000501inst1_path_65	GCF_015140455.1	1.0	1.0
3000501inst1_path_65	GCF_019703875.1	1.0	1.0
3000501inst1_path_65	GCF_032252015.1	1.0	1.0
3000501inst1_path_65	GCF_007113465.1	1.0	1.0
3000501inst1_path_65	GCF_031453325.1	1.0	1.0
3000501inst1_path_65	GCF_021117075.1	1.0	1.0
3000501inst1_path_65	GCF_023375135.1	1.0	1.0
3000501inst1_path_65	GCF_029714405.1	1.0	1.0
3000501inst1_path_65	GCF_000974685.2	1.0	1.0
3000501inst1_path_65	GCF_014303735.1	1.0	1.0
3000501inst1_path_65	GCF_030450005.1	1.0	1.0
3000501inst1_path_65	GCF_900104935.1	1.0	1.0
3000501inst1_path_65	GCF_023823855.1	1.0	0.999
3000501inst1_path_65	GCF_014334115.1	1.0	0.995
3000501inst1_path_65	GCF_023210535.1	1.0	1.0
3000501inst1_path_65	GCF_024927965.1	1.0	1.0
3000501inst1_path_65	GCF_003033885.1	1.0	1.0
3000501inst1_path_65	GCF_009911795.1	1.0	0.998
3000501inst1_path_65	GCF_001542815.1	1.0	1.0
3000501inst1_path_65	GCF_002549795.1	1.0	1.0
3000501inst1_path_65	GCF_024749165.1	1.0	1.0
3000501inst1_path_65	GCF_019355055.1	1.0	1.0
3000501inst1_path_65	GCF_032112725.1	1.0	1.0
3000501inst1_path_65	GCF_021650935.1	1.0	1.0
3000501inst1_path_65	GCF_022179445.1	1.0	1.0
3000501inst1_path_65	GCF_020883215.1	1.0	1.0
3000501inst1_path_65	GCF_030232325.1	1.0	0.999
3000501inst1_path_65	GCF_000014865.1	1.0	1.0
3000501inst1_path_65	GCF_007431345.1	1.0	1.0
3000501inst1_path_65	GCF_014084125.1	1.0	1.0
3000501inst1_path_65	GCF_010681825.2	1.0	1.0
3000501inst1_path_65	GCF_019046925.1	1.0	1.0
3000501inst1_path_65	GCF_006439395.2	1.0	1.0
3000501inst1_path_65	GCF_003952365.1	1.0	1.0
3000501inst1_path_65	GCF_000512205.2	1.0	0.999
3000501inst1_path_65	GCF_030064655.1	1.0	1.0
3000501inst1_path_65	GCF_008926505.1	1.0	1.0
3000501inst1_path_65	GCF_028527785.1	1.0	0.999
3000501inst1_path_65	GCF_002949995.1	1.0	1.0
3000501inst1_path_65	GCF_006363955.1	1.0	1.0
3000501inst1_path_65	GCF_001318295.1	1.0	0.998
3000501inst1_path_65	GCF_000243075.1	1.0	1.0
3000501inst1_path_65	GCF_021870055.1	1.0	0.998
3000501inst1_path_65	GCF_905372545.1	1.0	1.0
3000501inst1_path_65	GCF_009363155.1	1.0	1.0
3000501inst1_path_65	GCF_014042015.1	1.0	1.0
3000501inst1_path_65	GCF_030812975.1	1.0	0.999
3000501inst1_path_65	GCF_024765015.1	1.0	1.0
3000501inst1_path_65	GCF_007018435.1	1.0	1.0
3000501inst1_path_65	GCF_012910825.1	1.0	1.0
3000501inst1_path_65	GCF_029909995.1	1.0	1.0
3000501inst1_path_65	GCF_022647325.1	1.0	1.0
3000501inst1_path_65	GCF_029910055.1	1.0	1.0
3000501inst1_path_65	GCF_027856995.1	1.0	1.0
3000501inst1_path_65	GCF_000968715.2	1.0	1.0
3000501inst1_path_65	GCF_025133575.1	1.0	1.0
3000501inst1_path_65	GCF_014352855.1	1.0	0.995
3000501inst1_path_65	GCF_013376495.1	1.0	1.0
3000501inst1_path_65	GCF_927797765.1	1.0	1.0
3000501inst1_path_65	GCF_030376845.1	1.0	0.999
3000501inst1_path_65	GCF_020510545.1	1.0	1.0
3000501inst1_path_65	GCF_005280255.1	1.0	0.998
3000501inst1_path_65	GCF_001610895.1	1.0	0.999
3000501inst1_path_65	GCF_009363855.1	1.0	1.0
3000501inst1_path_65	GCF_032000805.1	1.0	1.0
3000501inst1_path_65	GCF_901827185.1	1.0	1.0
3000501inst1_path_65	GCF_963517375.1	1.0	1.0
3000501inst1_path_65	GCF_025822005.1	1.0	0.997
3000501inst1_path_65	GCF_017487345.1	1.0	0.994
3000501inst1_path_65	GCF_008329905.1	1.0	0.993
3000501inst1_path_65	GCF_009866705.1	1.0	1.0
3000501inst1_path_65	GCF_032104135.1	1.0	1.0
3000501inst1_path_65	GCF_024628725.1	1.0	1.0
3000501inst1_path_65	GCF_031583635.1	1.0	1.0
3000501inst1_path_65	GCF_004135365.1	1.0	1.0
3000501inst1_path_65	GCF_023935825.1	1.0	0.996
3000501inst1_path_65	GCF_027497355.1	1.0	1.0
3000501inst1_path_65	GCF_015097055.1	1.0	0.999
3000501inst1_path_65	GCF_021044645.1	1.0	1.0
3000501inst1_path_65	GCF_024666525.1	1.0	1.0
3000501inst1_path_65	GCF_000816025.1	1.0	1.0
3000501inst1_path_65	GCF_001620265.1	1.0	1.0
3000501inst1_path_65	GCF_004135205.1	1.0	1.0
3000501inst1_path_65	GCF_016806835.2	1.0	1.0
3000501inst1_path_65	GCF_003610435.1	1.0	1.0
3000501inst1_path_65	GCF_025138695.1	1.0	1.0
3000501inst1_path_65	GCF_005490785.1	1.0	1.0
3000501inst1_path_65	GCF_003071665.1	1.0	1.0
3000501inst1_path_65	GCF_025822325.1	1.0	0.998
3000501inst1_path_65	GCF_007680985.1	1.0	0.999
3000501inst1_path_65	GCF_001021065.1	1.0	0.999
3000501inst1_path_65	GCF_019793815.1	1.0	1.0
3000501inst1_path_65	GCF_014843395.1	1.0	1.0
3000501inst1_path_65	GCF_031228685.1	1.0	1.0
3000501inst1_path_65	GCF_004001265.1	1.0	1.0
3000501inst1_path_65	GCF_021789175.1	1.0	0.999
3000501inst1_path_65	GCF_032337455.1	1.0	1.0
3000501inst1_path_65	GCF_000024025.1	1.0	1.0
3000501inst1_path_65	GCF_000013885.1	1.0	1.0
3000501inst1_path_65	GCF_004014715.1	1.0	1.0
3000501inst1_path_65	GCF_015240255.1	1.0	1.0
3000501inst1_path_65	GCF_007998985.1	1.0	0.997
3000501inst1_path_65	GCF_001983935.1	1.0	1.0
3000501inst1_path_65	GCF_023101005.1	1.0	1.0
3000501inst1_path_65	GCF_020783635.1	1.0	1.0
3000501inst1_path_65	GCF_018986735.1	1.0	0.999
3000501inst1_path_65	GCF_020809045.1	1.0	0.998
3000501inst1_path_65	GCF_030826365.1	1.0	1.0
3000501inst1_path_65	GCF_003143555.1	1.0	1.0
3000501inst1_path_65	GCF_030687145.1	1.0	1.0
3000501inst1_path_65	GCF_019048705.1	1.0	1.0
3000501inst1_path_65	GCF_029027965.1	1.0	1.0
3000501inst1_path_65	GCF_023273875.1	1.0	0.998
3000501inst1_path_65	GCF_018986915.1	1.0	1.0
3000501inst1_path_65	GCF_001579845.1	1.0	1.0
3000501inst1_path_65	GCF_027497315.1	1.0	1.0
3000501inst1_path_65	GCF_025725645.1	1.0	1.0
3000501inst1_path_65	GCF_014268885.2	1.0	1.0
3000501inst1_path_65	GCF_017352335.1	1.0	1.0
3000501inst1_path_65	GCF_019285515.1	1.0	1.0
3000501inst1_path_65	GCF_022699385.1	1.0	1.0
3000501inst1_path_65	GCF_014297595.1	1.0	1.0
3000501inst1_path_65	GCF_023558355.1	1.0	0.998
3000501inst1_path_65	GCF_002257565.1	1.0	1.0
3000501inst1_path_65	GCF_028609885.1	1.0	0.999
3000501inst1_path_65	GCF_032094315.1	1.0	0.999
3000501inst1_path_65	GCF_014890515.1	1.0	1.0
3000501inst1_path_65	GCF_029030725.1	1.0	1.0
3000501inst1_path_65	GCF_019468565.1	1.0	0.998
3000501inst1_path_65	GCF_019977295.1	1.0	0.998
3000501inst1_path_65	GCF_030519415.1	1.0	0.999
3000501inst1_path_65	GCF_016756535.1	1.0	1.0
3000501inst1_path_65	GCF_019646095.1	1.0	1.0
3000501inst1_path_65	GCF_018309085.1	1.0	1.0
3000501inst1_path_65	GCF_023588965.1	1.0	1.0
3000501inst1_path_65	GCF_003352915.1	1.0	0.996
3000501inst1_path_65	GCF_007665735.1	1.0	0.999
3000501inst1_path_65	GCF_030381925.1	1.0	1.0
3000501inst1_path_65	GCF_002934345.1	1.0	1.0
3000501inst1_path_65	GCF_030418985.1	1.0	0.999
3000501inst1_path_65	GCF_027947635.1	1.0	1.0
3000501inst1_path_65	GCF_023651955.1	1.0	1.0
3000501inst1_path_65	GCF_019443485.1	1.0	1.0
3000501inst1_path_65	GCF_003122345.2	1.0	1.0
3000501inst1_path_65	GCF_002966775.1	1.0	1.0
3000501inst1_path_65	GCF_024452345.1	1.0	1.0
3000501inst1_path_65	GCF_002155145.1	1.0	1.0
3000501inst1_path_65	GCF_022345885.1	1.0	0.997
3000501inst1_path_65	GCF_031455035.1	1.0	1.0
3000501inst1_path_65	GCF_007992155.1	1.0	0.996
3000501inst1_path_65	GCF_012295595.1	1.0	1.0
3000501inst1_path_65	GCF_000722565.1	1.0	1.0
3000501inst1_path_65	GCF_009720525.1	1.0	1.0
3000501inst1_path_65	GCF_025725685.1	1.0	1.0
3000501inst1_path_65	GCF_016026395.1	1.0	1.0
3000501inst1_path_65	GCF_000725345.1	1.0	1.0
3000501inst1_path_65	GCF_900095405.1	1.0	1.0
3000501inst1_path_65	GCF_030413175.1	1.0	1.0
3000501inst1_path_65	GCF_023517775.1	1.0	1.0
3000501inst1_path_65	GCF_001713355.1	1.0	1.0
3000501inst1_path_65	GCF_900016645.1	1.0	1.0
3000501inst1_path_65	GCF_029338175.1	1.0	1.0
3000501inst1_path_65	GCF_025725725.1	1.0	1.0
3000501inst1_path_65	GCF_963517865.1	1.0	1.0
3000501inst1_path_65	GCF_000445995.2	1.0	0.999
3000501inst1_path_65	GCF_001806305.1	1.0	1.0
3000501inst1_path_65	GCF_030128875.1	1.0	1.0
3000501inst1_path_65	GCF_001655245.1	1.0	0.994
3000501inst1_path_65	GCF_007018945.1	1.0	1.0
3000501inst1_path_65	GCF_025209875.1	1.0	1.0
3000501inst1_path_65	GCF_001704295.1	1.0	1.0
3000501inst1_path_65	GCF_021044585.1	1.0	1.0
3000501inst1_path_65	GCF_022870885.1	1.0	1.0
3000501inst1_path_65	GCF_032106545.1	1.0	1.0
3000501inst1_path_65	GCF_030167965.1	1.0	1.0
3000501inst1_path_65	GCF_022558965.1	1.0	1.0
3000501inst1_path_65	GCF_963523455.1	1.0	1.0
3000501inst1_path_65	GCF_032115215.1	1.0	0.994
3000501inst1_path_65	GCF_025118245.1	1.0	1.0
3000501inst1_path_65	GCF_963526875.1	1.0	1.0
3000501inst1_path_65	GCF_003952605.1	1.0	1.0
3000501inst1_path_65	GCF_013009075.1	1.0	1.0
3000501inst1_path_65	GCF_012849055.1	1.0	1.0
3000501inst1_path_65	GCF_016008985.1	1.0	1.0
3000501inst1_path_65	GCF_009363715.1	1.0	1.0
3000501inst1_path_65	GCF_009363795.1	1.0	1.0
3000501inst1_path_65	GCF_030733885.1	1.0	1.0
3000501inst1_path_65	GCF_900105885.1	1.0	1.0
3000501inst1_path_65	GCF_032463505.1	1.0	1.0
3000501inst1_path_65	GCF_031455275.1	1.0	0.998
3000501inst1_path_65	GCF_009796745.1	1.0	1.0
3000501inst1_path_65	GCF_030545245.1	1.0	1.0
3000501inst1_path_65	GCF_030380925.1	1.0	1.0
3000501inst1_path_65	GCF_030930975.1	1.0	1.0
3000501inst1_path_65	GCF_020546665.1	1.0	1.0
3000501inst1_path_65	GCF_030506235.1	1.0	1.0
3000501inst1_path_65	GCF_001021025.1	1.0	0.999
3000501inst1_path_65	GCF_947090775.1	1.0	0.999
3000501inst1_path_65	GCF_003030345.1	1.0	1.0
3000501inst1_path_65	GCF_030218365.1	1.0	1.0
3000501inst1_path_65	GCF_963550885.1	1.0	0.999
3000501inst1_path_65	GCF_009189165.1	1.0	1.0
3000501inst1_path_65	GCF_022354825.1	1.0	0.999
3000501inst1_path_65	GCF_030490905.1	1.0	1.0
3000501inst1_path_65	GCF_024662055.1	1.0	0.998
3000501inst1_path_65	GCF_024347855.1	1.0	1.0
3000501inst1_path_65	GCF_019355735.1	1.0	1.0
3000501inst1_path_65	GCF_031583995.1	1.0	1.0
3000501inst1_path_65	GCF_028620695.1	1.0	1.0
3000501inst1_path_65	GCF_030413615.1	1.0	1.0
3000501inst1_path_65	GCF_009664085.1	1.0	1.0
3000501inst1_path_65	GCF_021183725.1	1.0	0.996
3000501inst1_path_65	GCF_000242895.2	1.0	0.999
3000501inst1_path_65	GCF_029320995.1	1.0	1.0
3000501inst1_path_65	GCF_030584805.1	1.0	1.0
3000501inst1_path_65	GCF_900105175.1	1.0	1.0
3000501inst1_path_65	GCF_029752195.1	1.0	1.0
3000501inst1_path_65	GCF_032026865.1	1.0	1.0
3000501inst1_path_65	GCF_020866845.1	1.0	0.995
3000501inst1_path_65	GCF_030296355.1	1.0	0.999
3000501inst1_path_65	GCF_030253455.1	1.0	1.0
3000501inst1_path_65	GCF_003852275.1	1.0	1.0
3000501inst1_path_65	GCF_026167545.1	1.0	0.994
3000501inst1_path_65	GCF_029909395.1	1.0	1.0
3000501inst1_path_65	GCF_900092405.1	1.0	1.0
3000501inst1_path_65	GCF_029239215.1	1.0	0.998
3000501inst1_path_65	GCF_026965535.1	1.0	1.0
3000501inst1_path_65	GCF_004295585.1	1.0	1.0
3000501inst1_path_65	GCF_027943965.1	1.0	1.0
3000501inst1_path_65	GCF_003015185.1	1.0	1.0
3000501inst1_path_65	GCF_009176685.1	1.0	1.0
3000501inst1_path_65	GCF_024137865.1	1.0	1.0
3000501inst1_path_65	GCF_029714265.1	1.0	1.0
3000501inst1_path_65	GCF_021545785.1	1.0	1.0
3000501inst1_path_65	GCF_000746025.2	1.0	0.999
3000501inst1_path_65	GCF_024137905.1	1.0	1.0
3000501inst1_path_65	GCF_010499545.1	1.0	1.0
3000501inst1_path_65	GCF_024832785.1	1.0	0.999
3000501inst1_path_65	GCF_029675005.1	1.0	0.994
3000501inst1_path_65	GCF_009363075.1	1.0	0.999
3000501inst1_path_65	GCF_032470205.1	1.0	1.0
3000501inst1_path_65	GCF_022637495.1	1.0	1.0
3000501inst1_path_65	GCF_020034615.1	1.0	1.0
3000501inst1_path_65	GCF_031854405.1	1.0	0.999
3000501inst1_path_65	GCF_019802125.1	1.0	1.0
3000501inst1_path_65	GCF_024585165.1	1.0	1.0
3000501inst1_path_65	GCF_030915505.1	1.0	1.0
3000501inst1_path_65	GCF_019356235.1	1.0	0.995
3000501inst1_path_65	GCF_000183115.1	1.0	1.0
3000501inst1_path_65	GCF_963523105.1	1.0	1.0
3000501inst1_path_65	GCF_019431355.1	1.0	1.0
3000501inst1_path_65	GCF_003568865.1	1.0	1.0
3000501inst1_path_65	GCF_014268375.2	1.0	1.0
3000501inst1_path_65	GCF_024400215.1	1.0	1.0
3000501inst1_path_65	GCF_002943895.1	1.0	1.0
3000501inst1_path_65	GCF_030552895.1	1.0	1.0
3000501inst1_path_65	GCF_004134915.1	1.0	1.0
3000501inst1_path_65	GCF_006442975.2	1.0	1.0
3000501inst1_path_65	GCF_030268345.1	1.0	0.999
3000501inst1_path_65	GCF_023714445.1	1.0	0.999
3000501inst1_path_65	GCF_014109725.1	1.0	1.0
3000501inst1_path_65	GCF_002947915.1	1.0	1.0
3000501inst1_path_65	GCF_031199525.1	1.0	1.0
3000501inst1_path_65	GCF_000218545.1	1.0	1.0
3000501inst1_path_65	GCF_026651585.1	1.0	1.0
3000501inst1_path_65	GCF_021496765.1	1.0	1.0
3000501inst1_path_65	GCF_000769405.2	1.0	1.0
3000501inst1_path_65	GCF_023101025.1	1.0	1.0
3000501inst1_path_65	GCF_013240495.1	1.0	1.0
3000501inst1_path_65	GCF_003989555.1	1.0	0.999
3000501inst1_path_65	GCF_963554205.1	1.0	0.998
3000501inst1_path_65	GCF_022533585.1	1.0	1.0
3000501inst1_path_65	GCF_000758645.1	1.0	0.999
3000501inst1_path_65	GCF_916618955.1	1.0	1.0
3000501inst1_path_65	GCF_000196235.1	1.0	0.996
3000501inst1_path_65	GCF_030252425.1	1.0	1.0
3000501inst1_path_65	GCF_002975295.1	1.0	1.0
3000501inst1_path_65	GCF_032335075.1	1.0	1.0
3000501inst1_path_65	GCF_031851455.1	1.0	1.0
3000501inst1_path_65	GCF_001886815.1	1.0	1.0
3000501inst1_path_65	GCF_001682385.1	1.0	1.0
3000501inst1_path_65	GCF_019047765.1	1.0	1.0
3000501inst1_path_65	GCF_030551445.1	1.0	1.0
3000501inst1_path_65	GCF_023221575.1	1.0	1.0
3000501inst1_path_65	GCF_027591785.1	1.0	1.0
3000501inst1_path_65	GCF_018406645.1	1.0	1.0
3000501inst1_path_65	GCF_024610595.1	1.0	1.0
3000501inst1_path_65	GCF_006542335.1	1.0	1.0
3000501inst1_path_65	GCF_027595145.1	1.0	1.0
3000501inst1_path_65	GCF_016592015.1	1.0	1.0
3000501inst1_path_65	GCF_014303395.1	1.0	0.999
3000501inst1_path_65	GCF_014489635.1	1.0	1.0
3000501inst1_path_65	GCF_000013565.1	1.0	1.0
3000501inst1_path_65	GCF_001524645.2	1.0	1.0
3000501inst1_path_65	GCF_013410155.2	1.0	1.0
3000501inst1_path_65	GCF_030643825.1	1.0	1.0
3000501inst1_path_65	GCF_019599045.1	1.0	1.0
3000501inst1_path_65	GCF_030687005.1	1.0	1.0
3000501inst1_path_65	GCF_030323085.1	1.0	1.0
3000501inst1_path_65	GCF_025857195.1	1.0	1.0
3000501inst1_path_65	GCF_031884435.1	1.0	1.0
3000501inst1_path_65	GCF_004123725.1	1.0	1.0
3000501inst1_path_65	GCF_027912575.1	1.0	1.0
3000501inst1_path_65	GCF_001278805.1	1.0	0.999
3000501inst1_path_65	GCF_031630755.1	1.0	1.0
3000501inst1_path_65	GCF_030053835.1	1.0	1.0
3000501inst1_path_65	GCF_018687655.1	1.0	1.0
3000501inst1_path_65	GCF_031457975.1	1.0	1.0
3000501inst1_path_65	GCF_025846855.1	1.0	1.0
3000501inst1_path_65	GCF_000454545.1	1.0	1.0
3000501inst1_path_65	GCF_008000895.1	1.0	1.0
3000501inst1_path_65	GCF_028993595.1	1.0	1.0
3000501inst1_path_65	GCF_030481075.1	1.0	1.0
3000501inst1_path_65	GCF_900176005.1	1.0	1.0
3000501inst1_path_65	GCF_001676725.1	1.0	1.0
3000501inst1_path_65	GCF_008973485.1	1.0	1.0
3000501inst1_path_65	GCF_020524085.2	1.0	0.999
3000501inst1_path_65	GCF_030733135.1	1.0	1.0
3000501inst1_path_65	GCF_021172065.1	1.0	1.0
3000501inst1_path_65	GCF_029910015.1	1.0	1.0
3000501inst1_path_65	GCF_024448295.1	1.0	1.0
3000501inst1_path_65	GCF_014651435.1	1.0	1.0
3000501inst1_path_65	GCF_003201195.1	1.0	1.0
3000501inst1_path_65	GCF_025823305.1	1.0	0.996
3000501inst1_path_65	GCF_009738185.1	1.0	1.0
3000501inst1_path_65	GCF_030803725.1	1.0	1.0
3000501inst1_path_65	GCF_030549615.1	1.0	1.0
3000501inst1_path_65	GCF_028198105.1	1.0	1.0
3000501inst1_path_65	GCF_008253865.1	1.0	1.0
3000501inst1_path_65	GCF_024585105.1	1.0	1.0
3000501inst1_path_65	GCF_000019845.1	1.0	1.0
3000501inst1_path_65	GCF_007856155.1	1.0	1.0
3000501inst1_path_65	GCF_918378365.1	1.0	1.0
3000501inst1_path_65	GCF_028885415.1	1.0	1.0
3000501inst1_path_65	GCF_018228725.1	1.0	1.0
3000501inst1_path_65	GCF_003856495.1	1.0	1.0
3000501inst1_path_65	GCF_002220095.1	1.0	1.0
3000501inst1_path_65	GCF_018779965.1	1.0	1.0
3000501inst1_path_65	GCF_022647505.1	1.0	1.0
3000501inst1_path_65	GCF_032252735.1	1.0	1.0
3000501inst1_path_65	GCF_031454995.1	1.0	0.994
3000501inst1_path_65	GCF_030378245.1	1.0	1.0
3000501inst1_path_65	GCF_014235845.1	1.0	1.0
3000501inst1_path_65	GCF_943908535.1	1.0	1.0
3000501inst1_path_65	GCF_007750395.1	1.0	1.0
3000501inst1_path_65	GCF_003233675.1	1.0	1.0
3000501inst1_path_65	GCF_001713375.1	1.0	1.0
3000501inst1_path_65	GCF_017220215.1	1.0	1.0
3000501inst1_path_65	GCF_031458075.1	1.0	1.0
3000501inst1_path_65	GCF_000143965.1	1.0	1.0
3000501inst1_path_65	GCF_027925385.1	1.0	1.0
3000501inst1_path_65	GCF_016865365.1	1.0	1.0
3000501inst1_path_65	GCF_030408795.1	1.0	0.999
3000501inst1_path_65	GCF_025642135.1	1.0	1.0
3000501inst1_path_65	GCF_030268445.1	1.0	1.0
3000501inst1_path_65	GCF_006970865.1	1.0	1.0
3000501inst1_path_65	GCF_002269425.1	1.0	1.0
3000501inst1_path_65	GCF_013761125.1	1.0	1.0
3000501inst1_path_65	GCF_001677435.1	1.0	1.0
3000501inst1_path_65	GCF_000282175.2	1.0	1.0
3000501inst1_path_65	GCF_020204845.1	1.0	1.0
3000501inst1_path_65	GCF_029581475.1	1.0	1.0
3000501inst1_path_65	GCF_030482605.1	1.0	1.0
3000501inst1_path_65	GCF_030012985.1	1.0	1.0
3000501inst1_path_65	GCF_022049065.2	1.0	1.0
3000501inst1_path_65	GCF_023508125.1	1.0	1.0
3000501inst1_path_65	GCF_001839655.2	1.0	1.0
3000501inst1_path_65	GCF_002847285.1	1.0	1.0
3000501inst1_path_65	GCF_030419005.1	1.0	1.0
3000501inst1_path_65	GCF_020616515.1	1.0	1.0
3000501inst1_path_65	GCF_032459025.1	1.0	1.0
3000501inst1_path_65	GCF_019802245.1	1.0	1.0
3000501inst1_path_65	GCF_029917025.1	1.0	1.0
3000501inst1_path_65	GCF_003432385.1	1.0	1.0
3000501inst1_path_65	GCF_003151255.1	1.0	1.0
3000501inst1_path_65	GCF_019780065.1	1.0	1.0
3000501inst1_path_65	GCF_025881875.1	1.0	1.0
3000501inst1_path_65	GCF_026898095.1	1.0	0.999
3000501inst1_path_65	GCF_002407485.1	1.0	1.0
3000501inst1_path_65	GCF_009903625.1	1.0	1.0
3000501inst1_path_65	GCF_014217255.1	1.0	1.0
3000501inst1_path_65	GCF_009734485.1	1.0	1.0
3000501inst1_path_65	GCF_032101565.1	1.0	1.0
3000501inst1_path_65	GCF_020886695.1	1.0	1.0
3000501inst1_path_65	GCF_003086895.1	1.0	1.0
3000501inst1_path_65	GCF_001865575.2	1.0	1.0
3000501inst1_path_65	GCF_014084105.1	1.0	1.0
3000501inst1_path_65	GCF_029594735.1	1.0	1.0
3000501inst1_path_65	GCF_018324205.1	1.0	1.0
3000501inst1_path_65	GCF_017868775.1	1.0	1.0
3000501inst1_path_65	GCF_000317835.1	1.0	0.998
3000501inst1_path_65	GCF_000217795.1	1.0	1.0
3000501inst1_path_65	GCF_003286395.1	1.0	1.0
3000501inst1_path_65	GCF_002007605.1	1.0	1.0
3000501inst1_path_65	GCF_023168345.1	1.0	1.0
3000501inst1_path_65	GCF_018325905.1	1.0	1.0
3000501inst1_path_65	GCF_009429125.1	1.0	1.0
3000501inst1_path_65	GCF_019356415.1	1.0	1.0
3000501inst1_path_65	GCF_003852355.1	1.0	1.0
3000501inst1_path_65	GCF_030236315.1	1.0	1.0
3000501inst1_path_65	GCF_023242215.1	1.0	1.0
3000501inst1_path_65	GCF_026072635.1	1.0	1.0
3000501inst1_path_65	GCF_029909455.1	1.0	1.0
3000501inst1_path_65	GCF_030499155.1	1.0	0.999
3000501inst1_path_65	GCF_900090285.1	1.0	1.0
3000501inst1_path_65	GCF_027594485.1	1.0	1.0
3000501inst1_path_65	GCF_000695095.2	1.0	1.0
3000501inst1_path_65	GCF_031158775.1	1.0	1.0
3000501inst1_path_65	GCF_000961095.1	1.0	1.0
3000502inst1_gene_seq	GCF_009914055.1	0.5	0.994
3000502inst1_gene_seq	GCF_030168535.1	0.5	1.0
3000502inst1_gene_seq	GCF_029962625.1	0.5	1.0
3000502inst1_gene_seq	GCF_013234275.1	0.5	0.993
3000502inst1_gene_seq	GCF_031192345.1	0.5	1.0
3000502inst1_gene_seq	GCF_030385105.1	0.5	1.0
3000502inst1_gene_seq	GCF_032335655.1	0.5	0.999
3000502inst1_gene_seq	GCF_019856235.1	1.0	0.997
3000502inst1_gene_seq	GCF_032026905.1	1.0	0.983
3000502inst1_gene_seq	GCF_014168815.1	1.0	0.996
3000502inst1_gene_seq	GCF_013836145.1	1.0	0.996
3000502inst1_gene_seq	GCF_000801755.2	1.0	0.982
3000502inst1_gene_seq	GCF_028621875.1	0.5	0.998
3000502inst1_gene_seq	GCF_032193475.1	1.0	0.992
3000502inst1_gene_seq	GCF_029087285.2	0.5	0.999
3000502inst1_gene_seq	GCF_016918765.2	0.625	0.998
3000502inst1_gene_seq	GCF_032061605.1	0.5	1.0
3000502inst1_gene_seq	GCF_024436315.1	0.5	1.0
3000502inst1_gene_seq	GCF_025946765.1	0.5	1.0
3000502inst1_gene_seq	GCF_032252155.1	0.5	1.0
3000502inst1_gene_seq	GCF_032191855.1	1.0	0.992
3000502inst1_gene_seq	GCF_028623185.1	0.5	1.0
3000502inst1_gene_seq	GCF_003113475.3	0.5	0.999
3000502inst1_gene_seq	GCF_030060825.1	0.5	0.998
3000502inst1_gene_seq	GCF_029223295.1	0.5	0.998
3000502inst1_gene_seq	GCF_946477385.1	0.5	0.984
3000502inst1_gene_seq	GCF_028745705.1	0.625	0.982
3000502inst1_gene_seq	GCF_031801515.1	0.5	1.0
3000502inst1_gene_seq	GCF_032461035.1	1.0	0.995
3000502inst1_gene_seq	GCF_032199685.1	0.5	0.998
3000502inst1_gene_seq	GCF_031611515.1	1.0	0.997
3000502inst1_gene_seq	GCF_021869625.1	1.0	0.981
3000502inst1_gene_seq	GCF_031611235.1	1.0	0.982
3000502inst1_gene_seq	GCF_030144815.1	0.5	0.984
3000502inst1_gene_seq	GCF_023278595.1	1.0	0.982
3000502inst1_gene_seq	GCF_902170435.1	0.5	1.0
3000502inst1_gene_seq	GCF_025604205.1	0.5	1.0
3000502inst1_gene_seq	GCF_022605325.1	0.75	0.947
3000502inst1_gene_seq	GCF_026233155.1	0.5	1.0
3000502inst1_gene_seq	GCF_023151555.2	0.5	0.998
3000502inst1_gene_seq	GCF_032092735.1	1.0	0.995
3000502inst1_gene_seq	GCF_022361495.1	0.5	0.992
3000502inst1_gene_seq	GCF_026735415.2	1.0	1.0
3000502inst1_gene_seq	GCF_024296805.1	0.5	1.0
3000502inst1_gene_seq	GCF_021276285.1	0.5	0.993
3000502inst1_gene_seq	GCF_024181025.1	1.0	0.994
3000502inst1_gene_seq	GCF_032164355.1	1.0	0.983
3000502inst1_gene_seq	GCF_032248775.1	1.0	0.993
3000502inst1_gene_seq	GCF_016237035.1	0.5	1.0
3000502inst1_gene_seq	GCF_032469895.1	0.625	0.91
3000502inst1_gene_seq	GCF_002162135.1	0.5	0.999
3000502inst1_gene_seq	GCF_025398175.1	0.5	0.998
3000502inst1_gene_seq	GCF_030548545.1	0.5	1.0
3000502inst1_gene_seq	GCF_030370035.1	0.5	1.0
3000502inst1_gene_seq	GCF_028621345.1	0.5	1.0
3000502inst1_gene_seq	GCF_030554875.1	0.5	0.967
3000502inst1_gene_seq	GCF_030850085.1	1.0	0.981
3000502inst1_gene_seq	GCF_002953195.1	0.5	0.993
3000502inst1_gene_seq	GCF_003025515.1	0.5	0.998
3000502inst1_gene_seq	GCF_030295155.1	1.0	0.994
3000502inst1_gene_seq	GCF_032290465.1	1.0	0.996
3000502inst1_gene_seq	GCF_023650435.1	0.5	0.994
3000502inst1_gene_seq	GCF_024124775.1	0.5	1.0
3000502inst1_gene_seq	GCF_025152625.1	1.0	0.981
3000502inst1_gene_seq	GCF_008931465.1	1.0	0.966
3000502inst1_gene_seq	GCF_022229365.1	0.5	0.998
3000502inst1_gene_seq	GCF_030413675.1	0.5	0.993
3000502inst1_gene_seq	GCF_030385255.1	0.5	1.0
3000502inst1_gene_seq	GCF_032109445.1	0.375	0.99
3000502inst1_gene_seq	GCF_027920785.2	0.5	1.0
3000502inst1_gene_seq	GCF_018199995.1	0.5	0.998
3000502inst1_gene_seq	GCF_004010755.1	1.0	0.972
3000502inst1_gene_seq	GCF_963527785.1	0.375	0.99
3000502inst1_gene_seq	GCF_032301015.1	1.0	0.982
3000502inst1_gene_seq	GCF_030411935.1	1.0	0.994
3000502inst1_gene_seq	GCF_946226995.1	0.5	1.0
3000502inst1_gene_seq	GCF_000026185.1	0.5	1.0
3000502inst1_gene_seq	GCF_014495885.1	0.5	1.0
3000502inst1_gene_seq	GCF_030849025.1	0.5	1.0
3000502inst1_gene_seq	GCF_031932575.1	1.0	0.994
3000502inst1_gene_seq	GCF_024807835.1	0.5	1.0
3000502inst1_gene_seq	GCF_032460765.1	1.0	1.0
3000502inst1_gene_seq	GCF_030296995.1	0.625	0.984
3000502inst1_gene_seq	GCF_005484945.1	0.5	1.0
3000502inst1_gene_seq	GCF_947072025.1	1.0	0.981
3000502inst1_gene_seq	GCF_018408275.1	0.5	0.999
3000502inst1_gene_seq	GCF_024380015.1	0.5	0.998
3000502inst1_gene_seq	GCF_030544745.1	0.5	1.0
3000502inst1_gene_seq	GCF_003812745.1	0.5	1.0
3000502inst1_gene_seq	GCF_020544365.1	0.625	0.982
3000502inst1_gene_seq	GCF_013782625.1	1.0	0.982
3000502inst1_gene_seq	GCF_030347235.1	0.5	0.998
3000502inst1_gene_seq	GCF_032093435.1	0.5	0.993
3000502inst1_gene_seq	GCF_031921665.1	0.5	0.999
3000502inst1_gene_seq	GCF_938044795.1	0.75	0.999
3000502inst1_gene_seq	GCF_016865525.2	0.5	1.0
3000502inst1_gene_seq	GCF_031630315.1	0.5	1.0
3000502inst1_gene_seq	GCF_030062155.1	0.5	1.0
3000502inst1_gene_seq	GCF_016811995.1	1.0	0.994
3000502inst1_gene_seq	GCF_000225565.1	0.5	1.0
3000502inst1_gene_seq	GCF_032360065.1	1.0	0.994
3000502inst1_gene_seq	GCF_021498265.1	0.5	0.981
3000502inst1_gene_seq	GCF_029105195.1	0.5	1.0
3000502inst1_gene_seq	GCF_030846095.1	0.5	1.0
3000502inst1_gene_seq	GCF_022394795.1	0.5	0.994
3000502inst1_gene_seq	GCF_022871065.1	0.5	1.0
3000502inst1_gene_seq	GCF_029866845.1	0.5	0.993
3000502inst1_gene_seq	GCF_910573735.1	1.0	0.984
3000502inst1_gene_seq	GCF_029084745.1	1.0	0.997
3000502inst1_gene_seq	GCF_030217805.1	1.0	1.0
3000502inst1_gene_seq	GCF_950293265.1	0.875	0.986
3000502inst1_gene_seq	GCF_019880405.1	0.5	1.0
3000502inst1_gene_seq	GCF_013741155.1	1.0	0.999
3000502inst1_gene_seq	GCF_001888805.2	1.0	0.996
3000502inst1_gene_seq	GCF_032110545.1	0.5	1.0
3000502inst1_gene_seq	GCF_032094895.1	0.375	0.991
3000502inst1_gene_seq	GCF_003864115.1	0.625	0.963
3000502inst1_gene_seq	GCF_030053895.1	1.0	1.0
3000502inst1_gene_seq	GCF_003112995.3	0.5	0.998
3000502inst1_gene_seq	GCF_030269585.1	0.375	0.994
3000502inst1_gene_seq	GCF_001183865.1	0.625	0.999
3000502inst1_gene_seq	GCF_004551645.1	0.5	1.0
3000502inst1_gene_seq	GCF_030169005.1	0.5	0.998
3000502inst1_gene_seq	GCF_002787395.1	1.0	0.981
3000502inst1_gene_seq	GCF_032198945.1	1.0	0.981
3000502inst1_gene_seq	GCF_018388565.1	1.0	0.972
3000502inst1_gene_seq	GCF_003591175.1	0.5	0.992
3000502inst1_gene_seq	GCF_004684345.1	1.0	0.992
3000502inst1_gene_seq	GCF_002951615.1	0.5	0.994
3000502inst1_gene_seq	GCF_030127005.1	0.5	0.993
3000502inst1_gene_seq	GCF_026183555.1	0.5	1.0
3000502inst1_gene_seq	GCF_030413145.1	0.5	0.999
3000502inst1_gene_seq	GCF_963524165.1	0.5	1.0
3000502inst1_gene_seq	GCF_003051885.1	1.0	0.982
3000502inst1_gene_seq	GCF_032334275.1	0.5	0.994
3000502inst1_gene_seq	GCF_005281435.1	0.5	0.993
3000502inst1_gene_seq	GCF_032335575.1	1.0	1.0
3000502inst1_gene_seq	GCF_032083245.1	0.625	0.984
3000502inst1_gene_seq	GCF_030758455.1	0.5	0.995
3000502inst1_gene_seq	GCF_031872955.1	0.5	1.0
3000502inst1_gene_seq	GCF_029962585.1	0.5	0.999
3000502inst1_gene_seq	GCF_029223585.1	0.5	0.998
3000502inst1_gene_seq	GCF_030716965.1	0.5	0.998
3000502inst1_gene_seq	GCF_025449295.1	0.5	0.994
3000502inst1_gene_seq	GCF_030385095.1	0.5	0.999
3000502inst1_gene_seq	GCF_032490415.1	1.0	0.994
3000502inst1_gene_seq	GCF_014843355.1	0.5	0.998
3000502inst1_gene_seq	GCF_029104455.1	1.0	0.992
3000502inst1_gene_seq	GCF_007858975.2	0.5	1.0
3000502inst1_gene_seq	GCF_029524165.1	0.5	0.993
3000502inst1_gene_seq	GCF_019056655.1	1.0	0.981
3000502inst1_gene_seq	GCF_000517405.1	0.5	1.0
3000502inst1_gene_seq	GCF_024029875.1	0.5	1.0
3000502inst1_gene_seq	GCF_029542345.1	0.5	1.0
3000502inst1_gene_seq	GCF_002935055.1	0.5	1.0
3000502inst1_gene_seq	GCF_012273235.1	0.625	0.833
3000502inst1_gene_seq	GCF_019797845.1	0.5	0.999
3000502inst1_gene_seq	GCF_022637515.1	0.625	0.927
3000502inst1_gene_seq	GCF_031236015.1	1.0	0.994
3000502inst1_gene_seq	GCF_030582835.1	0.5	0.992
3000502inst1_gene_seq	GCF_900636035.1	0.625	0.945
3000502inst1_gene_seq	GCF_029635795.1	0.5	1.0
3000502inst1_gene_seq	GCF_024707505.1	0.5	0.985
3000502inst1_gene_seq	GCF_000010085.1	0.5	0.993
3000502inst1_gene_seq	GCF_032472555.1	1.0	0.994
3000502inst1_gene_seq	GCF_004353225.1	0.75	0.999
3000502inst1_gene_seq	GCF_027891305.1	1.0	0.997
3000502inst1_gene_seq	GCF_946226905.1	0.5	0.993
3000502inst1_gene_seq	GCF_031846145.1	1.0	0.994
3000502inst1_gene_seq	GCF_000023545.1	0.5	1.0
3000502inst1_gene_seq	GCF_031875345.1	1.0	0.982
3000502inst1_gene_seq	GCF_963518715.1	0.5	0.999
3000502inst1_gene_seq	GCF_016599735.1	0.625	0.91
3000502inst1_gene_seq	GCF_030026745.1	1.0	0.982
3000502inst1_gene_seq	GCF_013085925.1	0.625	0.982
3000502inst1_gene_seq	GCF_032192075.1	1.0	0.992
3000502inst1_gene_seq	GCF_025728255.1	0.625	0.985
3000502inst1_gene_seq	GCF_003049805.1	0.5	1.0
3000502inst1_gene_seq	GCF_032369155.1	1.0	0.981
3000502inst1_gene_seq	GCF_022655415.1	0.5	1.0
3000502inst1_gene_seq	GCF_946229005.1	0.5	1.0
3000502inst1_gene_seq	GCF_024529975.1	0.5	0.998
3000502inst1_gene_seq	GCF_029873235.1	1.0	0.994
3000502inst1_gene_seq	GCF_027886705.1	0.625	0.982
3000502inst1_gene_seq	GCF_028616745.1	0.5	1.0
3000502inst1_gene_seq	GCF_032200625.1	0.5	1.0
3000502inst1_gene_seq	GCF_963527575.1	0.75	0.947
3000502inst1_gene_seq	GCF_011290365.1	1.0	0.982
3000502inst1_gene_seq	GCF_032070985.1	0.375	0.99
3000502inst1_gene_seq	GCF_009363135.1	0.625	0.891
3000502inst1_gene_seq	GCF_031556935.1	0.5	1.0
3000502inst1_gene_seq	GCF_010119335.3	0.5	1.0
3000502inst1_gene_seq	GCF_029319185.1	1.0	0.98
3000502inst1_gene_seq	GCF_018968665.1	0.5	0.999
3000502inst1_gene_seq	GCF_014490785.1	0.625	0.963
3000502inst1_gene_seq	GCF_032026945.1	1.0	0.968
3000502inst1_gene_seq	GCF_003854875.1	0.625	0.999
3000502inst1_gene_seq	GCF_009676845.1	0.5	0.993
3000502inst1_gene_seq	GCF_021049305.1	0.625	0.999
3000502inst1_gene_seq	GCF_001186215.2	0.5	0.998
3000502inst1_gene_seq	GCF_009817885.1	0.5	0.992
3000502inst1_gene_seq	GCF_005491205.1	0.5	0.993
3000502inst1_gene_seq	GCF_014169075.1	1.0	0.996
3000502inst1_gene_seq	GCF_022637475.1	0.5	0.993
3000502inst1_gene_seq	GCF_025642735.1	1.0	0.981
3000502inst1_gene_seq	GCF_032056285.1	0.5	1.0
3000502inst1_gene_seq	GCF_031570195.1	0.5	1.0
3000502inst1_gene_seq	GCF_031997625.1	0.625	0.984
3000502inst1_gene_seq	GCF_030370015.1	0.5	0.993
3000502inst1_gene_seq	GCF_918797525.1	1.0	0.999
3000502inst1_gene_seq	GCF_000330865.1	0.5	0.999
3000502inst1_gene_seq	GCF_960934445.1	0.5	1.0
3000502inst1_gene_seq	GCF_030297115.1	0.75	0.999
3000502inst1_gene_seq	GCF_001632845.1	0.5	0.999
3000502inst1_gene_seq	GCF_001461805.1	1.0	1.0
3000502inst1_gene_seq	GCF_032363495.1	0.875	0.992
3000502inst1_gene_seq	GCF_031998305.1	0.75	0.966
3000502inst1_gene_seq	GCF_032193635.1	1.0	1.0
3000502inst1_gene_seq	GCF_023914135.1	0.5	0.992
3000502inst1_gene_seq	GCF_032460805.1	1.0	1.0
3000502inst1_gene_seq	GCF_032484315.1	1.0	1.0
3000502inst1_gene_seq	GCF_032460975.1	1.0	0.992
3000502inst1_gene_seq	GCF_032461005.1	1.0	1.0
3000502inst1_gene_seq	GCF_004353845.1	1.0	0.992
3000502inst1_gene_seq	GCF_000406205.1	0.5	1.0
3000502inst1_gene_seq	GCF_018513965.1	1.0	0.981
3000502inst1_gene_seq	GCF_000520015.2	0.5	0.992
3000502inst1_gene_seq	GCF_000175935.2	0.5	1.0
3000502inst1_gene_seq	GCF_002095475.1	0.5	1.0
3000502inst1_gene_seq	GCF_032477475.1	1.0	0.997
3000502inst1_gene_seq	GCF_010692925.1	1.0	0.982
3000502inst1_gene_seq	GCF_025642095.1	0.625	0.982
3000502inst1_gene_seq	GCF_032069505.1	0.5	1.0
3000502inst1_gene_seq	GCF_902386615.1	0.5	1.0
3000502inst1_gene_seq	GCF_031800275.1	1.0	0.996
3000502inst1_gene_seq	GCF_023502995.1	0.5	1.0
3000502inst1_gene_seq	GCF_031854185.1	0.5	0.964
3000502inst1_gene_seq	GCF_030012015.1	1.0	0.982
3000502inst1_gene_seq	GCF_026967475.1	0.5	1.0
3000502inst1_gene_seq	GCF_030236355.1	0.5	0.993
3000502inst1_gene_seq	GCF_018288855.1	0.5	0.994
3000502inst1_gene_seq	GCF_025656905.1	0.5	1.0
3000502inst1_gene_seq	GCF_032071425.1	0.5	1.0
3000502inst1_gene_seq	GCF_029623675.1	0.5	0.993
3000502inst1_gene_seq	GCF_963516055.1	0.5	1.0
3000502inst1_gene_seq	GCF_008932145.1	1.0	0.982
3000502inst1_gene_seq	GCF_032057065.1	0.5	1.0
3000502inst1_gene_seq	GCF_005671395.1	0.5	0.994
3000502inst1_gene_seq	GCF_001447155.2	0.75	0.999
3000502inst1_gene_seq	GCF_003641105.1	0.5	1.0
3000502inst1_gene_seq	GCF_024138995.1	0.5	0.994
3000502inst1_gene_seq	GCF_014298075.1	0.625	0.858
3000502inst1_gene_seq	GCF_017569925.1	0.5	0.992
3000502inst1_gene_seq	GCF_027594725.1	0.625	0.888
3000502inst1_gene_seq	GCF_013927005.1	1.0	0.981
3000502inst1_gene_seq	GCF_946228175.1	0.5	0.993
3000502inst1_gene_seq	GCF_021117075.1	1.0	1.0
3000502inst1_gene_seq	GCF_030064655.1	0.5	1.0
3000502inst1_gene_seq	GCF_006363955.1	0.625	0.999
3000502inst1_gene_seq	GCF_000243075.1	0.5	0.999
3000502inst1_gene_seq	GCF_024765015.1	1.0	0.982
3000502inst1_gene_seq	GCF_022647325.1	0.5	1.0
3000502inst1_gene_seq	GCF_032000805.1	1.0	0.997
3000502inst1_gene_seq	GCF_024666525.1	0.375	0.99
3000502inst1_gene_seq	GCF_032337455.1	1.0	0.972
3000502inst1_gene_seq	GCF_032112525.1	1.0	0.981
3000502inst1_gene_seq	GCF_016026395.1	0.5	1.0
3000502inst1_gene_seq	GCF_023517775.1	0.5	0.994
3000502inst1_gene_seq	GCF_029338175.1	1.0	0.994
3000502inst1_gene_seq	GCF_963523455.1	0.625	0.909
3000502inst1_gene_seq	GCF_963526875.1	1.0	0.996
3000502inst1_gene_seq	GCF_946477055.1	0.75	0.995
3000502inst1_gene_seq	GCF_028620695.1	0.625	0.833
3000502inst1_gene_seq	GCF_032026865.1	1.0	0.982
3000502inst1_gene_seq	GCF_030253455.1	0.625	0.897
3000502inst1_gene_seq	GCF_030552895.1	0.5	0.996
3000502inst1_gene_seq	GCF_031199525.1	0.5	0.994
3000502inst1_gene_seq	GCF_031851455.1	1.0	0.982
3000502inst1_gene_seq	GCF_019047765.1	1.0	0.994
3000502inst1_gene_seq	GCF_004123725.1	1.0	0.982
3000502inst1_gene_seq	GCF_027912575.1	0.625	0.984
3000502inst1_gene_seq	GCF_021172065.1	1.0	0.999
3000502inst1_gene_seq	GCF_009738185.1	0.5	1.0
3000502inst1_gene_seq	GCF_028198105.1	0.5	0.999
3000502inst1_gene_seq	GCF_022647505.1	0.5	0.993
3000502inst1_gene_seq	GCF_023508125.1	0.5	0.993
3000502inst1_gene_seq	GCF_025881875.1	0.5	0.994
3000502inst1_gene_seq	GCF_002407485.1	0.5	0.998
3000502inst1_gene_seq	GCF_009734485.1	1.0	0.981
3000502inst1_gene_seq	GCF_032101565.1	0.5	1.0
3000502inst1_gene_seq	GCF_019356415.1	1.0	0.972
3000502inst1_gene_seq	GCF_030236315.1	0.5	0.993
3000502inst1_gene_seq	GCF_026072635.1	0.5	0.999
3000565inst1_gene_seq	GCF_032470315.1	1.0	1.0
3000567inst1_gene_seq	GCF_020736365.1	1.0	1.0
3000589inst1_path_10_trimmed	GCF_021869625.1	1.0	1.0
3000589inst1_path_10_trimmed	GCF_031611235.1	0.8	1.0
3000589inst1_path_10_trimmed	GCF_026735415.2	0.8	1.0
3000589inst1_path_10_trimmed	GCF_032301015.1	1.0	1.0
3000589inst1_path_10_trimmed	GCF_030296995.1	1.0	0.991
3000589inst1_path_10_trimmed	GCF_001696615.3	1.0	1.0
3000589inst1_path_10_trimmed	GCF_002787395.1	0.8	1.0
3000589inst1_path_10_trimmed	GCF_031844645.1	0.8	1.0
3000589inst1_path_10_trimmed	GCF_027891305.1	0.8	1.0
3000589inst1_path_10_trimmed	GCF_031846145.1	0.8	1.0
3000589inst1_path_10_trimmed	GCF_031570195.1	0.8	1.0
3000589inst1_path_10_trimmed	GCF_032460805.1	1.0	1.0
3000596inst1_path_38	GCF_030408555.1	0.545	1.0
3000596inst1_path_38	GCF_016889985.1	0.818	0.945
3000605inst1_gene_seq	GCF_029961765.1	0.6	1.0
3000617inst1_path_4	GCF_030220105.1	0.933	1.0
3000617inst1_path_4	GCF_032464605.1	0.5	0.992
3000676inst1_gene_seq	GCF_030168535.1	0.75	1.0
3000676inst1_gene_seq	GCF_019856235.1	0.75	0.997
3000676inst1_gene_seq	GCF_013836145.1	0.75	0.994
3000676inst1_gene_seq	GCF_000801755.2	0.75	0.997
3000676inst1_gene_seq	GCF_032193475.1	0.75	1.0
3000676inst1_gene_seq	GCF_025946765.1	0.75	0.999
3000676inst1_gene_seq	GCF_032191855.1	0.75	1.0
3000676inst1_gene_seq	GCF_003113475.3	0.75	0.999
3000676inst1_gene_seq	GCF_030060825.1	0.75	0.999
3000676inst1_gene_seq	GCF_028745705.1	0.75	0.998
3000676inst1_gene_seq	GCF_032461035.1	0.75	1.0
3000676inst1_gene_seq	GCF_031611515.1	0.75	0.999
3000676inst1_gene_seq	GCF_021869625.1	0.75	0.999
3000676inst1_gene_seq	GCF_031611235.1	0.75	0.997
3000676inst1_gene_seq	GCF_023278595.1	0.75	0.997
3000676inst1_gene_seq	GCF_022605325.1	0.75	1.0
3000676inst1_gene_seq	GCF_032092735.1	0.75	0.999
3000676inst1_gene_seq	GCF_022361495.1	0.75	0.999
3000676inst1_gene_seq	GCF_026735415.2	0.75	1.0
3000676inst1_gene_seq	GCF_024181025.1	0.75	0.993
3000676inst1_gene_seq	GCF_032248775.1	0.75	0.998
3000676inst1_gene_seq	GCF_032469895.1	0.75	1.0
3000676inst1_gene_seq	GCF_030370035.1	0.75	0.999
3000676inst1_gene_seq	GCF_030850085.1	0.75	0.997
3000676inst1_gene_seq	GCF_030295155.1	0.75	0.994
3000676inst1_gene_seq	GCF_032290465.1	0.75	1.0
3000676inst1_gene_seq	GCF_024124775.1	0.75	0.996
3000676inst1_gene_seq	GCF_025152625.1	0.75	0.999
3000676inst1_gene_seq	GCF_030413675.1	0.75	0.994
3000676inst1_gene_seq	GCF_027920785.2	0.75	0.998
3000676inst1_gene_seq	GCF_004010755.1	0.75	0.992
3000676inst1_gene_seq	GCF_032301015.1	0.75	0.99
3000676inst1_gene_seq	GCF_030411935.1	0.75	0.991
3000676inst1_gene_seq	GCF_031932575.1	0.75	0.994
3000676inst1_gene_seq	GCF_032460765.1	0.75	1.0
3000676inst1_gene_seq	GCF_030296995.1	0.75	0.999
3000676inst1_gene_seq	GCF_005484945.1	0.75	0.999
3000676inst1_gene_seq	GCF_947072025.1	0.75	0.997
3000676inst1_gene_seq	GCF_030544745.1	0.75	0.999
3000676inst1_gene_seq	GCF_020544365.1	0.75	0.998
3000676inst1_gene_seq	GCF_013782625.1	0.75	0.998
3000676inst1_gene_seq	GCF_030347235.1	0.75	0.999
3000676inst1_gene_seq	GCF_031921665.1	0.75	1.0
3000676inst1_gene_seq	GCF_000225565.1	0.75	0.998
3000676inst1_gene_seq	GCF_032360065.1	0.75	0.994
3000676inst1_gene_seq	GCF_022871065.1	0.75	0.998
3000676inst1_gene_seq	GCF_910573735.1	0.75	0.994
3000676inst1_gene_seq	GCF_029084745.1	0.75	1.0
3000676inst1_gene_seq	GCF_030217805.1	0.75	1.0
3000676inst1_gene_seq	GCF_950293265.1	0.75	0.994
3000676inst1_gene_seq	GCF_019880405.1	0.75	1.0
3000676inst1_gene_seq	GCF_001888805.2	0.75	0.998
3000676inst1_gene_seq	GCF_032110545.1	0.75	1.0
3000676inst1_gene_seq	GCF_003864115.1	0.75	0.998
3000676inst1_gene_seq	GCF_030053895.1	0.75	1.0
3000676inst1_gene_seq	GCF_003112995.3	0.75	0.999
3000676inst1_gene_seq	GCF_002787395.1	0.75	0.999
3000676inst1_gene_seq	GCF_032198945.1	0.75	0.997
3000676inst1_gene_seq	GCF_018388565.1	0.75	0.992
3000676inst1_gene_seq	GCF_004684345.1	0.75	1.0
3000676inst1_gene_seq	GCF_003051885.1	0.75	0.997
3000676inst1_gene_seq	GCF_032335575.1	0.75	1.0
3000676inst1_gene_seq	GCF_032093875.1	0.75	0.998
3000676inst1_gene_seq	GCF_032083245.1	0.75	0.998
3000676inst1_gene_seq	GCF_029962585.1	0.75	1.0
3000676inst1_gene_seq	GCF_032490415.1	0.75	0.994
3000676inst1_gene_seq	GCF_029104455.1	0.75	1.0
3000676inst1_gene_seq	GCF_007858975.2	0.75	0.999
3000676inst1_gene_seq	GCF_029524165.1	0.75	0.998
3000676inst1_gene_seq	GCF_019056655.1	0.75	0.999
3000676inst1_gene_seq	GCF_029542345.1	0.75	1.0
3000676inst1_gene_seq	GCF_019797845.1	0.75	1.0
3000676inst1_gene_seq	GCF_031236015.1	0.75	0.994
3000676inst1_gene_seq	GCF_029635795.1	0.75	0.992
3000676inst1_gene_seq	GCF_000010085.1	1.0	0.923
3000676inst1_gene_seq	GCF_027891305.1	0.75	0.997
3000676inst1_gene_seq	GCF_031846145.1	0.75	0.993
3000676inst1_gene_seq	GCF_000023545.1	0.75	0.999
3000676inst1_gene_seq	GCF_031875345.1	0.75	0.999
3000676inst1_gene_seq	GCF_016599735.1	0.75	1.0
3000676inst1_gene_seq	GCF_013085925.1	0.75	0.998
3000676inst1_gene_seq	GCF_032192075.1	0.75	0.995
3000676inst1_gene_seq	GCF_025728255.1	0.75	0.997
3000676inst1_gene_seq	GCF_003049805.1	0.75	0.998
3000676inst1_gene_seq	GCF_032369155.1	0.75	0.999
3000676inst1_gene_seq	GCF_027886705.1	0.75	0.998
3000676inst1_gene_seq	GCF_963527575.1	0.75	1.0
3000676inst1_gene_seq	GCF_011290365.1	0.75	0.997
3000676inst1_gene_seq	GCF_009363135.1	0.75	0.998
3000676inst1_gene_seq	GCF_029319185.1	0.75	1.0
3000676inst1_gene_seq	GCF_014490785.1	0.75	0.999
3000676inst1_gene_seq	GCF_001186215.2	0.75	0.999
3000676inst1_gene_seq	GCF_025642735.1	0.75	0.999
3000676inst1_gene_seq	GCF_031997625.1	0.75	0.999
3000676inst1_gene_seq	GCF_030370015.1	0.75	0.992
3000676inst1_gene_seq	GCF_918797525.1	0.75	0.997
3000676inst1_gene_seq	GCF_001461805.1	0.75	1.0
3000676inst1_gene_seq	GCF_032363495.1	0.75	0.994
3000676inst1_gene_seq	GCF_031998305.1	0.75	1.0
3000676inst1_gene_seq	GCF_032193635.1	0.75	1.0
3000676inst1_gene_seq	GCF_023914135.1	0.75	0.996
3000676inst1_gene_seq	GCF_032460805.1	0.75	1.0
3000676inst1_gene_seq	GCF_032484315.1	0.75	1.0
3000676inst1_gene_seq	GCF_032460975.1	0.75	0.994
3000676inst1_gene_seq	GCF_032461005.1	0.75	0.999
3000676inst1_gene_seq	GCF_004353845.1	0.75	1.0
3000676inst1_gene_seq	GCF_000406205.1	0.75	0.999
3000676inst1_gene_seq	GCF_018513965.1	0.75	0.997
3000676inst1_gene_seq	GCF_010692925.1	0.75	0.997
3000676inst1_gene_seq	GCF_025642095.1	0.75	0.998
3000676inst1_gene_seq	GCF_031800275.1	0.75	1.0
3000676inst1_gene_seq	GCF_031854185.1	0.75	0.994
3000676inst1_gene_seq	GCF_030236355.1	0.75	0.998
3000676inst1_gene_seq	GCF_014298075.1	0.75	1.0
3000676inst1_gene_seq	GCF_017569925.1	0.75	0.999
3000676inst1_gene_seq	GCF_013927005.1	0.75	0.997
3000676inst1_gene_seq	GCF_024765015.1	0.75	1.0
3000676inst1_gene_seq	GCF_032000805.1	0.75	0.997
3000676inst1_gene_seq	GCF_032337455.1	0.75	0.992
3000676inst1_gene_seq	GCF_032112525.1	0.75	0.999
3000676inst1_gene_seq	GCF_016026395.1	0.75	0.999
3000676inst1_gene_seq	GCF_963523455.1	0.75	1.0
3000676inst1_gene_seq	GCF_963526875.1	0.75	0.996
3000676inst1_gene_seq	GCF_030253455.1	0.75	1.0
3000676inst1_gene_seq	GCF_030552895.1	0.75	1.0
3000676inst1_gene_seq	GCF_031851455.1	0.75	0.999
3000676inst1_gene_seq	GCF_019047765.1	0.75	0.993
3000676inst1_gene_seq	GCF_027912575.1	0.75	0.998
3000676inst1_gene_seq	GCF_021172065.1	0.75	0.999
3000676inst1_gene_seq	GCF_023508125.1	0.75	0.998
3000676inst1_gene_seq	GCF_009734485.1	0.75	0.997
3000676inst1_gene_seq	GCF_019356415.1	0.75	1.0
3000676inst1_gene_seq	GCF_030236315.1	0.75	0.999
3000746inst1_gene_seq	GCF_032470315.1	0.958	1.0
3000800inst1_gene_seq	GCF_031844645.1	0.873	1.0
3000801inst1_gene_seq	GCF_031844645.1	0.873	1.0
3000815inst1_gene_seq	GCF_029667155.1	0.871	0.999
3000815inst1_gene_seq	GCF_030220105.1	0.871	0.998
3000815inst1_gene_seq	GCF_032464605.1	0.86	0.972
3000815inst1_gene_seq	GCF_032470315.1	0.989	1.0
3000838inst1_path_194_trimmed	GCF_029667155.1	0.75	0.994
3000838inst1_path_194_trimmed	GCF_030220105.1	0.734	0.988
3000838inst1_path_194_trimmed	GCF_032470315.1	0.969	1.0
3000838inst1_path_194_trimmed	GCF_032468335.1	0.594	0.958
3000839inst1_path_194_trimmed	GCF_029667155.1	0.75	0.994
3000839inst1_path_194_trimmed	GCF_030220105.1	0.734	0.988
3000839inst1_path_194_trimmed	GCF_032470315.1	0.969	1.0
3000839inst1_path_194_trimmed	GCF_032468335.1	0.594	0.958
3000858inst1_path_80_trimmed	GCF_019856235.1	1.0	0.971
3000858inst1_path_80_trimmed	GCF_026735415.2	1.0	0.964
3000858inst1_path_80_trimmed	GCF_032460765.1	0.857	0.997
3000858inst1_path_80_trimmed	GCF_030296995.1	1.0	0.998
3000858inst1_path_80_trimmed	GCF_032464185.1	1.0	0.966
3000858inst1_path_80_trimmed	GCF_031844645.1	1.0	0.993
3000858inst1_path_80_trimmed	GCF_032460805.1	0.714	0.995
3000873inst1_path_104_trimmed	GCF_002934425.1	0.714	0.948
3000873inst1_path_105	GCF_002935055.1	0.556	0.993
3000873inst1_path_105	GCF_005145025.1	0.556	0.934
3000873inst1_path_105	GCF_000943805.1	0.444	0.999
3000873inst1_path_142	GCF_032290465.1	0.778	0.991
3000873inst1_path_142	GCF_009734385.1	0.667	0.973
3000873inst1_path_142	GCF_029084745.1	0.556	1.0
3000873inst1_path_142	GCF_002787395.1	0.778	0.999
3000873inst1_path_142	GCF_025728255.1	0.444	0.99
3000873inst1_path_142	GCF_032484315.1	0.778	0.99
3000873inst1_path_18	GCF_003060865.1	0.6	1.0
3000873inst1_path_18	GCF_006742785.1	0.6	1.0
3000873inst1_path_18	GCF_031630315.1	0.6	1.0
3000873inst1_path_18	GCF_009734385.1	0.6	1.0
3000873inst1_path_18	GCF_027941835.1	0.6	0.999
3000873inst1_path_18	GCF_030285925.1	0.6	1.0
3000873inst1_path_18	GCF_031844645.1	0.6	1.0
3000873inst1_path_18	GCF_031236015.1	0.6	1.0
3000873inst1_path_18	GCF_015709435.1	0.6	1.0
3000873inst1_path_18	GCF_000299335.2	0.6	1.0
3000873inst1_path_18	GCF_011300685.1	0.6	1.0
3000873inst1_path_18	GCF_031570195.1	0.6	1.0
3000873inst1_path_18	GCF_032460975.1	0.6	1.0
3000873inst1_path_18	GCF_029836375.1	0.6	1.0
3000873inst1_path_18	GCF_002872475.1	0.6	1.0
3000873inst1_path_1	GCF_024730645.1	0.5	0.991
3000873inst1_path_1	GCF_030345985.1	0.5	0.991
3000873inst1_path_1	GCF_030582555.1	0.5	0.992
3000873inst1_path_1	GCF_014489535.1	0.5	0.994
3000873inst1_path_1	GCF_022807955.1	0.5	0.936
3000873inst1_path_1	GCF_001262075.1	0.5	0.992
3000873inst1_path_1	GCF_018437695.1	0.5	0.991
3000873inst1_path_1	GCF_030864135.1	0.5	0.99
3000873inst1_path_1	GCF_011388215.1	0.5	0.991
3000873inst1_path_24	GCF_031630315.1	0.615	1.0
3000873inst1_path_34	GCF_032337455.1	0.667	1.0
3001205inst1_path_10	GCF_021869625.1	0.75	1.0
3001205inst1_path_10	GCF_031611235.1	0.5	1.0
3001205inst1_path_10	GCF_026735415.2	0.625	0.989
3001205inst1_path_10	GCF_032301015.1	0.625	1.0
3001205inst1_path_10	GCF_030296995.1	0.625	0.991
3001205inst1_path_10	GCF_031921665.1	0.5	0.964
3001205inst1_path_10	GCF_001696615.3	1.0	0.987
3001205inst1_path_10	GCF_002787395.1	0.625	0.951
3001205inst1_path_10	GCF_031844645.1	0.75	0.991
3001205inst1_path_10	GCF_027891305.1	0.5	1.0
3001205inst1_path_10	GCF_031846145.1	0.5	1.0
3001205inst1_path_10	GCF_031570195.1	0.75	0.996
3001205inst1_path_10	GCF_032460805.1	0.75	1.0
3001396inst1_path_10	GCF_019856235.1	0.556	0.937
3001396inst1_path_10	GCF_031844645.1	0.556	0.98
3001396inst1_path_10	GCF_032490415.1	0.556	0.923
3001396inst1_path_13_trimmed	GCF_019856235.1	0.8	1.0
3001396inst1_path_13_trimmed	GCF_002787395.1	0.6	1.0
3001396inst1_path_13_trimmed	GCF_032490415.1	0.8	1.0
3001396inst1_path_13_trimmed	GCF_019056655.1	0.6	1.0
3001396inst1_path_13_trimmed	GCF_019046925.1	0.6	1.0
3001405inst1_path_153	GCF_019856235.1	0.5	0.995
3001405inst1_path_153	GCF_032464185.1	0.5	1.0
3001405inst1_path_153	GCF_032490415.1	0.5	0.994
3001405inst1_path_153	GCF_030344915.1	0.833	0.994
3001405inst1_path_17	GCF_029371965.1	0.571	0.99
3001405inst1_path_17	GCF_020911845.1	0.571	0.999
3001405inst1_path_17	GCF_031844645.1	0.571	1.0
3001416inst1_path_17	GCF_012844345.1	0.571	0.996
3001416inst1_path_17	GCF_020911845.1	0.571	0.928
3001416inst1_path_17	GCF_030064165.1	0.571	0.979
3001428inst1_path_17	GCF_012844345.1	0.571	0.996
3001428inst1_path_17	GCF_020911845.1	0.571	0.928
3001428inst1_path_17	GCF_030064165.1	0.571	0.979
3001784inst1_path_11	GCF_017068295.1	0.6	1.0
3001784inst1_path_11	GCF_017068255.1	0.6	1.0
3001784inst1_path_11	GCF_017656075.1	0.5	0.996
3001784inst1_path_11	GCF_002079265.1	0.5	0.999
3001784inst1_path_11	GCF_021441945.1	0.6	1.0
3001784inst1_path_11	GCF_016772255.1	0.5	0.992
3001784inst1_path_11	GCF_032423855.1	0.5	0.999
3001784inst1_path_11	GCF_026810085.1	0.5	0.992
3001784inst1_path_11	GCF_003008555.2	0.6	0.99
3001784inst1_path_11	GCF_024321955.1	0.5	1.0
3001784inst1_path_11	GCF_030506605.1	0.5	1.0
3001784inst1_path_11	GCF_003952445.1	0.6	0.96
3001784inst1_path_11	GCF_900105375.1	0.5	0.992
3001784inst1_path_11	GCF_019684995.1	0.6	0.961
3001784inst1_path_11	GCF_016598535.1	0.5	0.999
3001784inst1_path_11	GCF_017068395.1	0.5	0.996
3001784inst1_path_11	GCF_020809065.1	0.5	0.999
3001784inst1_path_11	GCF_000763325.2	0.5	1.0
3001784inst1_path_11	GCF_030126985.1	0.7	0.977
3001784inst1_path_11	GCF_030656675.1	0.5	0.992
3001784inst1_path_11	GCF_021800405.1	0.5	0.999
3001784inst1_path_11	GCF_024362245.1	0.5	1.0
3001784inst1_path_11	GCF_029714345.1	0.6	0.991
3001784inst1_path_11	GCF_017493175.3	0.6	0.991
3001784inst1_path_11	GCF_009707305.1	0.5	0.999
3001784inst1_path_11	GCF_030505055.1	0.6	1.0
3001784inst1_path_11	GCF_015654185.1	0.6	1.0
3001784inst1_path_11	GCF_030656875.1	0.5	0.999
3001784inst1_path_11	GCF_002831585.1	0.6	0.991
3001784inst1_path_11	GCF_002501585.1	0.5	0.999
3001784inst1_path_11	GCF_031454915.1	0.5	1.0
3001784inst1_path_11	GCF_009429145.1	0.6	0.995
3001784inst1_path_11	GCF_029958325.1	0.5	0.999
3001784inst1_path_11	GCF_004328705.1	0.5	0.999
3001784inst1_path_11	GCF_002814095.1	0.7	0.977
3001784inst1_path_11	GCF_016756615.1	0.6	0.991
3001784inst1_path_11	GCF_012272955.1	0.6	1.0
3001784inst1_path_11	GCF_015624485.1	0.6	0.991
3001784inst1_path_11	GCF_015291625.1	0.6	0.991
3001784inst1_path_11	GCF_015291565.1	0.6	0.991
3001784inst1_path_11	GCF_016807805.1	0.8	1.0
3001784inst1_path_11	GCF_030550835.1	0.6	1.0
3001784inst1_path_11	GCF_001700945.1	0.6	1.0
3001784inst1_path_11	GCF_011516665.3	0.6	0.992
3001784inst1_path_11	GCF_017068375.1	0.5	0.992
3001784inst1_path_11	GCF_015291305.1	0.6	0.991
3001784inst1_path_11	GCF_030916465.1	0.6	1.0
3001784inst1_path_11	GCF_009859915.1	0.5	0.996
3001784inst1_path_11	GCF_001682295.1	0.5	0.999
3001784inst1_path_11	GCF_030979975.1	0.5	1.0
3001784inst1_path_11	GCF_003860625.1	0.5	0.999
3001784inst1_path_11	GCF_016839145.1	0.5	0.951
3001784inst1_path_11	GCF_011516645.4	0.6	0.991
3001784inst1_path_11	GCF_020885655.1	0.5	1.0
3001784inst1_path_11	GCF_029457415.1	0.5	0.999
3001784inst1_path_11	GCF_029714545.1	0.6	0.991
3001784inst1_path_11	GCF_001886355.1	0.5	1.0
3001784inst1_path_11	GCF_023704055.1	0.6	1.0
3001784inst1_path_11	GCF_024137885.1	0.5	0.998
3001784inst1_path_11	GCF_021354605.1	0.5	0.999
3001784inst1_path_11	GCF_011058295.1	0.6	0.991
3001784inst1_path_11	GCF_017788805.1	0.6	0.991
3001784inst1_path_11	GCF_013348805.1	0.5	0.999
3001784inst1_path_11	GCF_030585205.1	0.6	0.991
3001784inst1_path_11	GCF_032086675.1	0.4	0.972
3001784inst1_path_11	GCF_016756635.1	0.6	0.991
3001784inst1_path_11	GCF_019378875.1	0.5	0.992
3001784inst1_path_11	GCF_913047685.1	0.7	0.988
3001784inst1_path_11	GCF_007558985.1	0.5	0.992
3001784inst1_path_11	GCF_001942025.1	0.5	0.999
3001784inst1_path_11	GCF_018343855.1	0.5	0.996
3001784inst1_path_11	GCF_029714405.1	0.6	0.985
3001784inst1_path_11	GCF_963517865.1	0.7	0.989
3001784inst1_path_11	GCF_000196235.1	0.5	0.998
3001784inst1_path_11	GCF_019317345.1	0.5	1.0
3001784inst1_path_11	GCF_019780065.1	0.6	0.961
3001784inst1_path_2	GCF_024730645.1	0.667	0.996
3001784inst1_path_2	GCF_030345985.1	0.667	0.996
3001784inst1_path_2	GCF_030582555.1	0.667	0.987
3001784inst1_path_2	GCF_003293715.1	0.5	1.0
3001784inst1_path_2	GCF_014489535.1	0.667	0.991
3001784inst1_path_2	GCF_022807955.1	0.667	0.924
3001784inst1_path_2	GCF_001262075.1	0.667	0.997
3001784inst1_path_2	GCF_003366075.1	0.667	0.91
3001784inst1_path_2	GCF_018437695.1	0.667	0.996
3001784inst1_path_2	GCF_015291765.1	0.667	1.0
3001784inst1_path_2	GCF_030149145.1	0.667	0.996
3001784inst1_path_2	GCF_011388215.1	0.667	0.996
3002068inst1_path_10	GCF_016807805.1	0.75	0.988
3002068inst1_path_12	GCF_001620265.1	0.857	1.0
3002068inst1_path_1	GCF_031630315.1	0.5	1.0
3002068inst1_path_1	GCF_019048725.1	1.0	1.0
3002068inst1_path_2	GCF_024730645.1	0.667	0.996
3002068inst1_path_2	GCF_030345985.1	0.667	0.996
3002068inst1_path_2	GCF_030582555.1	0.667	0.988
3002068inst1_path_2	GCF_003293715.1	0.5	1.0
3002068inst1_path_2	GCF_014489535.1	0.667	0.991
3002068inst1_path_2	GCF_022807955.1	0.667	0.924
3002068inst1_path_2	GCF_001262075.1	0.667	0.997
3002068inst1_path_2	GCF_003366075.1	0.667	0.91
3002068inst1_path_2	GCF_018437695.1	0.667	0.996
3002068inst1_path_2	GCF_015291765.1	0.667	1.0
3002068inst1_path_2	GCF_030149145.1	0.667	0.996
3002068inst1_path_2	GCF_011388215.1	0.667	0.996
3002312inst1_gene_seq	GCF_032252155.1	1.0	0.978
3002312inst1_gene_seq	GCF_030850085.1	1.0	0.977
3002312inst1_gene_seq	GCF_032290465.1	0.6	0.999
3002312inst1_gene_seq	GCF_030412785.1	0.6	0.99
3002312inst1_gene_seq	GCF_002902865.1	1.0	0.98
3002312inst1_gene_seq	GCF_014672695.1	0.6	0.999
3002312inst1_gene_seq	GCF_002934285.1	1.0	0.972
3002312inst1_gene_seq	GCF_032460975.1	1.0	0.978
3002312inst1_gene_seq	GCF_030419005.1	0.6	0.995
3002522inst1_path_11	GCF_008704495.1	0.8	0.996
3002522inst1_path_11	GCF_000177655.2	0.6	1.0
3002522inst1_path_11	GCF_001057055.1	0.6	0.999
3002522inst1_path_11	GCF_019880305.1	0.6	0.999
3002522inst1_path_11	GCF_003261055.1	0.8	0.995
3002522inst1_path_11	GCF_027497375.1	0.6	1.0
3002522inst1_path_11	GCF_026153355.1	0.6	1.0
3002522inst1_path_11	GCF_021535045.1	0.6	0.997
3002522inst1_path_11	GCF_900070355.1	0.6	0.998
3002522inst1_path_11	GCF_026340135.1	0.6	0.995
3002522inst1_path_11	GCF_014883915.1	0.6	1.0
3002522inst1_path_11	GCF_003258605.2	0.6	0.996
3002522inst1_path_11	GCF_006337125.1	0.6	0.997
3002522inst1_path_11	GCF_029906565.1	0.6	0.996
3002522inst1_path_11	GCF_017311125.1	0.6	0.995
3002522inst1_path_11	GCF_022647665.1	1.0	0.999
3002522inst1_path_11	GCF_009857135.1	0.6	0.999
3002522inst1_path_11	GCF_019599145.1	0.6	0.999
3002522inst1_path_11	GCF_015034585.1	0.6	1.0
3002522inst1_path_11	GCF_030518815.1	0.6	1.0
3002522inst1_path_11	GCF_020026305.1	0.8	0.995
3002522inst1_path_11	GCF_014764405.1	0.6	1.0
3002522inst1_path_11	GCF_003268535.2	0.6	1.0
3002522inst1_path_11	GCF_008704655.1	0.6	0.994
3002522inst1_path_11	GCF_016919685.1	0.6	0.998
3002522inst1_path_11	GCF_019048465.1	0.6	0.999
3002522inst1_path_11	GCF_018866325.1	0.6	0.992
3002522inst1_path_11	GCF_018326245.1	0.6	1.0
3002522inst1_path_11	GCF_029581235.1	0.6	0.999
3002522inst1_path_11	GCF_023373525.1	0.6	0.998
3002522inst1_path_11	GCF_031348265.1	0.8	1.0
3002522inst1_path_11	GCF_002078235.1	0.6	0.995
3002522inst1_path_11	GCF_009935825.1	0.6	0.997
3002522inst1_path_11	GCF_025643355.1	1.0	0.965
3002522inst1_path_11	GCF_021173675.1	0.8	0.995
3002522inst1_path_11	GCF_001865315.1	0.6	0.989
3002522inst1_path_11	GCF_020447105.2	0.6	0.997
3002522inst1_path_11	GCF_017569225.1	0.6	0.996
3002522inst1_path_11	GCF_948472415.1	0.6	0.998
3002522inst1_path_11	GCF_023716965.1	0.6	0.999
3002522inst1_path_11	GCF_021538875.1	0.6	0.995
3002522inst1_path_11	GCF_022221585.1	0.6	0.994
3002522inst1_path_11	GCF_024362365.1	0.6	1.0
3002522inst1_path_11	GCF_010994285.1	0.6	1.0
3002522inst1_path_11	GCF_005937995.2	0.6	1.0
3002522inst1_path_11	GCF_030863945.1	0.6	1.0
3002522inst1_path_11	GCF_028622875.1	0.6	0.995
3002522inst1_path_11	GCF_025957665.1	0.6	0.994
3002522inst1_path_11	GCF_003391095.1	0.6	0.999
3002522inst1_path_11	GCF_029395675.1	0.6	1.0
3002522inst1_path_11	GCF_000716965.1	0.6	0.998
3002522inst1_path_11	GCF_001735805.1	1.0	1.0
3002522inst1_path_11	GCF_013364235.1	0.6	0.997
3002522inst1_path_11	GCF_019380255.1	0.6	0.999
3002522inst1_path_11	GCF_023208015.1	0.6	1.0
3002522inst1_path_11	GCF_007833915.1	0.6	1.0
3002522inst1_path_11	GCF_024499195.1	0.6	0.994
3002522inst1_path_11	GCF_002094995.1	0.6	0.995
3002522inst1_path_11	GCF_026184235.1	0.6	0.999
3002522inst1_path_11	GCF_028768405.1	0.6	1.0
3002522inst1_path_11	GCF_024519175.1	0.6	0.996
3002522inst1_path_11	GCF_028583725.1	0.6	0.998
3002522inst1_path_11	GCF_007679945.1	0.6	0.996
3002522inst1_path_11	GCF_002216795.1	0.6	0.999
3002522inst1_path_11	GCF_023376055.1	0.6	0.996
3002522inst1_path_11	GCF_009832925.1	0.6	0.997
3002522inst1_path_11	GCF_014653855.1	0.8	0.998
3002522inst1_path_11	GCF_004000665.1	0.6	1.0
3002522inst1_path_11	GCF_026340175.1	0.6	0.996
3002522inst1_path_11	GCF_025665295.1	1.0	0.998
3002522inst1_path_11	GCF_023277965.1	0.6	0.996
3002522inst1_path_11	GCF_016756395.1	0.8	0.988
3002522inst1_path_11	GCF_019797765.1	0.6	0.998
3002522inst1_path_11	GCF_009184865.1	0.8	0.999
3002522inst1_path_11	GCF_025427835.1	0.8	1.0
3002522inst1_path_11	GCF_004023645.1	0.6	0.995
3002522inst1_path_11	GCF_017654605.1	0.6	0.996
3002522inst1_path_11	GCF_014216335.1	0.6	0.996
3002522inst1_path_11	GCF_023712135.1	0.6	0.996
3002522inst1_path_11	GCF_017599015.1	0.6	1.0
3002522inst1_path_11	GCF_945929885.1	0.6	0.997
3002522inst1_path_11	GCF_009720485.1	0.6	1.0
3002522inst1_path_11	GCF_030866705.1	0.6	0.999
3002522inst1_path_11	GCF_027270315.1	0.6	0.995
3002522inst1_path_11	GCF_002910775.2	0.6	0.996
3002522inst1_path_11	GCF_024181525.1	0.6	0.999
3002522inst1_path_11	GCF_013363625.1	0.6	0.998
3002522inst1_path_11	GCF_027497295.1	0.6	1.0
3002522inst1_path_11	GCF_016598615.1	0.6	0.996
3002522inst1_path_11	GCF_003856975.1	0.6	0.997
3002522inst1_path_11	GCF_030553055.1	0.6	0.996
3002522inst1_path_11	GCF_011300875.1	0.6	0.997
3002522inst1_path_11	GCF_005696555.1	0.6	0.996
3002522inst1_path_11	GCF_032085515.1	0.6	0.999
3002522inst1_path_11	GCF_001636945.2	1.0	0.995
3002522inst1_path_11	GCF_030286025.1	0.6	0.995
3002522inst1_path_11	GCF_030028615.1	0.6	0.995
3002522inst1_path_11	GCF_021491675.1	0.6	0.994
3002522inst1_path_11	GCF_026802215.1	0.6	0.998
3002522inst1_path_11	GCF_005860785.2	0.6	0.995
3002522inst1_path_11	GCF_025252265.1	0.6	1.0
3002522inst1_path_11	GCF_019175365.1	0.6	0.999
3002522inst1_path_11	GCF_020341595.1	0.6	0.995
3002522inst1_path_11	GCF_009846825.1	0.6	0.995
3002522inst1_path_11	GCF_002154375.1	0.8	0.998
3002522inst1_path_11	GCF_012273495.1	0.6	0.996
3002522inst1_path_11	GCF_017933235.1	0.6	0.998
3002522inst1_path_11	GCF_018388445.1	0.6	0.999
3002522inst1_path_11	GCF_003970715.1	0.6	1.0
3002522inst1_path_11	GCF_001750785.1	0.6	0.996
3002522inst1_path_11	GCF_002910725.2	0.6	0.995
3002522inst1_path_11	GCF_027497155.1	0.6	1.0
3002522inst1_path_11	GCF_025137375.1	0.6	0.999
3002522inst1_path_11	GCF_027497235.1	0.6	0.999
3002522inst1_path_11	GCF_001507315.1	0.6	1.0
3002522inst1_path_11	GCF_011383005.1	0.6	0.999
3002522inst1_path_11	GCF_000495755.1	0.6	0.994
3002522inst1_path_11	GCF_002090335.1	0.6	0.995
3002522inst1_path_11	GCF_030811425.1	0.6	0.999
3002522inst1_path_11	GCF_018316795.1	0.6	1.0
3002522inst1_path_11	GCF_007113505.2	0.8	0.996
3002522inst1_path_11	GCF_963424245.1	0.6	0.995
3002522inst1_path_11	GCF_017309995.1	0.6	0.997
3002522inst1_path_11	GCF_007113585.2	0.8	0.996
3002522inst1_path_11	GCF_012272695.1	0.6	0.994
3002522inst1_path_11	GCF_003675325.1	0.6	1.0
3002522inst1_path_11	GCF_963550835.1	0.6	0.999
3002522inst1_path_11	GCF_030296675.1	0.6	0.997
3002522inst1_path_11	GCF_011300215.1	0.6	0.996
3002522inst1_path_11	GCF_009025935.1	0.6	0.999
3002522inst1_path_11	GCF_900106055.1	0.6	0.999
3002522inst1_path_11	GCF_024612015.1	0.8	0.998
3002522inst1_path_11	GCF_008033115.1	0.6	0.996
3002522inst1_path_11	GCF_020881855.1	0.6	0.994
3002522inst1_path_11	GCF_012931845.1	0.6	0.999
3002522inst1_path_11	GCF_001598115.1	0.8	1.0
3002522inst1_path_11	GCF_029510815.1	0.6	1.0
3002522inst1_path_11	GCF_026342895.1	0.6	0.995
3002522inst1_path_11	GCF_023734115.1	0.6	0.999
3002522inst1_path_11	GCF_000495635.2	0.6	0.994
3002522inst1_path_11	GCF_018623035.1	0.6	0.999
3002522inst1_path_11	GCF_004526345.1	0.6	0.996
3002522inst1_path_11	GCF_024442315.1	0.8	0.999
3002522inst1_path_11	GCF_022385335.1	0.8	0.999
3002522inst1_path_11	GCF_002082195.1	0.6	0.996
3002522inst1_path_11	GCF_021049265.1	0.6	0.999
3002522inst1_path_11	GCF_023702105.1	0.6	0.999
3002522inst1_path_11	GCF_008761635.1	0.6	0.997
3002522inst1_path_11	GCF_018604545.1	0.8	0.999
3002522inst1_path_11	GCF_014205165.1	0.6	1.0
3002522inst1_path_11	GCF_030406405.1	0.6	0.995
3002522inst1_path_11	GCF_013401535.1	0.6	0.995
3002522inst1_path_11	GCF_024701375.2	0.6	0.995
3002522inst1_path_11	GCF_030644365.1	0.6	0.999
3002522inst1_path_11	GCF_900104525.1	0.6	0.995
3002522inst1_path_11	GCF_004803895.1	0.6	1.0
3002522inst1_path_11	GCF_001969445.1	0.6	0.999
3002522inst1_path_11	GCF_014108865.1	0.6	0.99
3002522inst1_path_11	GCF_015240065.1	0.6	0.996
3002522inst1_path_11	GCF_018324255.1	0.6	0.998
3002522inst1_path_11	GCF_014495705.1	0.6	0.996
3002522inst1_path_11	GCF_001632865.1	0.6	0.995
3002522inst1_path_11	GCF_006007965.1	0.6	0.995
3002522inst1_path_11	GCF_007113405.2	0.8	0.996
3002522inst1_path_11	GCF_004000195.1	0.6	0.999
3002522inst1_path_11	GCF_018437505.1	0.6	0.999
3002522inst1_path_11	GCF_014493605.1	0.6	0.998
3002522inst1_path_11	GCF_003627815.1	0.6	0.997
3002522inst1_path_11	GCF_026344195.1	0.6	0.995
3002522inst1_path_11	GCF_028870195.1	0.6	0.994
3002522inst1_path_11	GCF_013184985.2	0.6	0.995
3002522inst1_path_11	GCF_009834105.1	0.6	0.995
3002522inst1_path_11	GCF_006333825.1	0.6	0.995
3002522inst1_path_11	GCF_016889285.1	0.6	0.994
3002522inst1_path_11	GCF_015160875.1	0.8	0.999
3002522inst1_path_11	GCF_014650375.1	0.6	0.996
3002522inst1_path_11	GCF_027497275.1	0.6	1.0
3002522inst1_path_11	GCF_003408515.1	0.6	1.0
3002522inst1_path_11	GCF_031845765.1	0.6	0.994
3002522inst1_path_11	GCF_011751035.2	0.6	0.998
3002522inst1_path_11	GCF_015711475.1	0.6	1.0
3002522inst1_path_11	GCF_002009175.1	0.6	0.997
3002522inst1_path_11	GCF_026239535.1	1.0	0.998
3002522inst1_path_11	GCF_010384365.1	0.6	0.997
3002522inst1_path_11	GCF_029581435.1	0.6	1.0
3002522inst1_path_11	GCF_021049285.1	0.6	0.999
3002522inst1_path_11	GCF_019397265.1	0.6	0.999
3002522inst1_path_11	GCF_011193355.1	0.8	0.996
3002522inst1_path_11	GCF_017933255.1	0.6	0.997
3002522inst1_path_11	GCF_028752555.1	0.6	0.997
3002522inst1_path_11	GCF_001611795.1	0.8	0.999
3002522inst1_path_11	GCF_029866785.1	0.6	0.996
3002522inst1_path_11	GCF_011650445.1	0.6	0.995
3002522inst1_path_11	GCF_019703895.1	0.8	0.996
3002522inst1_path_11	GCF_002407185.1	0.6	0.999
3002522inst1_path_11	GCF_030845235.1	0.8	0.995
3002522inst1_path_11	GCF_000280865.2	0.6	0.999
3002522inst1_path_11	GCF_021117365.1	0.6	1.0
3002522inst1_path_11	GCF_003574835.2	0.6	1.0
3002522inst1_path_11	GCF_026168105.1	0.8	0.998
3002522inst1_path_11	GCF_024448175.1	0.6	0.995
3002522inst1_path_11	GCF_026153095.1	0.6	0.991
3002522inst1_path_11	GCF_029167645.1	0.6	0.995
3002522inst1_path_11	GCF_016598575.1	0.6	0.999
3002522inst1_path_11	GCF_012275145.1	0.8	0.998
3002522inst1_path_11	GCF_030294945.1	0.8	1.0
3002522inst1_path_11	GCF_016623465.1	0.6	0.998
3002522inst1_path_11	GCF_029760955.1	0.6	0.995
3002522inst1_path_11	GCF_014217915.1	0.6	0.997
3002522inst1_path_11	GCF_016860545.1	0.6	0.995
3002522inst1_path_11	GCF_007096345.1	0.6	0.999
3002522inst1_path_11	GCF_029961765.1	0.6	0.992
3002522inst1_path_11	GCF_028747205.1	0.6	0.991
3002522inst1_path_11	GCF_001685415.1	0.6	1.0
3002522inst1_path_11	GCF_024442335.1	0.8	0.999
3002522inst1_path_11	GCF_027627435.1	0.6	0.996
3002522inst1_path_11	GCF_027478735.1	0.6	0.997
3002522inst1_path_11	GCF_028736035.1	0.6	0.999
3002522inst1_path_11	GCF_013364215.1	0.6	1.0
3002522inst1_path_11	GCF_029542005.1	0.6	0.996
3002522inst1_path_11	GCF_022759525.1	0.6	0.997
3002522inst1_path_11	GCF_014649315.1	0.6	0.999
3002522inst1_path_11	GCF_024508335.1	0.6	0.999
3002522inst1_path_11	GCF_023498005.1	0.6	0.995
3002522inst1_path_11	GCF_003030385.1	0.6	1.0
3002522inst1_path_11	GCF_003994295.1	0.6	0.998
3002522inst1_path_11	GCF_018316655.1	0.6	1.0
3002522inst1_path_11	GCF_900105925.1	0.6	1.0
3002522inst1_path_11	GCF_026626005.1	0.6	0.995
3002522inst1_path_11	GCF_904440645.1	0.6	0.994
3002522inst1_path_11	GCF_008843165.1	0.6	0.997
3002522inst1_path_11	GCF_024584805.1	0.6	0.999
3002522inst1_path_11	GCF_031178535.1	0.6	0.995
3002522inst1_path_11	GCF_030291795.1	0.8	1.0
3002522inst1_path_11	GCF_016598775.1	0.6	1.0
3002522inst1_path_11	GCF_004322855.1	0.6	0.999
3002522inst1_path_11	GCF_027497335.1	0.6	1.0
3002522inst1_path_11	GCF_003074035.1	0.6	0.999
3002522inst1_path_11	GCF_018326265.1	0.6	0.992
3002522inst1_path_11	GCF_020616555.1	1.0	0.946
3002522inst1_path_11	GCF_900090295.1	0.6	1.0
3002522inst1_path_11	GCF_900090265.1	0.6	1.0
3002522inst1_path_11	GCF_018069625.1	0.8	1.0
3002522inst1_path_11	GCF_014650835.1	0.6	0.995
3002522inst1_path_11	GCF_030253495.1	0.6	0.997
3002522inst1_path_11	GCF_028993575.1	0.6	1.0
3002522inst1_path_11	GCF_003351765.1	0.6	0.999
3002522inst1_path_11	GCF_024612035.1	0.6	0.998
3002522inst1_path_11	GCF_011420305.2	0.6	0.995
3002522inst1_path_11	GCF_020736445.1	0.6	0.999
3002522inst1_path_11	GCF_027497255.1	0.6	1.0
3002522inst1_path_11	GCF_007113525.2	0.8	0.996
3002522inst1_path_11	GCF_022026295.1	0.6	0.995
3002522inst1_path_11	GCF_016031615.1	0.8	0.996
3002522inst1_path_11	GCF_904440635.1	0.6	0.994
3002522inst1_path_11	GCF_013364175.1	0.6	0.999
3002522inst1_path_11	GCF_003606385.1	0.6	0.994
3002522inst1_path_11	GCF_022827705.1	0.6	0.996
3002522inst1_path_11	GCF_026642255.1	0.6	1.0
3002522inst1_path_11	GCF_028473745.1	0.6	0.999
3002522inst1_path_11	GCF_021545335.1	0.6	0.997
3002522inst1_path_11	GCF_014650315.1	0.6	0.999
3002522inst1_path_11	GCF_007113445.1	0.8	0.996
3002522inst1_path_11	GCF_004104505.1	1.0	0.995
3002522inst1_path_11	GCF_012273535.1	0.6	0.996
3002522inst1_path_11	GCF_016803985.1	0.6	0.995
3002522inst1_path_11	GCF_900129855.1	0.6	0.994
3002522inst1_path_11	GCF_963534975.1	0.6	1.0
3002522inst1_path_11	GCF_024662375.1	0.6	0.99
3002522inst1_path_11	GCF_007113565.2	0.8	0.996
3002522inst1_path_11	GCF_024508275.1	0.6	0.999
3002522inst1_path_11	GCF_030296575.1	0.6	0.999
3002522inst1_path_11	GCF_017933115.1	0.6	0.997
3002522inst1_path_11	GCF_027626975.1	0.6	0.994
3002522inst1_path_11	GCF_030027225.1	0.6	0.996
3002522inst1_path_11	GCF_030296655.1	0.6	1.0
3002522inst1_path_11	GCF_900105395.1	0.6	0.997
3002522inst1_path_11	GCF_001040905.1	0.8	0.996
3002522inst1_path_11	GCF_003945525.1	0.8	0.999
3002522inst1_path_11	GCF_020535385.1	0.6	0.994
3002522inst1_path_11	GCF_014400405.1	0.6	0.994
3002522inst1_path_11	GCF_017874495.1	0.8	1.0
3002522inst1_path_11	GCF_030814735.1	0.6	0.999
3002522inst1_path_11	GCF_014852565.2	0.8	0.998
3002522inst1_path_11	GCF_011290345.1	1.0	0.997
3002522inst1_path_11	GCF_022869105.1	0.8	0.998
3002522inst1_path_11	GCF_004798685.1	0.6	1.0
3002522inst1_path_11	GCF_014960965.1	0.6	0.999
3002522inst1_path_11	GCF_024701555.1	0.6	0.998
3002522inst1_path_11	GCF_021441825.1	1.0	0.994
3002522inst1_path_11	GCF_020640855.1	0.6	0.995
3002522inst1_path_11	GCF_014083985.1	0.6	1.0
3002522inst1_path_11	GCF_029581215.1	0.6	0.999
3002522inst1_path_11	GCF_026651955.1	0.8	0.998
3002522inst1_path_11	GCF_013364275.1	0.6	1.0
3002522inst1_path_11	GCF_013466785.1	0.6	0.999
3002522inst1_path_11	GCF_025150725.1	0.6	0.998
3002522inst1_path_11	GCF_021165735.1	0.6	1.0
3002522inst1_path_11	GCF_018388425.1	0.6	0.99
3002522inst1_path_11	GCF_900221035.1	0.6	0.999
3002522inst1_path_11	GCF_009834025.1	0.6	0.995
3002522inst1_path_11	GCF_032101525.1	0.6	0.996
3002522inst1_path_11	GCF_013201035.1	0.6	0.997
3002522inst1_path_11	GCF_900104745.1	0.6	0.994
3002522inst1_path_11	GCF_017358145.1	0.6	0.995
3002522inst1_path_11	GCF_021665875.1	0.8	0.998
3002522inst1_path_11	GCF_007113665.2	0.8	0.996
3002522inst1_path_11	GCF_002263495.1	0.6	1.0
3002522inst1_path_11	GCF_013211575.1	0.6	1.0
3002522inst1_path_11	GCF_030345275.1	0.6	0.995
3002522inst1_path_11	GCF_004322775.1	0.6	0.996
3002522inst1_path_11	GCF_025402955.1	0.8	0.997
3002522inst1_path_11	GCF_900089605.1	0.6	1.0
3002522inst1_path_11	GCF_029581315.1	0.6	1.0
3002522inst1_path_11	GCF_014646175.1	0.6	0.999
3002522inst1_path_11	GCF_024349025.1	0.6	0.999
3002522inst1_path_11	GCF_000931445.1	0.6	1.0
3002522inst1_path_11	GCF_029581295.1	0.6	1.0
3002522inst1_path_11	GCF_000494755.1	0.6	0.988
3002522inst1_path_11	GCF_000725815.1	0.6	1.0
3002522inst1_path_11	GCF_947493785.1	0.6	1.0
3002522inst1_path_11	GCF_900105445.1	0.6	0.999
3002522inst1_path_11	GCF_005954645.2	0.6	0.997
3002522inst1_path_11	GCF_022919075.1	0.6	1.0
3002522inst1_path_11	GCF_000389985.1	0.6	0.994
3002522inst1_path_11	GCF_011038885.2	0.6	0.999
3002522inst1_path_11	GCF_008079355.1	0.6	1.0
3002522inst1_path_11	GCF_022220465.1	0.6	0.997
3002522inst1_path_11	GCF_029167585.1	0.6	0.999
3002522inst1_path_11	GCF_006547145.1	0.6	1.0
3002522inst1_path_11	GCF_009708005.2	0.6	1.0
3002522inst1_path_11	GCF_018388465.1	0.6	0.997
3002522inst1_path_11	GCF_008001015.1	0.6	1.0
3002522inst1_path_11	GCF_030816745.1	0.6	0.996
3002522inst1_path_11	GCF_003963535.1	0.6	0.996
3002522inst1_path_11	GCF_022695635.1	0.6	0.995
3002522inst1_path_11	GCF_015710995.1	0.6	0.999
3002522inst1_path_11	GCF_019287315.1	0.6	0.994
3002522inst1_path_11	GCF_008107605.1	0.6	0.996
3002522inst1_path_11	GCF_003173275.1	0.6	0.995
3002522inst1_path_11	GCF_022759505.1	0.6	0.999
3002522inst1_path_11	GCF_024600715.1	0.6	0.996
3002522inst1_path_11	GCF_020740535.1	0.6	0.993
3002522inst1_path_11	GCF_023716005.1	0.6	0.994
3002522inst1_path_11	GCF_014302635.1	0.6	0.995
3002522inst1_path_11	GCF_016804005.1	0.6	0.996
3002522inst1_path_11	GCF_001072465.1	0.6	0.999
3002522inst1_path_11	GCF_023168385.1	0.6	0.995
3002522inst1_path_11	GCF_008704445.1	0.6	0.995
3002522inst1_path_11	GCF_002285795.1	0.6	0.992
3002522inst1_path_11	GCF_002832675.1	0.6	0.995
3002522inst1_path_11	GCF_009557055.1	0.6	0.997
3002522inst1_path_11	GCF_014649555.1	0.6	0.994
3002522inst1_path_11	GCF_023614235.1	0.6	0.995
3002522inst1_path_11	GCF_027497495.1	0.6	0.996
3002522inst1_path_11	GCF_009660225.1	0.6	0.999
3002522inst1_path_11	GCF_005406005.1	0.8	0.998
3002522inst1_path_11	GCF_030506255.1	0.6	1.0
3002522inst1_path_11	GCF_013394065.1	0.6	0.996
3002522inst1_path_11	GCF_003589885.1	0.6	0.994
3002522inst1_path_11	GCF_017979945.1	0.6	0.994
3002522inst1_path_11	GCF_023923245.1	0.8	0.995
3002522inst1_path_11	GCF_004323735.1	0.6	1.0
3002522inst1_path_11	GCF_030406865.1	0.6	0.996
3002522inst1_path_11	GCF_028446585.1	0.6	0.997
3002522inst1_path_11	GCF_029167005.1	0.8	0.997
3002522inst1_path_11	GCF_002688545.1	0.6	1.0
3002522inst1_path_11	GCF_019598965.1	0.6	1.0
3002522inst1_path_11	GCF_028198125.1	0.6	0.999
3002522inst1_path_11	GCF_024757985.1	0.6	0.999
3002522inst1_path_11	GCF_024349165.1	0.6	0.997
3002522inst1_path_11	GCF_003203775.1	0.6	1.0
3002522inst1_path_11	GCF_007113465.1	0.8	0.996
3002522inst1_path_11	GCF_006494815.1	0.6	0.988
3002522inst1_path_11	GCF_011046535.1	0.6	1.0
3002522inst1_path_11	GCF_023210535.1	0.6	0.995
3002522inst1_path_11	GCF_014042015.1	0.6	0.998
3002522inst1_path_11	GCF_027497355.1	0.6	1.0
3002522inst1_path_11	GCF_000024025.1	0.6	0.997
3002522inst1_path_11	GCF_020783635.1	0.6	0.999
3002522inst1_path_11	GCF_017352335.1	0.6	0.999
3002522inst1_path_11	GCF_003122345.2	0.6	0.996
3002522inst1_path_11	GCF_001064145.1	0.6	0.999
3002522inst1_path_11	GCF_025725725.1	0.6	0.997
3002522inst1_path_11	GCF_030930975.1	0.6	0.995
3002522inst1_path_11	GCF_030506235.1	0.6	0.996
3002522inst1_path_11	GCF_003030345.1	0.6	1.0
3002522inst1_path_11	GCF_030490905.1	0.6	0.995
3002522inst1_path_11	GCF_900105175.1	0.6	1.0
3002522inst1_path_11	GCF_014489635.1	0.6	1.0
3002522inst1_path_11	GCF_030053835.1	0.6	0.998
3002522inst1_path_11	GCF_028993595.1	0.6	1.0
3002522inst1_path_11	GCF_030803725.1	0.6	0.996
3002522inst1_path_11	GCF_007856155.1	0.6	0.999
3002522inst1_path_11	GCF_025642135.1	0.6	0.998
3002522inst1_path_11	GCF_028765365.1	0.6	0.997
3002522inst1_path_11	GCF_017310035.1	0.6	0.996
3002522inst1_path_11	GCF_019448235.1	0.6	0.993
3002525inst1_path_1	GCF_008329645.1	0.714	0.942
3002525inst1_path_1	GCF_025821765.1	0.857	0.992
3002525inst1_path_1	GCF_025821345.1	0.714	0.936
3002525inst1_path_1	GCF_025822105.1	0.714	0.978
3002525inst1_path_1	GCF_022374935.2	1.0	1.0
3002525inst1_path_1	GCF_963378095.1	0.714	0.975
3002525inst1_path_1	GCF_025821605.1	1.0	1.0
3002525inst1_path_1	GCF_002356335.1	0.571	0.975
3002525inst1_path_1	GCF_020181635.1	0.857	0.999
3002525inst1_path_1	GCF_001644575.1	0.714	0.946
3002525inst1_path_1	GCF_025821405.1	0.857	1.0
3002525inst1_path_1	GCF_022374895.2	0.857	0.99
3002525inst1_path_1	GCF_019739095.1	0.857	0.994
3002525inst1_path_1	GCF_025821785.1	0.857	0.991
3002525inst1_path_1	GCF_025821825.1	0.857	0.99
3002525inst1_path_1	GCF_001984215.1	0.714	0.944
3002525inst1_path_1	GCF_025821305.1	0.857	0.992
3002525inst1_path_1	GCF_003253775.1	0.714	0.994
3002525inst1_path_1	GCF_029222015.1	0.857	0.994
3002525inst1_path_1	GCF_010725485.1	0.714	0.933
3002525inst1_path_1	GCF_020181615.1	1.0	1.0
3002525inst1_path_1	GCF_025822285.1	1.0	0.983
3002525inst1_path_1	GCF_000262165.1	0.714	0.999
3002525inst1_path_1	GCF_025822625.1	0.714	0.942
3002525inst1_path_1	GCF_018326145.1	0.714	0.94
3002525inst1_path_1	GCF_030412725.1	0.571	0.975
3002525inst1_path_1	GCF_025822825.1	0.857	1.0
3002525inst1_path_1	GCF_022374915.2	0.714	1.0
3002525inst1_path_1	GCF_000328565.1	0.857	0.997
3002525inst1_path_1	GCF_025822985.1	0.714	0.997
3002525inst1_path_1	GCF_025823155.1	0.714	0.999
3002525inst1_path_1	GCF_025823345.1	0.857	0.993
3002525inst1_path_1	GCF_900453455.1	0.714	0.846
3002525inst1_path_1	GCF_025823225.1	0.714	0.942
3002525inst1_path_1	GCF_010731575.1	0.857	0.99
3002525inst1_path_1	GCF_000975265.2	0.571	1.0
3002525inst1_path_1	GCF_003515645.1	0.857	0.999
3002525inst1_path_1	GCF_020181595.1	0.857	0.999
3002525inst1_path_1	GCF_018278905.1	0.857	0.966
3002525inst1_path_1	GCF_025822645.1	0.714	0.999
3002525inst1_path_1	GCF_001722355.1	0.571	0.957
3002525inst1_path_1	GCF_025821905.1	0.857	0.973
3002525inst1_path_1	GCF_022374875.2	0.714	0.847
3002525inst1_path_1	GCF_030417635.1	0.857	0.993
3002525inst1_path_1	GCF_030342225.1	0.714	0.999
3002525inst1_path_1	GCF_918429175.1	1.0	1.0
3002525inst1_path_1	GCF_025821505.1	0.857	1.0
3002525inst1_path_1	GCF_025822805.1	0.571	0.987
3002525inst1_path_1	GCF_002157835.1	0.857	0.993
3002525inst1_path_1	GCF_023218095.1	0.714	1.0
3002525inst1_path_1	GCF_031626455.1	1.0	1.0
3002525inst1_path_1	GCF_030518135.1	0.714	0.949
3002525inst1_path_1	GCF_030295745.1	0.714	0.945
3002525inst1_path_1	GCF_019456675.1	0.571	0.988
3002525inst1_path_1	GCF_020172665.1	0.857	0.999
3002525inst1_path_1	GCF_020520165.1	0.714	0.939
3002525inst1_path_1	GCF_900292015.1	0.857	1.0
3002525inst1_path_1	GCF_010726505.1	1.0	1.0
3002525inst1_path_1	GCF_025263265.1	0.571	0.965
3002525inst1_path_1	GCF_025822185.1	0.714	0.945
3002525inst1_path_1	GCF_025822925.1	0.714	0.972
3002525inst1_path_1	GCF_029270025.1	0.857	0.993
3002525inst1_path_1	GCF_031626215.1	0.714	0.999
3002525inst1_path_1	GCF_025823005.1	0.571	0.964
3002525inst1_path_1	GCF_022179425.1	0.857	0.966
3002525inst1_path_1	GCF_025263565.1	0.714	0.929
3002525inst1_path_1	GCF_011694515.1	0.571	0.985
3002525inst1_path_1	GCF_026723865.1	0.857	0.989
3002525inst1_path_1	GCF_030342325.1	0.571	0.975
3002525inst1_path_1	GCF_022317005.1	0.714	0.945
3002525inst1_path_1	GCF_025821705.1	0.714	0.942
3002525inst1_path_1	GCF_010726765.1	0.714	0.944
3002525inst1_path_1	GCF_022558505.1	0.857	1.0
3002525inst1_path_1	GCF_025822025.1	0.857	0.969
3002525inst1_path_1	GCF_030755195.1	0.857	0.974
3002525inst1_path_1	GCF_025822465.1	0.857	0.989
3002525inst1_path_1	GCF_030252325.1	0.571	1.0
3002525inst1_path_1	GCF_018326285.1	0.714	0.94
3002525inst1_path_1	GCF_025821805.1	0.714	0.934
3002525inst1_path_1	GCF_025822965.1	0.857	0.999
3002525inst1_path_1	GCF_026012555.1	0.714	1.0
3002525inst1_path_1	GCF_022557175.1	0.714	0.944
3002525inst1_path_1	GCF_900108565.1	0.714	0.945
3002525inst1_path_1	GCF_001021485.1	0.857	0.998
3002525inst1_path_1	GCF_019456695.2	0.857	1.0
3002525inst1_path_1	GCF_001021385.1	0.571	0.987
3002525inst1_path_1	GCF_013466425.1	0.857	0.967
3002525inst1_path_1	GCF_025822365.1	0.857	0.994
3002525inst1_path_1	GCF_030417435.1	0.857	0.989
3002525inst1_path_1	GCF_029854255.1	0.714	0.936
3002525inst1_path_1	GCF_010731855.1	0.571	0.985
3002525inst1_path_1	GCF_026625985.1	0.857	0.99
3002525inst1_path_1	GCF_025821425.1	1.0	1.0
3002525inst1_path_1	GCF_004924335.1	0.571	0.975
3002525inst1_path_1	GCF_025822215.1	0.571	0.987
3002525inst1_path_1	GCF_019686115.1	0.571	0.99
3002525inst1_path_1	GCF_003855255.1	0.857	0.993
3002525inst1_path_1	GCF_029025245.1	0.571	0.975
3002525inst1_path_1	GCF_030418225.1	0.714	0.937
3002525inst1_path_1	GCF_030486405.1	0.857	0.994
3002525inst1_path_1	GCF_011745145.1	0.857	0.994
3002525inst1_path_1	GCF_023515995.1	0.857	0.789
3002525inst1_path_1	GCF_025823075.1	0.714	0.944
3002525inst1_path_1	GCF_025821885.1	0.571	0.96
3002525inst1_path_1	GCF_010731895.1	0.571	0.987
3002525inst1_path_1	GCF_015710575.1	0.714	0.934
3002525inst1_path_1	GCF_000026445.2	0.857	1.0
3002525inst1_path_1	GCF_024652765.1	0.714	0.943
3002525inst1_path_1	GCF_019645815.1	1.0	1.0
3002525inst1_path_1	GCF_019668465.1	0.714	0.999
3002525inst1_path_1	GCF_025822385.1	0.714	0.944
3002525inst1_path_1	GCF_025821645.1	1.0	1.0
3002525inst1_path_1	GCF_022430545.2	0.571	1.0
3002525inst1_path_1	GCF_963378105.1	1.0	1.0
3002525inst1_path_1	GCF_025821735.1	1.0	1.0
3002525inst1_path_1	GCF_016313185.1	0.714	0.95
3002525inst1_path_1	GCF_025822845.1	0.714	0.976
3002525inst1_path_1	GCF_022340085.1	0.714	0.999
3002525inst1_path_1	GCF_950074805.1	0.714	0.94
3002525inst1_path_1	GCF_963378075.1	1.0	0.995
3002525inst1_path_1	GCF_025823355.1	0.714	0.999
3002525inst1_path_1	GCF_020218005.1	0.714	0.999
3002525inst1_path_1	GCF_002086715.1	0.571	0.975
3002525inst1_path_1	GCF_028451225.2	0.857	1.0
3002525inst1_path_1	GCF_020172685.1	1.0	1.0
3002525inst1_path_1	GCF_025822085.1	0.714	0.941
3002525inst1_path_1	GCF_025821945.1	0.857	1.0
3002525inst1_path_1	GCF_025822535.1	0.857	0.984
3002525inst1_path_1	GCF_025822435.1	0.571	0.988
3002525inst1_path_1	GCF_022558525.1	0.857	0.993
3002525inst1_path_1	GCF_025821725.1	0.714	0.974
3002525inst1_path_1	GCF_025822715.1	0.857	1.0
3002525inst1_path_1	GCF_010731875.1	0.571	0.987
3002525inst1_path_1	GCF_025263485.1	0.714	0.999
3002525inst1_path_1	GCF_001673565.1	1.0	1.0
3002525inst1_path_1	GCF_021183865.1	0.857	1.0
3002525inst1_path_1	GCF_025822585.1	0.714	0.999
3002525inst1_path_1	GCF_031458155.1	0.857	0.994
3002525inst1_path_1	GCF_031599035.1	0.714	0.935
3002525inst1_path_1	GCF_026501225.1	0.714	0.937
3002525inst1_path_1	GCF_025822005.1	1.0	1.0
3002525inst1_path_1	GCF_008329905.1	0.571	0.988
3002525inst1_path_1	GCF_001655245.1	0.714	0.935
3002525inst1_path_1	GCF_030323745.1	1.0	1.0
3002525inst1_path_1	GCF_021183725.1	0.857	1.0
3002525inst1_path_1	GCF_030296355.1	0.857	0.993
3002525inst1_path_1	GCF_029675005.1	0.714	0.945
3002525inst1_path_1	GCF_027854205.1	0.571	1.0
3002525inst1_path_1	GCF_025823305.1	0.857	0.991
3002525inst1_path_1	GCF_030499155.1	0.714	0.944
3002563inst1_gene_seq	GCF_019880305.1	0.571	0.991
3002563inst1_gene_seq	GCF_026153355.1	0.571	0.99
3002563inst1_gene_seq	GCF_022221585.1	0.5	0.985
3002563inst1_gene_seq	GCF_026340175.1	0.714	0.967
3002563inst1_gene_seq	GCF_025665295.1	0.857	1.0
3002563inst1_gene_seq	GCF_025252265.1	0.643	0.886
3002563inst1_gene_seq	GCF_012273495.1	0.786	0.962
3002563inst1_gene_seq	GCF_023702105.1	0.5	0.996
3002563inst1_gene_seq	GCF_026344195.1	0.714	0.994
3002563inst1_gene_seq	GCF_028870195.1	0.714	0.994
3002563inst1_gene_seq	GCF_026239535.1	0.857	1.0
3002563inst1_gene_seq	GCF_000280865.2	0.571	0.892
3002563inst1_gene_seq	GCF_027626975.1	0.714	0.994
3002563inst1_gene_seq	GCF_011290345.1	0.857	1.0
3002563inst1_gene_seq	GCF_900221035.1	0.571	0.891
3002563inst1_gene_seq	GCF_003173275.1	0.643	0.903
3002563inst1_gene_seq	GCF_027497495.1	0.643	0.998
3002563inst1_gene_seq	GCF_030406865.1	0.786	0.962
3002576inst1_path_101	GCF_012844345.1	0.6	0.995
3002576inst1_path_101	GCF_013305685.1	0.6	1.0
3002576inst1_path_134	GCF_004010755.1	0.667	0.997
3002576inst1_path_134	GCF_002902865.1	0.5	0.997
3002576inst1_path_134	GCF_002903405.1	0.5	0.997
3002576inst1_path_134	GCF_019048665.1	0.5	0.997
3002576inst1_path_134	GCF_019046925.1	0.5	0.997
3002576inst1_path_134	GCF_032337455.1	0.667	0.996
3002576inst1_path_48_trimmed	GCF_031844645.1	1.0	1.0
3002581inst1_path_103	GCF_030296995.1	0.6	0.993
3002581inst1_path_103	GCF_032464185.1	0.6	1.0
3002581inst1_path_103	GCF_013305685.1	0.6	0.995
3002581inst1_path_112	GCF_029542345.1	0.5	0.993
3002581inst1_path_112	GCF_032484315.1	0.5	0.992
3002581inst1_path_188	GCF_019856235.1	0.667	1.0
3002581inst1_path_188	GCF_031921665.1	0.5	1.0
3002581inst1_path_188	GCF_002787395.1	0.5	1.0
3002581inst1_path_188	GCF_032490415.1	0.667	1.0
3002581inst1_path_188	GCF_019056655.1	0.5	1.0
3002581inst1_path_188	GCF_019046925.1	0.5	1.0
3002581inst1_path_215	GCF_029542345.1	0.714	0.951
3002581inst1_path_215	GCF_032484315.1	0.571	0.994
3002581inst1_path_94_trimmed	GCF_031844645.1	1.0	1.0
3002594inst1_path_10	GCF_007633355.1	0.6	1.0
3002594inst1_path_10	GCF_002934425.1	0.6	1.0
3002594inst1_path_10	GCF_030296995.1	0.6	1.0
3002594inst1_path_10	GCF_029371965.1	0.8	0.99
3002594inst1_path_10	GCF_020911845.1	0.8	0.999
3002594inst1_path_10	GCF_013305665.1	0.6	1.0
3002594inst1_path_10	GCF_032464185.1	0.6	0.988
3002594inst1_path_10	GCF_031844645.1	0.8	1.0
3002594inst1_path_10	GCF_029104455.1	0.6	0.997
3002594inst1_path_10	GCF_030344915.1	0.6	1.0
3002594inst1_path_10	GCF_021650935.1	0.6	0.997
3002601inst1_path_226	GCF_030411935.1	0.6	1.0
3002601inst1_path_226	GCF_031630315.1	0.4	0.97
3002601inst1_path_226	GCF_031570195.1	0.4	0.97
3002601inst1_path_226	GCF_032460975.1	0.4	0.97
3002601inst1_path_226	GCF_003008575.1	0.5	0.999
3002601inst1_path_230_trimmed	GCF_032484315.1	0.75	0.993
3002602inst1_path_68	GCF_012844345.1	0.5	0.996
3002602inst1_path_68	GCF_030064165.1	0.5	0.99
3002602inst1_path_68	GCF_013305685.1	0.5	1.0
3002602inst1_path_89_trimmed	GCF_029371965.1	0.75	0.999
3002603inst1_path_41_trimmed	GCF_029371965.1	0.75	0.999
3002603inst1_path_63	GCF_012844345.1	0.5	0.996
3002603inst1_path_63	GCF_030064165.1	0.5	0.99
3002603inst1_path_63	GCF_013305685.1	0.5	1.0
3002606inst1_path_18	GCF_032337455.1	0.857	1.0
3002606inst1_path_199	GCF_032248775.1	0.5	1.0
3002606inst1_path_199	GCF_004010755.1	0.5	1.0
3002606inst1_path_199	GCF_030296995.1	0.5	1.0
3002606inst1_path_199	GCF_032464185.1	0.5	1.0
3002606inst1_path_199	GCF_032337455.1	0.7	0.997
3002606inst1_path_212	GCF_032301015.1	0.5	1.0
3002606inst1_path_212	GCF_031630315.1	0.6	1.0
3002606inst1_path_212	GCF_031570195.1	0.4	1.0
3002606inst1_path_212	GCF_032460975.1	0.6	1.0
3002606inst1_path_212	GCF_003008575.1	0.5	0.999
3002606inst1_path_275	GCF_032248775.1	0.5	0.999
3002606inst1_path_275	GCF_029542345.1	0.667	0.925
3002606inst1_path_275	GCF_900343145.1	0.5	0.997
3002606inst1_path_307	GCF_002934425.1	0.5	1.0
3002606inst1_path_307	GCF_031844645.1	0.833	0.996
3002606inst1_path_307	GCF_029104455.1	0.5	0.997
3002606inst1_path_307	GCF_029542345.1	0.667	0.95
3002606inst1_path_438	GCF_032248775.1	0.667	0.967
3002606inst1_path_438	GCF_004010755.1	0.5	0.992
3002606inst1_path_438	GCF_032490415.1	0.417	1.0
3002606inst1_path_438	GCF_032193635.1	0.417	0.992
3002606inst1_path_438	GCF_032337455.1	0.417	0.994
3002611inst1_path_110_trimmed	GCF_012844345.1	0.5	0.992
3002611inst1_path_110_trimmed	GCF_029371965.1	0.667	1.0
3002611inst1_path_110_trimmed	GCF_002903405.1	0.667	0.925
3002611inst1_path_110_trimmed	GCF_031844645.1	0.5	0.993
3002611inst1_path_169	GCF_019856235.1	0.714	0.998
3002611inst1_path_169	GCF_012844345.1	0.571	0.997
3002611inst1_path_169	GCF_021869625.1	0.714	0.983
3002611inst1_path_169	GCF_032301015.1	0.571	1.0
3002611inst1_path_169	GCF_030296995.1	0.714	0.981
3002611inst1_path_169	GCF_029084745.1	0.571	0.992
3002611inst1_path_169	GCF_032464185.1	0.714	1.0
3002611inst1_path_169	GCF_032490415.1	0.429	0.998
3002611inst1_path_169	GCF_029542345.1	0.857	0.811
3002611inst1_path_169	GCF_030344915.1	0.714	0.996
3002611inst1_path_169	GCF_016599735.1	0.714	0.983
3002611inst1_path_169	GCF_019046925.1	0.571	1.0
3002611inst1_path_169	GCF_027947635.1	0.571	0.986
3002611inst1_path_169	GCF_027595145.1	0.571	0.984
3002611inst1_path_175	GCF_019856235.1	0.5	0.993
3002611inst1_path_175	GCF_012844345.1	0.667	0.997
3002611inst1_path_175	GCF_021869625.1	0.5	0.994
3002611inst1_path_175	GCF_004193915.1	0.5	1.0
3002611inst1_path_175	GCF_030329385.1	0.5	1.0
3002611inst1_path_175	GCF_008931465.1	0.5	0.997
3002611inst1_path_175	GCF_024266725.1	0.5	1.0
3002611inst1_path_175	GCF_004010755.1	0.5	1.0
3002611inst1_path_175	GCF_030296995.1	0.667	0.988
3002611inst1_path_175	GCF_029371965.1	0.5	0.996
3002611inst1_path_175	GCF_016916895.1	0.5	1.0
3002611inst1_path_175	GCF_029084745.1	0.667	0.992
3002611inst1_path_175	GCF_032464185.1	0.667	1.0
3002611inst1_path_175	GCF_002787395.1	0.5	1.0
3002611inst1_path_175	GCF_031844645.1	0.5	1.0
3002611inst1_path_175	GCF_032490415.1	0.5	0.998
3002611inst1_path_175	GCF_002753995.1	0.5	1.0
3002611inst1_path_175	GCF_030344915.1	0.667	0.997
3002611inst1_path_175	GCF_016599735.1	0.5	0.994
3002611inst1_path_175	GCF_928381455.1	0.5	1.0
3002611inst1_path_175	GCF_004022565.1	0.5	1.0
3002611inst1_path_175	GCF_900343145.1	0.5	1.0
3002611inst1_path_175	GCF_032193635.1	0.5	1.0
3002611inst1_path_175	GCF_032460975.1	0.5	1.0
3002611inst1_path_175	GCF_002953115.1	0.5	1.0
3002611inst1_path_175	GCF_013305685.1	0.5	1.0
3002611inst1_path_175	GCF_019046925.1	0.5	1.0
3002611inst1_path_175	GCF_027947635.1	0.667	0.986
3002611inst1_path_175	GCF_027595145.1	1.0	0.996
3002611inst1_path_1	GCF_021869625.1	0.5	0.99
3002611inst1_path_1	GCF_030296995.1	0.5	0.995
3002611inst1_path_1	GCF_029084745.1	0.4	0.98
3002611inst1_path_1	GCF_032464185.1	0.5	0.993
3002611inst1_path_1	GCF_016599735.1	0.5	0.99
3002621inst1_path_168	GCF_030296995.1	0.571	0.999
3002621inst1_path_168	GCF_032112525.1	0.571	1.0
3002621inst1_path_199	GCF_032248775.1	0.5	1.0
3002621inst1_path_199	GCF_004010755.1	0.5	1.0
3002621inst1_path_199	GCF_030296995.1	0.5	1.0
3002621inst1_path_199	GCF_032464185.1	0.5	1.0
3002621inst1_path_199	GCF_032337455.1	0.7	0.997
3002621inst1_path_212	GCF_032301015.1	0.5	1.0
3002621inst1_path_212	GCF_031630315.1	0.6	1.0
3002621inst1_path_212	GCF_031570195.1	0.4	1.0
3002621inst1_path_212	GCF_032460975.1	0.6	1.0
3002621inst1_path_212	GCF_003008575.1	0.5	0.999
3002621inst1_path_307	GCF_002934425.1	0.5	1.0
3002621inst1_path_307	GCF_031844645.1	0.833	0.996
3002621inst1_path_307	GCF_029104455.1	0.5	0.997
3002621inst1_path_307	GCF_029542345.1	0.667	0.95
3002621inst1_path_349	GCF_002934425.1	0.571	0.992
3002621inst1_path_349	GCF_032301015.1	0.571	0.935
3002621inst1_path_349	GCF_031844645.1	0.857	0.997
3002621inst1_path_349	GCF_029542345.1	0.714	0.962
3002621inst1_path_349	GCF_027947635.1	0.571	0.986
3002621inst1_path_438	GCF_032248775.1	0.667	0.967
3002621inst1_path_438	GCF_004010755.1	0.5	0.992
3002621inst1_path_438	GCF_032490415.1	0.417	1.0
3002621inst1_path_438	GCF_032193635.1	0.417	0.992
3002621inst1_path_438	GCF_032337455.1	0.417	0.994
3002639inst1_path_100	GCF_022651825.1	0.5	1.0
3002639inst1_path_100	GCF_014189435.1	0.5	1.0
3002639inst1_path_100	GCF_007633355.1	0.667	0.998
3002639inst1_path_100	GCF_003627755.1	0.5	1.0
3002639inst1_path_100	GCF_012844345.1	0.5	0.99
3002639inst1_path_100	GCF_018982885.2	0.5	0.999
3002639inst1_path_100	GCF_015040095.1	0.667	0.982
3002639inst1_path_100	GCF_001643015.1	0.833	0.992
3002639inst1_path_100	GCF_032191855.1	1.0	0.961
3002639inst1_path_100	GCF_011305995.1	0.667	0.994
3002639inst1_path_100	GCF_001971605.1	0.5	0.996
3002639inst1_path_100	GCF_008728195.1	0.5	0.995
3002639inst1_path_100	GCF_002355855.1	0.5	1.0
3002639inst1_path_100	GCF_021342015.1	0.5	0.998
3002639inst1_path_100	GCF_011046245.1	0.5	0.991
3002639inst1_path_100	GCF_000347675.2	0.667	0.971
3002639inst1_path_100	GCF_937425535.1	0.5	0.997
3002639inst1_path_100	GCF_020405165.1	0.5	0.992
3002639inst1_path_100	GCF_024746815.1	0.667	0.991
3002639inst1_path_100	GCF_024748835.1	0.5	0.999
3002639inst1_path_100	GCF_031454005.1	0.5	0.994
3002639inst1_path_100	GCF_000829415.1	0.667	0.998
3002639inst1_path_100	GCF_019431245.1	0.5	0.999
3002639inst1_path_100	GCF_001997295.1	0.667	0.991
3002639inst1_path_100	GCF_001563265.1	0.667	0.993
3002639inst1_path_100	GCF_031844645.1	0.833	0.996
3002639inst1_path_100	GCF_002741015.1	0.5	0.998
3002639inst1_path_100	GCF_002935055.1	0.667	0.998
3002639inst1_path_100	GCF_025846885.1	0.5	0.995
3002639inst1_path_100	GCF_030541745.1	0.667	0.997
3002639inst1_path_100	GCF_021044665.1	0.667	0.999
3002639inst1_path_100	GCF_026014005.1	0.667	0.997
3002639inst1_path_100	GCF_928381455.1	0.833	0.99
3002639inst1_path_100	GCF_002934795.1	0.833	0.999
3002639inst1_path_100	GCF_023546805.1	0.5	1.0
3002639inst1_path_100	GCF_007752535.1	0.5	1.0
3002639inst1_path_100	GCF_003355005.1	0.833	0.975
3002639inst1_path_100	GCF_025150725.1	0.5	0.996
3002639inst1_path_100	GCF_025452195.1	0.5	1.0
3002639inst1_path_100	GCF_028752115.1	0.667	1.0
3002639inst1_path_100	GCF_030717765.1	0.5	1.0
3002639inst1_path_100	GCF_028527885.1	0.5	0.998
3002639inst1_path_100	GCF_001638925.1	0.5	1.0
3002639inst1_path_100	GCF_001652565.1	0.5	1.0
3002639inst1_path_100	GCF_030687795.1	0.833	0.998
3002639inst1_path_100	GCF_014168615.1	0.667	0.997
3002639inst1_path_100	GCF_029892065.1	0.5	0.999
3002639inst1_path_100	GCF_019355735.1	0.5	0.999
3002639inst1_path_100	GCF_029714265.1	0.667	1.0
3002639inst1_path_100	GCF_019047765.1	0.5	0.997
3002639inst1_path_100	GCF_027595145.1	0.833	0.998
3002639inst1_path_100	GCF_020204845.1	0.667	0.995
3002639inst1_path_100	GCF_020616515.1	0.5	0.999
3002639inst1_path_102	GCF_030295155.1	0.667	1.0
3002639inst1_path_102	GCF_019048725.1	0.556	1.0
3002639inst1_path_103	GCF_024730645.1	0.5	0.991
3002639inst1_path_103	GCF_030345985.1	0.5	0.991
3002639inst1_path_103	GCF_030582555.1	0.5	0.992
3002639inst1_path_103	GCF_014489535.1	0.5	0.994
3002639inst1_path_103	GCF_022807955.1	0.5	0.936
3002639inst1_path_103	GCF_001262075.1	0.5	0.992
3002639inst1_path_103	GCF_002787395.1	0.5	0.992
3002639inst1_path_103	GCF_018388565.1	0.5	0.992
3002639inst1_path_103	GCF_004684345.1	0.5	0.992
3002639inst1_path_103	GCF_018437695.1	0.5	0.991
3002639inst1_path_103	GCF_030864135.1	0.5	0.99
3002639inst1_path_103	GCF_011388215.1	0.5	0.991
3002639inst1_path_104	GCF_032290465.1	0.667	0.992
3002639inst1_path_104	GCF_030520125.1	0.5	1.0
3002639inst1_path_104	GCF_026167605.1	0.5	0.994
3002639inst1_path_104	GCF_029084745.1	0.667	0.992
3002639inst1_path_104	GCF_950293265.1	0.5	1.0
3002639inst1_path_104	GCF_002787395.1	0.833	0.991
3002639inst1_path_104	GCF_018388565.1	0.833	0.992
3002639inst1_path_104	GCF_004684345.1	0.833	0.992
3002639inst1_path_104	GCF_010092425.1	0.5	0.991
3002639inst1_path_104	GCF_003355005.1	0.667	0.908
3002639inst1_path_104	GCF_032484315.1	0.5	1.0
3002639inst1_path_104	GCF_030316235.1	0.5	1.0
3002639inst1_path_104	GCF_024137865.1	0.667	0.994
3002639inst1_path_105	GCF_032290465.1	0.75	1.0
3002639inst1_path_105	GCF_030520125.1	0.75	1.0
3002639inst1_path_105	GCF_026167605.1	0.75	0.994
3002639inst1_path_105	GCF_029084745.1	0.75	1.0
3002639inst1_path_105	GCF_950293265.1	0.75	1.0
3002639inst1_path_105	GCF_002787395.1	1.0	0.991
3002639inst1_path_105	GCF_010092425.1	0.75	0.991
3002639inst1_path_105	GCF_003355005.1	1.0	0.908
3002639inst1_path_105	GCF_032484315.1	0.75	1.0
3002639inst1_path_105	GCF_030316235.1	0.75	1.0
3002639inst1_path_105	GCF_024137865.1	1.0	0.994
3002639inst1_path_106	GCF_001856665.1	0.5	1.0
3002639inst1_path_106	GCF_003355005.1	0.5	0.908
3002639inst1_path_106	GCF_024137865.1	0.5	0.994
3002639inst1_path_10	GCF_003355005.1	0.571	0.915
3002639inst1_path_10	GCF_024137865.1	0.571	0.999
3002639inst1_path_112	GCF_030520125.1	0.6	0.991
3002639inst1_path_112	GCF_026167605.1	0.6	1.0
3002639inst1_path_112	GCF_029084745.1	0.6	0.991
3002639inst1_path_112	GCF_950293265.1	0.6	0.991
3002639inst1_path_112	GCF_010092425.1	0.6	1.0
3002639inst1_path_112	GCF_003355005.1	0.8	0.94
3002639inst1_path_112	GCF_032484315.1	0.6	0.991
3002639inst1_path_112	GCF_030316235.1	0.6	0.991
3002639inst1_path_112	GCF_024137865.1	0.8	0.994
3002639inst1_path_113	GCF_030520125.1	0.5	0.991
3002639inst1_path_113	GCF_026167605.1	0.5	1.0
3002639inst1_path_113	GCF_029084745.1	0.5	0.991
3002639inst1_path_113	GCF_950293265.1	0.5	0.991
3002639inst1_path_113	GCF_010092425.1	0.5	1.0
3002639inst1_path_113	GCF_003355005.1	0.667	0.94
3002639inst1_path_113	GCF_032484315.1	0.5	0.991
3002639inst1_path_113	GCF_030316235.1	0.5	0.991
3002639inst1_path_113	GCF_024137865.1	0.667	0.994
3002639inst1_path_163	GCF_001620265.1	0.667	1.0
3002639inst1_path_1	GCF_015040095.1	0.714	0.997
3002639inst1_path_1	GCF_001643015.1	0.857	1.0
3002639inst1_path_1	GCF_032191855.1	0.714	0.999
3002639inst1_path_1	GCF_031844645.1	0.571	0.991
3002639inst1_path_1	GCF_025728255.1	0.714	0.961
3002639inst1_path_1	GCF_003355005.1	0.714	0.997
3002639inst1_path_307	GCF_032290465.1	0.8	0.992
3002639inst1_path_307	GCF_030520125.1	0.6	1.0
3002639inst1_path_307	GCF_026167605.1	0.6	0.994
3002639inst1_path_307	GCF_029084745.1	0.8	0.992
3002639inst1_path_307	GCF_950293265.1	0.6	1.0
3002639inst1_path_307	GCF_002787395.1	0.8	0.991
3002639inst1_path_307	GCF_018388565.1	0.8	0.992
3002639inst1_path_307	GCF_004684345.1	0.8	0.992
3002639inst1_path_307	GCF_010092425.1	0.6	0.992
3002639inst1_path_307	GCF_032484315.1	0.6	1.0
3002639inst1_path_307	GCF_030316235.1	0.6	1.0
3002639inst1_path_406_trimmed	GCF_019856235.1	1.0	0.979
3002639inst1_path_406_trimmed	GCF_032301015.1	0.5	0.974
3002639inst1_path_406_trimmed	GCF_032460765.1	0.75	0.997
3002639inst1_path_406_trimmed	GCF_030296995.1	1.0	0.998
3002639inst1_path_406_trimmed	GCF_032464185.1	0.875	0.968
3002639inst1_path_406_trimmed	GCF_031844645.1	0.875	0.994
3002639inst1_path_406_trimmed	GCF_032460805.1	0.625	0.995
3002639inst1_path_449	GCF_029371965.1	0.538	0.999
3002639inst1_path_471	GCF_032290465.1	0.5	0.992
3002639inst1_path_471	GCF_008931465.1	0.5	0.995
3002639inst1_path_471	GCF_004010755.1	0.5	0.994
3002639inst1_path_471	GCF_029084745.1	0.5	0.992
3002639inst1_path_471	GCF_002787395.1	0.625	0.991
3002639inst1_path_471	GCF_018388565.1	0.625	0.992
3002639inst1_path_471	GCF_004684345.1	0.625	0.992
3002639inst1_path_471	GCF_003355005.1	0.75	0.91
3002639inst1_path_471	GCF_019046925.1	0.5	0.999
3002639inst1_path_471	GCF_024137865.1	0.625	0.994
3002639inst1_path_473	GCF_003355005.1	0.6	0.91
3002639inst1_path_473	GCF_024137865.1	0.5	0.994
3002641inst1_path_107	GCF_950293265.1	0.5	1.0
3002641inst1_path_107	GCF_032363495.1	0.5	1.0
3002641inst1_path_195	GCF_019856235.1	0.857	0.98
3002641inst1_path_195	GCF_032301015.1	0.571	0.973
3002641inst1_path_195	GCF_032460765.1	0.571	1.0
3002641inst1_path_195	GCF_030296995.1	0.857	0.999
3002641inst1_path_195	GCF_032464185.1	0.714	0.972
3002641inst1_path_195	GCF_031844645.1	0.714	1.0
3002657inst1_gene_seq	GCF_003950035.1	1.0	1.0
3002660inst1_path_140	GCF_003355005.1	0.643	0.999
3002660inst1_path_148	GCF_015040095.1	0.571	1.0
3002660inst1_path_148	GCF_001643015.1	0.714	0.993
3002660inst1_path_148	GCF_032191855.1	0.714	0.994
3002660inst1_path_148	GCF_011305995.1	0.714	0.926
3002660inst1_path_148	GCF_009734385.1	0.857	1.0
3002660inst1_path_148	GCF_025728255.1	0.571	0.974
3002660inst1_path_148	GCF_003355005.1	0.714	1.0
3002660inst1_path_153	GCF_015040095.1	0.625	0.996
3002660inst1_path_153	GCF_001643015.1	0.75	0.999
3002660inst1_path_153	GCF_032191855.1	0.5	0.997
3002660inst1_path_153	GCF_009734385.1	0.75	0.996
3002660inst1_path_153	GCF_025728255.1	0.75	0.972
3002660inst1_path_153	GCF_015709435.1	0.5	0.999
3002660inst1_path_153	GCF_003355005.1	0.5	0.996
3002660inst1_path_167	GCF_006742785.1	0.571	0.984
3002660inst1_path_167	GCF_030520125.1	0.857	0.953
3002660inst1_path_167	GCF_031630315.1	0.571	0.984
3002660inst1_path_167	GCF_026167605.1	0.571	1.0
3002660inst1_path_167	GCF_029084745.1	0.571	0.995
3002660inst1_path_167	GCF_018388565.1	0.857	0.939
3002660inst1_path_167	GCF_004684345.1	0.857	0.954
3002660inst1_path_167	GCF_030329235.1	0.571	1.0
3002660inst1_path_167	GCF_031844645.1	0.571	0.984
3002660inst1_path_167	GCF_031236015.1	0.571	0.984
3002660inst1_path_167	GCF_016599735.1	0.571	0.997
3002660inst1_path_167	GCF_015709435.1	0.571	0.984
3002660inst1_path_167	GCF_010092425.1	0.571	1.0
3002660inst1_path_167	GCF_011300685.1	0.571	1.0
3002660inst1_path_167	GCF_031570195.1	0.571	0.984
3002660inst1_path_167	GCF_032484315.1	0.571	0.995
3002660inst1_path_167	GCF_032460975.1	0.571	0.984
3002660inst1_path_167	GCF_002872475.1	0.571	0.984
3002660inst1_path_167	GCF_030316235.1	0.571	0.995
3002660inst1_path_210	GCF_032290465.1	0.5	0.992
3002660inst1_path_210	GCF_008931465.1	0.5	0.996
3002660inst1_path_210	GCF_004010755.1	0.5	0.995
3002660inst1_path_210	GCF_029084745.1	0.5	0.992
3002660inst1_path_210	GCF_002787395.1	0.625	0.991
3002660inst1_path_210	GCF_018388565.1	0.625	0.992
3002660inst1_path_210	GCF_004684345.1	0.625	0.992
3002660inst1_path_210	GCF_003355005.1	0.75	0.901
3002660inst1_path_210	GCF_019046925.1	0.5	0.999
3002660inst1_path_210	GCF_024137865.1	0.625	0.999
3002660inst1_path_212	GCF_003355005.1	0.6	0.901
3002660inst1_path_212	GCF_024137865.1	0.5	0.999
3002660inst1_path_230	GCF_003355005.1	0.667	0.904
3002660inst1_path_230	GCF_024137865.1	0.556	0.999
3002660inst1_path_241	GCF_026167605.1	0.5	0.996
3002660inst1_path_241	GCF_029084745.1	0.625	1.0
3002660inst1_path_241	GCF_014843355.1	0.5	0.919
3002660inst1_path_241	GCF_025728255.1	0.5	0.99
3002660inst1_path_241	GCF_010092425.1	0.5	0.996
3002660inst1_path_241	GCF_032484315.1	0.75	1.0
3002660inst1_path_241	GCF_030316235.1	0.5	1.0
3002660inst1_path_241	GCF_019046925.1	0.5	0.999
3002660inst1_path_58	GCF_032290465.1	0.5	0.996
3002660inst1_path_58	GCF_031630315.1	0.4	1.0
3002660inst1_path_58	GCF_002787395.1	0.5	1.0
3002660inst1_path_58	GCF_019048725.1	0.5	1.0
3002660inst1_path_58	GCF_032484315.1	0.5	0.998
3002660inst1_path_59	GCF_032290465.1	0.6	0.994
3002660inst1_path_59	GCF_029084745.1	0.5	0.994
3002660inst1_path_59	GCF_002787395.1	0.6	0.994
3002660inst1_path_59	GCF_018388565.1	0.5	0.992
3002660inst1_path_59	GCF_004684345.1	0.5	0.992
3002660inst1_path_59	GCF_032484315.1	0.5	1.0
3002660inst1_path_65	GCF_026167605.1	0.5	0.996
3002660inst1_path_65	GCF_029084745.1	0.5	1.0
3002660inst1_path_65	GCF_014843355.1	0.5	0.919
3002660inst1_path_65	GCF_010092425.1	0.5	0.996
3002660inst1_path_65	GCF_032484315.1	0.625	1.0
3002660inst1_path_65	GCF_030316235.1	0.5	1.0
3002660inst1_path_83	GCF_001620265.1	0.632	1.0
3002666inst1_path_19	GCF_031611515.1	0.875	1.0
3002666inst1_path_19	GCF_032290465.1	0.5	1.0
3002666inst1_path_19	GCF_008931465.1	0.5	0.999
3002666inst1_path_19	GCF_002787395.1	0.75	0.994
3002666inst1_path_19	GCF_032484315.1	0.625	0.995
3002666inst1_path_47	GCF_019856235.1	0.667	0.968
3002666inst1_path_47	GCF_026735415.2	0.533	0.965
3002666inst1_path_47	GCF_030296995.1	0.667	0.995
3002666inst1_path_47	GCF_032464185.1	0.667	0.968
3002666inst1_path_47	GCF_031844645.1	0.6	0.995
3002666inst1_path_47	GCF_032460805.1	0.467	0.991
3002676inst1_path_10	GCF_019856235.1	0.556	0.937
3002676inst1_path_10	GCF_031844645.1	0.556	0.98
3002676inst1_path_10	GCF_032490415.1	0.556	0.923
3002676inst1_path_14	GCF_029542345.1	0.5	0.933
3002676inst1_path_16	GCF_019856235.1	0.5	1.0
3002676inst1_path_16	GCF_032490415.1	0.5	1.0
3002679inst1_gene_seq	GCF_020405165.1	0.75	0.993
3002684inst1_path_193	GCF_021869625.1	0.833	0.992
3002684inst1_path_193	GCF_032290465.1	0.5	1.0
3002684inst1_path_193	GCF_030520125.1	0.5	1.0
3002684inst1_path_193	GCF_026167605.1	0.5	0.991
3002684inst1_path_193	GCF_029084745.1	0.5	1.0
3002684inst1_path_193	GCF_950293265.1	0.5	1.0
3002684inst1_path_193	GCF_002787395.1	0.833	0.989
3002684inst1_path_193	GCF_010092425.1	0.5	0.989
3002684inst1_path_193	GCF_003355005.1	0.667	0.901
3002684inst1_path_193	GCF_032484315.1	0.5	1.0
3002684inst1_path_193	GCF_030316235.1	0.5	1.0
3002684inst1_path_193	GCF_024137865.1	0.667	0.995
3002684inst1_path_348	GCF_030128825.1	0.5	0.999
3002684inst1_path_348	GCF_001563265.1	0.5	0.999
3002684inst1_path_348	GCF_001563285.1	0.667	1.0
3002691inst1_path_11	GCF_029371965.1	0.5	1.0
3002691inst1_path_11	GCF_031844645.1	0.5	0.964
3002691inst1_path_11	GCF_013305685.1	0.5	0.931
3002691inst1_path_15_trimmed	GCF_029371965.1	0.6	0.999
3002695inst1_path_11	GCF_029371965.1	0.5	1.0
3002695inst1_path_11	GCF_031844645.1	0.5	0.964
3002695inst1_path_11	GCF_013305685.1	0.5	0.931
3002695inst1_path_15_trimmed	GCF_029371965.1	0.6	0.999
3002699inst1_path_19_trimmed	GCF_029371965.1	0.6	0.999
3002699inst1_path_1	GCF_029371965.1	0.571	0.99
3002699inst1_path_1	GCF_020911845.1	0.571	0.999
3002699inst1_path_1	GCF_031844645.1	0.571	1.0
3002703inst1_path_4	GCF_002761235.1	0.75	0.999
3002704inst1_gene_seq	GCF_030220105.1	0.957	1.0
3002714inst1_gene_seq	GCF_032191855.1	0.5	0.999
3002714inst1_gene_seq	GCF_031611515.1	0.667	1.0
3002714inst1_gene_seq	GCF_021869625.1	0.5	0.998
3002714inst1_gene_seq	GCF_032290465.1	0.667	1.0
3002714inst1_gene_seq	GCF_003072645.1	0.5	1.0
3002714inst1_gene_seq	GCF_000317125.1	0.5	0.998
3002714inst1_gene_seq	GCF_002787395.1	1.0	0.997
3002714inst1_gene_seq	GCF_029104455.1	0.5	0.999
3002714inst1_gene_seq	GCF_009363255.1	0.5	0.999
3002714inst1_gene_seq	GCF_031846145.1	0.5	0.999
3002714inst1_gene_seq	GCF_016599735.1	0.5	0.998
3002714inst1_gene_seq	GCF_023546805.1	0.5	0.997
3002714inst1_gene_seq	GCF_032460805.1	0.5	0.999
3002714inst1_gene_seq	GCF_032484315.1	0.833	0.996
3002714inst1_gene_seq	GCF_004353845.1	0.5	0.998
3002714inst1_gene_seq	GCF_019047765.1	0.5	1.0
3002714inst1_gene_seq	GCF_020204845.1	0.5	0.994
3002799inst1_path_16	GCF_002935055.1	0.571	0.999
3002799inst1_path_1_trimmed	GCF_012844345.1	0.5	0.998
3002799inst1_path_1_trimmed	GCF_031611235.1	0.667	0.999
3002799inst1_path_1_trimmed	GCF_031844645.1	0.5	1.0
3002799inst1_path_1_trimmed	GCF_029542345.1	0.5	0.993
3002799inst1_path_1_trimmed	GCF_002935055.1	0.667	0.999
3002847inst1_path_100	GCF_031844645.1	0.667	1.0
3002847inst1_path_111	GCF_012844345.1	0.5	0.989
3002858inst1_path_59	GCF_032301015.1	0.6	0.975
3002858inst1_path_59	GCF_030296995.1	0.7	0.857
3002858inst1_path_59	GCF_031844645.1	0.6	1.0
3002858inst1_path_59	GCF_029542345.1	0.6	0.938
3002858inst1_path_59	GCF_031846145.1	0.4	1.0
3002859inst1_path_1	GCF_030296995.1	0.571	0.999
3002865inst1_path_7	GCF_029667155.1	0.716	1.0
3002865inst1_path_7	GCF_030220105.1	0.728	1.0
3002865inst1_path_7	GCF_032464605.1	0.679	0.999
3002865inst1_path_7	GCF_032470315.1	0.667	0.966
3002865inst1_path_7	GCF_032468335.1	0.679	0.999
3002865inst1_path_7	GCF_027692035.1	0.494	0.984
3002868inst1_gene_seq	GCF_029667155.1	0.5	1.0
3002868inst1_gene_seq	GCF_011524325.1	0.5	1.0
3002868inst1_gene_seq	GCF_001687605.2	0.5	1.0
3002868inst1_gene_seq	GCF_009676825.1	0.5	1.0
3002868inst1_gene_seq	GCF_031324195.1	0.5	1.0
3002868inst1_gene_seq	GCF_022846435.1	0.5	1.0
3002868inst1_gene_seq	GCF_001590685.1	0.5	1.0
3002868inst1_gene_seq	GCF_020524355.2	0.5	0.992
3002868inst1_gene_seq	GCF_003595605.1	0.5	0.996
3002868inst1_gene_seq	GCF_030915485.1	0.5	0.999
3002868inst1_gene_seq	GCF_030414215.1	0.5	1.0
3002868inst1_gene_seq	GCF_023712515.1	0.5	0.999
3002868inst1_gene_seq	GCF_947486845.1	0.5	0.998
3002868inst1_gene_seq	GCF_030915465.1	0.5	0.998
3002868inst1_gene_seq	GCF_030220105.1	1.0	1.0
3002868inst1_gene_seq	GCF_024219955.1	0.5	0.999
3002868inst1_gene_seq	GCF_030915525.1	0.5	0.999
3002868inst1_gene_seq	GCF_022846455.1	0.5	1.0
3002868inst1_gene_seq	GCF_020422885.1	0.5	1.0
3002868inst1_gene_seq	GCF_030127045.1	0.5	0.999
3002868inst1_gene_seq	GCF_014679505.1	0.5	0.996
3002868inst1_gene_seq	GCF_031317065.1	0.5	0.999
3002868inst1_gene_seq	GCF_032464605.1	0.5	1.0
3002868inst1_gene_seq	GCF_000632515.1	0.5	1.0
3002868inst1_gene_seq	GCF_016724865.1	0.5	1.0
3002868inst1_gene_seq	GCF_025398035.1	0.5	1.0
3002868inst1_gene_seq	GCF_023823975.1	0.5	1.0
3002868inst1_gene_seq	GCF_000829195.1	0.5	1.0
3002868inst1_gene_seq	GCF_030915425.1	0.5	0.997
3002868inst1_gene_seq	GCF_007679095.1	0.5	0.994
3002868inst1_gene_seq	GCF_001999905.1	0.5	1.0
3002868inst1_gene_seq	GCF_963518835.1	0.5	1.0
3002868inst1_gene_seq	GCF_008935075.1	0.5	1.0
3002868inst1_gene_seq	GCF_030269245.1	1.0	1.0
3002868inst1_gene_seq	GCF_017498505.1	0.5	1.0
3002868inst1_gene_seq	GCF_031199945.1	0.5	1.0
3002868inst1_gene_seq	GCF_001278705.1	0.5	1.0
3002868inst1_gene_seq	GCF_023823875.1	0.5	1.0
3002868inst1_gene_seq	GCF_012295505.1	0.5	0.999
3002868inst1_gene_seq	GCF_019933155.2	0.5	1.0
3002868inst1_gene_seq	GCF_014302295.1	0.5	1.0
3002868inst1_gene_seq	GCF_030123505.1	0.5	0.998
3002868inst1_gene_seq	GCF_030123365.1	0.5	0.999
3002868inst1_gene_seq	GCF_011398925.1	0.5	0.998
3002868inst1_gene_seq	GCF_030223485.1	0.5	1.0
3002868inst1_gene_seq	GCF_021390075.1	0.5	0.999
3002868inst1_gene_seq	GCF_032087075.1	0.5	1.0
3002868inst1_gene_seq	GCF_030123065.1	0.5	0.999
3002868inst1_gene_seq	GCF_030908585.1	0.5	1.0
3002868inst1_gene_seq	GCF_021696955.2	0.5	0.997
3002868inst1_gene_seq	GCF_030122805.1	0.5	1.0
3002868inst1_gene_seq	GCF_031759225.1	0.5	1.0
3002868inst1_gene_seq	GCF_030915385.1	0.5	0.993
3002868inst1_gene_seq	GCF_030123445.1	0.5	0.998
3002868inst1_gene_seq	GCF_004346755.1	0.5	1.0
3002868inst1_gene_seq	GCF_007677425.1	0.5	1.0
3002868inst1_gene_seq	GCF_022603235.1	0.5	1.0
3002868inst1_gene_seq	GCF_016464715.1	0.5	1.0
3002868inst1_gene_seq	GCF_031324245.1	0.5	0.998
3002868inst1_gene_seq	GCF_030123425.1	0.5	1.0
3002868inst1_gene_seq	GCF_031457825.1	0.5	0.997
3002868inst1_gene_seq	GCF_946151075.1	0.5	1.0
3002868inst1_gene_seq	GCF_023892995.1	0.5	1.0
3002868inst1_gene_seq	GCF_016772275.1	0.5	1.0
3002868inst1_gene_seq	GCF_032376485.1	0.5	1.0
3002868inst1_gene_seq	GCF_031179525.1	0.5	1.0
3002868inst1_gene_seq	GCF_032470315.1	0.5	1.0
3002868inst1_gene_seq	GCF_016839225.1	0.5	1.0
3002868inst1_gene_seq	GCF_014679145.1	0.5	1.0
3002868inst1_gene_seq	GCF_023714885.1	0.5	1.0
3002868inst1_gene_seq	GCF_030316255.1	0.5	1.0
3002868inst1_gene_seq	GCF_032468335.1	0.5	1.0
3002868inst1_gene_seq	GCF_007995155.1	0.5	1.0
3002868inst1_gene_seq	GCF_030127205.1	0.5	1.0
3002868inst1_gene_seq	GCF_003816055.1	0.5	0.998
3002868inst1_gene_seq	GCF_032461435.1	0.5	0.99
3002868inst1_gene_seq	GCF_024509915.1	0.5	1.0
3002868inst1_gene_seq	GCF_008807035.1	0.5	1.0
3002868inst1_gene_seq	GCF_031324305.1	0.5	1.0
3002868inst1_gene_seq	GCF_005154805.1	0.5	1.0
3002868inst1_gene_seq	GCF_002243665.1	0.5	0.999
3002868inst1_gene_seq	GCF_030123405.1	0.5	0.998
3002868inst1_gene_seq	GCF_030908605.1	0.5	1.0
3002868inst1_gene_seq	GCF_018140925.1	0.5	1.0
3002868inst1_gene_seq	GCF_027692225.1	0.5	1.0
3002868inst1_gene_seq	GCF_023823775.1	0.5	1.0
3002868inst1_gene_seq	GCF_029876645.1	0.5	1.0
3002868inst1_gene_seq	GCF_023823855.1	0.5	1.0
3002868inst1_gene_seq	GCF_030812975.1	0.5	1.0
3002868inst1_gene_seq	GCF_030376845.1	0.5	0.999
3002868inst1_gene_seq	GCF_014890515.1	0.5	1.0
3002868inst1_gene_seq	GCF_018309085.1	0.5	1.0
3002868inst1_gene_seq	GCF_000445995.2	0.5	0.999
3002868inst1_gene_seq	GCF_000242895.2	0.5	0.999
3002868inst1_gene_seq	GCF_030915505.1	0.5	1.0
3002868inst1_gene_seq	GCF_008973485.1	0.5	1.0
3002868inst1_gene_seq	GCF_022049065.2	0.5	1.0
3002919inst1_gene_seq	GCF_032145515.1	0.778	0.996
3002919inst1_gene_seq	GCF_032094315.1	0.444	0.989
3002931inst1_gene_seq	GCF_032145515.1	0.778	0.996
3002931inst1_gene_seq	GCF_032094315.1	0.444	0.989
3002958inst1_gene_seq	GCF_032145515.1	0.778	0.996
3002958inst1_gene_seq	GCF_032094315.1	0.444	0.989
3002963inst1_gene_seq	GCF_032145515.1	0.778	0.996
3002963inst1_gene_seq	GCF_032094315.1	0.444	0.989
3003009inst1_gene_seq	GCF_024730645.1	0.923	1.0
3003009inst1_gene_seq	GCF_030483885.1	0.846	0.998
3003009inst1_gene_seq	GCF_031454515.1	0.923	0.999
3003009inst1_gene_seq	GCF_000262695.1	0.846	0.998
3003009inst1_gene_seq	GCF_001523745.2	0.846	0.998
3003009inst1_gene_seq	GCF_016899445.1	0.923	0.999
3003009inst1_gene_seq	GCF_030505635.1	0.538	0.995
3003009inst1_gene_seq	GCF_031500285.1	0.538	0.962
3003009inst1_gene_seq	GCF_016836745.1	0.923	1.0
3003009inst1_gene_seq	GCF_030848725.1	0.846	0.998
3003009inst1_gene_seq	GCF_902832775.1	0.846	0.973
3003009inst1_gene_seq	GCF_031629295.1	0.846	0.975
3003009inst1_gene_seq	GCF_009789675.1	0.615	0.975
3003009inst1_gene_seq	GCF_031454325.1	0.538	0.976
3003009inst1_gene_seq	GCF_019795555.1	0.769	0.999
3003009inst1_gene_seq	GCF_009789655.1	0.615	0.974
3003009inst1_gene_seq	GCF_029910195.1	0.846	0.977
3003009inst1_gene_seq	GCF_030483315.1	0.923	0.972
3003009inst1_gene_seq	GCF_021483665.1	0.615	0.985
3003009inst1_gene_seq	GCF_016128195.1	0.615	0.983
3003009inst1_gene_seq	GCF_001522585.2	0.923	1.0
3003009inst1_gene_seq	GCF_018417615.1	0.769	0.981
3003009inst1_gene_seq	GCF_025560745.1	0.923	0.978
3003009inst1_gene_seq	GCF_031630195.1	0.923	0.978
3003009inst1_gene_seq	GCF_030644525.1	0.769	0.895
3003009inst1_gene_seq	GCF_032191315.1	0.923	1.0
3003009inst1_gene_seq	GCF_031454805.1	0.538	0.976
3003009inst1_gene_seq	GCF_030483585.1	0.923	0.979
3003009inst1_gene_seq	GCF_024732225.1	0.923	1.0
3003009inst1_gene_seq	GCF_030482065.1	0.923	0.977
3003009inst1_gene_seq	GCF_001718875.1	0.538	0.976
3003009inst1_gene_seq	GCF_024381035.1	0.923	0.963
3003009inst1_gene_seq	GCF_013822785.1	0.846	0.998
3003009inst1_gene_seq	GCF_020843965.1	0.846	0.989
3003009inst1_gene_seq	GCF_004524855.1	0.615	0.962
3003009inst1_gene_seq	GCF_022870505.1	0.846	0.986
3003009inst1_gene_seq	GCF_028664465.1	0.846	0.987
3003009inst1_gene_seq	GCF_020419555.1	0.846	1.0
3003009inst1_gene_seq	GCF_028621695.1	0.846	0.974
3003009inst1_gene_seq	GCF_902833085.1	0.923	0.972
3003009inst1_gene_seq	GCF_003366075.1	0.846	0.991
3003009inst1_gene_seq	GCF_030483365.1	0.923	1.0
3003009inst1_gene_seq	GCF_016899425.1	0.769	0.981
3003009inst1_gene_seq	GCF_001524625.2	0.846	0.998
3003009inst1_gene_seq	GCF_001546925.1	0.846	0.998
3003009inst1_gene_seq	GCF_030316075.1	0.538	0.999
3003009inst1_gene_seq	GCF_030541745.1	0.846	0.972
3003009inst1_gene_seq	GCF_001532025.2	0.846	0.998
3003009inst1_gene_seq	GCF_005937855.2	0.846	0.983
3003009inst1_gene_seq	GCF_020843945.1	0.846	0.989
3003009inst1_gene_seq	GCF_000959325.1	0.846	0.998
3003009inst1_gene_seq	GCF_902833205.1	0.846	0.977
3003009inst1_gene_seq	GCF_031454275.1	0.538	0.977
3003009inst1_gene_seq	GCF_016027455.1	0.846	0.998
3003009inst1_gene_seq	GCF_001523915.2	0.923	1.0
3003009inst1_gene_seq	GCF_022556315.1	0.923	0.989
3003009inst1_gene_seq	GCF_028657905.1	0.769	0.982
3003009inst1_gene_seq	GCF_963524455.1	0.846	0.973
3003009inst1_gene_seq	GCF_031576485.1	0.923	0.999
3003009inst1_gene_seq	GCF_001524645.2	0.923	1.0
3003009inst1_gene_seq	GCF_003233675.1	0.923	0.997
3003009inst1_gene_seq	GCF_030482605.1	0.923	1.0
3003010inst1_gene_seq	GCF_030483885.1	0.622	0.917
3003010inst1_gene_seq	GCF_031454515.1	0.676	0.997
3003010inst1_gene_seq	GCF_000262695.1	0.622	0.917
3003010inst1_gene_seq	GCF_030848725.1	0.649	0.921
3003010inst1_gene_seq	GCF_902832775.1	0.649	0.989
3003010inst1_gene_seq	GCF_019795555.1	0.568	0.989
3003010inst1_gene_seq	GCF_029910195.1	0.649	0.984
3003010inst1_gene_seq	GCF_030483315.1	0.703	0.976
3003010inst1_gene_seq	GCF_018417615.1	0.622	0.989
3003010inst1_gene_seq	GCF_025560745.1	0.676	0.991
3003010inst1_gene_seq	GCF_031630195.1	0.757	0.99
3003010inst1_gene_seq	GCF_030483585.1	0.649	0.978
3003010inst1_gene_seq	GCF_024732225.1	0.676	0.997
3003010inst1_gene_seq	GCF_030482065.1	0.757	0.991
3003010inst1_gene_seq	GCF_024381035.1	0.757	0.98
3003010inst1_gene_seq	GCF_013822785.1	0.622	0.916
3003010inst1_gene_seq	GCF_020843965.1	0.676	0.909
3003010inst1_gene_seq	GCF_902833085.1	0.676	0.993
3003010inst1_gene_seq	GCF_003366075.1	0.649	0.845
3003010inst1_gene_seq	GCF_030483365.1	0.676	0.996
3003010inst1_gene_seq	GCF_016899425.1	0.622	0.989
3003010inst1_gene_seq	GCF_005937855.2	0.649	0.983
3003010inst1_gene_seq	GCF_020843945.1	0.676	0.909
3003010inst1_gene_seq	GCF_902833205.1	0.649	0.984
3003010inst1_gene_seq	GCF_001523915.2	0.676	0.992
3003010inst1_gene_seq	GCF_022556315.1	0.757	0.99
3003010inst1_gene_seq	GCF_028657905.1	0.514	0.956
3003010inst1_gene_seq	GCF_963524455.1	0.73	0.994
3003010inst1_gene_seq	GCF_031576485.1	0.811	1.0
3003010inst1_gene_seq	GCF_001524645.2	0.73	0.993
3003010inst1_gene_seq	GCF_003233675.1	0.541	0.978
3003010inst1_gene_seq	GCF_030482605.1	0.757	0.998
3003018inst1_path_10	GCF_029084745.1	0.444	0.959
3003018inst1_path_10	GCF_031844645.1	0.556	0.97
3003018inst1_path_10	GCF_032490415.1	0.556	0.989
3003018inst1_path_38	GCF_031844645.1	0.727	1.0
3003018inst1_path_4	GCF_019856235.1	0.588	0.998
3003018inst1_path_4	GCF_030296995.1	0.588	0.874
3003018inst1_path_4	GCF_031844645.1	0.529	0.99
3003018inst1_path_4	GCF_032490415.1	0.529	0.993
3003018inst1_path_92	GCF_019856235.1	0.875	0.99
3003018inst1_path_92	GCF_021869625.1	0.625	0.997
3003018inst1_path_92	GCF_008931465.1	0.5	0.992
3003018inst1_path_92	GCF_029084745.1	0.5	0.96
3003018inst1_path_92	GCF_032464185.1	0.625	0.987
3003018inst1_path_92	GCF_031844645.1	0.5	1.0
3003018inst1_path_92	GCF_032490415.1	0.625	0.99
3003018inst1_path_92	GCF_016599735.1	0.625	0.997
3003018inst1_path_92	GCF_019046925.1	0.625	0.983
3003018inst1_path_92	GCF_027947635.1	0.5	0.993
3003018inst1_path_92	GCF_027595145.1	0.5	0.963
3003035inst1_path_3	GCF_008329645.1	0.55	0.963
3003035inst1_path_3	GCF_025821765.1	0.45	0.966
3003035inst1_path_3	GCF_025821345.1	0.55	0.943
3003035inst1_path_3	GCF_025822105.1	0.6	0.951
3003035inst1_path_3	GCF_022374935.2	0.6	0.963
3003035inst1_path_3	GCF_963378095.1	0.55	0.957
3003035inst1_path_3	GCF_025821605.1	0.6	0.932
3003035inst1_path_3	GCF_020181635.1	0.55	0.985
3003035inst1_path_3	GCF_001644575.1	0.6	0.949
3003035inst1_path_3	GCF_025821405.1	0.6	0.981
3003035inst1_path_3	GCF_022374895.2	0.65	0.967
3003035inst1_path_3	GCF_019739095.1	0.6	0.954
3003035inst1_path_3	GCF_025821785.1	0.65	0.97
3003035inst1_path_3	GCF_025821825.1	0.65	0.976
3003035inst1_path_3	GCF_001984215.1	0.55	0.964
3003035inst1_path_3	GCF_025821305.1	0.6	0.946
3003035inst1_path_3	GCF_029222015.1	0.55	0.948
3003035inst1_path_3	GCF_010725485.1	0.55	0.93
3003035inst1_path_3	GCF_020181615.1	0.6	0.983
3003035inst1_path_3	GCF_000262165.1	0.6	0.958
3003035inst1_path_3	GCF_025822625.1	0.55	0.937
3003035inst1_path_3	GCF_018326145.1	0.55	0.984
3003035inst1_path_3	GCF_025822985.1	0.55	0.967
3003035inst1_path_3	GCF_025823155.1	0.65	0.973
3003035inst1_path_3	GCF_900453455.1	0.6	0.93
3003035inst1_path_3	GCF_025823225.1	0.55	0.993
3003035inst1_path_3	GCF_003515645.1	0.7	0.974
3003035inst1_path_3	GCF_020181595.1	0.6	0.978
3003035inst1_path_3	GCF_018278905.1	0.7	0.983
3003035inst1_path_3	GCF_025822645.1	0.65	0.959
3003035inst1_path_3	GCF_001722355.1	0.55	0.913
3003035inst1_path_3	GCF_025821905.1	0.75	0.915
3003035inst1_path_3	GCF_022374875.2	0.55	0.92
3003035inst1_path_3	GCF_030417635.1	0.55	0.939
3003035inst1_path_3	GCF_030342225.1	0.6	0.959
3003035inst1_path_3	GCF_918429175.1	1.0	1.0
3003035inst1_path_3	GCF_002157835.1	0.6	0.944
3003035inst1_path_3	GCF_023218095.1	0.7	0.968
3003035inst1_path_3	GCF_031626455.1	1.0	1.0
3003035inst1_path_3	GCF_030518135.1	0.6	0.98
3003035inst1_path_3	GCF_030295745.1	0.6	0.961
3003035inst1_path_3	GCF_019456675.1	0.6	0.98
3003035inst1_path_3	GCF_020172665.1	0.55	0.985
3003035inst1_path_3	GCF_020520165.1	0.55	0.965
3003035inst1_path_3	GCF_900292015.1	0.7	0.983
3003035inst1_path_3	GCF_010726505.1	0.55	0.986
3003035inst1_path_3	GCF_025822925.1	0.7	0.979
3003035inst1_path_3	GCF_029270025.1	0.55	0.954
3003035inst1_path_3	GCF_031626215.1	0.45	0.943
3003035inst1_path_3	GCF_022179425.1	0.75	0.989
3003035inst1_path_3	GCF_026723865.1	0.65	0.971
3003035inst1_path_3	GCF_022317005.1	0.55	0.972
3003035inst1_path_3	GCF_025821705.1	0.6	0.97
3003035inst1_path_3	GCF_010726765.1	0.6	0.923
3003035inst1_path_3	GCF_022558505.1	0.65	0.984
3003035inst1_path_3	GCF_030755195.1	0.75	0.922
3003035inst1_path_3	GCF_025822465.1	0.6	0.982
3003035inst1_path_3	GCF_018326285.1	0.55	0.984
3003035inst1_path_3	GCF_025821805.1	0.55	0.942
3003035inst1_path_3	GCF_025822965.1	0.65	0.961
3003035inst1_path_3	GCF_026012555.1	0.7	0.988
3003035inst1_path_3	GCF_022557175.1	0.6	0.975
3003035inst1_path_3	GCF_900108565.1	0.55	0.973
3003035inst1_path_3	GCF_001021485.1	0.6	0.956
3003035inst1_path_3	GCF_019456695.2	0.75	0.939
3003035inst1_path_3	GCF_013466425.1	0.75	0.933
3003035inst1_path_3	GCF_025822365.1	0.55	0.954
3003035inst1_path_3	GCF_030417435.1	0.65	0.967
3003035inst1_path_3	GCF_029854255.1	0.5	0.951
3003035inst1_path_3	GCF_010731855.1	0.6	0.967
3003035inst1_path_3	GCF_026625985.1	0.65	0.974
3003035inst1_path_3	GCF_025821425.1	0.6	0.976
3003035inst1_path_3	GCF_019686115.1	0.5	0.964
3003035inst1_path_3	GCF_003855255.1	0.55	0.96
3003035inst1_path_3	GCF_030486405.1	0.55	0.938
3003035inst1_path_3	GCF_011745145.1	0.55	0.954
3003035inst1_path_3	GCF_023515995.1	0.5	0.977
3003035inst1_path_3	GCF_025823075.1	0.6	0.971
3003035inst1_path_3	GCF_015710575.1	0.6	0.959
3003035inst1_path_3	GCF_024652765.1	0.55	0.976
3003035inst1_path_3	GCF_019645815.1	0.6	0.961
3003035inst1_path_3	GCF_019668465.1	0.65	0.965
3003035inst1_path_3	GCF_025822385.1	0.6	0.979
3003035inst1_path_3	GCF_025821645.1	0.65	0.994
3003035inst1_path_3	GCF_022430545.2	0.7	0.982
3003035inst1_path_3	GCF_963378105.1	0.6	0.932
3003035inst1_path_3	GCF_025821735.1	0.7	0.97
3003035inst1_path_3	GCF_025822845.1	0.55	0.968
3003035inst1_path_3	GCF_022340085.1	0.6	0.959
3003035inst1_path_3	GCF_950074805.1	0.55	0.957
3003035inst1_path_3	GCF_963378075.1	0.6	0.971
3003035inst1_path_3	GCF_025823355.1	0.65	0.958
3003035inst1_path_3	GCF_020218005.1	0.5	0.981
3003035inst1_path_3	GCF_028451225.2	0.75	0.947
3003035inst1_path_3	GCF_020172685.1	0.6	0.956
3003035inst1_path_3	GCF_025822085.1	0.55	0.956
3003035inst1_path_3	GCF_022558525.1	0.55	0.954
3003035inst1_path_3	GCF_025821725.1	0.55	0.965
3003035inst1_path_3	GCF_025263485.1	0.6	0.969
3003035inst1_path_3	GCF_001673565.1	0.55	0.975
3003035inst1_path_3	GCF_021183865.1	0.7	0.952
3003035inst1_path_3	GCF_025822585.1	0.5	0.949
3003035inst1_path_3	GCF_031458155.1	0.6	0.957
3003035inst1_path_3	GCF_026501225.1	0.5	0.985
3003035inst1_path_3	GCF_025822005.1	0.55	0.985
3003035inst1_path_3	GCF_025822325.1	0.5	0.977
3003035inst1_path_3	GCF_001655245.1	0.55	0.924
3003035inst1_path_3	GCF_030323745.1	1.0	1.0
3003035inst1_path_3	GCF_021183725.1	0.75	0.987
3003035inst1_path_3	GCF_030296355.1	0.55	0.935
3003035inst1_path_3	GCF_029675005.1	0.6	0.931
3003035inst1_path_3	GCF_027854205.1	0.65	0.964
3003035inst1_path_3	GCF_025823305.1	0.65	0.966
3003035inst1_path_3	GCF_030499155.1	0.6	0.976
3003037inst1_gene_seq	GCF_031454515.1	0.52	0.993
3003037inst1_gene_seq	GCF_902832775.1	0.52	0.987
3003037inst1_gene_seq	GCF_029910195.1	0.52	0.986
3003037inst1_gene_seq	GCF_030483315.1	0.52	0.972
3003037inst1_gene_seq	GCF_018417615.1	0.52	0.973
3003037inst1_gene_seq	GCF_025560745.1	0.52	0.998
3003037inst1_gene_seq	GCF_031630195.1	0.72	0.997
3003037inst1_gene_seq	GCF_032191315.1	0.56	0.958
3003037inst1_gene_seq	GCF_024732225.1	0.52	0.988
3003037inst1_gene_seq	GCF_030482065.1	0.64	0.991
3003037inst1_gene_seq	GCF_024381035.1	0.52	0.987
3003037inst1_gene_seq	GCF_020843965.1	0.56	0.58
3003037inst1_gene_seq	GCF_020419555.1	0.56	0.996
3003037inst1_gene_seq	GCF_902833085.1	0.52	0.997
3003037inst1_gene_seq	GCF_030483365.1	0.52	0.987
3003037inst1_gene_seq	GCF_016899425.1	0.52	0.972
3003037inst1_gene_seq	GCF_005937855.2	0.52	0.972
3003037inst1_gene_seq	GCF_020843945.1	0.56	0.58
3003037inst1_gene_seq	GCF_902833205.1	0.52	0.986
3003037inst1_gene_seq	GCF_001523915.2	0.52	0.973
3003037inst1_gene_seq	GCF_022556315.1	0.52	0.984
3003037inst1_gene_seq	GCF_963524455.1	0.64	0.992
3003037inst1_gene_seq	GCF_031576485.1	0.76	1.0
3003037inst1_gene_seq	GCF_001524645.2	0.56	0.975
3003037inst1_gene_seq	GCF_030482605.1	0.52	0.995
3003109inst1_gene_seq	GCF_019856235.1	1.0	0.972
3003109inst1_gene_seq	GCF_026735415.2	1.0	0.972
3003109inst1_gene_seq	GCF_032460765.1	0.8	1.0
3003109inst1_gene_seq	GCF_030296995.1	1.0	0.999
3003109inst1_gene_seq	GCF_032464185.1	1.0	0.971
3003109inst1_gene_seq	GCF_031844645.1	1.0	1.0
3003109inst1_gene_seq	GCF_032460805.1	0.6	1.0
3003441inst1_gene_seq	GCF_030220105.1	0.957	1.0
3003741inst1_gene_seq	GCF_019856235.1	1.0	0.972
3003741inst1_gene_seq	GCF_026735415.2	1.0	0.972
3003741inst1_gene_seq	GCF_032460765.1	0.8	1.0
3003741inst1_gene_seq	GCF_030296995.1	1.0	0.999
3003741inst1_gene_seq	GCF_032464185.1	1.0	0.971
3003741inst1_gene_seq	GCF_031844645.1	1.0	1.0
3003741inst1_gene_seq	GCF_032460805.1	0.6	1.0
3003839inst1_path_101	GCF_021869625.1	0.833	1.0
3003839inst1_path_101	GCF_008931465.1	0.833	1.0
3003839inst1_path_101	GCF_004010755.1	0.833	1.0
3003839inst1_path_101	GCF_029084745.1	0.667	1.0
3003839inst1_path_101	GCF_002902865.1	0.833	1.0
3003839inst1_path_101	GCF_002903405.1	0.833	1.0
3003839inst1_path_101	GCF_002934285.1	0.5	1.0
3003839inst1_path_101	GCF_032193635.1	0.833	1.0
3003839inst1_path_101	GCF_032460805.1	0.667	1.0
3003839inst1_path_101	GCF_032484315.1	0.5	1.0
3003839inst1_path_101	GCF_032460975.1	0.667	1.0
3003839inst1_path_101	GCF_019048665.1	0.833	1.0
3003839inst1_path_101	GCF_019046925.1	0.833	1.0
3003839inst1_path_101	GCF_032337455.1	1.0	1.0
3003839inst1_path_103	GCF_019856235.1	0.667	0.979
3003839inst1_path_103	GCF_032460765.1	0.5	0.997
3003839inst1_path_103	GCF_030296995.1	0.667	0.998
3003839inst1_path_103	GCF_032464185.1	0.583	0.968
3003839inst1_path_103	GCF_031844645.1	0.583	0.994
3003839inst1_path_103	GCF_032193635.1	0.417	1.0
3003839inst1_path_103	GCF_032460805.1	0.75	0.997
3003839inst1_path_103	GCF_019048665.1	0.583	1.0
3003839inst1_path_106	GCF_021869625.1	0.714	1.0
3003839inst1_path_106	GCF_008931465.1	1.0	0.999
3003839inst1_path_106	GCF_004010755.1	1.0	1.0
3003839inst1_path_106	GCF_029084745.1	0.571	1.0
3003839inst1_path_106	GCF_002902865.1	0.714	1.0
3003839inst1_path_106	GCF_002903405.1	0.714	1.0
3003839inst1_path_106	GCF_019056655.1	0.571	0.999
3003839inst1_path_106	GCF_032193635.1	0.714	1.0
3003839inst1_path_106	GCF_032460805.1	0.571	1.0
3003839inst1_path_106	GCF_032460975.1	0.571	1.0
3003839inst1_path_106	GCF_019048665.1	0.714	1.0
3003839inst1_path_106	GCF_019046925.1	0.714	1.0
3003839inst1_path_106	GCF_032337455.1	0.714	1.0
3003839inst1_path_109	GCF_021869625.1	0.833	1.0
3003839inst1_path_109	GCF_008931465.1	0.833	1.0
3003839inst1_path_109	GCF_004010755.1	0.833	1.0
3003839inst1_path_109	GCF_029084745.1	0.667	1.0
3003839inst1_path_109	GCF_002902865.1	1.0	1.0
3003839inst1_path_109	GCF_002903405.1	0.833	1.0
3003839inst1_path_109	GCF_002934285.1	0.5	1.0
3003839inst1_path_109	GCF_032193635.1	0.833	1.0
3003839inst1_path_109	GCF_032460805.1	0.667	1.0
3003839inst1_path_109	GCF_032484315.1	0.5	1.0
3003839inst1_path_109	GCF_032460975.1	0.667	1.0
3003839inst1_path_109	GCF_019048665.1	0.833	1.0
3003839inst1_path_109	GCF_019046925.1	0.833	1.0
3003839inst1_path_109	GCF_032337455.1	0.833	1.0
3003839inst1_path_112	GCF_002902865.1	0.545	1.0
3003839inst1_path_112	GCF_032193635.1	0.455	1.0
3003839inst1_path_115	GCF_021869625.1	0.714	1.0
3003839inst1_path_115	GCF_008931465.1	0.714	1.0
3003839inst1_path_115	GCF_004010755.1	0.714	1.0
3003839inst1_path_115	GCF_029084745.1	0.571	1.0
3003839inst1_path_115	GCF_002902865.1	0.714	1.0
3003839inst1_path_115	GCF_002903405.1	0.714	1.0
3003839inst1_path_115	GCF_032193635.1	0.714	1.0
3003839inst1_path_115	GCF_032460805.1	0.571	1.0
3003839inst1_path_115	GCF_032460975.1	0.571	1.0
3003839inst1_path_115	GCF_019048665.1	0.714	1.0
3003839inst1_path_115	GCF_019046925.1	0.714	1.0
3003839inst1_path_115	GCF_032337455.1	0.714	1.0
3003839inst1_path_117	GCF_029371965.1	0.583	1.0
3003839inst1_path_117	GCF_032193635.1	0.417	1.0
3003839inst1_path_130	GCF_031611515.1	0.636	1.0
3003839inst1_path_130	GCF_004010755.1	0.636	1.0
3003839inst1_path_130	GCF_002902865.1	0.545	1.0
3003839inst1_path_130	GCF_002787395.1	0.636	0.993
3003839inst1_path_130	GCF_032193635.1	0.545	0.951
3003839inst1_path_130	GCF_032484315.1	0.727	0.998
3003839inst1_path_1	GCF_021869625.1	1.0	1.0
3003839inst1_path_1	GCF_008931465.1	1.0	1.0
3003839inst1_path_1	GCF_004010755.1	1.0	1.0
3003839inst1_path_1	GCF_029084745.1	0.8	1.0
3003839inst1_path_1	GCF_002902865.1	1.0	1.0
3003839inst1_path_1	GCF_002903405.1	1.0	1.0
3003839inst1_path_1	GCF_002934285.1	0.6	1.0
3003839inst1_path_1	GCF_032193635.1	1.0	1.0
3003839inst1_path_1	GCF_032460805.1	0.8	1.0
3003839inst1_path_1	GCF_032484315.1	0.6	1.0
3003839inst1_path_1	GCF_032460975.1	0.8	1.0
3003839inst1_path_1	GCF_019048665.1	1.0	1.0
3003839inst1_path_1	GCF_019046925.1	1.0	1.0
3003839inst1_path_1	GCF_032337455.1	1.0	1.0
3003839inst1_path_218	GCF_021869625.1	0.714	1.0
3003839inst1_path_218	GCF_008931465.1	0.714	1.0
3003839inst1_path_218	GCF_004010755.1	0.714	1.0
3003839inst1_path_218	GCF_029084745.1	0.571	1.0
3003839inst1_path_218	GCF_002902865.1	0.714	1.0
3003839inst1_path_218	GCF_002903405.1	0.714	1.0
3003839inst1_path_218	GCF_032193635.1	0.714	1.0
3003839inst1_path_218	GCF_032460805.1	0.571	1.0
3003839inst1_path_218	GCF_032460975.1	0.571	1.0
3003839inst1_path_218	GCF_019048665.1	0.714	1.0
3003839inst1_path_218	GCF_019046925.1	0.714	1.0
3003839inst1_path_218	GCF_032337455.1	0.714	1.0
3003839inst1_path_239	GCF_021869625.1	0.625	1.0
3003839inst1_path_239	GCF_008931465.1	0.625	1.0
3003839inst1_path_239	GCF_004010755.1	0.625	1.0
3003839inst1_path_239	GCF_024349785.1	0.5	1.0
3003839inst1_path_239	GCF_029084745.1	0.5	1.0
3003839inst1_path_239	GCF_002902865.1	0.625	1.0
3003839inst1_path_239	GCF_002903405.1	0.625	1.0
3003839inst1_path_239	GCF_032193635.1	0.625	1.0
3003839inst1_path_239	GCF_032460805.1	0.5	1.0
3003839inst1_path_239	GCF_032460975.1	0.5	1.0
3003839inst1_path_239	GCF_019048665.1	0.625	1.0
3003839inst1_path_239	GCF_019046925.1	0.625	1.0
3003839inst1_path_239	GCF_032337455.1	0.625	1.0
3003839inst1_path_280_trimmed	GCF_032369155.1	0.571	0.989
3003839inst1_path_280_trimmed	GCF_014490785.1	0.571	0.994
3003839inst1_path_280_trimmed	GCF_032484315.1	0.714	1.0
3003839inst1_path_357	GCF_021869625.1	0.625	1.0
3003839inst1_path_357	GCF_008931465.1	0.625	1.0
3003839inst1_path_357	GCF_004010755.1	0.625	1.0
3003839inst1_path_357	GCF_029084745.1	0.5	1.0
3003839inst1_path_357	GCF_002902865.1	0.625	1.0
3003839inst1_path_357	GCF_002903405.1	0.625	1.0
3003839inst1_path_357	GCF_032193635.1	0.625	1.0
3003839inst1_path_357	GCF_032460805.1	0.5	1.0
3003839inst1_path_357	GCF_032460975.1	0.5	1.0
3003839inst1_path_357	GCF_019048665.1	0.625	1.0
3003839inst1_path_357	GCF_019046925.1	0.625	1.0
3003839inst1_path_357	GCF_001563285.1	0.5	1.0
3003839inst1_path_357	GCF_032337455.1	0.625	1.0
3003839inst1_path_493	GCF_021869625.1	0.833	1.0
3003839inst1_path_493	GCF_008931465.1	0.833	1.0
3003839inst1_path_493	GCF_004010755.1	0.833	1.0
3003839inst1_path_493	GCF_029084745.1	0.667	1.0
3003839inst1_path_493	GCF_002902865.1	0.833	1.0
3003839inst1_path_493	GCF_002903405.1	0.833	1.0
3003839inst1_path_493	GCF_002934285.1	0.5	1.0
3003839inst1_path_493	GCF_032193635.1	0.833	1.0
3003839inst1_path_493	GCF_032460805.1	0.667	1.0
3003839inst1_path_493	GCF_032484315.1	0.5	1.0
3003839inst1_path_493	GCF_032460975.1	0.667	1.0
3003839inst1_path_493	GCF_019048665.1	0.833	1.0
3003839inst1_path_493	GCF_019046925.1	0.833	1.0
3003839inst1_path_493	GCF_032337455.1	0.833	1.0
3003955inst1_path_2	GCF_004795915.1	0.9	0.994
3003955inst1_path_2	GCF_008329645.1	0.5	0.986
3003955inst1_path_2	GCF_025821765.1	0.9	0.99
3003955inst1_path_2	GCF_025821345.1	0.9	0.997
3003955inst1_path_2	GCF_007559005.1	0.7	0.998
3003955inst1_path_2	GCF_025822105.1	0.8	0.996
3003955inst1_path_2	GCF_022374935.2	0.6	0.996
3003955inst1_path_2	GCF_963378095.1	0.8	1.0
3003955inst1_path_2	GCF_017068295.1	0.6	0.994
3003955inst1_path_2	GCF_025821605.1	0.6	0.993
3003955inst1_path_2	GCF_023162085.1	0.5	0.997
3003955inst1_path_2	GCF_002848445.1	0.7	0.987
3003955inst1_path_2	GCF_002356335.1	0.6	0.998
3003955inst1_path_2	GCF_017068255.1	0.6	0.994
3003955inst1_path_2	GCF_017656075.1	0.5	0.997
3003955inst1_path_2	GCF_001644575.1	0.9	0.996
3003955inst1_path_2	GCF_025821405.1	0.9	0.999
3003955inst1_path_2	GCF_022374895.2	0.9	0.999
3003955inst1_path_2	GCF_019739095.1	0.9	0.998
3003955inst1_path_2	GCF_030064675.1	0.5	0.989
3003955inst1_path_2	GCF_002079265.1	0.6	0.98
3003955inst1_path_2	GCF_021441945.1	0.6	0.994
3003955inst1_path_2	GCF_025821785.1	0.9	0.999
3003955inst1_path_2	GCF_016772255.1	0.5	0.997
3003955inst1_path_2	GCF_025821825.1	0.9	0.999
3003955inst1_path_2	GCF_003813985.1	0.5	0.999
3003955inst1_path_2	GCF_001984215.1	0.9	0.999
3003955inst1_path_2	GCF_032423855.1	0.6	0.98
3003955inst1_path_2	GCF_025821305.1	0.9	0.983
3003955inst1_path_2	GCF_026810085.1	0.5	0.997
3003955inst1_path_2	GCF_024321955.1	0.6	0.994
3003955inst1_path_2	GCF_030063815.1	0.8	0.984
3003955inst1_path_2	GCF_003253775.1	0.6	0.984
3003955inst1_path_2	GCF_002327125.1	0.9	0.986
3003955inst1_path_2	GCF_029222015.1	0.9	0.999
3003955inst1_path_2	GCF_030826345.1	0.5	0.999
3003955inst1_path_2	GCF_010725485.1	0.8	0.994
3003955inst1_path_2	GCF_003641205.1	0.9	0.994
3003955inst1_path_2	GCF_030506605.1	0.5	1.0
3003955inst1_path_2	GCF_025822285.1	0.6	1.0
3003955inst1_path_2	GCF_003855095.1	0.8	0.984
3003955inst1_path_2	GCF_000262165.1	0.9	0.999
3003955inst1_path_2	GCF_900105375.1	0.5	0.997
3003955inst1_path_2	GCF_025822625.1	0.9	0.998
3003955inst1_path_2	GCF_003130705.1	0.5	0.997
3003955inst1_path_2	GCF_001767395.1	0.9	0.975
3003955inst1_path_2	GCF_018326145.1	0.9	0.991
3003955inst1_path_2	GCF_030412725.1	0.6	0.998
3003955inst1_path_2	GCF_002993285.1	0.7	0.986
3003955inst1_path_2	GCF_025822825.1	0.8	0.999
3003955inst1_path_2	GCF_022374915.2	0.9	0.999
3003955inst1_path_2	GCF_000328565.1	0.9	0.995
3003955inst1_path_2	GCF_025822985.1	0.8	0.982
3003955inst1_path_2	GCF_023712135.1	0.5	0.991
3003955inst1_path_2	GCF_016598535.1	0.6	0.979
3003955inst1_path_2	GCF_025823155.1	0.9	0.999
3003955inst1_path_2	GCF_025823345.1	0.9	0.999
3003955inst1_path_2	GCF_900453455.1	0.8	0.997
3003955inst1_path_2	GCF_025823225.1	0.9	0.992
3003955inst1_path_2	GCF_030718915.1	0.9	0.992
3003955inst1_path_2	GCF_010731575.1	0.9	0.999
3003955inst1_path_2	GCF_025821465.1	0.6	0.996
3003955inst1_path_2	GCF_000975265.2	0.7	0.988
3003955inst1_path_2	GCF_003515645.1	0.9	0.999
3003955inst1_path_2	GCF_017068395.1	0.5	0.997
3003955inst1_path_2	GCF_018278905.1	0.9	0.999
3003955inst1_path_2	GCF_025822645.1	0.9	0.999
3003955inst1_path_2	GCF_001722355.1	0.8	0.968
3003955inst1_path_2	GCF_025821905.1	0.9	0.999
3003955inst1_path_2	GCF_022374875.2	0.9	0.997
3003955inst1_path_2	GCF_030417635.1	0.9	0.998
3003955inst1_path_2	GCF_002154375.1	0.4	0.989
3003955inst1_path_2	GCF_030342225.1	0.9	0.999
3003955inst1_path_2	GCF_020809065.1	0.6	0.98
3003955inst1_path_2	GCF_000763325.2	0.6	0.994
3003955inst1_path_2	GCF_918429175.1	0.9	0.999
3003955inst1_path_2	GCF_030656655.1	0.6	0.98
3003955inst1_path_2	GCF_030656675.1	0.5	0.997
3003955inst1_path_2	GCF_025821505.1	0.9	0.999
3003955inst1_path_2	GCF_025822805.1	0.9	0.986
3003955inst1_path_2	GCF_031458315.1	0.6	0.995
3003955inst1_path_2	GCF_963551575.1	0.5	0.996
3003955inst1_path_2	GCF_002157835.1	0.9	0.998
3003955inst1_path_2	GCF_023218095.1	0.9	0.999
3003955inst1_path_2	GCF_031626455.1	0.9	0.999
3003955inst1_path_2	GCF_030518135.1	0.9	0.998
3003955inst1_path_2	GCF_900519355.1	0.6	0.999
3003955inst1_path_2	GCF_030295745.1	0.9	0.996
3003955inst1_path_2	GCF_001020985.1	0.6	0.991
3003955inst1_path_2	GCF_019456675.1	0.9	0.987
3003955inst1_path_2	GCF_016919385.1	0.7	0.979
3003955inst1_path_2	GCF_020520165.1	0.9	0.989
3003955inst1_path_2	GCF_900292015.1	0.9	0.966
3003955inst1_path_2	GCF_010726505.1	0.6	0.999
3003955inst1_path_2	GCF_025263265.1	0.8	0.999
3003955inst1_path_2	GCF_025822185.1	0.9	0.997
3003955inst1_path_2	GCF_025822925.1	0.6	0.999
3003955inst1_path_2	GCF_029270025.1	0.9	0.996
3003955inst1_path_2	GCF_031626215.1	0.9	0.999
3003955inst1_path_2	GCF_009707305.1	0.6	0.98
3003955inst1_path_2	GCF_029767035.1	0.9	0.986
3003955inst1_path_2	GCF_025823005.1	0.8	0.998
3003955inst1_path_2	GCF_014217785.1	0.9	0.989
3003955inst1_path_2	GCF_022179425.1	0.9	0.999
3003955inst1_path_2	GCF_003813965.1	0.6	0.994
3003955inst1_path_2	GCF_001620025.1	0.9	0.999
3003955inst1_path_2	GCF_025263565.1	0.9	0.998
3003955inst1_path_2	GCF_030505055.1	0.6	0.993
3003955inst1_path_2	GCF_011694515.1	0.9	0.986
3003955inst1_path_2	GCF_026723865.1	0.9	0.999
3003955inst1_path_2	GCF_032085055.1	0.6	0.987
3003955inst1_path_2	GCF_025837095.1	0.6	0.992
3003955inst1_path_2	GCF_009856645.1	0.8	0.988
3003955inst1_path_2	GCF_015654185.1	0.5	0.993
3003955inst1_path_2	GCF_030342325.1	0.5	0.998
3003955inst1_path_2	GCF_030063505.1	0.9	0.986
3003955inst1_path_2	GCF_022317005.1	0.8	0.997
3003955inst1_path_2	GCF_030656875.1	0.6	0.996
3003955inst1_path_2	GCF_030316175.1	0.8	0.984
3003955inst1_path_2	GCF_022179485.1	0.8	0.986
3003955inst1_path_2	GCF_000755185.1	0.6	1.0
3003955inst1_path_2	GCF_005484805.1	0.6	0.989
3003955inst1_path_2	GCF_030756575.1	0.6	0.944
3003955inst1_path_2	GCF_025821705.1	0.9	0.999
3003955inst1_path_2	GCF_002501585.1	0.6	0.98
3003955inst1_path_2	GCF_010726765.1	0.8	0.985
3003955inst1_path_2	GCF_029674565.1	0.6	0.979
3003955inst1_path_2	GCF_029868045.1	0.5	0.987
3003955inst1_path_2	GCF_022558505.1	0.9	0.999
3003955inst1_path_2	GCF_025822025.1	0.9	0.999
3003955inst1_path_2	GCF_030755195.1	0.9	0.999
3003955inst1_path_2	GCF_025822465.1	0.9	0.999
3003955inst1_path_2	GCF_030252325.1	0.6	0.999
3003955inst1_path_2	GCF_018326285.1	0.9	0.991
3003955inst1_path_2	GCF_027886475.1	0.6	0.99
3003955inst1_path_2	GCF_029215935.1	0.8	0.989
3003955inst1_path_2	GCF_025821805.1	0.7	0.994
3003955inst1_path_2	GCF_001056295.1	0.6	0.994
3003955inst1_path_2	GCF_963550995.1	0.6	0.99
3003955inst1_path_2	GCF_020735845.1	0.8	0.993
3003955inst1_path_2	GCF_943913665.1	0.8	0.994
3003955inst1_path_2	GCF_025822965.1	0.9	0.999
3003955inst1_path_2	GCF_026012555.1	0.9	0.999
3003955inst1_path_2	GCF_022557175.1	0.8	0.995
3003955inst1_path_2	GCF_019973735.1	0.6	0.998
3003955inst1_path_2	GCF_030537705.1	0.6	0.999
3003955inst1_path_2	GCF_014203365.1	0.5	0.92
3003955inst1_path_2	GCF_900108565.1	0.9	0.988
3003955inst1_path_2	GCF_025273675.1	0.8	0.994
3003955inst1_path_2	GCF_016907155.1	0.6	0.997
3003955inst1_path_2	GCF_001021485.1	0.8	0.985
3003955inst1_path_2	GCF_019456695.2	0.9	0.999
3003955inst1_path_2	GCF_029958325.1	0.6	0.98
3003955inst1_path_2	GCF_029868725.1	0.5	0.986
3003955inst1_path_2	GCF_000372385.1	0.5	0.996
3003955inst1_path_2	GCF_001021385.1	0.9	0.989
3003955inst1_path_2	GCF_004328705.1	0.6	0.913
3003955inst1_path_2	GCF_013466425.1	0.9	0.999
3003955inst1_path_2	GCF_025822365.1	0.9	0.999
3003955inst1_path_2	GCF_030417435.1	0.9	0.999
3003955inst1_path_2	GCF_030709715.1	0.6	0.985
3003955inst1_path_2	GCF_029854255.1	0.9	0.992
3003955inst1_path_2	GCF_010731855.1	0.5	0.987
3003955inst1_path_2	GCF_026625985.1	0.9	0.998
3003955inst1_path_2	GCF_012272955.1	0.6	0.994
3003955inst1_path_2	GCF_025821425.1	0.6	1.0
3003955inst1_path_2	GCF_004924335.1	0.6	0.998
3003955inst1_path_2	GCF_025822215.1	0.9	0.986
3003955inst1_path_2	GCF_019686115.1	0.6	0.997
3003955inst1_path_2	GCF_030408735.1	0.6	0.848
3003955inst1_path_2	GCF_002162115.2	0.6	0.979
3003955inst1_path_2	GCF_027270515.1	0.8	0.988
3003955inst1_path_2	GCF_014635485.1	0.5	0.997
3003955inst1_path_2	GCF_031456435.1	0.9	0.995
3003955inst1_path_2	GCF_003855255.1	0.9	0.996
3003955inst1_path_2	GCF_029025245.1	0.6	0.998
3003955inst1_path_2	GCF_030418225.1	0.9	0.999
3003955inst1_path_2	GCF_029632925.1	0.7	0.987
3003955inst1_path_2	GCF_030486405.1	0.9	0.997
3003955inst1_path_2	GCF_030550835.1	0.6	0.994
3003955inst1_path_2	GCF_020520305.1	0.9	0.991
3003955inst1_path_2	GCF_011745145.1	0.9	0.998
3003955inst1_path_2	GCF_001700945.1	0.6	0.994
3003955inst1_path_2	GCF_023515995.1	0.9	0.999
3003955inst1_path_2	GCF_030077625.1	0.8	0.988
3003955inst1_path_2	GCF_017068375.1	0.5	0.997
3003955inst1_path_2	GCF_025823075.1	0.9	0.993
3003955inst1_path_2	GCF_025822525.1	0.6	0.99
3003955inst1_path_2	GCF_025821885.1	0.9	0.997
3003955inst1_path_2	GCF_030916465.1	0.6	0.993
3003955inst1_path_2	GCF_030486665.1	0.7	0.998
3003955inst1_path_2	GCF_010731895.1	0.9	0.985
3003955inst1_path_2	GCF_015710575.1	0.6	0.996
3003955inst1_path_2	GCF_013348785.1	0.7	0.981
3003955inst1_path_2	GCF_009859915.1	0.5	0.997
3003955inst1_path_2	GCF_009720185.1	0.8	0.984
3003955inst1_path_2	GCF_000026445.2	0.9	0.999
3003955inst1_path_2	GCF_024652765.1	0.8	0.998
3003955inst1_path_2	GCF_019645815.1	0.6	1.0
3003955inst1_path_2	GCF_024734075.1	0.8	0.986
3003955inst1_path_2	GCF_019668465.1	0.9	0.999
3003955inst1_path_2	GCF_025146395.1	0.7	0.985
3003955inst1_path_2	GCF_001682295.1	0.6	0.98
3003955inst1_path_2	GCF_030979975.1	0.6	0.994
3003955inst1_path_2	GCF_003860625.1	0.6	0.98
3003955inst1_path_2	GCF_025822385.1	0.9	0.999
3003955inst1_path_2	GCF_026625785.1	0.8	0.983
3003955inst1_path_2	GCF_029866425.1	0.8	0.988
3003955inst1_path_2	GCF_025821645.1	0.9	0.998
3003955inst1_path_2	GCF_022430545.2	0.6	0.999
3003955inst1_path_2	GCF_963378105.1	0.6	0.996
3003955inst1_path_2	GCF_020885655.1	0.9	0.996
3003955inst1_path_2	GCF_029457415.1	0.6	0.98
3003955inst1_path_2	GCF_001984015.1	0.5	0.996
3003955inst1_path_2	GCF_025821735.1	0.6	0.997
3003955inst1_path_2	GCF_016313185.1	0.9	0.999
3003955inst1_path_2	GCF_001886355.1	0.6	0.994
3003955inst1_path_2	GCF_023704055.1	0.6	0.994
3003955inst1_path_2	GCF_021354605.1	0.6	0.966
3003955inst1_path_2	GCF_025822845.1	0.9	0.999
3003955inst1_path_2	GCF_022340085.1	0.9	0.999
3003955inst1_path_2	GCF_019285775.1	0.9	0.966
3003955inst1_path_2	GCF_950074805.1	0.9	0.997
3003955inst1_path_2	GCF_963378075.1	0.6	0.999
3003955inst1_path_2	GCF_963523345.1	0.6	0.998
3003955inst1_path_2	GCF_025823355.1	0.9	0.999
3003955inst1_path_2	GCF_013348805.1	0.5	0.994
3003955inst1_path_2	GCF_020218005.1	0.8	0.995
3003955inst1_path_2	GCF_000214175.1	0.8	0.998
3003955inst1_path_2	GCF_002086715.1	0.6	0.998
3003955inst1_path_2	GCF_028451225.2	0.9	0.993
3003955inst1_path_2	GCF_025822085.1	0.8	0.989
3003955inst1_path_2	GCF_003814005.1	0.5	0.997
3003955inst1_path_2	GCF_001941445.1	0.6	0.993
3003955inst1_path_2	GCF_025821945.1	0.9	0.997
3003955inst1_path_2	GCF_000954115.1	0.9	0.995
3003955inst1_path_2	GCF_025822535.1	0.9	0.998
3003955inst1_path_2	GCF_025822435.1	0.9	0.991
3003955inst1_path_2	GCF_029639525.1	0.8	0.988
3003955inst1_path_2	GCF_022558525.1	0.9	0.998
3003955inst1_path_2	GCF_019378875.1	0.5	0.997
3003955inst1_path_2	GCF_029869805.1	0.9	0.997
3003955inst1_path_2	GCF_030295465.1	0.6	0.98
3003955inst1_path_2	GCF_027947515.1	0.8	0.988
3003955inst1_path_2	GCF_025821725.1	0.6	0.999
3003955inst1_path_2	GCF_007558985.1	0.5	0.997
3003955inst1_path_2	GCF_025822715.1	0.9	0.999
3003955inst1_path_2	GCF_010731875.1	0.9	0.987
3003955inst1_path_2	GCF_025263485.1	0.9	0.999
3003955inst1_path_2	GCF_021183865.1	0.9	0.996
3003955inst1_path_2	GCF_001942025.1	0.6	0.98
3003955inst1_path_2	GCF_012974285.1	0.9	0.986
3003955inst1_path_2	GCF_018343855.1	0.5	0.997
3003955inst1_path_2	GCF_027924405.1	0.6	0.991
3003955inst1_path_2	GCF_030408835.1	0.7	0.996
3003955inst1_path_2	GCF_025822585.1	0.9	0.999
3003955inst1_path_2	GCF_031458155.1	0.9	0.998
3003955inst1_path_2	GCF_031599035.1	0.9	0.998
3003955inst1_path_2	GCF_026153295.1	0.5	0.985
3003955inst1_path_2	GCF_026501225.1	0.9	0.988
3003955inst1_path_2	GCF_900103775.1	0.5	0.991
3003955inst1_path_2	GCF_030232325.1	0.6	1.0
3003955inst1_path_2	GCF_025822005.1	0.6	0.996
3003955inst1_path_2	GCF_008329905.1	0.9	0.985
3003955inst1_path_2	GCF_025822325.1	0.9	0.999
3003955inst1_path_2	GCF_030519415.1	0.9	0.979
3003955inst1_path_2	GCF_000143885.2	0.8	0.99
3003955inst1_path_2	GCF_001655245.1	0.9	0.99
3003955inst1_path_2	GCF_030323745.1	0.9	0.999
3003955inst1_path_2	GCF_001021025.1	0.6	0.987
3003955inst1_path_2	GCF_963550885.1	0.6	0.991
3003955inst1_path_2	GCF_021183725.1	0.9	0.987
3003955inst1_path_2	GCF_030296355.1	0.9	0.998
3003955inst1_path_2	GCF_029675005.1	0.8	0.986
3003955inst1_path_2	GCF_027854205.1	0.9	0.999
3003955inst1_path_2	GCF_025823305.1	0.9	0.995
3003955inst1_path_2	GCF_019317345.1	0.6	0.994
3003955inst1_path_2	GCF_030408795.1	0.6	0.995
3003955inst1_path_2	GCF_021183565.1	0.9	0.939
3003955inst1_path_2	GCF_025268675.1	0.8	0.993
3003955inst1_path_2	GCF_030499155.1	0.9	0.994
3004047inst1_gene_seq	GCF_000877815.1	0.5	0.914
3004047inst1_gene_seq	GCF_029667155.1	0.786	0.982
3004047inst1_gene_seq	GCF_011524325.1	0.5	0.939
3004047inst1_gene_seq	GCF_023278545.1	0.5	0.905
3004047inst1_gene_seq	GCF_001687605.2	0.571	0.964
3004047inst1_gene_seq	GCF_030435155.1	0.571	0.961
3004047inst1_gene_seq	GCF_009676825.1	0.536	0.942
3004047inst1_gene_seq	GCF_031324195.1	0.5	0.946
3004047inst1_gene_seq	GCF_031457625.1	0.5	0.923
3004047inst1_gene_seq	GCF_001590685.1	0.571	0.94
3004047inst1_gene_seq	GCF_020524355.2	0.5	0.937
3004047inst1_gene_seq	GCF_900291985.1	0.571	0.961
3004047inst1_gene_seq	GCF_023712515.1	0.571	0.879
3004047inst1_gene_seq	GCF_031317035.1	0.5	0.912
3004047inst1_gene_seq	GCF_030220105.1	0.786	0.981
3004047inst1_gene_seq	GCF_003049605.2	0.536	0.978
3004047inst1_gene_seq	GCF_024219955.1	0.5	0.929
3004047inst1_gene_seq	GCF_031197935.1	0.571	0.96
3004047inst1_gene_seq	GCF_020422885.1	0.5	0.938
3004047inst1_gene_seq	GCF_031317065.1	0.5	0.929
3004047inst1_gene_seq	GCF_032464605.1	0.786	0.926
3004047inst1_gene_seq	GCF_032469975.1	0.5	0.912
3004047inst1_gene_seq	GCF_032085155.1	0.571	0.96
3004047inst1_gene_seq	GCF_016724865.1	0.5	0.913
3004047inst1_gene_seq	GCF_947494135.1	0.571	0.964
3004047inst1_gene_seq	GCF_025398035.1	0.5	0.937
3004047inst1_gene_seq	GCF_000829195.1	0.571	0.953
3004047inst1_gene_seq	GCF_009720625.1	0.5	0.924
3004047inst1_gene_seq	GCF_007679095.1	0.5	0.908
3004047inst1_gene_seq	GCF_001999905.1	0.536	0.947
3004047inst1_gene_seq	GCF_943736995.1	0.536	0.937
3004047inst1_gene_seq	GCF_963518835.1	0.464	0.92
3004047inst1_gene_seq	GCF_008935075.1	0.5	0.888
3004047inst1_gene_seq	GCF_030269245.1	0.464	0.943
3004047inst1_gene_seq	GCF_017498505.1	0.536	0.924
3004047inst1_gene_seq	GCF_019599365.1	0.5	0.959
3004047inst1_gene_seq	GCF_031001775.1	0.5	0.915
3004047inst1_gene_seq	GCF_001278705.1	0.5	0.919
3004047inst1_gene_seq	GCF_014302295.1	0.571	0.939
3004047inst1_gene_seq	GCF_014217835.1	0.5	0.935
3004047inst1_gene_seq	GCF_005491425.1	0.571	0.96
3004047inst1_gene_seq	GCF_001465795.2	0.571	0.964
3004047inst1_gene_seq	GCF_011398925.1	0.5	0.951
3004047inst1_gene_seq	GCF_030223485.1	0.5	0.939
3004047inst1_gene_seq	GCF_032087075.1	0.643	0.949
3004047inst1_gene_seq	GCF_030122805.1	0.5	0.94
3004047inst1_gene_seq	GCF_031759225.1	0.5	0.932
3004047inst1_gene_seq	GCF_023586845.1	0.5	0.912
3004047inst1_gene_seq	GCF_007677425.1	0.536	0.942
3004047inst1_gene_seq	GCF_022603235.1	0.5	0.941
3004047inst1_gene_seq	GCF_030123425.1	0.5	0.88
3004047inst1_gene_seq	GCF_030406775.1	0.536	0.971
3004047inst1_gene_seq	GCF_031457655.1	0.5	0.948
3004047inst1_gene_seq	GCF_023892995.1	0.5	0.933
3004047inst1_gene_seq	GCF_016772275.1	0.536	0.933
3004047inst1_gene_seq	GCF_032460565.1	0.5	0.917
3004047inst1_gene_seq	GCF_031179525.1	0.5	0.933
3004047inst1_gene_seq	GCF_032470315.1	0.964	1.0
3004047inst1_gene_seq	GCF_028888695.1	0.5	0.933
3004047inst1_gene_seq	GCF_031932205.1	0.5	0.915
3004047inst1_gene_seq	GCF_016839225.1	0.5	0.94
3004047inst1_gene_seq	GCF_026792345.1	0.5	0.914
3004047inst1_gene_seq	GCF_023714885.1	0.5	0.913
3004047inst1_gene_seq	GCF_031455425.1	0.5	0.923
3004047inst1_gene_seq	GCF_016638705.1	0.536	0.975
3004047inst1_gene_seq	GCF_032468335.1	0.75	0.938
3004047inst1_gene_seq	GCF_018612955.1	0.536	0.947
3004047inst1_gene_seq	GCF_030067815.1	0.571	0.93
3004047inst1_gene_seq	GCF_031844185.1	0.5	0.948
3004047inst1_gene_seq	GCF_030413635.1	0.5	0.933
3004047inst1_gene_seq	GCF_003816055.1	0.5	0.942
3004047inst1_gene_seq	GCF_019915265.1	0.5	0.949
3004047inst1_gene_seq	GCF_008807035.1	0.536	0.942
3004047inst1_gene_seq	GCF_031324305.1	0.5	0.933
3004047inst1_gene_seq	GCF_021117275.1	0.536	0.968
3004047inst1_gene_seq	GCF_004210355.1	0.5	0.908
3004047inst1_gene_seq	GCF_004103875.1	0.5	0.914
3004047inst1_gene_seq	GCF_030413595.1	0.5	0.955
3004047inst1_gene_seq	GCF_002833405.1	0.571	0.963
3004047inst1_gene_seq	GCF_001677985.1	0.571	0.963
3004047inst1_gene_seq	GCF_018140925.1	0.536	0.943
3004047inst1_gene_seq	GCF_012955605.1	0.536	0.941
3004047inst1_gene_seq	GCF_029876645.1	0.536	0.934
3004047inst1_gene_seq	GCF_023823855.1	0.5	0.941
3004047inst1_gene_seq	GCF_030812975.1	0.5	0.932
3004047inst1_gene_seq	GCF_018309085.1	0.536	0.94
3004047inst1_gene_seq	GCF_030413615.1	0.5	0.952
3004047inst1_gene_seq	GCF_031854405.1	0.5	0.923
3004047inst1_gene_seq	GCF_001278805.1	0.5	0.934
3004047inst1_gene_seq	GCF_008973485.1	0.536	0.943
3004047inst1_gene_seq	GCF_032459025.1	0.5	0.939
3004047inst1_gene_seq	GCF_023168345.1	0.571	0.957
3004047inst1_gene_seq	GCF_023242215.1	0.571	0.958
3004103inst1_gene_seq	GCF_000025265.1	0.909	1.0
3004451inst1_path_54	GCF_012844345.1	0.667	0.989
3004451inst1_path_54	GCF_029371965.1	0.5	1.0
3004451inst1_path_54	GCF_002903405.1	0.5	0.988
3004451inst1_path_54	GCF_031844645.1	0.5	0.999
3004451inst1_path_54	GCF_030344915.1	0.667	0.914
3004451inst1_path_54	GCF_004022565.1	0.5	0.992
3004451inst1_path_54	GCF_032484315.1	0.667	0.938
3004451inst1_path_54	GCF_027595145.1	0.5	0.991
3004451inst1_path_60	GCF_004010755.1	0.571	0.997
3004451inst1_path_60	GCF_032337455.1	0.571	0.996
3004550inst1_path_1	GCF_012844345.1	0.5	0.995
3004550inst1_path_1	GCF_020911845.1	0.5	0.937
3004550inst1_path_1	GCF_030064165.1	0.5	0.978
3004550inst1_path_48	GCF_019856235.1	0.545	0.995
3004550inst1_path_48	GCF_029542345.1	0.636	0.982
3004572inst1_gene_seq	GCF_029667155.1	0.705	0.971
3004572inst1_gene_seq	GCF_030220105.1	0.705	0.971
3004572inst1_gene_seq	GCF_032464605.1	0.761	0.999
3004572inst1_gene_seq	GCF_032470315.1	0.989	1.0
3004599inst1_gene_seq	GCF_030220105.1	0.957	1.0
3004621inst1_path_7	GCF_031630315.1	0.5	1.0
3004621inst1_path_7	GCF_002787395.1	0.833	0.998
3004621inst1_path_7	GCF_019056655.1	0.833	0.998
3004621inst1_path_7	GCF_000742835.1	0.5	0.989
3004621inst1_path_7	GCF_011516645.4	0.5	0.992
3004621inst1_path_7	GCF_003355005.1	0.833	1.0
3004621inst1_path_7	GCF_031570195.1	0.5	0.999
3004621inst1_path_7	GCF_019046925.1	0.5	1.0
3004621inst1_path_7	GCF_009363715.1	0.5	0.993
3004621inst1_path_7	GCF_029909395.1	0.5	0.994
3004635inst1_path_2_trimmed	GCF_002934425.1	0.75	0.992
3004635inst1_path_2_trimmed	GCF_031844645.1	0.75	1.0
3004635inst1_path_2_trimmed	GCF_028752115.1	0.75	1.0
3004661inst1_path_29_trimmed	GCF_032470315.1	0.984	1.0
3004661inst1_path_29_trimmed	GCF_032468335.1	0.519	0.982
3004663inst1_gene_seq	GCF_029667155.1	0.5	0.845
3004663inst1_gene_seq	GCF_030220105.1	1.0	1.0
3004665inst1_path_59	GCF_019856235.1	0.5	0.977
3004665inst1_path_59	GCF_030296995.1	0.5	0.999
3004665inst1_path_59	GCF_029371965.1	0.5	0.99
3004665inst1_path_59	GCF_032464185.1	0.5	0.981
3004665inst1_path_59	GCF_019046925.1	0.5	0.981
3004665inst1_path_59	GCF_032337455.1	0.5	0.998
3004667inst1_gene_seq	GCF_029667155.1	0.871	0.999
3004667inst1_gene_seq	GCF_030220105.1	0.871	0.998
3004667inst1_gene_seq	GCF_032464605.1	0.86	0.972
3004667inst1_gene_seq	GCF_032470315.1	0.989	1.0
3005009inst1_path_106	GCF_019856235.1	0.714	0.962
3005009inst1_path_106	GCF_021869625.1	0.571	0.989
3005009inst1_path_106	GCF_031844645.1	0.857	0.998
3005009inst1_path_106	GCF_029542345.1	0.714	0.994
3005009inst1_path_106	GCF_016599735.1	0.571	0.989
3005009inst1_path_122	GCF_019856235.1	0.667	0.987
3005009inst1_path_122	GCF_021869625.1	0.833	0.983
3005009inst1_path_122	GCF_032301015.1	0.667	0.997
3005009inst1_path_122	GCF_032460765.1	0.5	1.0
3005009inst1_path_122	GCF_031630315.1	0.5	1.0
3005009inst1_path_122	GCF_032464185.1	0.5	1.0
3005009inst1_path_122	GCF_031844645.1	0.667	1.0
3005009inst1_path_122	GCF_029542345.1	0.667	0.988
3005009inst1_path_122	GCF_016599735.1	0.833	0.983
3005009inst1_path_135	GCF_015040095.1	0.5	0.99
3005009inst1_path_135	GCF_001643015.1	0.75	0.997
3005009inst1_path_135	GCF_009734385.1	0.625	0.989
3005009inst1_path_135	GCF_031844645.1	0.5	1.0
3005009inst1_path_135	GCF_021117075.1	0.5	0.998
3005009inst1_path_135	GCF_032112525.1	0.75	0.848
3005009inst1_path_160	GCF_030329385.1	0.6	1.0
3005009inst1_path_160	GCF_024266725.1	0.6	1.0
3005009inst1_path_160	GCF_004010755.1	0.6	1.0
3005009inst1_path_160	GCF_032301015.1	0.6	1.0
3005009inst1_path_160	GCF_030296995.1	0.8	1.0
3005009inst1_path_160	GCF_016916895.1	0.6	1.0
3005009inst1_path_160	GCF_032464185.1	0.8	1.0
3005009inst1_path_160	GCF_002787395.1	0.6	1.0
3005009inst1_path_160	GCF_031844645.1	0.6	1.0
3005009inst1_path_160	GCF_002753995.1	0.6	1.0
3005009inst1_path_160	GCF_928381455.1	0.6	1.0
3005009inst1_path_160	GCF_004022565.1	0.6	1.0
3005009inst1_path_160	GCF_900343145.1	0.6	1.0
3005009inst1_path_160	GCF_032193635.1	0.6	1.0
3005009inst1_path_160	GCF_032460975.1	0.6	1.0
3005009inst1_path_160	GCF_002953115.1	0.6	1.0
3005009inst1_path_160	GCF_032337455.1	0.6	1.0
3005009inst1_path_160	GCF_032112525.1	0.6	1.0
3005009inst1_path_160	GCF_027595145.1	0.6	1.0
3005009inst1_path_164	GCF_019856235.1	0.75	0.998
3005009inst1_path_164	GCF_012844345.1	0.5	0.997
3005009inst1_path_164	GCF_021869625.1	0.5	0.969
3005009inst1_path_164	GCF_032301015.1	0.5	1.0
3005009inst1_path_164	GCF_030296995.1	0.75	0.987
3005009inst1_path_164	GCF_029084745.1	0.5	0.992
3005009inst1_path_164	GCF_032464185.1	0.75	1.0
3005009inst1_path_164	GCF_032490415.1	0.375	0.998
3005009inst1_path_164	GCF_029542345.1	0.75	0.811
3005009inst1_path_164	GCF_030344915.1	0.625	0.996
3005009inst1_path_164	GCF_016599735.1	0.5	0.969
3005009inst1_path_164	GCF_019046925.1	0.5	1.0
3005009inst1_path_164	GCF_027947635.1	0.5	0.986
3005009inst1_path_164	GCF_027595145.1	0.5	0.984
3005009inst1_path_19	GCF_019856235.1	0.692	0.998
3005009inst1_path_19	GCF_031844645.1	0.692	0.98
3005009inst1_path_19	GCF_032490415.1	0.615	0.992
3005009inst1_path_19	GCF_029542345.1	0.538	0.957
3005009inst1_path_23	GCF_021283075.2	0.556	1.0
3005009inst1_path_23	GCF_002934425.1	0.444	0.992
3005009inst1_path_23	GCF_008931465.1	0.556	0.987
3005009inst1_path_23	GCF_032027445.1	0.556	1.0
3005009inst1_path_23	GCF_031844645.1	0.556	1.0
3005009inst1_path_23	GCF_029542345.1	0.667	0.918
3005009inst1_path_23	GCF_002953115.1	0.556	1.0
3005009inst1_path_23	GCF_032337455.1	0.667	0.941
3005009inst1_path_23	GCF_032112525.1	0.667	0.968
3005009inst1_path_23	GCF_027947635.1	0.556	1.0
3005009inst1_path_23	GCF_027595145.1	0.667	0.976
3005009inst1_path_31_trimmed	GCF_021869625.1	0.5	0.992
3005009inst1_path_31_trimmed	GCF_004193915.1	0.5	0.993
3005009inst1_path_31_trimmed	GCF_024266725.1	0.5	0.991
3005009inst1_path_31_trimmed	GCF_031844645.1	0.667	0.999
3005009inst1_path_31_trimmed	GCF_029542345.1	0.667	0.957
3005009inst1_path_31_trimmed	GCF_030344915.1	0.667	0.999
3005009inst1_path_31_trimmed	GCF_016599735.1	0.5	0.992
3005009inst1_path_31_trimmed	GCF_030064165.1	0.5	1.0
3005009inst1_path_69	GCF_019856235.1	0.812	0.989
3005009inst1_path_69	GCF_026735415.2	0.438	0.964
3005009inst1_path_69	GCF_032460765.1	0.562	0.993
3005009inst1_path_69	GCF_030296995.1	0.688	0.998
3005009inst1_path_69	GCF_032464185.1	0.812	0.987
3005009inst1_path_69	GCF_031844645.1	0.875	0.928
3005009inst1_path_69	GCF_032460805.1	0.438	0.996
3005009inst1_path_91	GCF_019856235.1	0.5	0.996
3005009inst1_path_91	GCF_032248775.1	0.5	0.84
3005009inst1_path_91	GCF_031844645.1	0.75	0.997
3005010inst1_path_106	GCF_019856235.1	0.8	1.0
3005010inst1_path_106	GCF_030296995.1	0.6	1.0
3005010inst1_path_10	GCF_031119035.1	0.75	0.998
3005010inst1_path_10	GCF_030329385.1	0.75	1.0
3005010inst1_path_10	GCF_024266725.1	0.75	1.0
3005010inst1_path_10	GCF_004010755.1	0.75	1.0
3005010inst1_path_10	GCF_032301015.1	1.0	1.0
3005010inst1_path_10	GCF_030296995.1	1.0	1.0
3005010inst1_path_10	GCF_016916895.1	0.75	1.0
3005010inst1_path_10	GCF_032464185.1	1.0	1.0
3005010inst1_path_10	GCF_002787395.1	0.75	1.0
3005010inst1_path_10	GCF_002753995.1	0.75	1.0
3005010inst1_path_10	GCF_928381455.1	0.75	1.0
3005010inst1_path_10	GCF_900343145.1	0.75	1.0
3005010inst1_path_10	GCF_032193635.1	0.75	1.0
3005010inst1_path_10	GCF_032460975.1	0.75	1.0
3005010inst1_path_10	GCF_002953115.1	0.75	1.0
3005010inst1_path_10	GCF_032337455.1	0.75	1.0
3005010inst1_path_10	GCF_032112525.1	0.75	1.0
3005010inst1_path_10	GCF_027595145.1	0.75	1.0
3005010inst1_path_121	GCF_015040095.1	0.5	0.99
3005010inst1_path_121	GCF_001643015.1	0.75	0.997
3005010inst1_path_121	GCF_009734385.1	0.625	0.989
3005010inst1_path_121	GCF_031844645.1	0.5	1.0
3005010inst1_path_121	GCF_021117075.1	0.5	0.998
3005010inst1_path_121	GCF_032112525.1	0.75	0.848
3005010inst1_path_148	GCF_019856235.1	0.75	0.998
3005010inst1_path_148	GCF_012844345.1	0.5	0.997
3005010inst1_path_148	GCF_021869625.1	0.5	0.969
3005010inst1_path_148	GCF_032301015.1	0.5	1.0
3005010inst1_path_148	GCF_030296995.1	0.75	0.987
3005010inst1_path_148	GCF_029084745.1	0.5	0.992
3005010inst1_path_148	GCF_032464185.1	0.75	1.0
3005010inst1_path_148	GCF_032490415.1	0.375	0.998
3005010inst1_path_148	GCF_029542345.1	0.75	0.811
3005010inst1_path_148	GCF_030344915.1	0.625	0.996
3005010inst1_path_148	GCF_016599735.1	0.5	0.969
3005010inst1_path_148	GCF_019046925.1	0.5	1.0
3005010inst1_path_148	GCF_027947635.1	0.5	0.986
3005010inst1_path_148	GCF_027595145.1	0.5	0.984
3005010inst1_path_18	GCF_019856235.1	0.818	0.998
3005010inst1_path_18	GCF_030296995.1	0.818	0.811
3005010inst1_path_18	GCF_032464185.1	0.545	0.998
3005010inst1_path_18	GCF_031844645.1	0.818	0.986
3005010inst1_path_18	GCF_029542345.1	0.545	0.958
3005010inst1_path_21	GCF_021283075.2	0.556	1.0
3005010inst1_path_21	GCF_002934425.1	0.444	0.992
3005010inst1_path_21	GCF_008931465.1	0.556	0.987
3005010inst1_path_21	GCF_032027445.1	0.556	1.0
3005010inst1_path_21	GCF_031844645.1	0.556	1.0
3005010inst1_path_21	GCF_029542345.1	0.667	0.918
3005010inst1_path_21	GCF_002953115.1	0.556	1.0
3005010inst1_path_21	GCF_032337455.1	0.667	0.941
3005010inst1_path_21	GCF_032112525.1	0.667	0.968
3005010inst1_path_21	GCF_027947635.1	0.556	1.0
3005010inst1_path_21	GCF_027595145.1	0.667	0.976
3005010inst1_path_63	GCF_019856235.1	0.812	0.989
3005010inst1_path_63	GCF_026735415.2	0.438	0.964
3005010inst1_path_63	GCF_032460765.1	0.562	0.993
3005010inst1_path_63	GCF_030296995.1	0.688	0.998
3005010inst1_path_63	GCF_032464185.1	0.812	0.987
3005010inst1_path_63	GCF_031844645.1	0.875	0.928
3005010inst1_path_63	GCF_032460805.1	0.438	0.996
3005010inst1_path_83_trimmed	GCF_021869625.1	0.5	0.989
3005010inst1_path_83_trimmed	GCF_031844645.1	1.0	0.999
3005010inst1_path_83_trimmed	GCF_016599735.1	0.5	0.989
3005010inst1_path_94	GCF_019856235.1	0.714	0.962
3005010inst1_path_94	GCF_021869625.1	0.571	0.989
3005010inst1_path_94	GCF_031844645.1	0.857	0.998
3005010inst1_path_94	GCF_029542345.1	0.714	0.994
3005010inst1_path_94	GCF_016599735.1	0.571	0.989
3005098inst1_path_15	GCF_031844645.1	1.0	0.998
3005098inst1_path_15	GCF_029104455.1	0.75	0.989
3005098inst1_path_2	GCF_012844345.1	0.5	0.996
3005098inst1_path_4	GCF_032490415.1	0.375	0.994
3005098inst1_path_4	GCF_030344915.1	0.625	0.994
3005098inst1_path_6	GCF_012844345.1	0.625	0.985
3005098inst1_path_6	GCF_031844645.1	0.625	0.906
3006891inst1_gene_seq	GCF_031611515.1	0.75	1.0
3006891inst1_gene_seq	GCF_021869625.1	1.0	1.0
3006891inst1_gene_seq	GCF_031611235.1	0.75	1.0
3006891inst1_gene_seq	GCF_026735415.2	0.75	1.0
3006891inst1_gene_seq	GCF_032301015.1	0.75	1.0
3006891inst1_gene_seq	GCF_030296995.1	0.75	1.0
3006891inst1_gene_seq	GCF_001696615.3	1.0	1.0
3006891inst1_gene_seq	GCF_002787395.1	0.75	1.0
3006891inst1_gene_seq	GCF_031844645.1	1.0	1.0
3006891inst1_gene_seq	GCF_027891305.1	0.75	1.0
3006891inst1_gene_seq	GCF_031846145.1	0.75	1.0
3006891inst1_gene_seq	GCF_031570195.1	0.75	0.999
3006891inst1_gene_seq	GCF_032460805.1	1.0	1.0
3007010inst1_path_18	GCF_032470315.1	0.962	0.994
3007012inst1_gene_seq	GCF_029667155.1	0.705	0.971
3007012inst1_gene_seq	GCF_030220105.1	0.705	0.971
3007012inst1_gene_seq	GCF_032464605.1	0.761	0.999
3007012inst1_gene_seq	GCF_032470315.1	0.989	1.0
3007013inst1_gene_seq	GCF_029667155.1	0.705	0.971
3007013inst1_gene_seq	GCF_030220105.1	0.705	0.971
3007013inst1_gene_seq	GCF_032464605.1	0.761	0.999
3007013inst1_gene_seq	GCF_032470315.1	0.989	1.0
3007029inst1_gene_seq	GCF_029667155.1	0.976	0.999
3007029inst1_gene_seq	GCF_001687605.2	0.69	0.994
3007029inst1_gene_seq	GCF_030435155.1	0.714	0.985
3007029inst1_gene_seq	GCF_009676825.1	0.738	0.995
3007029inst1_gene_seq	GCF_001590685.1	0.643	0.991
3007029inst1_gene_seq	GCF_900291985.1	0.738	0.987
3007029inst1_gene_seq	GCF_030220105.1	0.976	1.0
3007029inst1_gene_seq	GCF_031197935.1	0.714	0.985
3007029inst1_gene_seq	GCF_032464605.1	0.929	0.999
3007029inst1_gene_seq	GCF_947494135.1	0.69	0.993
3007029inst1_gene_seq	GCF_000829195.1	0.69	0.987
3007029inst1_gene_seq	GCF_001999905.1	0.643	0.992
3007029inst1_gene_seq	GCF_943736995.1	0.69	0.993
3007029inst1_gene_seq	GCF_030269245.1	0.738	0.992
3007029inst1_gene_seq	GCF_017498505.1	0.69	0.993
3007029inst1_gene_seq	GCF_019599365.1	0.667	0.993
3007029inst1_gene_seq	GCF_014302295.1	0.643	0.991
3007029inst1_gene_seq	GCF_014217835.1	0.714	0.996
3007029inst1_gene_seq	GCF_005491425.1	0.548	0.988
3007029inst1_gene_seq	GCF_001465795.2	0.69	0.993
3007029inst1_gene_seq	GCF_031317185.1	0.667	0.997
3007029inst1_gene_seq	GCF_032087075.1	0.643	0.991
3007029inst1_gene_seq	GCF_023715305.1	0.667	0.996
3007029inst1_gene_seq	GCF_007677425.1	0.738	0.995
3007029inst1_gene_seq	GCF_030406775.1	0.619	0.991
3007029inst1_gene_seq	GCF_032485395.1	0.643	0.981
3007029inst1_gene_seq	GCF_032470315.1	0.929	0.995
3007029inst1_gene_seq	GCF_963529395.1	0.476	0.968
3007029inst1_gene_seq	GCF_026792345.1	0.5	0.975
3007029inst1_gene_seq	GCF_016638705.1	0.548	0.987
3007029inst1_gene_seq	GCF_032468335.1	0.762	0.991
3007029inst1_gene_seq	GCF_002736105.1	0.571	0.99
3007029inst1_gene_seq	GCF_018612955.1	0.714	0.992
3007029inst1_gene_seq	GCF_030067815.1	0.69	0.99
3007029inst1_gene_seq	GCF_030413635.1	0.667	0.993
3007029inst1_gene_seq	GCF_008807035.1	0.738	0.995
3007029inst1_gene_seq	GCF_021117275.1	0.714	0.995
3007029inst1_gene_seq	GCF_004210355.1	0.476	0.99
3007029inst1_gene_seq	GCF_030413595.1	0.667	0.993
3007029inst1_gene_seq	GCF_002833405.1	0.69	0.993
3007029inst1_gene_seq	GCF_001677985.1	0.571	0.986
3007029inst1_gene_seq	GCF_027692035.1	0.667	0.993
3007029inst1_gene_seq	GCF_018140925.1	0.738	0.994
3007029inst1_gene_seq	GCF_018309085.1	0.643	0.992
3007029inst1_gene_seq	GCF_030413615.1	0.667	0.993
3007029inst1_gene_seq	GCF_008973485.1	0.738	0.996
3007029inst1_gene_seq	GCF_023168345.1	0.548	0.988
3007029inst1_gene_seq	GCF_023242215.1	0.548	0.969
3007121inst1_path_3	GCF_030408555.1	0.6	0.999
3007121inst1_path_3	GCF_016889985.1	1.0	0.945
3007121inst1_path_9	GCF_030408555.1	0.667	1.0
3007121inst1_path_9	GCF_016889985.1	0.583	0.961
3007182inst1_gene_seq	GCF_000371885.1	0.5	0.995
3007182inst1_gene_seq	GCF_025821765.1	0.667	0.999
3007182inst1_gene_seq	GCF_025822105.1	0.5	0.998
3007182inst1_gene_seq	GCF_002890695.1	0.5	1.0
3007182inst1_gene_seq	GCF_002156025.1	0.5	0.997
3007182inst1_gene_seq	GCF_017656075.1	0.667	0.998
3007182inst1_gene_seq	GCF_001644575.1	0.5	0.999
3007182inst1_gene_seq	GCF_025821405.1	0.5	0.993
3007182inst1_gene_seq	GCF_022374895.2	0.667	0.998
3007182inst1_gene_seq	GCF_014656155.1	0.5	0.993
3007182inst1_gene_seq	GCF_002028385.1	0.5	1.0
3007182inst1_gene_seq	GCF_019739095.1	0.5	0.999
3007182inst1_gene_seq	GCF_025821785.1	0.667	0.995
3007182inst1_gene_seq	GCF_025821305.1	0.5	0.999
3007182inst1_gene_seq	GCF_029222015.1	0.5	0.999
3007182inst1_gene_seq	GCF_029369745.1	0.5	0.993
3007182inst1_gene_seq	GCF_000262165.1	0.667	0.999
3007182inst1_gene_seq	GCF_017638445.1	0.5	0.998
3007182inst1_gene_seq	GCF_025822625.1	0.5	0.999
3007182inst1_gene_seq	GCF_003130705.1	0.667	0.998
3007182inst1_gene_seq	GCF_018326145.1	0.5	0.998
3007182inst1_gene_seq	GCF_002993285.1	0.5	0.999
3007182inst1_gene_seq	GCF_025822825.1	0.667	0.999
3007182inst1_gene_seq	GCF_022374915.2	1.0	0.964
3007182inst1_gene_seq	GCF_000328565.1	0.5	0.995
3007182inst1_gene_seq	GCF_023023025.1	0.5	0.994
3007182inst1_gene_seq	GCF_025822985.1	0.5	0.995
3007182inst1_gene_seq	GCF_945929885.1	0.5	0.998
3007182inst1_gene_seq	GCF_024611995.1	0.5	1.0
3007182inst1_gene_seq	GCF_025823155.1	0.667	0.998
3007182inst1_gene_seq	GCF_026802195.1	0.5	0.994
3007182inst1_gene_seq	GCF_025823345.1	0.5	0.995
3007182inst1_gene_seq	GCF_025823225.1	0.5	0.998
3007182inst1_gene_seq	GCF_900070365.1	0.5	0.996
3007182inst1_gene_seq	GCF_010731575.1	0.5	0.995
3007182inst1_gene_seq	GCF_000975265.2	0.667	0.991
3007182inst1_gene_seq	GCF_003515645.1	0.667	0.996
3007182inst1_gene_seq	GCF_018278905.1	0.667	0.997
3007182inst1_gene_seq	GCF_025822645.1	0.667	0.999
3007182inst1_gene_seq	GCF_001722355.1	0.5	0.998
3007182inst1_gene_seq	GCF_030417635.1	0.5	1.0
3007182inst1_gene_seq	GCF_030342225.1	0.667	0.999
3007182inst1_gene_seq	GCF_918429175.1	1.0	0.999
3007182inst1_gene_seq	GCF_031630195.1	0.5	0.999
3007182inst1_gene_seq	GCF_025821505.1	1.0	0.987
3007182inst1_gene_seq	GCF_025822805.1	0.5	0.997
3007182inst1_gene_seq	GCF_031458315.1	0.5	0.999
3007182inst1_gene_seq	GCF_021391495.1	0.5	0.993
3007182inst1_gene_seq	GCF_002157835.1	0.5	1.0
3007182inst1_gene_seq	GCF_023218095.1	0.667	0.997
3007182inst1_gene_seq	GCF_031626455.1	1.0	0.999
3007182inst1_gene_seq	GCF_030518135.1	0.5	0.994
3007182inst1_gene_seq	GCF_030295745.1	0.5	0.995
3007182inst1_gene_seq	GCF_001020985.1	0.5	0.989
3007182inst1_gene_seq	GCF_019456675.1	0.5	0.997
3007182inst1_gene_seq	GCF_000244955.1	0.5	0.989
3007182inst1_gene_seq	GCF_020520165.1	0.5	0.999
3007182inst1_gene_seq	GCF_900292015.1	1.0	0.965
3007182inst1_gene_seq	GCF_009734385.1	0.5	1.0
3007182inst1_gene_seq	GCF_025822185.1	0.5	0.996
3007182inst1_gene_seq	GCF_030285645.1	0.5	0.994
3007182inst1_gene_seq	GCF_029270025.1	0.5	1.0
3007182inst1_gene_seq	GCF_031455555.1	0.5	0.999
3007182inst1_gene_seq	GCF_030440515.1	0.5	0.991
3007182inst1_gene_seq	GCF_031626215.1	0.667	0.999
3007182inst1_gene_seq	GCF_013364075.1	0.5	0.994
3007182inst1_gene_seq	GCF_014217785.1	0.5	0.993
3007182inst1_gene_seq	GCF_003813965.1	0.5	0.994
3007182inst1_gene_seq	GCF_011694515.1	0.5	0.999
3007182inst1_gene_seq	GCF_026723865.1	0.667	0.998
3007182inst1_gene_seq	GCF_028198185.1	0.5	0.999
3007182inst1_gene_seq	GCF_000389965.1	0.5	0.996
3007182inst1_gene_seq	GCF_022317005.1	0.5	0.996
3007182inst1_gene_seq	GCF_000755185.1	0.5	0.997
3007182inst1_gene_seq	GCF_010726765.1	0.5	0.994
3007182inst1_gene_seq	GCF_022558505.1	0.667	0.995
3007182inst1_gene_seq	GCF_025822025.1	0.5	0.997
3007182inst1_gene_seq	GCF_030755195.1	0.667	0.99
3007182inst1_gene_seq	GCF_025822465.1	0.5	0.999
3007182inst1_gene_seq	GCF_018326285.1	0.5	0.998
3007182inst1_gene_seq	GCF_027886475.1	0.5	1.0
3007182inst1_gene_seq	GCF_019581175.1	0.5	1.0
3007182inst1_gene_seq	GCF_000943515.2	0.5	1.0
3007182inst1_gene_seq	GCF_001056295.1	0.5	0.993
3007182inst1_gene_seq	GCF_963550995.1	0.5	0.989
3007182inst1_gene_seq	GCF_025822965.1	0.667	0.995
3007182inst1_gene_seq	GCF_016889705.1	0.5	0.996
3007182inst1_gene_seq	GCF_022557175.1	0.5	0.996
3007182inst1_gene_seq	GCF_024220175.1	0.5	1.0
3007182inst1_gene_seq	GCF_030537705.1	0.5	1.0
3007182inst1_gene_seq	GCF_900108565.1	0.5	1.0
3007182inst1_gene_seq	GCF_025273675.1	0.5	0.993
3007182inst1_gene_seq	GCF_027627435.1	0.5	0.998
3007182inst1_gene_seq	GCF_018736145.1	0.5	0.999
3007182inst1_gene_seq	GCF_001021485.1	0.667	0.961
3007182inst1_gene_seq	GCF_019456695.2	1.0	0.964
3007182inst1_gene_seq	GCF_019468465.1	0.5	0.999
3007182inst1_gene_seq	GCF_024628825.1	0.5	1.0
3007182inst1_gene_seq	GCF_000372385.1	0.5	1.0
3007182inst1_gene_seq	GCF_001021385.1	0.5	0.998
3007182inst1_gene_seq	GCF_013466425.1	0.667	0.993
3007182inst1_gene_seq	GCF_025822365.1	0.5	1.0
3007182inst1_gene_seq	GCF_030417435.1	0.667	0.997
3007182inst1_gene_seq	GCF_026625985.1	0.667	0.998
3007182inst1_gene_seq	GCF_025822215.1	0.5	0.997
3007182inst1_gene_seq	GCF_019686115.1	0.5	0.998
3007182inst1_gene_seq	GCF_002162115.2	0.5	0.999
3007182inst1_gene_seq	GCF_003855255.1	0.5	1.0
3007182inst1_gene_seq	GCF_030486405.1	0.5	1.0
3007182inst1_gene_seq	GCF_016803985.1	0.5	1.0
3007182inst1_gene_seq	GCF_011745145.1	0.5	1.0
3007182inst1_gene_seq	GCF_025823075.1	0.5	0.995
3007182inst1_gene_seq	GCF_900105395.1	0.5	1.0
3007182inst1_gene_seq	GCF_010731895.1	0.5	0.998
3007182inst1_gene_seq	GCF_009859915.1	0.667	0.998
3007182inst1_gene_seq	GCF_000026445.2	1.0	0.987
3007182inst1_gene_seq	GCF_024652765.1	0.5	0.995
3007182inst1_gene_seq	GCF_019668465.1	0.667	0.998
3007182inst1_gene_seq	GCF_023515955.1	0.5	0.99
3007182inst1_gene_seq	GCF_025822385.1	0.5	0.999
3007182inst1_gene_seq	GCF_017639205.1	0.5	0.991
3007182inst1_gene_seq	GCF_025821645.1	0.833	0.977
3007182inst1_gene_seq	GCF_001984015.1	0.5	0.992
3007182inst1_gene_seq	GCF_025821735.1	0.667	0.993
3007182inst1_gene_seq	GCF_002796545.1	0.5	0.997
3007182inst1_gene_seq	GCF_016313185.1	0.5	0.995
3007182inst1_gene_seq	GCF_021354605.1	0.5	1.0
3007182inst1_gene_seq	GCF_022340085.1	0.667	0.999
3007182inst1_gene_seq	GCF_025823355.1	0.667	0.998
3007182inst1_gene_seq	GCF_020218005.1	0.5	0.993
3007182inst1_gene_seq	GCF_030285665.1	0.5	0.997
3007182inst1_gene_seq	GCF_028451225.2	1.0	0.964
3007182inst1_gene_seq	GCF_000732925.1	0.5	1.0
3007182inst1_gene_seq	GCF_008107605.1	0.5	1.0
3007182inst1_gene_seq	GCF_001941445.1	0.5	0.991
3007182inst1_gene_seq	GCF_025821945.1	0.5	0.988
3007182inst1_gene_seq	GCF_025822535.1	0.5	0.999
3007182inst1_gene_seq	GCF_900105855.1	0.5	1.0
3007182inst1_gene_seq	GCF_025822435.1	0.5	0.997
3007182inst1_gene_seq	GCF_022558525.1	0.5	1.0
3007182inst1_gene_seq	GCF_030285625.1	0.5	0.996
3007182inst1_gene_seq	GCF_030295465.1	0.5	0.999
3007182inst1_gene_seq	GCF_025822715.1	0.667	1.0
3007182inst1_gene_seq	GCF_030408595.1	0.5	0.989
3007182inst1_gene_seq	GCF_010731875.1	0.5	0.997
3007182inst1_gene_seq	GCF_025263485.1	0.667	0.998
3007182inst1_gene_seq	GCF_021183865.1	0.833	0.99
3007182inst1_gene_seq	GCF_022479115.1	0.5	1.0
3007182inst1_gene_seq	GCF_018343855.1	0.667	0.998
3007182inst1_gene_seq	GCF_031458155.1	0.5	1.0
3007182inst1_gene_seq	GCF_026501225.1	0.5	0.999
3007182inst1_gene_seq	GCF_030232325.1	0.5	0.997
3007182inst1_gene_seq	GCF_018885265.1	0.5	1.0
3007182inst1_gene_seq	GCF_008329905.1	0.5	0.998
3007182inst1_gene_seq	GCF_025821225.1	0.5	1.0
3007182inst1_gene_seq	GCF_025822325.1	0.5	0.999
3007182inst1_gene_seq	GCF_024125735.1	0.5	1.0
3007182inst1_gene_seq	GCF_022699385.1	0.5	0.992
3007182inst1_gene_seq	GCF_030323745.1	1.0	0.999
3007182inst1_gene_seq	GCF_001021025.1	0.5	0.998
3007182inst1_gene_seq	GCF_021183725.1	0.667	0.982
3007182inst1_gene_seq	GCF_030296355.1	0.5	0.996
3007182inst1_gene_seq	GCF_019330265.1	0.5	0.999
3007182inst1_gene_seq	GCF_029675005.1	0.5	0.995
3007182inst1_gene_seq	GCF_027854205.1	0.5	1.0
3007182inst1_gene_seq	GCF_025823305.1	0.667	0.997
3007182inst1_gene_seq	GCF_030408795.1	0.5	0.993
3007182inst1_gene_seq	GCF_025268675.1	0.5	1.0
3007182inst1_gene_seq	GCF_030499155.1	0.5	0.999
3007208inst1_gene_seq	GCF_025665295.1	1.0	1.0
3007208inst1_gene_seq	GCF_026344195.1	1.0	0.989
3007208inst1_gene_seq	GCF_028870195.1	1.0	0.989
3007208inst1_gene_seq	GCF_026239535.1	1.0	1.0
3007208inst1_gene_seq	GCF_027626975.1	1.0	0.988
3007208inst1_gene_seq	GCF_011290345.1	1.0	1.0
3007208inst1_gene_seq	GCF_003173275.1	1.0	0.989
3007210inst1_gene_seq	GCF_000025265.1	0.714	0.999
3007659inst1_path_1	GCF_025821765.1	0.833	0.995
3007659inst1_path_1	GCF_025821405.1	0.5	0.991
3007659inst1_path_1	GCF_025821825.1	0.833	0.999
3007659inst1_path_1	GCF_000262165.1	0.833	0.988
3007659inst1_path_1	GCF_018278905.1	0.5	1.0
3007659inst1_path_1	GCF_025822645.1	0.667	0.999
3007659inst1_path_1	GCF_025821905.1	0.5	0.997
3007659inst1_path_1	GCF_030342225.1	0.667	0.999
3007659inst1_path_1	GCF_023218095.1	0.667	0.999
3007659inst1_path_1	GCF_900292015.1	0.5	0.992
3007659inst1_path_1	GCF_031626215.1	0.667	0.999
3007659inst1_path_1	GCF_022179425.1	0.5	1.0
3007659inst1_path_1	GCF_022558505.1	0.667	0.951
3007659inst1_path_1	GCF_030755195.1	0.5	0.999
3007659inst1_path_1	GCF_025822965.1	0.667	0.999
3007659inst1_path_1	GCF_026012555.1	0.5	1.0
3007659inst1_path_1	GCF_013466425.1	0.5	0.999
3007659inst1_path_1	GCF_019668465.1	0.667	0.989
3007659inst1_path_1	GCF_025821645.1	0.5	0.996
3007659inst1_path_1	GCF_025821735.1	0.667	0.979
3007659inst1_path_1	GCF_022340085.1	0.833	0.988
3007659inst1_path_1	GCF_020218005.1	0.833	0.998
3007659inst1_path_1	GCF_025821945.1	0.667	0.999
3007662inst1_gene_seq	GCF_008329645.1	0.571	0.953
3007662inst1_gene_seq	GCF_025821765.1	1.0	0.957
3007662inst1_gene_seq	GCF_025821345.1	0.571	0.978
3007662inst1_gene_seq	GCF_001644575.1	0.571	0.999
3007662inst1_gene_seq	GCF_025821405.1	1.0	0.969
3007662inst1_gene_seq	GCF_022374895.2	1.0	0.957
3007662inst1_gene_seq	GCF_019739095.1	0.714	0.896
3007662inst1_gene_seq	GCF_025821785.1	1.0	0.95
3007662inst1_gene_seq	GCF_025821825.1	1.0	0.957
3007662inst1_gene_seq	GCF_001984215.1	0.571	0.995
3007662inst1_gene_seq	GCF_025821305.1	0.857	0.95
3007662inst1_gene_seq	GCF_029222015.1	0.571	0.997
3007662inst1_gene_seq	GCF_010725485.1	0.571	0.997
3007662inst1_gene_seq	GCF_025822285.1	1.0	0.892
3007662inst1_gene_seq	GCF_000262165.1	1.0	0.968
3007662inst1_gene_seq	GCF_025822625.1	0.571	0.997
3007662inst1_gene_seq	GCF_022374915.2	0.714	0.98
3007662inst1_gene_seq	GCF_000328565.1	0.571	0.989
3007662inst1_gene_seq	GCF_025822985.1	0.571	0.988
3007662inst1_gene_seq	GCF_025823155.1	1.0	0.984
3007662inst1_gene_seq	GCF_025823345.1	0.571	0.997
3007662inst1_gene_seq	GCF_010731575.1	0.571	0.994
3007662inst1_gene_seq	GCF_003515645.1	1.0	0.949
3007662inst1_gene_seq	GCF_018278905.1	0.857	0.973
3007662inst1_gene_seq	GCF_025822645.1	1.0	0.968
3007662inst1_gene_seq	GCF_001722355.1	0.571	0.997
3007662inst1_gene_seq	GCF_025821905.1	1.0	0.978
3007662inst1_gene_seq	GCF_030342225.1	1.0	0.968
3007662inst1_gene_seq	GCF_918429175.1	1.0	1.0
3007662inst1_gene_seq	GCF_025821505.1	0.714	0.916
3007662inst1_gene_seq	GCF_025822805.1	0.571	0.953
3007662inst1_gene_seq	GCF_002157835.1	0.714	0.895
3007662inst1_gene_seq	GCF_023218095.1	1.0	0.969
3007662inst1_gene_seq	GCF_031626455.1	1.0	1.0
3007662inst1_gene_seq	GCF_030295745.1	0.714	0.997
3007662inst1_gene_seq	GCF_019456675.1	0.571	0.985
3007662inst1_gene_seq	GCF_900292015.1	1.0	0.965
3007662inst1_gene_seq	GCF_025263265.1	0.571	0.997
3007662inst1_gene_seq	GCF_025822185.1	0.714	0.991
3007662inst1_gene_seq	GCF_029270025.1	0.714	0.894
3007662inst1_gene_seq	GCF_031626215.1	1.0	0.968
3007662inst1_gene_seq	GCF_025823005.1	0.571	0.997
3007662inst1_gene_seq	GCF_022179425.1	1.0	0.957
3007662inst1_gene_seq	GCF_025263565.1	0.571	0.997
3007662inst1_gene_seq	GCF_011694515.1	0.714	0.998
3007662inst1_gene_seq	GCF_026723865.1	1.0	0.957
3007662inst1_gene_seq	GCF_022317005.1	0.714	0.991
3007662inst1_gene_seq	GCF_025821705.1	0.714	0.996
3007662inst1_gene_seq	GCF_010726765.1	0.571	0.963
3007662inst1_gene_seq	GCF_022558505.1	0.857	0.889
3007662inst1_gene_seq	GCF_025822025.1	0.857	0.949
3007662inst1_gene_seq	GCF_030755195.1	1.0	0.975
3007662inst1_gene_seq	GCF_025822465.1	0.571	0.999
3007662inst1_gene_seq	GCF_030252325.1	0.714	0.935
3007662inst1_gene_seq	GCF_025822965.1	1.0	0.968
3007662inst1_gene_seq	GCF_026012555.1	1.0	0.957
3007662inst1_gene_seq	GCF_022557175.1	0.714	0.995
3007662inst1_gene_seq	GCF_900108565.1	0.714	0.991
3007662inst1_gene_seq	GCF_001021485.1	0.714	0.889
3007662inst1_gene_seq	GCF_019456695.2	0.571	0.961
3007662inst1_gene_seq	GCF_001021385.1	0.571	0.955
3007662inst1_gene_seq	GCF_013466425.1	1.0	0.956
3007662inst1_gene_seq	GCF_030417435.1	1.0	0.957
3007662inst1_gene_seq	GCF_010731855.1	0.571	0.999
3007662inst1_gene_seq	GCF_026625985.1	1.0	0.958
3007662inst1_gene_seq	GCF_003855255.1	0.714	0.894
3007662inst1_gene_seq	GCF_030418225.1	0.571	0.997
3007662inst1_gene_seq	GCF_030486405.1	0.714	0.895
3007662inst1_gene_seq	GCF_025821885.1	0.571	0.997
3007662inst1_gene_seq	GCF_010731895.1	0.571	0.917
3007662inst1_gene_seq	GCF_015710575.1	0.571	0.919
3007662inst1_gene_seq	GCF_000026445.2	0.714	0.916
3007662inst1_gene_seq	GCF_024652765.1	0.571	0.997
3007662inst1_gene_seq	GCF_019668465.1	1.0	0.968
3007662inst1_gene_seq	GCF_025821645.1	0.571	0.956
3007662inst1_gene_seq	GCF_022430545.2	0.571	0.999
3007662inst1_gene_seq	GCF_025821735.1	0.857	0.929
3007662inst1_gene_seq	GCF_016313185.1	0.571	0.997
3007662inst1_gene_seq	GCF_025822845.1	0.571	0.999
3007662inst1_gene_seq	GCF_022340085.1	1.0	0.968
3007662inst1_gene_seq	GCF_950074805.1	0.571	0.997
3007662inst1_gene_seq	GCF_025823355.1	1.0	0.969
3007662inst1_gene_seq	GCF_020218005.1	0.714	0.995
3007662inst1_gene_seq	GCF_028451225.2	0.714	0.917
3007662inst1_gene_seq	GCF_025821945.1	1.0	0.957
3007662inst1_gene_seq	GCF_025822535.1	0.571	0.997
3007662inst1_gene_seq	GCF_025822435.1	0.571	0.986
3007662inst1_gene_seq	GCF_022558525.1	0.714	0.896
3007662inst1_gene_seq	GCF_025821725.1	0.429	0.997
3007662inst1_gene_seq	GCF_025263485.1	1.0	0.97
3007662inst1_gene_seq	GCF_021183865.1	0.857	0.975
3007662inst1_gene_seq	GCF_031458155.1	0.714	0.897
3007662inst1_gene_seq	GCF_031599035.1	0.571	0.973
3007662inst1_gene_seq	GCF_008329905.1	0.571	0.931
3007662inst1_gene_seq	GCF_030323745.1	1.0	1.0
3007662inst1_gene_seq	GCF_021183725.1	0.857	0.976
3007662inst1_gene_seq	GCF_030296355.1	0.571	0.974
3007662inst1_gene_seq	GCF_027854205.1	0.857	0.948
3007662inst1_gene_seq	GCF_025823305.1	1.0	0.903
3007662inst1_gene_seq	GCF_030499155.1	0.571	0.999
3008462inst1_gene_seq	GCF_902832775.1	1.0	1.0
3008462inst1_gene_seq	GCF_029910195.1	1.0	1.0
3008462inst1_gene_seq	GCF_001522585.2	1.0	1.0
3008462inst1_gene_seq	GCF_031630195.1	1.0	1.0
3008462inst1_gene_seq	GCF_030483585.1	1.0	1.0
3008462inst1_gene_seq	GCF_024381035.1	1.0	1.0
3008462inst1_gene_seq	GCF_902833085.1	1.0	1.0
3008462inst1_gene_seq	GCF_030541745.1	1.0	0.999
3008462inst1_gene_seq	GCF_902833205.1	1.0	1.0
3008462inst1_gene_seq	GCF_022556315.1	1.0	0.999
3008462inst1_gene_seq	GCF_031576485.1	1.0	1.0
3008462inst1_gene_seq	GCF_030482605.1	1.0	1.0
3008993inst1_gene_seq	GCF_030483885.1	0.593	0.994
3008993inst1_gene_seq	GCF_000262695.1	0.481	0.98
3008993inst1_gene_seq	GCF_016836745.1	0.556	0.969
3008993inst1_gene_seq	GCF_019795555.1	0.556	0.968
3008993inst1_gene_seq	GCF_029910195.1	0.593	0.975
3008993inst1_gene_seq	GCF_030483315.1	0.593	0.991
3008993inst1_gene_seq	GCF_025560745.1	0.519	0.941
3008993inst1_gene_seq	GCF_031630195.1	0.593	0.995
3008993inst1_gene_seq	GCF_024732225.1	0.519	0.942
3008993inst1_gene_seq	GCF_013822785.1	0.593	0.995
3008993inst1_gene_seq	GCF_020843965.1	0.593	0.966
3008993inst1_gene_seq	GCF_020419555.1	0.593	0.994
3008993inst1_gene_seq	GCF_003366075.1	0.593	0.994
3008993inst1_gene_seq	GCF_005937855.2	0.593	0.973
3008993inst1_gene_seq	GCF_020843945.1	0.593	0.966
3008993inst1_gene_seq	GCF_902833205.1	0.593	0.974
3008993inst1_gene_seq	GCF_001523915.2	0.593	0.97
3008993inst1_gene_seq	GCF_022556315.1	0.519	0.945
3008993inst1_gene_seq	GCF_031576485.1	0.593	1.0
3008993inst1_gene_seq	GCF_001524645.2	0.593	0.974
3008993inst1_gene_seq	GCF_003233675.1	0.519	0.939
