queried_path	ground_truth_match	proportion-query-genes-found	avg-syntenic-correlation
3000024inst1_gene_seq	GCF_019856415.1_ASM1985641v1	0.667	0.984
3000024inst1_gene_seq	GCF_019856435.1_ASM1985643v1	0.917	1.0
3000025inst1_path_190_trimmed	GCF_019856415.1_ASM1985641v1	0.957	1.0
3000027inst1_path_258_trimmed	GCF_028622335.1_ASM2862233v1	1.0	0.999
3000074inst1_path_1	GCF_009363135.1_ASM936313v1	0.917	0.991
3000074inst1_path_1	kleb_with_INT	0.833	0.98
3000074inst1_path_1	GCF_000164865.1_ASM16486v1	0.75	0.997
3000074inst1_path_1	GCF_000803315.1_ASM80331v1	0.583	0.986
3000074inst1_path_1	GCF_028622335.1_ASM2862233v1	0.917	0.998
3000074inst1_path_1	GCF_020097395.1_ASM2009739v1	0.75	0.998
3000074inst1_path_1	GCF_022647505.1_ASM2264750v1	0.583	0.999
3000074inst1_path_1	GCF_030517175.1_ASM3051717v1	0.75	0.989
3000074inst1_path_1	GCF_900446255.1_50592_F01	0.917	0.998
3000074inst1_path_1	GCF_002290485.1_ASM229048v1	0.917	1.0
3000074inst1_path_1	GCF_902164725.1_25426_7_251	0.75	0.976
3000074inst1_path_1	GCF_001277255.1_ASM127725v1	0.75	0.981
3000074inst1_path_1	GCF_019047465.1_ASM1904746v1	0.75	0.987
3000074inst1_path_1	GCF_041004125.1_W180	0.75	0.996
3000074inst1_path_1	GCF_016027855.1_ASM1602785v1	0.917	0.999
3000074inst1_path_1	GCF_019464615.1_ASM1946461v1	0.583	0.999
3000074inst1_path_1	GCF_036289245.1_ASM3628924v1	0.917	0.995
3000074inst1_path_1	e_coli_with_INT	1.0	1.0
3000074inst1_path_1	GCF_001656035.1_ASM165603v1	0.583	0.993
3000074inst1_path_1	GCF_041002795.1_CXW225	0.833	0.98
3000074inst1_path_1	GCF_011808225.1_ASM1180822v1	0.917	0.989
3000074inst1_path_1	GCF_000241955.1_ASM24195v1	0.583	0.989
3000074inst1_path_1	GCF_023195735.1_ASM2319573v1	0.75	0.995
3000074inst1_path_1	GCF_900186025.1_BXF1	0.583	0.987
3000074inst1_path_1	GCF_015290725.1_with_NZ_CP037425.1	0.917	0.993
3000149inst1_path_187_trimmed	GCA_028608505.1_ASM2860850v1	0.995	1.0
3000149inst1_path_187_trimmed	GCF_016745135.1_ASM1674513v1	0.995	1.0
3000165inst1_gene_seq	GCF_030517175.1_ASM3051717v1	1.0	1.0
3000165inst1_gene_seq	GCF_013403565.1_ASM1340356v1	1.0	1.0
3000165inst1_gene_seq	GCF_036289245.1_ASM3628924v1	1.0	1.0
3000165inst1_gene_seq	GCF_019343455.1_ASM1934345v1	1.0	1.0
3000168inst1_gene_seq	GCF_041004125.1_W180	1.0	1.0
3000179inst1_gene_seq	GCF_000013425.1_with_NZ_CP084887.1	0.833	0.999
3000179inst1_gene_seq	GCF_000411655.2_with_NZ_CP084887.1	0.833	1.0
3000181inst1_gene_seq	GCF_016919645.1_ASM1691964v1	1.0	0.999
3000181inst1_gene_seq	GCF_020181615.2_ASM2018161v2	0.5	0.999
3000191inst1_gene_seq	GCF_029581355.1_ASM2958135v1	0.667	0.956
3000191inst1_gene_seq	GCF_000296465.1_Barn_inte_YIT_11860_V1	0.778	0.969
3000191inst1_gene_seq	GCF_006542665.1_Acom_1.0	0.889	0.999
3000191inst1_gene_seq	GCF_000233955.1_ASM23395v1	0.667	0.961
3000191inst1_gene_seq	GCF_032878955.1_ASM3287895v1	0.556	0.994
3000194inst1_path_1	GCF_025567315.1_ASM2556731v1	0.8	1.0
3000194inst1_path_1	GCF_003459085.1_ASM345908v1	0.8	0.996
3000194inst1_path_1	GCF_045865535.1_ASM4586553v1	0.8	1.0
3000194inst1_path_1	GCF_928722185.1_min17_bin71	0.8	1.0
3000194inst1_path_1	GCF_014287875.1_ASM1428787v1	0.6	1.0
3000194inst1_path_1	GCF_014281125.1_ASM1428112v1	0.8	1.0
3000194inst1_path_1	GCF_040096205.1_ASM4009620v1	0.6	0.999
3000194inst1_path_1	GCF_040096265.1_ASM4009626v1	0.6	1.0
3000194inst1_path_1	GCF_025152575.1_ASM2515257v1	0.8	1.0
3000194inst1_path_1	GCF_018408705.1_ASM1840870v1	0.8	1.0
3000194inst1_path_1	GCF_025146135.1_ASM2514613v1	0.8	0.996
3000194inst1_path_1	GCF_025567065.1_ASM2556706v1	0.8	1.0
3000194inst1_path_1	GCF_900112885.1_IMG_taxon_2593339256_annotated_assembly	0.8	1.0
3000194inst1_path_1	GCF_040409835.1_ASM4040983v1	0.8	1.0
3000194inst1_path_1	GCF_018408575.1_ASM1840857v1	0.8	1.0
3000198inst1_path_102_trimmed	GCA_014223565.1_ASM1422356v1	0.929	1.0
3000198inst1_path_102_trimmed	GCF_014223975.1_ASM1422397v1	0.5	0.988
3000198inst1_path_195	GCA_014223565.1_ASM1422356v1	0.886	0.999
3000206inst1_path_193_trimmed	GCF_002290485.1_ASM229048v1	0.684	1.0
3000206inst1_path_193_trimmed	e_coli_with_INT	0.737	1.0
3000206inst1_path_193_trimmed	GCF_015290725.1_with_NZ_CP037425.1	0.737	1.0
3000216inst1_path_102	GCF_009363135.1_ASM936313v1	0.538	1.0
3000216inst1_path_102	kleb_with_INT	0.538	1.0
3000216inst1_path_102	GCF_000164865.1_ASM16486v1	0.692	0.973
3000216inst1_path_102	GCF_000803315.1_ASM80331v1	0.692	0.973
3000216inst1_path_102	GCF_028622335.1_ASM2862233v1	1.0	1.0
3000216inst1_path_102	GCF_020097395.1_ASM2009739v1	0.615	0.999
3000216inst1_path_102	GCF_030517175.1_ASM3051717v1	0.923	0.999
3000216inst1_path_102	GCF_900446255.1_50592_F01	0.538	1.0
3000216inst1_path_102	GCF_002290485.1_ASM229048v1	1.0	1.0
3000216inst1_path_102	GCF_902164725.1_25426_7_251	0.615	0.932
3000216inst1_path_102	GCF_003666245.1_ASM366624v1	0.692	0.972
3000216inst1_path_102	GCF_001277255.1_ASM127725v1	0.538	1.0
3000216inst1_path_102	GCF_018777395.1_ASM1877739v1	0.615	0.963
3000216inst1_path_102	GCF_019047465.1_ASM1904746v1	0.538	1.0
3000216inst1_path_102	GCF_041004125.1_W180	0.615	0.97
3000216inst1_path_102	GCF_016027855.1_ASM1602785v1	0.769	0.995
3000216inst1_path_102	GCF_019933175.1_ASM1993317v1	0.615	0.966
3000216inst1_path_102	GCF_019464615.1_ASM1946461v1	0.692	0.97
3000216inst1_path_102	GCF_036289245.1_ASM3628924v1	1.0	0.981
3000216inst1_path_102	e_coli_with_INT	1.0	1.0
3000216inst1_path_102	GCF_041002795.1_CXW225	0.538	1.0
3000216inst1_path_102	GCF_011808225.1_ASM1180822v1	0.538	1.0
3000216inst1_path_102	GCF_023195735.1_ASM2319573v1	0.538	1.0
3000216inst1_path_102	GCF_006094455.1_ASM609445v1	0.538	0.96
3000216inst1_path_102	GCF_015290725.1_with_NZ_CP037425.1	1.0	1.0
3000216inst1_path_102	GCF_002607735.1_ASM260773v1	0.538	0.959
3000216inst1_path_10_trimmed	GCF_009363135.1_ASM936313v1	0.538	1.0
3000216inst1_path_10_trimmed	kleb_with_INT	0.538	1.0
3000216inst1_path_10_trimmed	GCF_000164865.1_ASM16486v1	0.692	0.973
3000216inst1_path_10_trimmed	GCF_000803315.1_ASM80331v1	0.692	0.973
3000216inst1_path_10_trimmed	GCF_028622335.1_ASM2862233v1	1.0	0.999
3000216inst1_path_10_trimmed	GCF_020097395.1_ASM2009739v1	0.615	0.999
3000216inst1_path_10_trimmed	GCF_030517175.1_ASM3051717v1	0.923	0.999
3000216inst1_path_10_trimmed	GCF_900446255.1_50592_F01	0.538	1.0
3000216inst1_path_10_trimmed	GCF_002290485.1_ASM229048v1	1.0	1.0
3000216inst1_path_10_trimmed	GCF_902164725.1_25426_7_251	0.615	0.932
3000216inst1_path_10_trimmed	GCF_003666245.1_ASM366624v1	0.692	0.972
3000216inst1_path_10_trimmed	GCF_001277255.1_ASM127725v1	0.538	1.0
3000216inst1_path_10_trimmed	GCF_018777395.1_ASM1877739v1	0.615	0.963
3000216inst1_path_10_trimmed	GCF_019047465.1_ASM1904746v1	0.538	1.0
3000216inst1_path_10_trimmed	GCF_041004125.1_W180	0.615	0.97
3000216inst1_path_10_trimmed	GCF_016027855.1_ASM1602785v1	0.769	0.995
3000216inst1_path_10_trimmed	GCF_019933175.1_ASM1993317v1	0.615	0.966
3000216inst1_path_10_trimmed	GCF_019464615.1_ASM1946461v1	0.692	0.97
3000216inst1_path_10_trimmed	GCF_036289245.1_ASM3628924v1	1.0	0.981
3000216inst1_path_10_trimmed	e_coli_with_INT	1.0	1.0
3000216inst1_path_10_trimmed	GCF_041002795.1_CXW225	0.538	1.0
3000216inst1_path_10_trimmed	GCF_011808225.1_ASM1180822v1	0.538	1.0
3000216inst1_path_10_trimmed	GCF_023195735.1_ASM2319573v1	0.538	1.0
3000216inst1_path_10_trimmed	GCF_006094455.1_ASM609445v1	0.538	0.96
3000216inst1_path_10_trimmed	GCF_015290725.1_with_NZ_CP037425.1	1.0	1.0
3000216inst1_path_10_trimmed	GCF_002607735.1_ASM260773v1	0.538	0.959
3000237inst1_path_108	GCA_028608505.1_ASM2860850v1	0.556	0.953
3000237inst1_path_108	GCF_009363135.1_ASM936313v1	1.0	1.0
3000237inst1_path_108	kleb_with_INT	1.0	1.0
3000237inst1_path_108	GCF_000164865.1_ASM16486v1	0.889	1.0
3000237inst1_path_108	GCF_053470345.1_ASM5347034v1	0.556	1.0
3000237inst1_path_108	GCF_033842905.1_ASM3384290v1	0.556	0.968
3000237inst1_path_108	GCF_016026615.1_ASM1602661v1	0.556	1.0
3000237inst1_path_108	GCF_000803315.1_ASM80331v1	0.889	0.881
3000237inst1_path_108	GCF_028622335.1_ASM2862233v1	1.0	0.963
3000237inst1_path_108	GCF_035117775.1_ASM3511777v1	0.556	0.919
3000237inst1_path_108	GCF_020097395.1_ASM2009739v1	1.0	1.0
3000237inst1_path_108	GCF_022647505.1_ASM2264750v1	0.889	1.0
3000237inst1_path_108	GCF_030517175.1_ASM3051717v1	1.0	1.0
3000237inst1_path_108	GCF_900446255.1_50592_F01	1.0	1.0
3000237inst1_path_108	GCF_025532145.1_ASM2553214v1	0.444	0.982
3000237inst1_path_108	GCF_000314895.2_ASM31489v2	0.778	0.998
3000237inst1_path_108	GCF_009728735.1_ASM972873v1	0.889	1.0
3000237inst1_path_108	GCF_002290485.1_ASM229048v1	1.0	1.0
3000237inst1_path_108	GCF_039545115.1_ASM3954511v1	0.556	0.952
3000237inst1_path_108	GCF_030450055.1_ASM3045005v1	0.556	1.0
3000237inst1_path_108	GCF_902164725.1_25426_7_251	1.0	1.0
3000237inst1_path_108	GCF_003666245.1_ASM366624v1	0.889	1.0
3000237inst1_path_108	GCF_001953635.1_ASM195363v1	0.556	1.0
3000237inst1_path_108	GCF_001277255.1_ASM127725v1	1.0	1.0
3000237inst1_path_108	GCF_018777395.1_ASM1877739v1	0.889	1.0
3000237inst1_path_108	GCF_019047465.1_ASM1904746v1	1.0	1.0
3000237inst1_path_108	GCF_041004125.1_W180	1.0	1.0
3000237inst1_path_108	GCF_016027855.1_ASM1602785v1	1.0	1.0
3000237inst1_path_108	GCF_000009365.1_ASM936v1	0.556	0.981
3000237inst1_path_108	GCF_039523055.1_ASM3952305v1	0.556	1.0
3000237inst1_path_108	GCF_011617105.1_ASM1161710v1	0.556	1.0
3000237inst1_path_108	GCF_019464615.1_ASM1946461v1	0.889	1.0
3000237inst1_path_108	GCF_016745135.1_ASM1674513v1	0.556	0.953
3000237inst1_path_108	GCF_004365405.1_ASM436540v1	0.556	1.0
3000237inst1_path_108	GCF_036289245.1_ASM3628924v1	1.0	1.0
3000237inst1_path_108	e_coli_with_INT	1.0	1.0
3000237inst1_path_108	GCF_001656035.1_ASM165603v1	0.889	1.0
3000237inst1_path_108	GCF_041002795.1_CXW225	1.0	1.0
3000237inst1_path_108	GCF_000321045.1_ASM32104v2	1.0	1.0
3000237inst1_path_108	GCF_011808225.1_ASM1180822v1	1.0	1.0
3000237inst1_path_108	GCF_000241955.1_ASM24195v1	0.889	1.0
3000237inst1_path_108	GCF_023195735.1_ASM2319573v1	1.0	1.0
3000237inst1_path_108	GCF_024380015.1_ASM2438001v1	0.556	1.0
3000237inst1_path_108	GCF_004354305.1_ASM435430v1	0.556	1.0
3000237inst1_path_108	GCF_042232855.1_ASM4223285v1	0.556	0.932
3000237inst1_path_108	GCF_006094455.1_ASM609445v1	0.778	0.999
3000237inst1_path_108	GCA_050154015.1_ASM5015401v1	0.556	1.0
3000237inst1_path_108	GCF_039539325.1_ASM3953932v1	0.556	1.0
3000237inst1_path_108	GCF_900239935.1_PCAR91_V1	0.556	1.0
3000237inst1_path_108	GCF_900186025.1_BXF1	0.778	0.943
3000237inst1_path_108	GCF_000023065.1_ASM2306v1	0.556	0.938
3000237inst1_path_108	GCF_015290725.1_with_NZ_CP037425.1	1.0	0.963
3000237inst1_path_108	GCF_002607735.1_ASM260773v1	0.778	0.992
3000237inst1_path_178_trimmed	GCF_009363135.1_ASM936313v1	0.75	0.968
3000237inst1_path_178_trimmed	kleb_with_INT	0.75	0.963
3000237inst1_path_178_trimmed	GCF_000164865.1_ASM16486v1	0.667	0.948
3000237inst1_path_178_trimmed	GCF_000803315.1_ASM80331v1	0.667	0.985
3000237inst1_path_178_trimmed	GCF_028622335.1_ASM2862233v1	1.0	1.0
3000237inst1_path_178_trimmed	GCF_020097395.1_ASM2009739v1	0.75	0.965
3000237inst1_path_178_trimmed	GCF_022647505.1_ASM2264750v1	0.667	0.947
3000237inst1_path_178_trimmed	GCF_030517175.1_ASM3051717v1	1.0	0.885
3000237inst1_path_178_trimmed	GCF_900446255.1_50592_F01	0.75	0.963
3000237inst1_path_178_trimmed	GCF_000314895.2_ASM31489v2	0.583	0.952
3000237inst1_path_178_trimmed	GCF_009728735.1_ASM972873v1	0.667	0.948
3000237inst1_path_178_trimmed	GCF_002290485.1_ASM229048v1	0.75	0.963
3000237inst1_path_178_trimmed	GCF_902164725.1_25426_7_251	0.75	0.963
3000237inst1_path_178_trimmed	GCF_003666245.1_ASM366624v1	0.667	0.95
3000237inst1_path_178_trimmed	GCF_001277255.1_ASM127725v1	0.75	0.962
3000237inst1_path_178_trimmed	GCF_018777395.1_ASM1877739v1	0.667	0.947
3000237inst1_path_178_trimmed	GCF_019047465.1_ASM1904746v1	0.75	0.963
3000237inst1_path_178_trimmed	GCF_041004125.1_W180	0.75	0.963
3000237inst1_path_178_trimmed	GCF_016027855.1_ASM1602785v1	0.75	0.963
3000237inst1_path_178_trimmed	GCF_019464615.1_ASM1946461v1	0.667	0.945
3000237inst1_path_178_trimmed	GCF_036289245.1_ASM3628924v1	1.0	0.885
3000237inst1_path_178_trimmed	e_coli_with_INT	0.75	0.963
3000237inst1_path_178_trimmed	GCF_001656035.1_ASM165603v1	0.667	0.947
3000237inst1_path_178_trimmed	GCF_041002795.1_CXW225	0.75	0.964
3000237inst1_path_178_trimmed	GCF_000321045.1_ASM32104v2	0.75	0.967
3000237inst1_path_178_trimmed	GCF_011808225.1_ASM1180822v1	0.75	0.966
3000237inst1_path_178_trimmed	GCF_000241955.1_ASM24195v1	0.667	0.948
3000237inst1_path_178_trimmed	GCF_023195735.1_ASM2319573v1	0.75	0.961
3000237inst1_path_178_trimmed	GCF_006094455.1_ASM609445v1	0.583	0.951
3000237inst1_path_178_trimmed	GCF_900186025.1_BXF1	0.583	0.943
3000237inst1_path_178_trimmed	GCF_015290725.1_with_NZ_CP037425.1	1.0	1.0
3000237inst1_path_178_trimmed	GCF_002607735.1_ASM260773v1	0.583	0.978
3000245inst1_gene_seq	GCF_016919645.1_ASM1691964v1	1.0	1.0
3000254inst1_path_193_trimmed	GCF_002290485.1_ASM229048v1	0.684	1.0
3000254inst1_path_193_trimmed	e_coli_with_INT	0.737	1.0
3000254inst1_path_193_trimmed	GCF_015290725.1_with_NZ_CP037425.1	0.737	1.0
3000263inst1_path_225	GCF_009363135.1_ASM936313v1	0.625	0.996
3000263inst1_path_225	GCF_028622335.1_ASM2862233v1	0.5	1.0
3000263inst1_path_225	GCF_030517175.1_ASM3051717v1	0.792	0.997
3000263inst1_path_225	GCF_002290485.1_ASM229048v1	0.5	0.998
3000263inst1_path_225	GCF_036289245.1_ASM3628924v1	0.833	0.984
3000263inst1_path_225	e_coli_with_INT	0.792	0.999
3000343inst1_path_12	GCF_016919645.1_ASM1691964v1	0.83	1.0
3000375inst1_path_1	GCF_019856415.1_ASM1985641v1	0.833	1.0
3000375inst1_path_2	GCF_019856435.1_ASM1985643v1	0.933	1.0
3000377inst1_path_6	GCA_028608505.1_ASM2860850v1	0.987	1.0
3000377inst1_path_6	GCF_016745135.1_ASM1674513v1	0.987	1.0
3000378inst1_gene_seq	GCA_028608505.1_ASM2860850v1	0.978	1.0
3000378inst1_gene_seq	GCF_016745135.1_ASM1674513v1	0.978	1.0
3000379inst1_path_4	GCA_028608505.1_ASM2860850v1	0.982	1.0
3000379inst1_path_4	GCF_016745135.1_ASM1674513v1	0.982	1.0
3000410inst1_path_108_trimmed	GCF_001544355.1_ASM154435v1	0.5	0.989
3000410inst1_path_108_trimmed	GCF_041002795.1_CXW225	1.0	1.0
3000410inst1_path_108_trimmed	GCF_019343455.1_ASM1934345v1	0.5	0.999
3000410inst1_path_163	GCF_041004125.1_W180	0.571	0.99
3000410inst1_path_163	GCF_041002795.1_CXW225	0.571	1.0
3000412inst1_path_52	GCF_004337595.1_with_NZ_CP037425.1	0.804	1.0
3000444inst1_gene_seq	GCF_001434355.1_ASM143435v1	1.0	1.0
3000462inst1_gene_seq	GCF_001434355.1_ASM143435v1	0.909	1.0
3000491inst1_path_195_trimmed	GCF_009363135.1_ASM936313v1	0.846	0.997
3000491inst1_path_195_trimmed	kleb_with_INT	0.846	0.998
3000491inst1_path_195_trimmed	GCF_000164865.1_ASM16486v1	0.769	0.987
3000491inst1_path_195_trimmed	GCF_028622335.1_ASM2862233v1	0.923	0.998
3000491inst1_path_195_trimmed	GCF_020097395.1_ASM2009739v1	0.923	1.0
3000491inst1_path_195_trimmed	GCF_022647505.1_ASM2264750v1	0.692	1.0
3000491inst1_path_195_trimmed	GCF_030517175.1_ASM3051717v1	0.923	0.996
3000491inst1_path_195_trimmed	GCF_900446255.1_50592_F01	0.923	0.989
3000491inst1_path_195_trimmed	GCF_009728735.1_ASM972873v1	0.538	0.994
3000491inst1_path_195_trimmed	GCF_002290485.1_ASM229048v1	1.0	1.0
3000491inst1_path_195_trimmed	GCF_902164725.1_25426_7_251	0.769	0.987
3000491inst1_path_195_trimmed	GCF_001277255.1_ASM127725v1	0.769	0.99
3000491inst1_path_195_trimmed	GCF_019047465.1_ASM1904746v1	1.0	1.0
3000491inst1_path_195_trimmed	GCF_041004125.1_W180	0.923	1.0
3000491inst1_path_195_trimmed	GCF_016027855.1_ASM1602785v1	0.615	0.999
3000491inst1_path_195_trimmed	GCF_019933175.1_ASM1993317v1	0.538	0.996
3000491inst1_path_195_trimmed	GCF_036289245.1_ASM3628924v1	0.923	1.0
3000491inst1_path_195_trimmed	e_coli_with_INT	1.0	1.0
3000491inst1_path_195_trimmed	GCF_041002795.1_CXW225	0.769	0.997
3000491inst1_path_195_trimmed	GCF_000321045.1_ASM32104v2	0.923	1.0
3000491inst1_path_195_trimmed	GCF_011808225.1_ASM1180822v1	0.538	0.999
3000491inst1_path_195_trimmed	GCF_000241955.1_ASM24195v1	0.615	0.941
3000491inst1_path_195_trimmed	GCF_023195735.1_ASM2319573v1	0.769	0.994
3000491inst1_path_195_trimmed	GCF_015290725.1_with_NZ_CP037425.1	1.0	1.0
3000491inst1_path_1	GCF_009363135.1_ASM936313v1	0.846	0.998
3000491inst1_path_1	kleb_with_INT	0.846	0.999
3000491inst1_path_1	GCF_000164865.1_ASM16486v1	0.769	0.987
3000491inst1_path_1	GCF_028622335.1_ASM2862233v1	0.923	0.997
3000491inst1_path_1	GCF_020097395.1_ASM2009739v1	0.923	1.0
3000491inst1_path_1	GCF_022647505.1_ASM2264750v1	0.692	1.0
3000491inst1_path_1	GCF_030517175.1_ASM3051717v1	0.923	0.996
3000491inst1_path_1	GCF_900446255.1_50592_F01	0.923	0.989
3000491inst1_path_1	GCF_009728735.1_ASM972873v1	0.538	0.994
3000491inst1_path_1	GCF_002290485.1_ASM229048v1	1.0	1.0
3000491inst1_path_1	GCF_902164725.1_25426_7_251	0.769	0.987
3000491inst1_path_1	GCF_001277255.1_ASM127725v1	0.769	0.991
3000491inst1_path_1	GCF_019047465.1_ASM1904746v1	1.0	1.0
3000491inst1_path_1	GCF_041004125.1_W180	0.923	1.0
3000491inst1_path_1	GCF_016027855.1_ASM1602785v1	0.615	0.999
3000491inst1_path_1	GCF_019933175.1_ASM1993317v1	0.538	0.996
3000491inst1_path_1	GCF_036289245.1_ASM3628924v1	0.923	1.0
3000491inst1_path_1	e_coli_with_INT	1.0	1.0
3000491inst1_path_1	GCF_041002795.1_CXW225	0.769	0.997
3000491inst1_path_1	GCF_000321045.1_ASM32104v2	0.923	1.0
3000491inst1_path_1	GCF_011808225.1_ASM1180822v1	0.538	0.999
3000491inst1_path_1	GCF_000241955.1_ASM24195v1	0.615	0.942
3000491inst1_path_1	GCF_023195735.1_ASM2319573v1	0.769	0.994
3000491inst1_path_1	GCF_015290725.1_with_NZ_CP037425.1	1.0	1.0
3000498inst1_gene_seq	GCF_029581355.1_ASM2958135v1	0.786	0.998
3000498inst1_gene_seq	GCF_000296465.1_Barn_inte_YIT_11860_V1	0.929	0.991
3000498inst1_gene_seq	GCF_006542665.1_Acom_1.0	1.0	1.0
3000498inst1_gene_seq	GCF_003201355.1_ASM320135v1	0.5	0.988
3000498inst1_gene_seq	GCF_000243215.1_Odor_lane_YIT_12061_V1	0.643	1.0
3000498inst1_gene_seq	GCF_003610695.1_ASM361069v1	0.5	0.992
3000498inst1_gene_seq	GCF_024623065.1_ASM2462306v1	0.571	1.0
3000498inst1_gene_seq	GCF_000233955.1_ASM23395v1	0.857	0.99
3000498inst1_gene_seq	GCF_032878955.1_ASM3287895v1	0.786	0.999
3000498inst1_gene_seq	GCF_000212375.1_ASM21237v1	0.5	0.988
3000498inst1_gene_seq	GCF_000382425.1_ASM38242v1	0.5	0.989
3000498inst1_gene_seq	GCF_000177355.1_ASM17735v1	0.571	0.992
3000498inst1_gene_seq	GCF_036016955.1_ASM3601695v1	0.5	0.991
3000498inst1_gene_seq	GCF_016894225.1_ASM1689422v1	0.5	0.989
3000498inst1_gene_seq	GCF_004803695.1_ASM480369v1	0.643	0.997
3000501inst1_gene_seq	GCF_014263315.1_ASM1426331v1	0.778	0.953
3000501inst1_gene_seq	GCF_016919645.1_ASM1691964v1	1.0	1.0
3000501inst1_gene_seq	GCF_010731835.1_ASM1073183v1	0.667	0.967
3000501inst1_gene_seq	GCF_020181615.2_ASM2018161v2	0.667	0.918
3000501inst2_path_1	GCF_016919645.1_ASM1691964v1	0.783	1.0
3000501inst3_path_1	GCF_016919645.1_ASM1691964v1	0.556	1.0
3000502inst1_gene_seq	GCF_002290485.1_ASM229048v1	1.0	1.0
3000502inst1_gene_seq	e_coli_with_INT	1.0	1.0
3000502inst1_gene_seq	GCF_015290725.1_with_NZ_CP037425.1	1.0	1.0
3000508inst1_path_21	GCF_002290485.1_ASM229048v1	0.973	0.981
3000508inst1_path_21	e_coli_with_INT	0.919	1.0
3000508inst1_path_21	GCF_015290725.1_with_NZ_CP037425.1	0.622	0.964
3000508inst1_path_29_trimmed	GCF_028622335.1_ASM2862233v1	0.8	0.994
3000508inst1_path_29_trimmed	GCF_002290485.1_ASM229048v1	1.0	0.973
3000508inst1_path_29_trimmed	e_coli_with_INT	0.8	0.994
3000508inst1_path_29_trimmed	GCF_015290725.1_with_NZ_CP037425.1	1.0	0.999
3000516inst1_path_214	GCF_009363135.1_ASM936313v1	0.875	1.0
3000516inst1_path_214	kleb_with_INT	0.75	0.981
3000516inst1_path_214	GCF_000164865.1_ASM16486v1	0.625	0.994
3000516inst1_path_214	GCF_014109725.1_ASM1410972v1	0.5	0.993
3000516inst1_path_214	GCF_000803315.1_ASM80331v1	0.875	0.989
3000516inst1_path_214	GCF_028622335.1_ASM2862233v1	0.875	0.999
3000516inst1_path_214	GCF_020097395.1_ASM2009739v1	0.625	0.994
3000516inst1_path_214	GCF_022647505.1_ASM2264750v1	0.875	1.0
3000516inst1_path_214	GCF_030517175.1_ASM3051717v1	0.625	0.997
3000516inst1_path_214	GCF_900446255.1_50592_F01	0.875	0.997
3000516inst1_path_214	GCF_000314895.2_ASM31489v2	0.625	0.997
3000516inst1_path_214	GCF_009728735.1_ASM972873v1	0.625	0.995
3000516inst1_path_214	GCF_002290485.1_ASM229048v1	0.875	1.0
3000516inst1_path_214	GCF_902164725.1_25426_7_251	0.625	0.992
3000516inst1_path_214	GCF_003666245.1_ASM366624v1	0.625	0.995
3000516inst1_path_214	GCF_001277255.1_ASM127725v1	0.625	0.998
3000516inst1_path_214	GCF_018777395.1_ASM1877739v1	0.625	0.993
3000516inst1_path_214	GCF_019047465.1_ASM1904746v1	0.625	0.973
3000516inst1_path_214	GCF_041004125.1_W180	0.625	0.995
3000516inst1_path_214	GCF_016027855.1_ASM1602785v1	0.875	0.999
3000516inst1_path_214	GCF_011617105.1_ASM1161710v1	0.625	0.987
3000516inst1_path_214	GCF_019464615.1_ASM1946461v1	0.875	1.0
3000516inst1_path_214	GCF_036289245.1_ASM3628924v1	0.875	1.0
3000516inst1_path_214	e_coli_with_INT	1.0	1.0
3000516inst1_path_214	GCF_001656035.1_ASM165603v1	0.875	0.994
3000516inst1_path_214	GCF_041002795.1_CXW225	0.75	0.982
3000516inst1_path_214	GCF_000321045.1_ASM32104v2	0.625	0.993
3000516inst1_path_214	GCF_011808225.1_ASM1180822v1	0.875	1.0
3000516inst1_path_214	GCF_000241955.1_ASM24195v1	0.875	0.989
3000516inst1_path_214	GCF_023195735.1_ASM2319573v1	0.625	0.991
3000516inst1_path_214	GCF_006094455.1_ASM609445v1	0.625	0.997
3000516inst1_path_214	GCF_900186025.1_BXF1	0.875	0.987
3000516inst1_path_214	GCF_015290725.1_with_NZ_CP037425.1	0.875	1.0
3000516inst1_path_214	GCF_002607735.1_ASM260773v1	0.5	0.994
3000518inst1_path_112_trimmed	GCF_009363135.1_ASM936313v1	1.0	0.999
3000518inst1_path_112_trimmed	kleb_with_INT	1.0	0.999
3000518inst1_path_112_trimmed	GCF_000164865.1_ASM16486v1	1.0	0.999
3000518inst1_path_112_trimmed	GCF_016026615.1_ASM1602661v1	0.625	0.974
3000518inst1_path_112_trimmed	GCF_000803315.1_ASM80331v1	0.875	0.973
3000518inst1_path_112_trimmed	GCF_028622335.1_ASM2862233v1	1.0	1.0
3000518inst1_path_112_trimmed	GCF_020097395.1_ASM2009739v1	1.0	1.0
3000518inst1_path_112_trimmed	GCF_022647505.1_ASM2264750v1	0.75	1.0
3000518inst1_path_112_trimmed	GCF_030517175.1_ASM3051717v1	1.0	0.999
3000518inst1_path_112_trimmed	GCF_900446255.1_50592_F01	1.0	0.999
3000518inst1_path_112_trimmed	GCF_000314895.2_ASM31489v2	0.875	0.976
3000518inst1_path_112_trimmed	GCF_009728735.1_ASM972873v1	1.0	0.999
3000518inst1_path_112_trimmed	GCF_002290485.1_ASM229048v1	1.0	1.0
3000518inst1_path_112_trimmed	GCF_902164725.1_25426_7_251	1.0	1.0
3000518inst1_path_112_trimmed	GCF_003666245.1_ASM366624v1	0.5	1.0
3000518inst1_path_112_trimmed	GCF_001277255.1_ASM127725v1	1.0	0.999
3000518inst1_path_112_trimmed	GCF_018777395.1_ASM1877739v1	0.875	0.998
3000518inst1_path_112_trimmed	GCF_019047465.1_ASM1904746v1	1.0	1.0
3000518inst1_path_112_trimmed	GCF_041004125.1_W180	1.0	0.999
3000518inst1_path_112_trimmed	GCF_016027855.1_ASM1602785v1	1.0	0.999
3000518inst1_path_112_trimmed	GCF_011617105.1_ASM1161710v1	1.0	0.928
3000518inst1_path_112_trimmed	GCF_019933175.1_ASM1993317v1	0.5	0.975
3000518inst1_path_112_trimmed	GCF_019464615.1_ASM1946461v1	0.875	0.97
3000518inst1_path_112_trimmed	GCF_004365405.1_ASM436540v1	0.625	0.995
3000518inst1_path_112_trimmed	GCF_036289245.1_ASM3628924v1	1.0	1.0
3000518inst1_path_112_trimmed	e_coli_with_INT	1.0	1.0
3000518inst1_path_112_trimmed	GCF_001656035.1_ASM165603v1	1.0	0.971
3000518inst1_path_112_trimmed	GCF_041002795.1_CXW225	1.0	0.999
3000518inst1_path_112_trimmed	GCF_000321045.1_ASM32104v2	1.0	0.997
3000518inst1_path_112_trimmed	GCF_011808225.1_ASM1180822v1	1.0	0.999
3000518inst1_path_112_trimmed	GCF_000241955.1_ASM24195v1	0.75	0.999
3000518inst1_path_112_trimmed	GCF_023195735.1_ASM2319573v1	1.0	0.999
3000518inst1_path_112_trimmed	GCF_024380015.1_ASM2438001v1	0.875	0.998
3000518inst1_path_112_trimmed	GCF_006094455.1_ASM609445v1	0.875	0.974
3000518inst1_path_112_trimmed	GCA_050154015.1_ASM5015401v1	0.75	0.995
3000518inst1_path_112_trimmed	GCF_039539325.1_ASM3953932v1	0.625	0.995
3000518inst1_path_112_trimmed	GCF_900186025.1_BXF1	1.0	0.955
3000518inst1_path_112_trimmed	GCF_000023065.1_ASM2306v1	0.5	0.978
3000518inst1_path_112_trimmed	GCF_015290725.1_with_NZ_CP037425.1	1.0	1.0
3000518inst1_path_112_trimmed	GCF_002607735.1_ASM260773v1	0.875	0.973
3000518inst1_path_193	GCA_028608505.1_ASM2860850v1	0.6	0.997
3000518inst1_path_193	GCF_002000365.1_ASM200036v1	0.6	1.0
3000518inst1_path_193	GCF_009363135.1_ASM936313v1	1.0	1.0
3000518inst1_path_193	GCF_013385175.1_ASM1338517v1	0.6	0.999
3000518inst1_path_193	kleb_with_INT	1.0	1.0
3000518inst1_path_193	GCF_000164865.1_ASM16486v1	1.0	1.0
3000518inst1_path_193	GCF_033842905.1_ASM3384290v1	0.6	0.998
3000518inst1_path_193	GCF_000803315.1_ASM80331v1	0.8	0.975
3000518inst1_path_193	GCF_028622335.1_ASM2862233v1	1.0	1.0
3000518inst1_path_193	GCF_035117775.1_ASM3511777v1	0.6	0.998
3000518inst1_path_193	GCF_020097395.1_ASM2009739v1	1.0	1.0
3000518inst1_path_193	GCF_022647505.1_ASM2264750v1	1.0	1.0
3000518inst1_path_193	GCF_030517175.1_ASM3051717v1	1.0	1.0
3000518inst1_path_193	GCF_900446255.1_50592_F01	1.0	1.0
3000518inst1_path_193	GCF_025532145.1_ASM2553214v1	0.6	0.998
3000518inst1_path_193	GCF_000314895.2_ASM31489v2	0.8	0.974
3000518inst1_path_193	GCF_021228795.1_ASM2122879v1	0.6	1.0
3000518inst1_path_193	GCF_003932505.1_ASM393250v1	0.6	1.0
3000518inst1_path_193	GCF_009728735.1_ASM972873v1	1.0	1.0
3000518inst1_path_193	GCF_002290485.1_ASM229048v1	1.0	1.0
3000518inst1_path_193	GCF_039545115.1_ASM3954511v1	0.6	0.997
3000518inst1_path_193	GCF_902164725.1_25426_7_251	1.0	1.0
3000518inst1_path_193	GCF_001277255.1_ASM127725v1	1.0	1.0
3000518inst1_path_193	GCF_018777395.1_ASM1877739v1	1.0	1.0
3000518inst1_path_193	GCF_019047465.1_ASM1904746v1	1.0	1.0
3000518inst1_path_193	GCF_041004125.1_W180	1.0	1.0
3000518inst1_path_193	GCF_016027855.1_ASM1602785v1	1.0	1.0
3000518inst1_path_193	GCF_000009365.1_ASM936v1	0.6	0.997
3000518inst1_path_193	GCF_011617105.1_ASM1161710v1	1.0	1.0
3000518inst1_path_193	GCF_900129825.1_IMG_taxon_2619618894_annotated_assembly	0.6	0.999
3000518inst1_path_193	GCF_019464615.1_ASM1946461v1	0.8	0.974
3000518inst1_path_193	GCF_016745135.1_ASM1674513v1	0.6	0.997
3000518inst1_path_193	GCF_036289245.1_ASM3628924v1	1.0	1.0
3000518inst1_path_193	e_coli_with_INT	1.0	1.0
3000518inst1_path_193	GCF_001656035.1_ASM165603v1	1.0	1.0
3000518inst1_path_193	GCF_900111015.1_IMG_taxon_2616644811_annotated_assembly	0.6	0.999
3000518inst1_path_193	GCF_000750005.2_ASM75000v2	0.6	1.0
3000518inst1_path_193	GCF_041002795.1_CXW225	1.0	1.0
3000518inst1_path_193	GCF_000321045.1_ASM32104v2	1.0	1.0
3000518inst1_path_193	GCF_011808225.1_ASM1180822v1	1.0	1.0
3000518inst1_path_193	GCF_000241955.1_ASM24195v1	1.0	0.999
3000518inst1_path_193	GCF_023195735.1_ASM2319573v1	1.0	1.0
3000518inst1_path_193	GCF_024380015.1_ASM2438001v1	0.8	0.999
3000518inst1_path_193	GCF_042232855.1_ASM4223285v1	0.6	0.998
3000518inst1_path_193	GCF_006094455.1_ASM609445v1	0.8	0.973
3000518inst1_path_193	GCF_001597285.1_ASM159728v1	0.6	0.998
3000518inst1_path_193	GCA_050154015.1_ASM5015401v1	0.6	1.0
3000518inst1_path_193	GCF_002813775.1_ASM281377v1	0.6	1.0
3000518inst1_path_193	GCF_900110885.1_IMG_taxon_2597490340_annotated_assembly	0.6	0.998
3000518inst1_path_193	GCF_900186025.1_BXF1	1.0	1.0
3000518inst1_path_193	GCF_015290725.1_with_NZ_CP037425.1	1.0	1.0
3000518inst1_path_193	GCF_002607735.1_ASM260773v1	0.8	0.974
3000518inst1_path_193	GCF_033954835.1_ASM3395483v1	0.6	0.998
3000535inst1_gene_seq	GCF_022870845.1_ASM2287084v1	1.0	1.0
3000589inst1_path_1_trimmed	GCF_041004125.1_W180	0.5	0.985
3000589inst1_path_1_trimmed	GCF_041002795.1_CXW225	0.5	0.985
3000676inst1_path_100	GCF_009363135.1_ASM936313v1	0.8	1.0
3000676inst1_path_100	kleb_with_INT	0.8	0.999
3000676inst1_path_100	GCF_000164865.1_ASM16486v1	0.8	0.998
3000676inst1_path_100	GCF_000803315.1_ASM80331v1	0.8	0.998
3000676inst1_path_100	GCF_028622335.1_ASM2862233v1	0.9	0.999
3000676inst1_path_100	GCF_020097395.1_ASM2009739v1	0.8	0.998
3000676inst1_path_100	GCF_022647505.1_ASM2264750v1	0.8	0.987
3000676inst1_path_100	GCF_030517175.1_ASM3051717v1	0.8	0.999
3000676inst1_path_100	GCF_900446255.1_50592_F01	0.8	0.986
3000676inst1_path_100	GCF_000314895.2_ASM31489v2	0.7	0.994
3000676inst1_path_100	GCF_009728735.1_ASM972873v1	0.8	0.98
3000676inst1_path_100	GCF_002290485.1_ASM229048v1	0.9	0.996
3000676inst1_path_100	GCF_902164725.1_25426_7_251	0.7	0.998
3000676inst1_path_100	GCF_003666245.1_ASM366624v1	0.7	0.997
3000676inst1_path_100	GCF_001277255.1_ASM127725v1	0.7	0.973
3000676inst1_path_100	GCF_019047465.1_ASM1904746v1	0.8	0.998
3000676inst1_path_100	GCF_041004125.1_W180	0.8	0.998
3000676inst1_path_100	GCF_016027855.1_ASM1602785v1	0.7	0.972
3000676inst1_path_100	GCF_011617105.1_ASM1161710v1	0.7	0.992
3000676inst1_path_100	GCF_019933175.1_ASM1993317v1	0.7	0.995
3000676inst1_path_100	GCF_019464615.1_ASM1946461v1	0.8	0.998
3000676inst1_path_100	GCF_036289245.1_ASM3628924v1	0.8	0.999
3000676inst1_path_100	e_coli_with_INT	0.9	0.996
3000676inst1_path_100	GCF_001656035.1_ASM165603v1	0.7	0.993
3000676inst1_path_100	GCF_041002795.1_CXW225	0.8	0.999
3000676inst1_path_100	GCF_000321045.1_ASM32104v2	0.8	0.998
3000676inst1_path_100	GCF_011808225.1_ASM1180822v1	0.8	0.987
3000676inst1_path_100	GCF_000241955.1_ASM24195v1	0.7	0.992
3000676inst1_path_100	GCF_023195735.1_ASM2319573v1	0.8	0.998
3000676inst1_path_100	GCF_006094455.1_ASM609445v1	0.7	0.97
3000676inst1_path_100	GCF_900186025.1_BXF1	0.8	0.98
3000676inst1_path_100	GCF_015290725.1_with_NZ_CP037425.1	0.9	0.997
3000676inst1_path_100	GCF_002607735.1_ASM260773v1	0.7	0.983
3000676inst1_path_1	GCF_009363135.1_ASM936313v1	1.0	1.0
3000676inst1_path_1	kleb_with_INT	1.0	1.0
3000676inst1_path_1	GCF_000164865.1_ASM16486v1	1.0	1.0
3000676inst1_path_1	GCF_000803315.1_ASM80331v1	1.0	0.999
3000676inst1_path_1	GCF_028622335.1_ASM2862233v1	1.0	1.0
3000676inst1_path_1	GCF_020097395.1_ASM2009739v1	1.0	1.0
3000676inst1_path_1	GCF_022647505.1_ASM2264750v1	1.0	0.984
3000676inst1_path_1	GCF_030517175.1_ASM3051717v1	1.0	1.0
3000676inst1_path_1	GCF_900446255.1_50592_F01	1.0	0.982
3000676inst1_path_1	GCF_000314895.2_ASM31489v2	0.857	0.988
3000676inst1_path_1	GCF_009728735.1_ASM972873v1	1.0	0.975
3000676inst1_path_1	GCF_002290485.1_ASM229048v1	1.0	1.0
3000676inst1_path_1	GCF_902164725.1_25426_7_251	0.857	0.997
3000676inst1_path_1	GCF_003666245.1_ASM366624v1	0.857	1.0
3000676inst1_path_1	GCF_001277255.1_ASM127725v1	0.857	0.955
3000676inst1_path_1	GCF_018777395.1_ASM1877739v1	0.571	0.997
3000676inst1_path_1	GCF_019047465.1_ASM1904746v1	1.0	1.0
3000676inst1_path_1	GCF_041004125.1_W180	1.0	1.0
3000676inst1_path_1	GCF_016027855.1_ASM1602785v1	0.857	0.956
3000676inst1_path_1	GCF_011617105.1_ASM1161710v1	0.857	0.984
3000676inst1_path_1	GCF_019933175.1_ASM1993317v1	0.857	0.993
3000676inst1_path_1	GCF_019464615.1_ASM1946461v1	1.0	0.999
3000676inst1_path_1	GCF_036289245.1_ASM3628924v1	1.0	1.0
3000676inst1_path_1	e_coli_with_INT	1.0	1.0
3000676inst1_path_1	GCF_001656035.1_ASM165603v1	0.857	0.997
3000676inst1_path_1	GCF_041002795.1_CXW225	1.0	1.0
3000676inst1_path_1	GCF_000321045.1_ASM32104v2	1.0	1.0
3000676inst1_path_1	GCF_011808225.1_ASM1180822v1	1.0	0.975
3000676inst1_path_1	GCF_000241955.1_ASM24195v1	0.857	0.994
3000676inst1_path_1	GCF_023195735.1_ASM2319573v1	1.0	0.999
3000676inst1_path_1	GCF_006094455.1_ASM609445v1	0.857	0.948
3000676inst1_path_1	GCF_900186025.1_BXF1	1.0	0.974
3000676inst1_path_1	GCF_015290725.1_with_NZ_CP037425.1	1.0	1.0
3000676inst1_path_1	GCF_002607735.1_ASM260773v1	0.857	0.969
3000676inst1_path_357	GCF_009363135.1_ASM936313v1	0.889	0.995
3000676inst1_path_357	kleb_with_INT	0.889	0.999
3000676inst1_path_357	GCF_000164865.1_ASM16486v1	0.889	0.999
3000676inst1_path_357	GCF_000803315.1_ASM80331v1	0.889	0.999
3000676inst1_path_357	GCF_028622335.1_ASM2862233v1	1.0	0.997
3000676inst1_path_357	GCF_020097395.1_ASM2009739v1	0.889	0.999
3000676inst1_path_357	GCF_022647505.1_ASM2264750v1	0.889	0.99
3000676inst1_path_357	GCF_030517175.1_ASM3051717v1	0.889	0.998
3000676inst1_path_357	GCF_900446255.1_50592_F01	0.889	0.989
3000676inst1_path_357	GCF_000314895.2_ASM31489v2	0.778	0.984
3000676inst1_path_357	GCF_009728735.1_ASM972873v1	0.889	0.984
3000676inst1_path_357	GCF_002290485.1_ASM229048v1	0.889	0.987
3000676inst1_path_357	GCF_902164725.1_25426_7_251	0.778	0.994
3000676inst1_path_357	GCF_003666245.1_ASM366624v1	0.778	1.0
3000676inst1_path_357	GCF_001277255.1_ASM127725v1	0.778	0.972
3000676inst1_path_357	GCF_019047465.1_ASM1904746v1	0.889	0.999
3000676inst1_path_357	GCF_041004125.1_W180	0.889	0.999
3000676inst1_path_357	GCF_016027855.1_ASM1602785v1	0.778	0.973
3000676inst1_path_357	GCF_011617105.1_ASM1161710v1	0.778	0.985
3000676inst1_path_357	GCF_019933175.1_ASM1993317v1	0.778	0.982
3000676inst1_path_357	GCF_019464615.1_ASM1946461v1	0.889	0.997
3000676inst1_path_357	GCF_036289245.1_ASM3628924v1	0.889	0.998
3000676inst1_path_357	e_coli_with_INT	0.889	0.987
3000676inst1_path_357	GCF_001656035.1_ASM165603v1	0.778	0.998
3000676inst1_path_357	GCF_041002795.1_CXW225	0.889	0.997
3000676inst1_path_357	GCF_000321045.1_ASM32104v2	0.889	0.999
3000676inst1_path_357	GCF_011808225.1_ASM1180822v1	0.889	0.982
3000676inst1_path_357	GCF_000241955.1_ASM24195v1	0.778	0.997
3000676inst1_path_357	GCF_023195735.1_ASM2319573v1	0.889	0.998
3000676inst1_path_357	GCF_006094455.1_ASM609445v1	0.778	0.967
3000676inst1_path_357	GCF_900186025.1_BXF1	0.889	0.984
3000676inst1_path_357	GCF_015290725.1_with_NZ_CP037425.1	0.889	0.985
3000676inst1_path_357	GCF_002607735.1_ASM260773v1	0.778	0.969
3000753inst1_path_223	GCF_004337595.1_with_NZ_CP037425.1	0.816	1.0
3000781inst1_path_47_trimmed	GCF_004337595.1_with_NZ_CP037425.1	0.981	1.0
3000782inst1_path_47_trimmed	GCF_004337595.1_with_NZ_CP037425.1	1.0	1.0
3000790inst1_gene_seq	GCF_003182375.1_ASM318237v1	0.471	0.996
3000790inst1_gene_seq	GCF_000022305.1_ASM2230v1	0.765	1.0
3000792inst1_path_321	GCF_018283455.1_ASM1828345v1	0.5	0.997
3000792inst1_path_321	GCF_028622335.1_ASM2862233v1	0.833	0.997
3000792inst1_path_321	GCF_050516475.1_ASM5051647v1	0.5	0.997
3000793inst1_path_1	GCF_028622335.1_ASM2862233v1	0.824	1.0
3000794inst1_path_1	GCF_003892345.1_ASM389234v1	1.0	0.998
3000794inst1_path_1	GCF_000429005.1_ASM42900v1	1.0	0.999
3000794inst1_path_1	GCF_001598055.1_ASM159805v1	1.0	0.999
3000794inst1_path_1	GCF_008274805.1_ASM827480v1	1.0	0.999
3000794inst1_path_1	GCF_900129885.1_IMG_taxon_2617270875_annotated_assembly	1.0	0.999
3000794inst1_path_1	GCF_028649475.1_ASM2864947v1	1.0	1.0
3000794inst1_path_1	GCF_000454545.1_20120625	1.0	0.999
3000794inst1_path_1	GCF_000177215.2_ASM17721v2	1.0	0.999
3000794inst1_path_1	GCF_013911085.1_ASM1391108v1	1.0	0.999
3000794inst1_path_1	GCF_003182375.1_ASM318237v1	1.0	0.999
3000794inst1_path_1	GCA_028608505.1_ASM2860850v1	1.0	0.999
3000794inst1_path_1	GCF_030317205.1_ASM3031720v1	1.0	0.999
3000794inst1_path_1	GCF_009363135.1_ASM936313v1	1.0	0.999
3000794inst1_path_1	GCF_040955415.1_ASM4095541v1	1.0	0.999
3000794inst1_path_1	kleb_with_INT	1.0	0.999
3000794inst1_path_1	GCF_003051865.1_ASM305186v1	1.0	0.999
3000794inst1_path_1	GCF_000016285.1_ASM1628v1	1.0	0.999
3000794inst1_path_1	GCF_006738645.1_ASM673864v1	1.0	0.999
3000794inst1_path_1	GCF_000164865.1_ASM16486v1	1.0	0.999
3000794inst1_path_1	GCF_020510565.1_ASM2051056v1	1.0	0.998
3000794inst1_path_1	GCF_000021745.1_ASM2174v1	1.0	0.999
3000794inst1_path_1	GCF_003570885.1_ASM357088v1	1.0	1.0
3000794inst1_path_1	GCF_014042355.1_ASM1404235v1	1.0	0.998
3000794inst1_path_1	GCF_009746125.1_ASM974612v1	1.0	0.998
3000794inst1_path_1	GCF_014109725.1_ASM1410972v1	1.0	0.998
3000794inst1_path_1	GCF_018905915.1_ASM1890591v1	1.0	0.997
3000794inst1_path_1	GCF_042659145.1_ASM4265914v1	1.0	1.0
3000794inst1_path_1	GCF_033842905.1_ASM3384290v1	1.0	0.999
3000794inst1_path_1	GCF_009848505.1_ASM984850v1	1.0	0.999
3000794inst1_path_1	GCF_000803315.1_ASM80331v1	1.0	0.999
3000794inst1_path_1	GCF_028622335.1_ASM2862233v1	1.0	0.999
3000794inst1_path_1	GCF_004341595.1_ASM434159v1	1.0	0.999
3000794inst1_path_1	GCF_019132845.1_ASM1913284v1	1.0	0.999
3000794inst1_path_1	GCF_003367395.1_ASM336739v1	1.0	0.999
3000794inst1_path_1	GCF_004342425.1_ASM434242v1	1.0	0.999
3000794inst1_path_1	GCF_024158925.1_ASM2415892v1	1.0	0.998
3000794inst1_path_1	GCF_035117775.1_ASM3511777v1	1.0	0.999
3000794inst1_path_1	GCF_004524855.1_ASM452485v1	1.0	0.999
3000794inst1_path_1	GCF_004346225.1_ASM434622v1	1.0	0.999
3000794inst1_path_1	GCF_020097395.1_ASM2009739v1	1.0	0.999
3000794inst1_path_1	GCF_000204645.1_ASM20464v1	1.0	0.999
3000794inst1_path_1	GCF_900089955.1_A_S1_v1	1.0	1.0
3000794inst1_path_1	GCF_022647505.1_ASM2264750v1	1.0	0.999
3000794inst1_path_1	GCF_040269895.1_ASM4026989v1	1.0	0.998
3000794inst1_path_1	GCF_042680925.1_ASM4268092v1	1.0	0.999
3000794inst1_path_1	GCF_011045195.1_ASM1104519v1	1.0	0.999
3000794inst1_path_1	GCF_900105005.1_IMG_taxon_2667527220_annotated_assembly	1.0	0.999
3000794inst1_path_1	GCF_030517175.1_ASM3051717v1	1.0	0.999
3000794inst1_path_1	GCF_022808885.1_ASM2280888v1	1.0	0.999
3000794inst1_path_1	GCF_900446255.1_50592_F01	1.0	0.999
3000794inst1_path_1	GCF_025532145.1_ASM2553214v1	1.0	0.999
3000794inst1_path_1	GCF_008929045.1_ASM892904v1	1.0	0.999
3000794inst1_path_1	GCF_000174355.1_ASM17435v1	1.0	0.999
3000794inst1_path_1	GCF_900230245.1_IMG_taxon_2711768653_annotated_assembly	1.0	0.999
3000794inst1_path_1	GCF_000314895.2_ASM31489v2	1.0	0.999
3000794inst1_path_1	GCF_009547075.1_ASM954707v1	1.0	0.999
3000794inst1_path_1	GCF_000018665.1_ASM1866v1	1.0	0.999
3000794inst1_path_1	GCF_005160265.1_ASM516026v1	1.0	0.998
3000794inst1_path_1	GCF_037478035.1_ASM3747803v1	1.0	0.999
3000794inst1_path_1	GCF_031834615.1_ASM3183461v1	1.0	0.998
3000794inst1_path_1	GCF_000423285.1_ASM42328v1	1.0	0.999
3000794inst1_path_1	GCF_003013695.1_ASM301369v1	1.0	0.999
3000794inst1_path_1	GCF_003253705.1_ASM325370v1	1.0	0.999
3000794inst1_path_1	GCF_008727715.1_ASM872771v1	1.0	0.999
3000794inst1_path_1	GCF_009728735.1_ASM972873v1	1.0	0.999
3000794inst1_path_1	GCF_018304965.1_ASM1830496v1	1.0	0.998
3000794inst1_path_1	GCF_000934545.1_ASM93454v1	1.0	0.999
3000794inst1_path_1	GCF_002082135.1_ASM208213v1	1.0	0.999
3000794inst1_path_1	GCF_042648545.1_ASM4264854v1	1.0	0.999
3000794inst1_path_1	GCF_002290485.1_ASM229048v1	1.0	0.999
3000794inst1_path_1	GCF_014652315.1_ASM1465231v1	1.0	0.999
3000794inst1_path_1	GCF_964020785.1_ASM3NB6S	1.0	1.0
3000794inst1_path_1	GCF_003119195.2_ASM311919v2	1.0	0.999
3000794inst1_path_1	GCF_037157815.1_ASM3715781v1	1.0	0.999
3000794inst1_path_1	GCF_030450055.1_ASM3045005v1	1.0	0.999
3000794inst1_path_1	GCF_002355955.1_ASM235595v1	1.0	0.999
3000794inst1_path_1	GCF_034047095.1_ASM3404709v1	1.0	0.999
3000794inst1_path_1	GCF_918378365.1_Ntg6680	1.0	0.999
3000794inst1_path_1	GCF_902164725.1_25426_7_251	1.0	0.999
3000794inst1_path_1	GCF_003666245.1_ASM366624v1	1.0	0.999
3000794inst1_path_1	GCF_001579845.1_ASM157984v1	1.0	0.999
3000794inst1_path_1	GCF_000253115.1_ASM25311v1	1.0	0.999
3000794inst1_path_1	GCF_004361735.1_ASM436173v1	1.0	0.998
3000794inst1_path_1	GCF_977887775.1_IWN039	1.0	0.999
3000794inst1_path_1	GCF_003992725.1_ASM399272v1	1.0	0.999
3000794inst1_path_1	GCF_000019965.1_ASM1996v1	1.0	0.999
3000794inst1_path_1	GCF_001277255.1_ASM127725v1	1.0	0.999
3000794inst1_path_1	GCF_017813395.1_ASM1781339v1	1.0	0.999
3000794inst1_path_1	GCF_011388195.1_ASM1138819v1	1.0	0.999
3000794inst1_path_1	GCF_019047465.1_ASM1904746v1	1.0	0.999
3000794inst1_path_1	GCF_023078475.1_ASM2307847v1	1.0	0.999
3000794inst1_path_1	GCF_020880995.1_ASM2088099v1	1.0	0.999
3000794inst1_path_1	GCF_041004125.1_W180	1.0	0.998
3000794inst1_path_1	GCF_003217575.1_ASM321757v1	1.0	1.0
3000794inst1_path_1	GCF_016027855.1_ASM1602785v1	1.0	0.999
3000794inst1_path_1	GCF_021184025.1_ASM2118402v1	1.0	0.998
3000794inst1_path_1	GCF_000013885.1_ASM1388v1	1.0	0.998
3000794inst1_path_1	GCF_001610835.1_ASM161083v1	1.0	0.998
3000794inst1_path_1	GCF_937425535.1_Rhodovastum_atsumiense_G2_11	1.0	0.999
3000794inst1_path_1	GCF_036621135.1_ASM3662113v1	1.0	1.0
3000794inst1_path_1	GCF_014863405.1_ASM1486340v1	1.0	1.0
3000794inst1_path_1	GCF_039523055.1_ASM3952305v1	1.0	0.999
3000794inst1_path_1	GCF_011617105.1_ASM1161710v1	1.0	0.999
3000794inst1_path_1	GCF_026127385.1_ASM2612738v1	1.0	0.999
3000794inst1_path_1	GCF_004168365.1_ASM416836v1	1.0	0.998
3000794inst1_path_1	GCF_016028735.1_ASM1602873v1	1.0	0.999
3000794inst1_path_1	GCF_007556775.1_ASM755677v1	1.0	0.999
3000794inst1_path_1	GCF_019933175.1_ASM1993317v1	1.0	0.999
3000794inst1_path_1	GCF_900129825.1_IMG_taxon_2619618894_annotated_assembly	1.0	1.0
3000794inst1_path_1	GCF_019464615.1_ASM1946461v1	1.0	0.999
3000794inst1_path_1	GCF_005844085.1_ASM584408v1	1.0	0.999
3000794inst1_path_1	GCF_003967035.1_ASM396703v1	1.0	0.999
3000794inst1_path_1	GCF_022870505.1_ASM2287050v1	1.0	0.999
3000794inst1_path_1	GCF_016745135.1_ASM1674513v1	1.0	0.999
3000794inst1_path_1	GCF_030770395.1_ASM3077039v1	1.0	0.998
3000794inst1_path_1	GCF_900111515.1_IMG_taxon_2622736539_annotated_assembly	1.0	0.988
3000794inst1_path_1	GCF_036289245.1_ASM3628924v1	1.0	0.999
3000794inst1_path_1	e_coli_with_INT	1.0	0.999
3000794inst1_path_1	GCF_900116825.1_IMG_taxon_2634166357_annotated_assembly	1.0	0.999
3000794inst1_path_1	GCF_025398735.1_ASM2539873v1	1.0	0.999
3000794inst1_path_1	GCF_900111015.1_IMG_taxon_2616644811_annotated_assembly	1.0	0.999
3000794inst1_path_1	GCF_004209755.1_ASM420975v1	1.0	0.999
3000794inst1_path_1	GCF_048595715.1_ASM4859571v1	1.0	0.999
3000794inst1_path_1	GCF_001618865.1_ASM161886v1	1.0	0.999
3000794inst1_path_1	GCF_014202705.1_ASM1420270v1	1.0	0.999
3000794inst1_path_1	GCF_000015045.1_ASM1504v1	1.0	0.999
3000794inst1_path_1	GCF_016937655.1_ASM1693765v1	1.0	0.999
3000794inst1_path_1	GCF_041002795.1_CXW225	1.0	0.999
3000794inst1_path_1	GCF_009740285.1_ASM974028v1	1.0	1.0
3000794inst1_path_1	GCF_038719015.1_WH0682302A11_HBCM_B1154_hybrid_assembly	1.0	0.998
3000794inst1_path_1	GCF_000321045.1_ASM32104v2	1.0	0.999
3000794inst1_path_1	GCF_014850955.1_ASM1485095v1	1.0	0.999
3000794inst1_path_1	GCF_036885605.1_ASM3688560v1	1.0	0.999
3000794inst1_path_1	GCF_011808225.1_ASM1180822v1	1.0	0.999
3000794inst1_path_1	GCF_000241955.1_ASM24195v1	1.0	0.999
3000794inst1_path_1	GCF_033842475.1_ASM3384247v1	1.0	0.999
3000794inst1_path_1	GCF_023195735.1_ASM2319573v1	1.0	0.999
3000794inst1_path_1	GCF_900078705.1_H050680373	1.0	0.999
3000794inst1_path_1	GCF_000242255.2_ASM24225v3	1.0	0.999
3000794inst1_path_1	GCF_017315725.1_ASM1731572v1	1.0	0.999
3000794inst1_path_1	GCF_019551435.1_ASM1955143v1	1.0	0.999
3000794inst1_path_1	GCF_003851125.1_ASM385112v1	1.0	0.999
3000794inst1_path_1	GCF_019343455.1_ASM1934345v1	1.0	0.999
3000794inst1_path_1	GCF_008119665.1_ASM811966v1	1.0	0.999
3000794inst1_path_1	GCF_040358985.1_ASM4035898v1	1.0	0.999
3000794inst1_path_1	GCF_004354305.1_ASM435430v1	1.0	0.999
3000794inst1_path_1	GCF_025421555.1_ASM2542155v1	1.0	0.998
3000794inst1_path_1	GCF_030160835.1_ASM3016083v1	1.0	0.998
3000794inst1_path_1	GCF_012927085.1_ASM1292708v1	1.0	0.998
3000794inst1_path_1	GCF_042232855.1_ASM4223285v1	1.0	1.0
3000794inst1_path_1	GCF_004006375.1_ASM400637v1	1.0	0.999
3000794inst1_path_1	GCF_004135935.1_ASM413593v1	1.0	0.999
3000794inst1_path_1	GCF_036576025.1_ASM3657602v1	1.0	0.999
3000794inst1_path_1	GCF_042656905.1_ASM4265690v1	1.0	0.999
3000794inst1_path_1	GCF_003206615.1_ASM320661v1	1.0	0.999
3000794inst1_path_1	GCF_006094455.1_ASM609445v1	1.0	0.999
3000794inst1_path_1	GCF_001597285.1_ASM159728v1	1.0	1.0
3000794inst1_path_1	GCF_003058325.1_ASM305832v1	1.0	0.999
3000794inst1_path_1	GCF_011090165.1_ASM1109016v1	1.0	0.998
3000794inst1_path_1	GCF_900110885.1_IMG_taxon_2597490340_annotated_assembly	1.0	0.999
3000794inst1_path_1	GCF_028891345.1_ASM2889134v1	1.0	0.999
3000794inst1_path_1	GCF_014636935.1_ASM1463693v1	1.0	0.998
3000794inst1_path_1	GCF_900186025.1_BXF1	1.0	0.999
3000794inst1_path_1	GCF_022059845.1_ASM2205984v1	1.0	0.999
3000794inst1_path_1	GCF_015290725.1_with_NZ_CP037425.1	1.0	0.999
3000794inst1_path_1	GCF_020889785.1_ASM2088978v1	1.0	0.998
3000794inst1_path_1	GCF_002607735.1_ASM260773v1	1.0	0.999
3000794inst1_path_1	GCF_027158565.1_ASM2715856v1	1.0	0.999
3000794inst1_path_1	GCF_000308295.2_Ab_34632	1.0	0.999
3000794inst1_path_1	GCF_003269065.1_ASM326906v1	1.0	0.998
3000794inst1_path_1	GCF_051122735.1_ASM5112273v1	1.0	0.999
3000794inst1_path_1	GCF_029594735.1_ASM2959473v1	1.0	0.998
3000794inst1_path_1	GCF_030295425.1_ASM3029542v1	1.0	0.999
3000794inst1_path_1	GCF_013201075.1_ASM1320107v1	1.0	0.999
3000794inst1_path_1	GCF_002213425.1_ASM221342v1	1.0	0.998
3000795inst1_path_12	GCF_028622335.1_ASM2862233v1	0.533	1.0
3000795inst1_path_260_trimmed	GCF_028622335.1_ASM2862233v1	0.643	1.0
3000795inst1_path_260_trimmed	GCF_002290485.1_ASM229048v1	1.0	1.0
3000795inst1_path_260_trimmed	e_coli_with_INT	0.929	1.0
3000795inst1_path_260_trimmed	GCF_015290725.1_with_NZ_CP037425.1	0.857	1.0
3000796inst1_path_194	GCF_028622335.1_ASM2862233v1	0.561	1.0
3000796inst1_path_194	GCF_002290485.1_ASM229048v1	0.634	0.941
3000796inst1_path_194	GCF_015290725.1_with_NZ_CP037425.1	0.512	0.999
3000796inst1_path_44_trimmed	GCF_028622335.1_ASM2862233v1	0.643	1.0
3000796inst1_path_44_trimmed	GCF_002290485.1_ASM229048v1	1.0	1.0
3000796inst1_path_44_trimmed	e_coli_with_INT	0.929	1.0
3000796inst1_path_44_trimmed	GCF_015290725.1_with_NZ_CP037425.1	0.857	1.0
3000800inst1_path_175_trimmed	GCA_028608505.1_ASM2860850v1	0.82	1.0
3000800inst1_path_175_trimmed	GCF_016745135.1_ASM1674513v1	0.813	1.0
3000801inst1_path_222_trimmed	GCA_028608505.1_ASM2860850v1	0.82	1.0
3000801inst1_path_222_trimmed	GCF_016745135.1_ASM1674513v1	0.813	1.0
3000802inst1_path_222_trimmed	GCA_028608505.1_ASM2860850v1	0.82	1.0
3000802inst1_path_222_trimmed	GCF_016745135.1_ASM1674513v1	0.813	1.0
3000803inst1_gene_seq	GCA_028608505.1_ASM2860850v1	0.939	1.0
3000803inst1_gene_seq	GCF_016745135.1_ASM1674513v1	0.939	1.0
3000804inst1_gene_seq	GCA_028608505.1_ASM2860850v1	0.984	1.0
3000804inst1_gene_seq	GCF_016745135.1_ASM1674513v1	0.984	1.0
3000805inst1_path_9	GCA_028608505.1_ASM2860850v1	0.644	1.0
3000805inst1_path_9	GCF_016745135.1_ASM1674513v1	0.644	1.0
3000806inst1_path_8_trimmed	GCA_028608505.1_ASM2860850v1	1.0	1.0
3000806inst1_path_8_trimmed	GCF_016745135.1_ASM1674513v1	1.0	1.0
3000807inst1_path_8_trimmed	GCA_028608505.1_ASM2860850v1	1.0	1.0
3000807inst1_path_8_trimmed	GCF_016745135.1_ASM1674513v1	1.0	1.0
3000808inst1_path_54_trimmed	GCA_028608505.1_ASM2860850v1	1.0	1.0
3000808inst1_path_54_trimmed	GCF_016745135.1_ASM1674513v1	1.0	1.0
3000809inst1_path_246_trimmed	GCA_028608505.1_ASM2860850v1	1.0	1.0
3000809inst1_path_246_trimmed	GCF_016745135.1_ASM1674513v1	1.0	1.0
3000811inst1_gene_seq	GCF_022870845.1_ASM2287084v1	1.0	1.0
3000812inst1_gene_seq	GCF_022870845.1_ASM2287084v1	1.0	1.0
3000832inst1_path_193_trimmed	GCF_002290485.1_ASM229048v1	0.684	1.0
3000832inst1_path_193_trimmed	e_coli_with_INT	0.737	1.0
3000832inst1_path_193_trimmed	GCF_015290725.1_with_NZ_CP037425.1	0.737	1.0
3000833inst1_path_193_trimmed	GCF_002290485.1_ASM229048v1	0.684	1.0
3000833inst1_path_193_trimmed	e_coli_with_INT	0.737	1.0
3000833inst1_path_193_trimmed	GCF_015290725.1_with_NZ_CP037425.1	0.737	1.0
3000841inst1_gene_seq	GCF_003971235.1_ASM397123v1	0.8	0.997
3000853inst1_gene_seq	GCF_003293695.1_ASM329369v1	0.6	0.999
3000853inst1_gene_seq	GCF_052978125.1_ASM5297812v1	0.8	0.996
3000853inst1_gene_seq	GCF_007556775.1_ASM755677v1	0.6	0.999
3000858inst1_path_3	GCF_041002795.1_CXW225	0.5	1.0
3000873inst1_path_32_trimmed	GCF_041004125.1_W180	1.0	1.0
3000911inst1_path_32_trimmed	GCF_041004125.1_W180	1.0	1.0
3001205inst1_path_2	GCF_041004125.1_W180	0.5	1.0
3001205inst1_path_2	GCF_041002795.1_CXW225	0.5	1.0
3001214inst1_path_100	GCF_028622335.1_ASM2862233v1	0.733	0.996
3001214inst1_path_100	GCF_030517175.1_ASM3051717v1	0.533	0.983
3001214inst1_path_100	GCF_002290485.1_ASM229048v1	0.667	1.0
3001214inst1_path_100	e_coli_with_INT	0.667	1.0
3001214inst1_path_100	GCF_015290725.1_with_NZ_CP037425.1	0.8	0.991
3001214inst1_path_1	GCF_028622335.1_ASM2862233v1	0.538	0.987
3001214inst1_path_1	GCF_002290485.1_ASM229048v1	0.692	1.0
3001214inst1_path_1	e_coli_with_INT	0.769	1.0
3001214inst1_path_1	GCF_015290725.1_with_NZ_CP037425.1	0.692	1.0
3001216inst1_path_100	GCF_009363135.1_ASM936313v1	0.917	1.0
3001216inst1_path_100	kleb_with_INT	0.667	0.999
3001216inst1_path_100	GCF_000164865.1_ASM16486v1	0.917	1.0
3001216inst1_path_100	GCF_028622335.1_ASM2862233v1	0.958	1.0
3001216inst1_path_100	GCF_020097395.1_ASM2009739v1	0.875	0.998
3001216inst1_path_100	GCF_022647505.1_ASM2264750v1	0.833	0.994
3001216inst1_path_100	GCF_030517175.1_ASM3051717v1	0.958	0.999
3001216inst1_path_100	GCF_900446255.1_50592_F01	0.667	1.0
3001216inst1_path_100	GCF_009728735.1_ASM972873v1	0.875	0.999
3001216inst1_path_100	GCF_002290485.1_ASM229048v1	0.958	0.998
3001216inst1_path_100	GCF_902164725.1_25426_7_251	0.917	0.998
3001216inst1_path_100	GCF_001277255.1_ASM127725v1	0.875	0.998
3001216inst1_path_100	GCF_019047465.1_ASM1904746v1	0.875	0.998
3001216inst1_path_100	GCF_041004125.1_W180	0.917	0.997
3001216inst1_path_100	GCF_016027855.1_ASM1602785v1	0.625	0.995
3001216inst1_path_100	GCF_036289245.1_ASM3628924v1	0.917	0.992
3001216inst1_path_100	e_coli_with_INT	0.958	0.998
3001216inst1_path_100	GCF_041002795.1_CXW225	0.667	0.999
3001216inst1_path_100	GCF_000321045.1_ASM32104v2	0.958	0.997
3001216inst1_path_100	GCF_011808225.1_ASM1180822v1	0.917	0.999
3001216inst1_path_100	GCF_023195735.1_ASM2319573v1	0.875	0.998
3001216inst1_path_100	GCF_015290725.1_with_NZ_CP037425.1	0.958	0.998
3001328inst1_path_1	GCF_009363135.1_ASM936313v1	0.533	0.976
3001328inst1_path_1	kleb_with_INT	0.6	0.968
3001328inst1_path_1	GCF_000164865.1_ASM16486v1	0.933	1.0
3001328inst1_path_1	GCF_028622335.1_ASM2862233v1	1.0	1.0
3001328inst1_path_1	GCF_020097395.1_ASM2009739v1	0.6	0.993
3001328inst1_path_1	GCF_030517175.1_ASM3051717v1	0.933	0.997
3001328inst1_path_1	GCF_900446255.1_50592_F01	0.533	0.997
3001328inst1_path_1	GCF_002290485.1_ASM229048v1	0.667	0.994
3001328inst1_path_1	GCF_902164725.1_25426_7_251	0.667	0.99
3001328inst1_path_1	GCF_001277255.1_ASM127725v1	0.733	0.995
3001328inst1_path_1	GCF_019047465.1_ASM1904746v1	0.6	0.993
3001328inst1_path_1	GCF_041004125.1_W180	0.6	0.996
3001328inst1_path_1	GCF_016027855.1_ASM1602785v1	0.933	0.997
3001328inst1_path_1	GCF_036289245.1_ASM3628924v1	0.667	0.994
3001328inst1_path_1	e_coli_with_INT	1.0	0.998
3001328inst1_path_1	GCF_041002795.1_CXW225	0.933	0.993
3001328inst1_path_1	GCF_000321045.1_ASM32104v2	0.733	0.992
3001328inst1_path_1	GCF_011808225.1_ASM1180822v1	0.533	0.995
3001328inst1_path_1	GCF_023195735.1_ASM2319573v1	0.933	0.985
3001328inst1_path_1	GCF_900186025.1_BXF1	0.533	0.935
3001328inst1_path_1	GCF_015290725.1_with_NZ_CP037425.1	1.0	0.998
3001329inst1_path_1	GCF_009363135.1_ASM936313v1	0.8	0.999
3001329inst1_path_1	kleb_with_INT	0.8	0.998
3001329inst1_path_1	GCF_000164865.1_ASM16486v1	0.8	0.998
3001329inst1_path_1	GCF_028622335.1_ASM2862233v1	0.85	0.998
3001329inst1_path_1	GCF_020097395.1_ASM2009739v1	0.85	0.999
3001329inst1_path_1	GCF_022647505.1_ASM2264750v1	0.8	0.996
3001329inst1_path_1	GCF_030517175.1_ASM3051717v1	0.95	0.999
3001329inst1_path_1	GCF_900446255.1_50592_F01	0.8	0.996
3001329inst1_path_1	GCF_009728735.1_ASM972873v1	0.85	0.998
3001329inst1_path_1	GCF_002290485.1_ASM229048v1	0.95	1.0
3001329inst1_path_1	GCF_902164725.1_25426_7_251	0.9	0.994
3001329inst1_path_1	GCF_001277255.1_ASM127725v1	0.85	0.995
3001329inst1_path_1	GCF_018777395.1_ASM1877739v1	0.5	0.988
3001329inst1_path_1	GCF_019047465.1_ASM1904746v1	0.85	0.995
3001329inst1_path_1	GCF_041004125.1_W180	0.9	0.999
3001329inst1_path_1	GCF_016027855.1_ASM1602785v1	0.85	0.994
3001329inst1_path_1	GCF_036289245.1_ASM3628924v1	0.9	0.991
3001329inst1_path_1	e_coli_with_INT	0.95	1.0
3001329inst1_path_1	GCF_041002795.1_CXW225	0.8	0.997
3001329inst1_path_1	GCF_000321045.1_ASM32104v2	0.95	0.997
3001329inst1_path_1	GCF_011808225.1_ASM1180822v1	0.9	0.999
3001329inst1_path_1	GCF_000241955.1_ASM24195v1	0.6	0.982
3001329inst1_path_1	GCF_023195735.1_ASM2319573v1	0.75	0.997
3001329inst1_path_1	GCF_015290725.1_with_NZ_CP037425.1	0.95	1.0
3001329inst1_path_225	GCF_009363135.1_ASM936313v1	0.75	0.999
3001329inst1_path_225	kleb_with_INT	0.75	0.997
3001329inst1_path_225	GCF_000164865.1_ASM16486v1	0.75	0.997
3001329inst1_path_225	GCF_028622335.1_ASM2862233v1	0.8	0.998
3001329inst1_path_225	GCF_020097395.1_ASM2009739v1	0.8	0.999
3001329inst1_path_225	GCF_022647505.1_ASM2264750v1	0.75	0.996
3001329inst1_path_225	GCF_030517175.1_ASM3051717v1	0.9	1.0
3001329inst1_path_225	GCF_900446255.1_50592_F01	0.75	0.996
3001329inst1_path_225	GCF_009728735.1_ASM972873v1	0.8	0.999
3001329inst1_path_225	GCF_002290485.1_ASM229048v1	0.9	1.0
3001329inst1_path_225	GCF_902164725.1_25426_7_251	0.85	0.996
3001329inst1_path_225	GCF_001277255.1_ASM127725v1	0.8	0.996
3001329inst1_path_225	GCF_018777395.1_ASM1877739v1	0.45	0.988
3001329inst1_path_225	GCF_019047465.1_ASM1904746v1	0.8	0.996
3001329inst1_path_225	GCF_041004125.1_W180	0.85	0.999
3001329inst1_path_225	GCF_016027855.1_ASM1602785v1	0.8	0.996
3001329inst1_path_225	GCF_036289245.1_ASM3628924v1	0.85	0.989
3001329inst1_path_225	e_coli_with_INT	0.9	1.0
3001329inst1_path_225	GCF_041002795.1_CXW225	0.75	0.997
3001329inst1_path_225	GCF_000321045.1_ASM32104v2	0.9	0.999
3001329inst1_path_225	GCF_011808225.1_ASM1180822v1	0.85	1.0
3001329inst1_path_225	GCF_000241955.1_ASM24195v1	0.55	0.986
3001329inst1_path_225	GCF_023195735.1_ASM2319573v1	0.7	0.996
3001329inst1_path_225	GCF_015290725.1_with_NZ_CP037425.1	0.9	1.0
3001364inst1_path_115_trimmed	kleb_with_INT	0.87	1.0
3001396inst1_path_12_trimmed	GCF_041002795.1_CXW225	0.75	1.0
3001396inst1_path_12_trimmed	GCF_019343455.1_ASM1934345v1	0.75	1.0
3001397inst1_path_10	kleb_with_INT	1.0	1.0
3001397inst1_path_10	GCF_014050225.1_ASM1405022v1	0.5	1.0
3001397inst1_path_10	GCF_000936425.1_ASM93642v1	0.417	0.998
3001397inst1_path_10	GCF_003367395.1_ASM336739v1	0.5	0.999
3001397inst1_path_10	GCF_020097395.1_ASM2009739v1	0.5	1.0
3001397inst1_path_10	GCF_004011805.1_ASM401180v1	0.5	0.998
3001397inst1_path_10	GCF_001579845.1_ASM157984v1	0.5	0.999
3001397inst1_path_10	GCF_001277255.1_ASM127725v1	0.5	0.908
3001397inst1_path_10	GCF_019047465.1_ASM1904746v1	0.5	1.0
3001397inst1_path_10	GCF_041004125.1_W180	0.5	1.0
3001397inst1_path_10	GCF_014642735.1_ASM1464273v1	0.417	0.997
3001397inst1_path_10	GCF_000211835.1_ASM21183v1	0.417	0.999
3001397inst1_path_10	GCF_022870505.1_ASM2287050v1	0.5	0.995
3001397inst1_path_10	GCF_041002795.1_CXW225	0.5	1.0
3001397inst1_path_10	GCF_002119765.1_ASM211976v1	0.5	0.999
3001397inst1_path_10	GCF_014206975.1_ASM1420697v1	0.417	0.998
3001397inst1_path_10	GCF_012927085.1_ASM1292708v1	0.5	0.997
3001397inst1_path_10	GCF_021391315.1_ASM2139131v1	0.417	0.997
3001397inst1_path_10	GCF_002213425.1_ASM221342v1	0.417	0.997
3001397inst1_path_11_trimmed	kleb_with_INT	0.6	1.0
3001397inst1_path_11_trimmed	e_coli_with_INT	0.6	1.0
3001397inst1_path_4	kleb_with_INT	0.571	1.0
3001397inst1_path_4	e_coli_with_INT	0.571	1.0
3001397inst1_path_4	GCF_041002795.1_CXW225	0.571	0.981
3001397inst1_path_4	GCF_019343455.1_ASM1934345v1	0.571	0.998
3001397inst1_path_6	kleb_with_INT	0.8	0.999
3001397inst1_path_6	e_coli_with_INT	0.8	0.999
3001397inst1_path_7	kleb_with_INT	0.625	0.999
3001397inst1_path_7	e_coli_with_INT	1.0	0.999
3001418inst1_path_32	GCF_004337595.1_with_NZ_CP037425.1	0.694	1.0
3001866inst1_path_32_trimmed	GCF_041004125.1_W180	1.0	1.0
3002079inst1_gene_seq	GCF_028622335.1_ASM2862233v1	0.75	1.0
3002079inst1_gene_seq	GCF_020097395.1_ASM2009739v1	0.75	1.0
3002079inst1_gene_seq	GCF_030517175.1_ASM3051717v1	0.75	1.0
3002079inst1_gene_seq	GCF_900446255.1_50592_F01	1.0	1.0
3002079inst1_gene_seq	GCF_002290485.1_ASM229048v1	0.75	1.0
3002079inst1_gene_seq	GCF_902164725.1_25426_7_251	0.75	1.0
3002079inst1_gene_seq	GCF_001277255.1_ASM127725v1	0.75	1.0
3002079inst1_gene_seq	GCF_019047465.1_ASM1904746v1	1.0	1.0
3002079inst1_gene_seq	GCF_041004125.1_W180	1.0	0.999
3002079inst1_gene_seq	GCF_016027855.1_ASM1602785v1	0.75	1.0
3002079inst1_gene_seq	GCF_036289245.1_ASM3628924v1	1.0	1.0
3002079inst1_gene_seq	e_coli_with_INT	0.75	1.0
3002079inst1_gene_seq	GCF_000321045.1_ASM32104v2	0.75	1.0
3002079inst1_gene_seq	GCF_011808225.1_ASM1180822v1	0.75	1.0
3002079inst1_gene_seq	GCF_015290725.1_with_NZ_CP037425.1	0.75	1.0
3002195inst1_path_44_trimmed	GCF_036289245.1_ASM3628924v1	1.0	1.0
3002274inst1_path_12	kleb_with_INT	1.0	1.0
3002274inst1_path_12	e_coli_with_INT	0.556	0.999
3002274inst1_path_18	kleb_with_INT	0.5	0.999
3002274inst1_path_18	e_coli_with_INT	0.5	0.999
3002274inst1_path_18	GCF_041002795.1_CXW225	0.5	1.0
3002274inst1_path_18	GCF_019343455.1_ASM1934345v1	0.5	1.0
3002489inst1_path_5	GCF_026625565.1_ASM2662556v1	0.75	0.995
3002489inst1_path_5	GCF_052978125.1_ASM5297812v1	0.75	0.999
3002489inst1_path_5	GCF_000019965.1_ASM1996v1	0.75	0.992
3002489inst1_path_5	GCF_900111515.1_IMG_taxon_2622736539_annotated_assembly	0.75	0.999
3002489inst1_path_5	GCF_025398735.1_ASM2539873v1	0.75	1.0
3002489inst1_path_5	GCF_004209755.1_ASM420975v1	0.75	0.997
3002489inst1_path_5	GCF_042656905.1_ASM4265690v1	1.0	1.0
3002489inst1_path_5	GCF_016894225.1_ASM1689422v1	0.75	0.999
3002522inst1_gene_seq	GCF_001434355.1_ASM143435v1	0.765	1.0
3002544inst1_gene_seq	GCF_001434355.1_ASM143435v1	0.75	1.0
3002577inst1_path_35	kleb_with_INT	0.5	0.998
3002577inst1_path_35	e_coli_with_INT	0.5	0.998
3002577inst1_path_35	GCF_041002795.1_CXW225	0.5	1.0
3002577inst1_path_35	GCF_019343455.1_ASM1934345v1	0.5	1.0
3002580inst1_path_1_trimmed	GCF_041002795.1_CXW225	0.6	1.0
3002580inst1_path_1_trimmed	GCF_019343455.1_ASM1934345v1	0.6	1.0
3002597inst1_path_9	GCF_019856415.1_ASM1985641v1	0.859	1.0
3002597inst1_path_9	GCF_019856435.1_ASM1985643v1	0.679	1.0
3002599inst1_path_35	kleb_with_INT	0.833	0.998
3002599inst1_path_35	GCF_014050225.1_ASM1405022v1	0.5	1.0
3002599inst1_path_35	GCF_003570885.1_ASM357088v1	0.417	0.997
3002599inst1_path_35	GCF_000936425.1_ASM93642v1	0.417	0.998
3002599inst1_path_35	GCF_003367395.1_ASM336739v1	0.5	0.999
3002599inst1_path_35	GCF_020097395.1_ASM2009739v1	0.5	1.0
3002599inst1_path_35	GCF_004011805.1_ASM401180v1	0.5	0.998
3002599inst1_path_35	GCF_001579845.1_ASM157984v1	0.5	0.999
3002599inst1_path_35	GCF_001277255.1_ASM127725v1	0.5	0.908
3002599inst1_path_35	GCF_019047465.1_ASM1904746v1	0.5	1.0
3002599inst1_path_35	GCF_041004125.1_W180	0.5	1.0
3002599inst1_path_35	GCF_014642735.1_ASM1464273v1	0.417	0.997
3002599inst1_path_35	GCF_000211835.1_ASM21183v1	0.417	0.999
3002599inst1_path_35	GCF_022870505.1_ASM2287050v1	0.5	0.995
3002599inst1_path_35	GCF_041002795.1_CXW225	0.5	1.0
3002599inst1_path_35	GCF_002119765.1_ASM211976v1	0.5	0.999
3002599inst1_path_35	GCF_014206975.1_ASM1420697v1	0.417	0.998
3002599inst1_path_35	GCF_012927085.1_ASM1292708v1	0.5	0.997
3002599inst1_path_35	GCF_021391315.1_ASM2139131v1	0.417	0.997
3002599inst1_path_35	GCF_002213425.1_ASM221342v1	0.417	0.997
3002599inst1_path_44_trimmed	GCF_041002795.1_CXW225	0.75	1.0
3002599inst1_path_44_trimmed	GCF_019343455.1_ASM1934345v1	0.75	1.0
3002601inst1_path_20	kleb_with_INT	1.0	1.0
3002601inst1_path_20	GCF_014050225.1_ASM1405022v1	0.5	1.0
3002601inst1_path_20	GCF_000936425.1_ASM93642v1	0.417	0.998
3002601inst1_path_20	GCF_003367395.1_ASM336739v1	0.5	0.999
3002601inst1_path_20	GCF_020097395.1_ASM2009739v1	0.5	1.0
3002601inst1_path_20	GCF_004011805.1_ASM401180v1	0.5	0.998
3002601inst1_path_20	GCF_001579845.1_ASM157984v1	0.5	0.999
3002601inst1_path_20	GCF_001277255.1_ASM127725v1	0.5	0.908
3002601inst1_path_20	GCF_019047465.1_ASM1904746v1	0.5	1.0
3002601inst1_path_20	GCF_041004125.1_W180	0.5	1.0
3002601inst1_path_20	GCF_014642735.1_ASM1464273v1	0.417	0.997
3002601inst1_path_20	GCF_000211835.1_ASM21183v1	0.417	0.999
3002601inst1_path_20	GCF_022870505.1_ASM2287050v1	0.5	0.995
3002601inst1_path_20	GCF_041002795.1_CXW225	0.5	1.0
3002601inst1_path_20	GCF_002119765.1_ASM211976v1	0.5	0.999
3002601inst1_path_20	GCF_014206975.1_ASM1420697v1	0.417	0.998
3002601inst1_path_20	GCF_012927085.1_ASM1292708v1	0.5	0.997
3002601inst1_path_20	GCF_021391315.1_ASM2139131v1	0.417	0.997
3002601inst1_path_20	GCF_002213425.1_ASM221342v1	0.417	0.997
3002601inst1_path_7	GCA_028608505.1_ASM2860850v1	0.533	0.987
3002601inst1_path_7	GCF_016745135.1_ASM1674513v1	0.533	0.989
3002607inst1_path_6	GCF_041004125.1_W180	0.667	1.0
3002616inst1_path_2	GCF_041002795.1_CXW225	0.5	1.0
3002628inst1_path_5	GCF_000411655.2_with_NZ_CP084887.1	0.5	1.0
3002628inst1_path_5	GCF_019856435.1_ASM1985643v1	0.583	0.97
3002638inst1_gene_seq	GCF_001434355.1_ASM143435v1	1.0	0.998
3002645inst1_path_23_trimmed	GCA_028608505.1_ASM2860850v1	0.991	1.0
3002645inst1_path_23_trimmed	GCF_016745135.1_ASM1674513v1	0.983	1.0
3002658inst1_gene_seq	GCF_001434355.1_ASM143435v1	1.0	0.999
3002658inst1_gene_seq	GCF_001570365.1_ASM157036v1	0.5	0.936
3002676inst1_path_12_trimmed	GCF_041002795.1_CXW225	0.75	1.0
3002676inst1_path_12_trimmed	GCF_019343455.1_ASM1934345v1	0.75	1.0
3002679inst1_path_25_trimmed	GCA_028608505.1_ASM2860850v1	0.902	1.0
3002679inst1_path_25_trimmed	GCF_016745135.1_ASM1674513v1	0.918	1.0
3002700inst1_gene_seq	GCF_001434355.1_ASM143435v1	1.0	0.996
3002790inst1_gene_seq	GCF_041004125.1_W180	0.5	0.998
3002790inst1_gene_seq	GCF_036289245.1_ASM3628924v1	0.944	1.0
3002790inst1_gene_seq	GCF_041002795.1_CXW225	0.5	0.992
3002836inst1_gene_seq	GCF_024499545.1_ASM2449954v1	1.0	1.0
3002836inst1_gene_seq	GCF_000013425.1_with_NZ_CP084887.1	1.0	1.0
3002836inst1_gene_seq	GCF_000411655.2_with_NZ_CP084887.1	1.0	1.0
3002836inst1_gene_seq	GCF_019856435.1_ASM1985643v1	1.0	1.0
3002838inst1_gene_seq	GCF_032970865.1_ASM3297086v1	0.889	1.0
3002848inst1_path_11	e_coli_with_INT	0.75	0.999
3002848inst1_path_12	kleb_with_INT	0.833	0.998
3002848inst1_path_12	GCF_014050225.1_ASM1405022v1	0.5	1.0
3002848inst1_path_12	GCF_003570885.1_ASM357088v1	0.417	0.997
3002848inst1_path_12	GCF_000936425.1_ASM93642v1	0.417	0.998
3002848inst1_path_12	GCF_003367395.1_ASM336739v1	0.5	0.999
3002848inst1_path_12	GCF_020097395.1_ASM2009739v1	0.5	1.0
3002848inst1_path_12	GCF_004011805.1_ASM401180v1	0.5	0.998
3002848inst1_path_12	GCF_001579845.1_ASM157984v1	0.5	0.999
3002848inst1_path_12	GCF_001277255.1_ASM127725v1	0.5	0.908
3002848inst1_path_12	GCF_019047465.1_ASM1904746v1	0.5	1.0
3002848inst1_path_12	GCF_041004125.1_W180	0.5	1.0
3002848inst1_path_12	GCF_014642735.1_ASM1464273v1	0.417	0.997
3002848inst1_path_12	GCF_000211835.1_ASM21183v1	0.417	0.999
3002848inst1_path_12	GCF_022870505.1_ASM2287050v1	0.5	0.995
3002848inst1_path_12	GCF_041002795.1_CXW225	0.5	1.0
3002848inst1_path_12	GCF_002119765.1_ASM211976v1	0.5	0.999
3002848inst1_path_12	GCF_014206975.1_ASM1420697v1	0.417	0.998
3002848inst1_path_12	GCF_012927085.1_ASM1292708v1	0.5	0.997
3002848inst1_path_12	GCF_021391315.1_ASM2139131v1	0.417	0.997
3002848inst1_path_12	GCF_002213425.1_ASM221342v1	0.417	0.997
3002854inst1_path_1	GCF_041002795.1_CXW225	0.625	1.0
3002854inst1_path_1	GCF_019343455.1_ASM1934345v1	0.5	1.0
3002867inst1_gene_seq	GCF_006770265.1_ASM677026v1	0.48	0.994
3002867inst1_gene_seq	GCF_019856415.1_ASM1985641v1	0.52	0.962
3002867inst1_gene_seq	GCF_019856435.1_ASM1985643v1	0.92	1.0
3002872inst1_path_13	kleb_with_INT	0.543	1.0
3002894inst1_gene_seq	GCF_900089595.1_IMG_taxon_2617270871_annotated_assembly	0.5	1.0
3002894inst1_gene_seq	GCF_050587365.1_ASM5058736v1	0.5	1.0
3002894inst1_gene_seq	GCF_900104525.1_IMG_taxon_2634166372_annotated_assembly	0.5	1.0
3002894inst1_gene_seq	GCF_039649665.1_ASM3964966v1	0.5	0.997
3002894inst1_gene_seq	GCF_016907655.1_ASM1690765v1	0.5	1.0
3002894inst1_gene_seq	GCF_000421825.1_ASM42182v1	0.5	0.992
3002894inst1_gene_seq	GCF_000525635.1_ASM52563v1	0.5	1.0
3002894inst1_gene_seq	GCF_039534425.1_ASM3953442v1	0.833	1.0
3002894inst1_gene_seq	GCF_000826685.1_ASM82668v1	0.5	0.996
3002894inst1_gene_seq	GCF_004362515.1_ASM436251v1	0.5	1.0
3002894inst1_gene_seq	GCF_007713735.2_ASM771373v2	0.5	1.0
3002894inst1_gene_seq	GCF_025264705.1_ASM2526470v1	0.5	0.998
3002894inst1_gene_seq	GCF_000785495.1_ASM78549v1	0.5	1.0
3002894inst1_gene_seq	GCF_028416635.1_ASM2841663v1	0.5	0.997
3002894inst1_gene_seq	GCF_003798325.1_ASM379832v1	0.5	1.0
3002894inst1_gene_seq	GCF_013409345.1_ASM1340934v1	0.5	1.0
3002894inst1_gene_seq	GCF_001434355.1_ASM143435v1	0.833	1.0
3002894inst1_gene_seq	GCF_015690345.1_ASM1569034v1	0.5	0.996
3002894inst1_gene_seq	GCF_003967355.1_ASM396735v1	0.5	1.0
3002894inst1_gene_seq	GCF_027923225.1_ASM2792322v1	0.5	1.0
3002894inst1_gene_seq	GCF_039530285.1_ASM3953028v1	0.5	0.998
3002894inst1_gene_seq	GCF_018885305.1_ASM1888530v1	0.5	1.0
3002894inst1_gene_seq	GCF_030345095.1_ASM3034509v1	0.5	1.0
3002894inst1_gene_seq	GCF_014190775.1_ASM1419077v1	0.5	1.0
3002894inst1_gene_seq	GCF_900105925.1_IMG_taxon_2639762615_annotated_assembly	0.5	1.0
3002894inst1_gene_seq	GCF_042429965.1_ASM4242996v1	0.5	0.999
3002894inst1_gene_seq	GCF_039529635.1_ASM3952963v1	0.5	0.998
3002894inst1_gene_seq	GCF_900104725.1_IMG_taxon_2634166338_annotated_assembly	0.5	1.0
3002894inst1_gene_seq	GCF_024979235.1_ASM2497923v1	0.5	1.0
3002894inst1_gene_seq	GCF_027247405.1_ASM2724740v1	0.5	1.0
3002894inst1_gene_seq	GCF_016918855.1_ASM1691885v1	0.833	0.979
3002894inst1_gene_seq	GCF_003626895.1_ASM362689v1	0.5	0.993
3002894inst1_gene_seq	GCF_003634555.1_ASM363455v1	0.5	1.0
3002894inst1_gene_seq	GCF_013410755.1_ASM1341075v1	0.5	1.0
3002894inst1_gene_seq	GCF_003258605.2_ASM325860v2	0.833	0.982
3002894inst1_gene_seq	GCF_000974445.1_ASM97444v1	0.5	1.0
3002894inst1_gene_seq	GCF_038024885.1_ASM3802488v1	0.5	1.0
3002894inst1_gene_seq	GCF_004011865.1_ASM401186v1	0.5	1.0
3002894inst1_gene_seq	GCF_900105045.1_IMG_taxon_2634166182_annotated_assembly	0.5	0.998
3002894inst1_gene_seq	GCF_002096055.1_ASM209605v1	0.5	1.0
3002894inst1_gene_seq	GCF_003323745.1_ASM332374v1	0.5	1.0
3002894inst1_gene_seq	GCF_002057455.1_ASM205745v1	0.5	0.997
3002894inst1_gene_seq	GCF_001570365.1_ASM157036v1	0.5	1.0
3002894inst1_gene_seq	GCF_000718255.1_ASM71825v1	0.5	1.0
3002985inst1_path_5	GCA_028608505.1_ASM2860850v1	1.0	1.0
3002985inst1_path_5	GCF_016745135.1_ASM1674513v1	1.0	1.0
3002986inst1_path_107_trimmed	GCF_028622335.1_ASM2862233v1	1.0	1.0
3002986inst1_path_107_trimmed	GCF_002290485.1_ASM229048v1	1.0	1.0
3002986inst1_path_107_trimmed	GCF_036289245.1_ASM3628924v1	1.0	1.0
3002986inst1_path_107_trimmed	e_coli_with_INT	1.0	1.0
3002986inst1_path_107_trimmed	GCF_015290725.1_with_NZ_CP037425.1	1.0	1.0
3003010inst1_gene_seq	GCF_022870505.1_ASM2287050v1	1.0	0.999
3003030inst1_gene_seq	GCA_028608505.1_ASM2860850v1	0.977	1.0
3003030inst1_gene_seq	GCF_016745135.1_ASM1674513v1	0.977	1.0
3003030inst1_gene_seq	GCF_042232855.1_ASM4223285v1	0.75	0.997
3003031inst1_path_10	GCA_028608505.1_ASM2860850v1	0.946	1.0
3003031inst1_path_10	GCF_016745135.1_ASM1674513v1	0.996	1.0
3003033inst1_gene_seq	GCA_028608505.1_ASM2860850v1	0.75	1.0
3003033inst1_gene_seq	GCF_016745135.1_ASM1674513v1	0.75	1.0
3003034inst1_gene_seq	GCA_028608505.1_ASM2860850v1	0.75	1.0
3003034inst1_gene_seq	GCF_016745135.1_ASM1674513v1	0.75	1.0
3003037inst1_path_3	GCF_020880995.1_ASM2088099v1	0.833	1.0
3003055inst1_path_21_trimmed	GCF_000420525.1_ASM42052v1	0.571	1.0
3003055inst1_path_21_trimmed	GCF_001598055.1_ASM159805v1	0.571	0.998
3003055inst1_path_21_trimmed	GCF_008274805.1_ASM827480v1	0.571	1.0
3003055inst1_path_21_trimmed	GCF_013911085.1_ASM1391108v1	0.571	1.0
3003055inst1_path_21_trimmed	GCF_003182375.1_ASM318237v1	0.571	1.0
3003055inst1_path_21_trimmed	GCF_030317205.1_ASM3031720v1	0.571	1.0
3003055inst1_path_21_trimmed	GCF_042646135.1_ASM4264613v1	0.571	1.0
3003055inst1_path_21_trimmed	GCF_002222655.1_ASM222265v1	0.571	0.999
3003055inst1_path_21_trimmed	GCF_003051865.1_ASM305186v1	0.571	1.0
3003055inst1_path_21_trimmed	GCF_020510565.1_ASM2051056v1	0.571	1.0
3003055inst1_path_21_trimmed	GCF_900637305.1_50618_F02	0.571	1.0
3003055inst1_path_21_trimmed	GCF_003570885.1_ASM357088v1	0.571	1.0
3003055inst1_path_21_trimmed	GCF_053470345.1_ASM5347034v1	0.571	1.0
3003055inst1_path_21_trimmed	GCF_009746125.1_ASM974612v1	0.571	1.0
3003055inst1_path_21_trimmed	GCF_014109725.1_ASM1410972v1	0.571	1.0
3003055inst1_path_21_trimmed	GCF_018905915.1_ASM1890591v1	0.571	1.0
3003055inst1_path_21_trimmed	GCF_042659145.1_ASM4265914v1	0.571	1.0
3003055inst1_path_21_trimmed	GCF_033842905.1_ASM3384290v1	0.571	1.0
3003055inst1_path_21_trimmed	GCF_022870845.1_ASM2287084v1	0.571	1.0
3003055inst1_path_21_trimmed	GCF_002885975.1_ASM288597v1	0.571	1.0
3003055inst1_path_21_trimmed	GCF_024158925.1_ASM2415892v1	0.571	0.998
3003055inst1_path_21_trimmed	GCF_000519045.1_ASM51904v1	0.571	1.0
3003055inst1_path_21_trimmed	GCF_004524855.1_ASM452485v1	0.571	1.0
3003055inst1_path_21_trimmed	GCF_000204645.1_ASM20464v1	0.571	1.0
3003055inst1_path_21_trimmed	GCF_900187105.1_50618_F01	0.571	1.0
3003055inst1_path_21_trimmed	GCF_002872475.1_ASM287247v1	0.571	1.0
3003055inst1_path_21_trimmed	GCF_000585335.1_ASM58533v1	0.571	1.0
3003055inst1_path_21_trimmed	GCF_900105005.1_IMG_taxon_2667527220_annotated_assembly	0.571	0.997
3003055inst1_path_21_trimmed	GCF_003293695.1_ASM329369v1	0.571	1.0
3003055inst1_path_21_trimmed	GCF_013387465.1_ASM1338746v1	0.571	1.0
3003055inst1_path_21_trimmed	GCF_025532145.1_ASM2553214v1	0.571	1.0
3003055inst1_path_21_trimmed	GCF_008929045.1_ASM892904v1	0.571	1.0
3003055inst1_path_21_trimmed	GCF_014652475.1_ASM1465247v1	0.571	1.0
3003055inst1_path_21_trimmed	GCF_000174355.1_ASM17435v1	0.571	0.999
3003055inst1_path_21_trimmed	GCF_900230245.1_IMG_taxon_2711768653_annotated_assembly	0.571	0.999
3003055inst1_path_21_trimmed	GCF_025263685.1_ASM2526368v1	0.571	1.0
3003055inst1_path_21_trimmed	GCF_000696225.1_ASM69622v1	0.571	1.0
3003055inst1_path_21_trimmed	GCF_052978125.1_ASM5297812v1	0.571	1.0
3003055inst1_path_21_trimmed	GCF_000018665.1_ASM1866v1	0.571	1.0
3003055inst1_path_21_trimmed	GCF_037478035.1_ASM3747803v1	0.571	0.999
3003055inst1_path_21_trimmed	GCF_031834615.1_ASM3183461v1	1.0	1.0
3003055inst1_path_21_trimmed	GCF_000423285.1_ASM42328v1	0.571	1.0
3003055inst1_path_21_trimmed	GCF_003013695.1_ASM301369v1	0.571	1.0
3003055inst1_path_21_trimmed	GCF_004011805.1_ASM401180v1	0.571	0.992
3003055inst1_path_21_trimmed	GCF_013003985.1_ASM1300398v1	0.571	1.0
3003055inst1_path_21_trimmed	GCF_964020785.1_ASM3NB6S	0.571	1.0
3003055inst1_path_21_trimmed	GCF_034047095.1_ASM3404709v1	0.571	0.999
3003055inst1_path_21_trimmed	GCF_004361735.1_ASM436173v1	0.571	1.0
3003055inst1_path_21_trimmed	GCF_014202905.1_ASM1420290v1	0.571	0.998
3003055inst1_path_21_trimmed	GCF_003217575.1_ASM321757v1	0.571	1.0
3003055inst1_path_21_trimmed	GCF_005871185.1_ASM587118v1	0.571	1.0
3003055inst1_path_21_trimmed	GCF_000009365.1_ASM936v1	0.571	1.0
3003055inst1_path_21_trimmed	GCF_003201595.1_ASM320159v1	0.571	1.0
3003055inst1_path_21_trimmed	GCF_003226565.1_ASM322656v1	0.571	1.0
3003055inst1_path_21_trimmed	GCF_036621135.1_ASM3662113v1	0.571	1.0
3003055inst1_path_21_trimmed	GCF_011764585.1_ASM1176458v1	0.571	1.0
3003055inst1_path_21_trimmed	GCF_000374625.1_ASM37462v1	0.571	1.0
3003055inst1_path_21_trimmed	GCF_900116825.1_IMG_taxon_2634166357_annotated_assembly	0.571	1.0
3003055inst1_path_21_trimmed	GCF_007431345.1_ASM743134v1	0.571	1.0
3003055inst1_path_21_trimmed	GCF_030419005.1_ASM3041900v1	0.571	1.0
3003055inst1_path_21_trimmed	GCF_016894345.1_ASM1689434v1	0.571	0.999
3003055inst1_path_21_trimmed	GCF_902813185.1_Denitratisoma_oestradiolicum_DSM16959	0.571	1.0
3003055inst1_path_21_trimmed	GCF_008806995.1_ASM880699v1	0.571	1.0
3003055inst1_path_21_trimmed	GCF_039630945.1_ASM3963094v1	0.571	1.0
3003055inst1_path_21_trimmed	GCF_026013905.1_ASM2601390v1	0.571	1.0
3003055inst1_path_21_trimmed	GCF_020510525.1_ASM2051052v1	0.571	1.0
3003055inst1_path_21_trimmed	GCF_030177895.1_ASM3017789v1	0.571	1.0
3003055inst1_path_21_trimmed	GCF_017315725.1_ASM1731572v1	0.571	1.0
3003055inst1_path_21_trimmed	GCF_025421555.1_ASM2542155v1	0.571	1.0
3003055inst1_path_21_trimmed	GCF_012927085.1_ASM1292708v1	0.571	1.0
3003055inst1_path_21_trimmed	GCF_042232855.1_ASM4223285v1	0.571	1.0
3003055inst1_path_21_trimmed	GCF_018069845.1_ASM1806984v1	0.571	1.0
3003055inst1_path_21_trimmed	GCF_042656905.1_ASM4265690v1	0.571	1.0
3003055inst1_path_21_trimmed	GCF_001651805.1_ASM165180v1	0.571	1.0
3003055inst1_path_21_trimmed	GCF_001597285.1_ASM159728v1	0.571	1.0
3003055inst1_path_21_trimmed	GCF_002924445.1_ASM292444v1	0.571	1.0
3003055inst1_path_21_trimmed	GCF_000019785.1_ASM1978v1	0.571	1.0
3003055inst1_path_21_trimmed	GCF_000768335.1_ASM76833v1	0.571	1.0
3003055inst1_path_21_trimmed	GCF_001955735.1_ASM195573v1	0.571	1.0
3003055inst1_path_21_trimmed	GCF_000023065.1_ASM2306v1	0.571	1.0
3003055inst1_path_21_trimmed	GCF_042643355.1_ASM4264335v1	0.571	1.0
3003055inst1_path_21_trimmed	GCF_027158565.1_ASM2715856v1	0.571	1.0
3003055inst1_path_21_trimmed	GCF_002288875.1_ASM228887v1	0.571	0.999
3003055inst1_path_21_trimmed	GCF_000022305.1_ASM2230v1	0.571	1.0
3003055inst1_path_21_trimmed	GCF_048146105.1_ASM4814610v1	0.571	1.0
3003055inst1_path_21_trimmed	GCF_017161445.1_ASM1716144v1	0.571	1.0
3003055inst1_path_21_trimmed	GCF_002213425.1_ASM221342v1	0.571	0.999
3003055inst2_path_1	GCF_031834615.1_ASM3183461v1	0.843	1.0
3003056inst1_path_1	GCF_052978125.1_ASM5297812v1	0.941	1.0
3003057inst1_path_21	GCF_052978125.1_ASM5297812v1	0.538	0.933
3003057inst1_path_21	GCF_031834615.1_ASM3183461v1	0.846	0.991
3003057inst1_path_21	GCF_042657165.1_ASM4265716v1	0.538	0.972
3003109inst1_gene_seq	GCF_041002795.1_CXW225	0.8	1.0
3003110inst1_gene_seq	GCF_002082135.1_ASM208213v1	1.0	0.999
3003206inst1_gene_seq	GCF_024499545.1_ASM2449954v1	1.0	1.0
3003206inst1_gene_seq	GCF_000013425.1_with_NZ_CP084887.1	1.0	1.0
3003206inst1_gene_seq	GCF_000411655.2_with_NZ_CP084887.1	1.0	1.0
3003206inst1_gene_seq	GCF_019856435.1_ASM1985643v1	1.0	1.0
3003548inst1_path_11_trimmed	GCF_028622335.1_ASM2862233v1	1.0	0.998
3003548inst1_path_11_trimmed	GCF_002290485.1_ASM229048v1	0.778	0.997
3003548inst1_path_11_trimmed	e_coli_with_INT	0.667	0.995
3003548inst1_path_11_trimmed	GCF_015290725.1_with_NZ_CP037425.1	0.667	0.995
3003549inst1_path_143_trimmed	GCF_028622335.1_ASM2862233v1	1.0	0.998
3003549inst1_path_143_trimmed	GCF_002290485.1_ASM229048v1	0.778	0.997
3003549inst1_path_143_trimmed	e_coli_with_INT	0.667	0.995
3003549inst1_path_143_trimmed	GCF_015290725.1_with_NZ_CP037425.1	0.667	0.995
3003550inst1_path_125	GCF_028622335.1_ASM2862233v1	0.9	0.998
3003550inst1_path_125	GCF_002290485.1_ASM229048v1	0.7	0.997
3003550inst1_path_125	e_coli_with_INT	0.6	0.995
3003550inst1_path_125	GCF_015290725.1_with_NZ_CP037425.1	0.6	0.995
3003550inst1_path_2_trimmed	kleb_with_INT	0.571	1.0
3003550inst1_path_2_trimmed	GCF_028622335.1_ASM2862233v1	0.857	0.995
3003550inst1_path_2_trimmed	GCF_004524855.1_ASM452485v1	0.571	1.0
3003550inst1_path_2_trimmed	GCF_042140075.1_ASM4214007v1	0.571	1.0
3003550inst1_path_2_trimmed	GCF_900230245.1_IMG_taxon_2711768653_annotated_assembly	0.571	1.0
3003550inst1_path_2_trimmed	GCF_002290485.1_ASM229048v1	0.857	0.995
3003550inst1_path_2_trimmed	e_coli_with_INT	0.857	0.995
3003550inst1_path_2_trimmed	GCF_015290725.1_with_NZ_CP037425.1	0.857	0.995
3003562inst1_gene_seq	GCF_016919645.1_ASM1691964v1	0.857	1.0
3003565inst1_path_1	GCF_001434355.1_ASM143435v1	0.957	1.0
3003576inst1_path_100	GCF_028622335.1_ASM2862233v1	1.0	0.998
3003576inst1_path_100	GCF_030517175.1_ASM3051717v1	0.818	0.996
3003576inst1_path_100	GCF_002290485.1_ASM229048v1	0.727	0.997
3003576inst1_path_100	GCF_036289245.1_ASM3628924v1	0.909	0.965
3003576inst1_path_100	e_coli_with_INT	0.909	0.98
3003576inst1_path_100	GCF_015290725.1_with_NZ_CP037425.1	0.909	0.983
3003576inst1_path_1_trimmed	GCF_028622335.1_ASM2862233v1	1.0	1.0
3003577inst1_path_100	kleb_with_INT	0.565	0.772
3003577inst1_path_100	GCF_020097395.1_ASM2009739v1	0.609	0.959
3003577inst1_path_100	GCF_900446255.1_50592_F01	0.522	0.998
3003577inst1_path_100	GCF_019047465.1_ASM1904746v1	0.609	0.985
3003577inst1_path_100	GCF_041004125.1_W180	0.565	0.935
3003577inst1_path_100	e_coli_with_INT	0.957	1.0
3003577inst1_path_1	GCF_036408855.1_ASM3640885v1	0.545	0.977
3003577inst1_path_1	GCF_020084865.1_ASM2008486v1	0.545	0.998
3003577inst1_path_1	GCF_051175565.1_ASM5117556v1	0.545	0.998
3003577inst1_path_1	GCF_024722315.1_ASM2472231v1	0.545	0.997
3003577inst1_path_1	GCF_001598055.1_ASM159805v1	0.545	0.998
3003577inst1_path_1	GCF_028649475.1_ASM2864947v1	0.545	0.999
3003577inst1_path_1	GCF_006337085.1_ASM633708v1	0.545	0.998
3003577inst1_path_1	GCF_000454545.1_20120625	0.545	0.997
3003577inst1_path_1	GCF_013911085.1_ASM1391108v1	0.545	0.998
3003577inst1_path_1	GCF_928722185.1_min17_bin71	0.545	0.999
3003577inst1_path_1	GCF_022419205.1_ASM2241920v1	0.545	0.997
3003577inst1_path_1	GCF_003182375.1_ASM318237v1	0.636	0.819
3003577inst1_path_1	GCF_030317205.1_ASM3031720v1	0.545	0.942
3003577inst1_path_1	GCF_900105165.1_IMG_taxon_2667528181_annotated_assembly	0.545	0.996
3003577inst1_path_1	GCF_009363135.1_ASM936313v1	0.818	0.995
3003577inst1_path_1	GCF_006542665.1_Acom_1.0	0.545	0.998
3003577inst1_path_1	kleb_with_INT	0.545	0.997
3003577inst1_path_1	GCF_902806485.1_AiOr	0.455	0.913
3003577inst1_path_1	GCF_003051865.1_ASM305186v1	0.545	0.994
3003577inst1_path_1	GCF_000164865.1_ASM16486v1	0.818	0.999
3003577inst1_path_1	GCF_014982725.1_ASM1498272v1	0.545	0.991
3003577inst1_path_1	GCF_900105025.1_IMG_taxon_2636416177_annotated_assembly	0.545	0.977
3003577inst1_path_1	GCF_053470345.1_ASM5347034v1	0.545	0.925
3003577inst1_path_1	GCF_014042355.1_ASM1404235v1	0.545	0.999
3003577inst1_path_1	GCF_014201835.1_ASM1420183v1	0.545	0.994
3003577inst1_path_1	GCF_005885675.1_ASM588567v1	0.545	0.998
3003577inst1_path_1	GCF_003176875.1_ASM317687v1	0.545	0.998
3003577inst1_path_1	GCF_014109725.1_ASM1410972v1	0.545	0.959
3003577inst1_path_1	GCF_042659145.1_ASM4265914v1	0.545	0.999
3003577inst1_path_1	GCF_016026615.1_ASM1602661v1	0.545	0.91
3003577inst1_path_1	GCF_000007365.1_ASM736v1	0.636	0.997
3003577inst1_path_1	GCF_000803315.1_ASM80331v1	0.545	0.997
3003577inst1_path_1	GCF_028622335.1_ASM2862233v1	0.818	0.999
3003577inst1_path_1	GCF_004342425.1_ASM434242v1	0.545	0.997
3003577inst1_path_1	GCF_024158925.1_ASM2415892v1	0.545	0.998
3003577inst1_path_1	GCF_000243215.1_Odor_lane_YIT_12061_V1	0.545	0.998
3003577inst1_path_1	GCF_004342725.1_ASM434272v1	0.545	0.99
3003577inst1_path_1	GCF_004524855.1_ASM452485v1	0.545	0.995
3003577inst1_path_1	GCF_003046585.1_ASM304658v1	0.545	0.998
3003577inst1_path_1	GCF_020097395.1_ASM2009739v1	0.909	0.97
3003577inst1_path_1	GCF_003725995.1_ASM372599v1	0.545	1.0
3003577inst1_path_1	GCF_027669965.1_ASM2766996v1	0.545	0.999
3003577inst1_path_1	GCF_022647505.1_ASM2264750v1	0.727	0.986
3003577inst1_path_1	GCF_907163105.1_CB_03_assembly	0.545	0.997
3003577inst1_path_1	GCF_003867015.1_ASM386701v1	0.545	0.996
3003577inst1_path_1	GCF_042680925.1_ASM4268092v1	0.545	0.957
3003577inst1_path_1	GCF_003293695.1_ASM329369v1	0.545	0.997
3003577inst1_path_1	GCF_030517175.1_ASM3051717v1	0.818	0.999
3003577inst1_path_1	GCF_013387465.1_ASM1338746v1	0.545	0.999
3003577inst1_path_1	GCF_900446255.1_50592_F01	0.727	0.985
3003577inst1_path_1	GCF_008929045.1_ASM892904v1	0.545	0.998
3003577inst1_path_1	GCF_014652475.1_ASM1465247v1	0.545	0.997
3003577inst1_path_1	GCF_010669225.1_ASM1066922v1	0.545	0.999
3003577inst1_path_1	GCF_003610695.1_ASM361069v1	0.545	0.996
3003577inst1_path_1	GCF_000174355.1_ASM17435v1	0.545	0.998
3003577inst1_path_1	GCF_900230245.1_IMG_taxon_2711768653_annotated_assembly	0.545	0.999
3003577inst1_path_1	GCF_002300555.2_ASM230055v2	0.455	0.929
3003577inst1_path_1	GCF_965202595.1_odChoAust1.Poriferisocius_sp_1.1	0.545	0.846
3003577inst1_path_1	GCF_000015725.1_ASM1572v1	0.545	0.998
3003577inst1_path_1	GCF_000314895.2_ASM31489v2	0.636	0.999
3003577inst1_path_1	GCF_010993735.1_ASM1099373v1	0.455	0.996
3003577inst1_path_1	GCF_052978125.1_ASM5297812v1	0.545	0.997
3003577inst1_path_1	GCF_000380985.1_ASM38098v1	0.545	0.997
3003577inst1_path_1	GCF_000348785.1_ASM34878v1	0.545	0.914
3003577inst1_path_1	GCF_009547075.1_ASM954707v1	0.455	0.997
3003577inst1_path_1	GCF_023100885.1_ASM2310088v1	0.545	0.973
3003577inst1_path_1	GCF_002257695.2_SPACI	0.545	0.999
3003577inst1_path_1	GCF_030077735.1_ASM3007773v1	0.545	0.999
3003577inst1_path_1	GCF_037478035.1_ASM3747803v1	0.545	0.999
3003577inst1_path_1	GCF_031834615.1_ASM3183461v1	0.545	0.997
3003577inst1_path_1	GCF_000423285.1_ASM42328v1	0.545	0.991
3003577inst1_path_1	GCF_003013695.1_ASM301369v1	0.545	0.999
3003577inst1_path_1	GCF_021538615.1_ASM2153861v1	0.545	0.996
3003577inst1_path_1	GCF_009728735.1_ASM972873v1	0.636	0.999
3003577inst1_path_1	GCF_000831385.1_ASM83138v1	0.545	0.998
3003577inst1_path_1	GCF_003967275.1_ASM396727v1	0.545	0.998
3003577inst1_path_1	GCF_002082135.1_ASM208213v1	0.545	0.999
3003577inst1_path_1	GCF_032878955.1_ASM3287895v1	0.545	0.997
3003577inst1_path_1	GCF_013003985.1_ASM1300398v1	0.545	0.998
3003577inst1_path_1	GCF_000224085.1_ASM22408v1	0.545	0.997
3003577inst1_path_1	GCF_002290485.1_ASM229048v1	0.818	0.999
3003577inst1_path_1	GCF_006337125.1_ASM633712v1	0.545	0.998
3003577inst1_path_1	GCF_030450055.1_ASM3045005v1	0.545	0.998
3003577inst1_path_1	GCF_028532485.1_ASM2853248v1	0.545	0.935
3003577inst1_path_1	GCF_918378365.1_Ntg6680	0.545	0.999
3003577inst1_path_1	GCF_902164725.1_25426_7_251	0.545	0.997
3003577inst1_path_1	GCF_003666245.1_ASM366624v1	0.545	0.997
3003577inst1_path_1	GCF_003966975.1_ASM396697v1	0.545	0.998
3003577inst1_path_1	GCF_007993735.1_ASM799373v1	0.545	0.993
3003577inst1_path_1	GCF_001953635.1_ASM195363v1	0.545	0.998
3003577inst1_path_1	GCF_020166335.1_ASM2016633v1	0.545	0.995
3003577inst1_path_1	GCF_020911885.1_ASM2091188v1	0.545	0.998
3003577inst1_path_1	GCF_003351765.1_ASM335176v1	0.545	0.998
3003577inst1_path_1	GCF_001277255.1_ASM127725v1	0.727	0.984
3003577inst1_path_1	GCF_014202905.1_ASM1420290v1	0.545	0.982
3003577inst1_path_1	GCF_047549485.1_ASM4754948v1	0.545	0.998
3003577inst1_path_1	GCF_003993795.1_ASM399379v1	0.455	0.995
3003577inst1_path_1	GCF_019047465.1_ASM1904746v1	0.818	0.994
3003577inst1_path_1	GCF_003339525.1_ASM333952v1	0.545	0.999
3003577inst1_path_1	GCF_023078475.1_ASM2307847v1	0.545	0.997
3003577inst1_path_1	GCF_003971235.1_ASM397123v1	0.545	0.997
3003577inst1_path_1	GCF_041004125.1_W180	0.818	0.995
3003577inst1_path_1	GCF_016027855.1_ASM1602785v1	0.636	0.942
3003577inst1_path_1	GCF_003063475.1_ASM306347v1	0.545	0.978
3003577inst1_path_1	GCF_023195925.1_ASM2319592v1	0.545	0.984
3003577inst1_path_1	GCF_005871185.1_ASM587118v1	0.545	0.998
3003577inst1_path_1	GCF_000382425.1_ASM38242v1	0.545	0.966
3003577inst1_path_1	GCF_002023665.2_ASM202366v2	0.545	0.979
3003577inst1_path_1	GCF_014863405.1_ASM1486340v1	0.545	0.998
3003577inst1_path_1	GCF_039523055.1_ASM3952305v1	0.545	0.997
3003577inst1_path_1	GCF_011617105.1_ASM1161710v1	0.545	0.997
3003577inst1_path_1	GCF_026127385.1_ASM2612738v1	0.545	0.998
3003577inst1_path_1	GCF_004168365.1_ASM416836v1	0.545	0.998
3003577inst1_path_1	GCF_020819555.1_ASM2081955v1	0.545	0.999
3003577inst1_path_1	GCF_019933175.1_ASM1993317v1	0.545	0.997
3003577inst1_path_1	GCF_019464615.1_ASM1946461v1	0.545	0.997
3003577inst1_path_1	GCF_025567065.1_ASM2556706v1	0.545	0.999
3003577inst1_path_1	GCF_042676825.1_ASM4267682v1	0.545	0.998
3003577inst1_path_1	GCF_003967035.1_ASM396703v1	0.545	0.996
3003577inst1_path_1	GCF_022870505.1_ASM2287050v1	0.545	0.998
3003577inst1_path_1	GCF_000025305.1_ASM2530v1	0.545	0.998
3003577inst1_path_1	GCF_004365405.1_ASM436540v1	0.545	0.998
3003577inst1_path_1	GCF_900111515.1_IMG_taxon_2622736539_annotated_assembly	0.545	0.998
3003577inst1_path_1	GCF_036289245.1_ASM3628924v1	0.818	0.988
3003577inst1_path_1	e_coli_with_INT	1.0	1.0
3003577inst1_path_1	GCF_900095795.1_E5A	0.545	0.997
3003577inst1_path_1	GCF_025398735.1_ASM2539873v1	0.545	0.997
3003577inst1_path_1	GCF_001656035.1_ASM165603v1	0.636	0.953
3003577inst1_path_1	GCF_007833675.1_ASM783367v1	0.545	0.999
3003577inst1_path_1	GCF_004209755.1_ASM420975v1	0.545	0.998
3003577inst1_path_1	GCF_007431345.1_ASM743134v1	0.545	0.998
3003577inst1_path_1	GCF_016937655.1_ASM1693765v1	0.545	0.999
3003577inst1_path_1	GCF_006546775.1_ASM654677v1	0.545	0.997
3003577inst1_path_1	GCF_030419005.1_ASM3041900v1	0.545	0.998
3003577inst1_path_1	GCF_041002795.1_CXW225	0.545	0.997
3003577inst1_path_1	GCF_009740285.1_ASM974028v1	0.545	0.999
3003577inst1_path_1	GCF_902386925.1_UHGG_MGYG_HGUT_02413	0.545	0.998
3003577inst1_path_1	GCF_000477435.1_ASM47743v1	0.545	0.999
3003577inst1_path_1	GCF_000321045.1_ASM32104v2	0.727	0.999
3003577inst1_path_1	GCF_020715685.1_ASM2071568v1	0.545	0.841
3003577inst1_path_1	GCF_009834925.2_ASM983492v2	0.545	0.997
3003577inst1_path_1	GCF_007556595.1_ASM755659v1	0.545	0.999
3003577inst1_path_1	GCF_011808225.1_ASM1180822v1	0.727	0.998
3003577inst1_path_1	GCF_000241955.1_ASM24195v1	0.636	0.946
3003577inst1_path_1	GCF_026013905.1_ASM2601390v1	0.545	0.998
3003577inst1_path_1	GCF_009650215.1_ASM965021v1	0.545	0.996
3003577inst1_path_1	GCF_023195735.1_ASM2319573v1	0.818	0.963
3003577inst1_path_1	GCF_000262245.1_ASM26224v1	0.545	0.997
3003577inst1_path_1	GCF_024380015.1_ASM2438001v1	0.545	0.998
3003577inst1_path_1	GCF_900078705.1_H050680373	0.545	0.999
3003577inst1_path_1	GCF_000242255.2_ASM24225v3	0.545	0.998
3003577inst1_path_1	GCF_017315725.1_ASM1731572v1	0.545	0.999
3003577inst1_path_1	GCF_019551435.1_ASM1955143v1	0.545	0.997
3003577inst1_path_1	GCF_000186265.1_ASM18626v1	0.545	0.998
3003577inst1_path_1	GCF_004354305.1_ASM435430v1	0.545	0.995
3003577inst1_path_1	GCF_025421555.1_ASM2542155v1	0.545	0.967
3003577inst1_path_1	GCF_900095855.1_PRJEB15308	0.545	0.998
3003577inst1_path_1	GCF_012927085.1_ASM1292708v1	0.545	0.905
3003577inst1_path_1	GCF_000723205.1_FAGA1	0.545	0.997
3003577inst1_path_1	GCF_900187395.1_IMG_taxon_2734482797_annotated_assembly	0.545	0.997
3003577inst1_path_1	GCF_042656905.1_ASM4265690v1	0.545	0.997
3003577inst1_path_1	GCF_003258605.2_ASM325860v2	0.545	0.917
3003577inst1_path_1	GCF_006094455.1_ASM609445v1	0.636	0.997
3003577inst1_path_1	GCA_050154015.1_ASM5015401v1	0.545	0.997
3003577inst1_path_1	GCF_011090165.1_ASM1109016v1	0.545	0.998
3003577inst1_path_1	GCF_021233355.1_ASM2123335v1	0.545	0.997
3003577inst1_path_1	GCF_018324385.1_ASM1832438v1	0.545	0.998
3003577inst1_path_1	GCF_028891345.1_ASM2889134v1	0.545	0.998
3003577inst1_path_1	GCF_039539325.1_ASM3953932v1	0.545	0.998
3003577inst1_path_1	GCF_900239935.1_PCAR91_V1	0.545	0.997
3003577inst1_path_1	GCF_016894225.1_ASM1689422v1	0.545	0.998
3003577inst1_path_1	GCF_900186025.1_BXF1	0.636	0.944
3003577inst1_path_1	GCF_001955735.1_ASM195573v1	0.545	0.999
3003577inst1_path_1	GCF_000023065.1_ASM2306v1	0.545	0.997
3003577inst1_path_1	GCF_015290725.1_with_NZ_CP037425.1	0.818	0.999
3003577inst1_path_1	GCF_900105105.1_IMG_taxon_2675903128_annotated_assembly	0.545	0.993
3003577inst1_path_1	GCF_020889785.1_ASM2088978v1	0.455	0.996
3003577inst1_path_1	GCF_002607735.1_ASM260773v1	0.636	0.993
3003577inst1_path_1	GCF_027158565.1_ASM2715856v1	0.545	0.998
3003577inst1_path_1	GCF_042657165.1_ASM4265716v1	0.545	0.997
3003577inst1_path_1	GCF_000022305.1_ASM2230v1	0.545	0.83
3003577inst1_path_1	GCF_943193125.1_Adlercreutzia_sp_nov2_DSM109821	0.545	0.998
3003578inst1_path_118_trimmed	GCF_028622335.1_ASM2862233v1	1.0	1.0
3003578inst1_path_118_trimmed	GCF_030517175.1_ASM3051717v1	1.0	1.0
3003578inst1_path_118_trimmed	GCF_002290485.1_ASM229048v1	0.882	1.0
3003578inst1_path_118_trimmed	GCF_036289245.1_ASM3628924v1	0.824	0.999
3003578inst1_path_118_trimmed	e_coli_with_INT	1.0	1.0
3003578inst1_path_118_trimmed	GCF_015290725.1_with_NZ_CP037425.1	1.0	1.0
3003583inst1_path_83	GCA_028608505.1_ASM2860850v1	0.511	1.0
3003583inst1_path_83	GCF_016745135.1_ASM1674513v1	0.511	1.0
3003645inst1_path_47_trimmed	GCA_028608505.1_ASM2860850v1	0.983	1.0
3003645inst1_path_47_trimmed	GCF_016745135.1_ASM1674513v1	0.983	1.0
3003679inst1_gene_seq	GCA_028608505.1_ASM2860850v1	0.95	1.0
3003679inst1_gene_seq	GCF_016745135.1_ASM1674513v1	0.95	1.0
3003680inst1_gene_seq	GCA_028608505.1_ASM2860850v1	0.95	1.0
3003680inst1_gene_seq	GCF_016745135.1_ASM1674513v1	0.95	1.0
3003681inst1_gene_seq	GCA_028608505.1_ASM2860850v1	0.95	1.0
3003681inst1_gene_seq	GCF_016745135.1_ASM1674513v1	0.95	1.0
3003682inst1_path_3	GCA_028608505.1_ASM2860850v1	1.0	1.0
3003682inst1_path_3	GCF_033842905.1_ASM3384290v1	0.5	0.992
3003682inst1_path_3	GCF_016745135.1_ASM1674513v1	1.0	1.0
3003692inst1_gene_seq	GCA_028608505.1_ASM2860850v1	0.825	1.0
3003692inst1_gene_seq	GCF_033842905.1_ASM3384290v1	0.5	0.993
3003692inst1_gene_seq	GCF_016745135.1_ASM1674513v1	0.825	1.0
3003692inst1_gene_seq	GCF_042232855.1_ASM4223285v1	0.675	0.998
3003693inst1_gene_seq	GCA_028608505.1_ASM2860850v1	1.0	1.0
3003693inst1_gene_seq	GCF_016745135.1_ASM1674513v1	1.0	1.0
3003693inst1_gene_seq	GCF_042232855.1_ASM4223285v1	0.729	0.997
3003693inst1_gene_seq	GCF_001597285.1_ASM159728v1	0.521	0.932
3003698inst1_path_5_trimmed	GCA_028608505.1_ASM2860850v1	0.987	1.0
3003698inst1_path_5_trimmed	GCF_016745135.1_ASM1674513v1	0.987	1.0
3003699inst1_path_5	GCA_028608505.1_ASM2860850v1	1.0	1.0
3003699inst1_path_5	GCF_016745135.1_ASM1674513v1	1.0	1.0
3003700inst1_path_5	GCA_028608505.1_ASM2860850v1	1.0	1.0
3003700inst1_path_5	GCF_016745135.1_ASM1674513v1	1.0	1.0
3003704inst1_gene_seq	GCA_028608505.1_ASM2860850v1	0.987	1.0
3003704inst1_gene_seq	GCF_016745135.1_ASM1674513v1	0.987	1.0
3003704inst1_gene_seq	GCF_042232855.1_ASM4223285v1	0.564	0.991
3003705inst1_gene_seq	GCA_028608505.1_ASM2860850v1	0.987	1.0
3003705inst1_gene_seq	GCF_016745135.1_ASM1674513v1	0.987	1.0
3003705inst1_gene_seq	GCF_042232855.1_ASM4223285v1	0.564	0.991
3003718inst1_path_4	GCF_026625565.1_ASM2662556v1	0.75	0.995
3003718inst1_path_4	GCF_052978125.1_ASM5297812v1	0.75	0.999
3003718inst1_path_4	GCF_000019965.1_ASM1996v1	0.75	0.992
3003718inst1_path_4	GCF_900111515.1_IMG_taxon_2622736539_annotated_assembly	0.75	0.999
3003718inst1_path_4	GCF_025398735.1_ASM2539873v1	0.75	1.0
3003718inst1_path_4	GCF_004209755.1_ASM420975v1	0.75	0.997
3003718inst1_path_4	GCF_042656905.1_ASM4265690v1	1.0	1.0
3003718inst1_path_4	GCF_016894225.1_ASM1689422v1	0.75	0.999
3003730inst1_gene_seq	GCF_047836735.1_ASM4783673v1	0.975	1.0
3003741inst1_gene_seq	GCF_041002795.1_CXW225	0.8	1.0
3003746inst1_path_4	GCF_000013425.1_with_NZ_CP084887.1	0.538	0.99
3003746inst1_path_4	GCF_019856415.1_ASM1985641v1	0.538	0.977
3003746inst1_path_4	GCF_000411655.2_with_NZ_CP084887.1	0.538	0.99
3003746inst1_path_4	GCF_019856435.1_ASM1985643v1	1.0	0.993
3003748inst1_gene_seq	GCF_900089595.1_IMG_taxon_2617270871_annotated_assembly	0.5	1.0
3003748inst1_gene_seq	GCF_050587365.1_ASM5058736v1	0.5	1.0
3003748inst1_gene_seq	GCF_900104525.1_IMG_taxon_2634166372_annotated_assembly	0.5	1.0
3003748inst1_gene_seq	GCF_039649665.1_ASM3964966v1	0.5	0.997
3003748inst1_gene_seq	GCF_016907655.1_ASM1690765v1	0.5	1.0
3003748inst1_gene_seq	GCF_000421825.1_ASM42182v1	0.5	0.992
3003748inst1_gene_seq	GCF_000525635.1_ASM52563v1	0.5	1.0
3003748inst1_gene_seq	GCF_039534425.1_ASM3953442v1	0.833	1.0
3003748inst1_gene_seq	GCF_000826685.1_ASM82668v1	0.5	0.996
3003748inst1_gene_seq	GCF_004362515.1_ASM436251v1	0.5	1.0
3003748inst1_gene_seq	GCF_007713735.2_ASM771373v2	0.5	1.0
3003748inst1_gene_seq	GCF_025264705.1_ASM2526470v1	0.5	0.998
3003748inst1_gene_seq	GCF_000785495.1_ASM78549v1	0.5	1.0
3003748inst1_gene_seq	GCF_028416635.1_ASM2841663v1	0.5	0.997
3003748inst1_gene_seq	GCF_003798325.1_ASM379832v1	0.5	1.0
3003748inst1_gene_seq	GCF_013409345.1_ASM1340934v1	0.5	1.0
3003748inst1_gene_seq	GCF_001434355.1_ASM143435v1	0.833	1.0
3003748inst1_gene_seq	GCF_015690345.1_ASM1569034v1	0.5	0.996
3003748inst1_gene_seq	GCF_003967355.1_ASM396735v1	0.5	1.0
3003748inst1_gene_seq	GCF_027923225.1_ASM2792322v1	0.5	1.0
3003748inst1_gene_seq	GCF_039530285.1_ASM3953028v1	0.5	0.998
3003748inst1_gene_seq	GCF_018885305.1_ASM1888530v1	0.5	1.0
3003748inst1_gene_seq	GCF_030345095.1_ASM3034509v1	0.5	1.0
3003748inst1_gene_seq	GCF_014190775.1_ASM1419077v1	0.5	1.0
3003748inst1_gene_seq	GCF_900105925.1_IMG_taxon_2639762615_annotated_assembly	0.5	1.0
3003748inst1_gene_seq	GCF_042429965.1_ASM4242996v1	0.5	0.999
3003748inst1_gene_seq	GCF_039529635.1_ASM3952963v1	0.5	0.998
3003748inst1_gene_seq	GCF_900104725.1_IMG_taxon_2634166338_annotated_assembly	0.5	1.0
3003748inst1_gene_seq	GCF_024979235.1_ASM2497923v1	0.5	1.0
3003748inst1_gene_seq	GCF_027247405.1_ASM2724740v1	0.5	1.0
3003748inst1_gene_seq	GCF_016918855.1_ASM1691885v1	0.833	0.979
3003748inst1_gene_seq	GCF_003626895.1_ASM362689v1	0.5	0.993
3003748inst1_gene_seq	GCF_003634555.1_ASM363455v1	0.5	1.0
3003748inst1_gene_seq	GCF_013410755.1_ASM1341075v1	0.5	1.0
3003748inst1_gene_seq	GCF_003258605.2_ASM325860v2	0.833	0.982
3003748inst1_gene_seq	GCF_000974445.1_ASM97444v1	0.5	1.0
3003748inst1_gene_seq	GCF_038024885.1_ASM3802488v1	0.5	1.0
3003748inst1_gene_seq	GCF_004011865.1_ASM401186v1	0.5	1.0
3003748inst1_gene_seq	GCF_900105045.1_IMG_taxon_2634166182_annotated_assembly	0.5	0.998
3003748inst1_gene_seq	GCF_002096055.1_ASM209605v1	0.5	1.0
3003748inst1_gene_seq	GCF_003323745.1_ASM332374v1	0.5	1.0
3003748inst1_gene_seq	GCF_002057455.1_ASM205745v1	0.5	0.997
3003748inst1_gene_seq	GCF_001570365.1_ASM157036v1	0.5	1.0
3003748inst1_gene_seq	GCF_000718255.1_ASM71825v1	0.5	1.0
3003770inst1_gene_seq	GCF_008270765.1_ASM827076v1	1.0	1.0
3003770inst1_gene_seq	GCA_014223565.1_ASM1422356v1	1.0	1.0
3003770inst1_gene_seq	GCF_014223975.1_ASM1422397v1	0.6	1.0
3003801inst1_gene_seq	GCA_028608505.1_ASM2860850v1	0.917	1.0
3003801inst1_gene_seq	GCF_016745135.1_ASM1674513v1	0.917	1.0
3003838inst1_path_21	GCF_002290485.1_ASM229048v1	0.973	0.981
3003838inst1_path_21	e_coli_with_INT	0.919	1.0
3003838inst1_path_21	GCF_015290725.1_with_NZ_CP037425.1	0.622	0.964
3003838inst1_path_25	GCF_028622335.1_ASM2862233v1	0.833	0.993
3003838inst1_path_25	GCF_002290485.1_ASM229048v1	0.833	0.967
3003838inst1_path_25	e_coli_with_INT	0.833	0.993
3003838inst1_path_25	GCF_015290725.1_with_NZ_CP037425.1	1.0	1.0
3003838inst1_path_29_trimmed	GCF_028622335.1_ASM2862233v1	0.8	0.994
3003838inst1_path_29_trimmed	GCF_002290485.1_ASM229048v1	1.0	0.973
3003838inst1_path_29_trimmed	e_coli_with_INT	0.8	0.994
3003838inst1_path_29_trimmed	GCF_015290725.1_with_NZ_CP037425.1	1.0	0.999
3003841inst1_path_1_trimmed	GCF_009363135.1_ASM936313v1	0.769	0.987
3003841inst1_path_1_trimmed	kleb_with_INT	0.769	0.987
3003841inst1_path_1_trimmed	GCF_000164865.1_ASM16486v1	0.923	1.0
3003841inst1_path_1_trimmed	GCF_000803315.1_ASM80331v1	0.769	0.963
3003841inst1_path_1_trimmed	GCF_028622335.1_ASM2862233v1	1.0	1.0
3003841inst1_path_1_trimmed	GCF_020097395.1_ASM2009739v1	0.769	0.982
3003841inst1_path_1_trimmed	GCF_022647505.1_ASM2264750v1	0.769	0.999
3003841inst1_path_1_trimmed	GCF_030517175.1_ASM3051717v1	0.923	1.0
3003841inst1_path_1_trimmed	GCF_900446255.1_50592_F01	0.769	0.982
3003841inst1_path_1_trimmed	GCF_009728735.1_ASM972873v1	0.538	0.93
3003841inst1_path_1_trimmed	GCF_002290485.1_ASM229048v1	0.923	1.0
3003841inst1_path_1_trimmed	GCF_902164725.1_25426_7_251	0.846	0.998
3003841inst1_path_1_trimmed	GCF_001277255.1_ASM127725v1	0.923	1.0
3003841inst1_path_1_trimmed	GCF_019047465.1_ASM1904746v1	0.923	1.0
3003841inst1_path_1_trimmed	GCF_041004125.1_W180	0.923	1.0
3003841inst1_path_1_trimmed	GCF_016027855.1_ASM1602785v1	0.923	1.0
3003841inst1_path_1_trimmed	GCF_019933175.1_ASM1993317v1	0.769	0.982
3003841inst1_path_1_trimmed	GCF_019464615.1_ASM1946461v1	0.769	0.964
3003841inst1_path_1_trimmed	GCF_036289245.1_ASM3628924v1	0.769	0.983
3003841inst1_path_1_trimmed	e_coli_with_INT	1.0	0.997
3003841inst1_path_1_trimmed	GCF_001656035.1_ASM165603v1	0.769	0.964
3003841inst1_path_1_trimmed	GCF_041002795.1_CXW225	0.769	0.984
3003841inst1_path_1_trimmed	GCF_000321045.1_ASM32104v2	0.923	0.998
3003841inst1_path_1_trimmed	GCF_000241955.1_ASM24195v1	0.769	0.97
3003841inst1_path_1_trimmed	GCF_023195735.1_ASM2319573v1	0.923	0.999
3003841inst1_path_1_trimmed	GCF_900186025.1_BXF1	0.769	0.991
3003841inst1_path_1_trimmed	GCF_015290725.1_with_NZ_CP037425.1	0.923	1.0
3003843inst1_path_106	GCF_009363135.1_ASM936313v1	0.833	1.0
3003843inst1_path_106	kleb_with_INT	0.833	1.0
3003843inst1_path_106	GCF_000164865.1_ASM16486v1	0.833	1.0
3003843inst1_path_106	GCF_016026615.1_ASM1602661v1	0.5	0.999
3003843inst1_path_106	GCF_000803315.1_ASM80331v1	0.667	1.0
3003843inst1_path_106	GCF_028622335.1_ASM2862233v1	0.833	1.0
3003843inst1_path_106	GCF_004341595.1_ASM434159v1	0.5	0.997
3003843inst1_path_106	GCF_020097395.1_ASM2009739v1	0.833	1.0
3003843inst1_path_106	GCF_022647505.1_ASM2264750v1	0.667	0.992
3003843inst1_path_106	GCF_030517175.1_ASM3051717v1	0.833	1.0
3003843inst1_path_106	GCF_014334055.1_ASM1433405v1	0.5	1.0
3003843inst1_path_106	GCF_900446255.1_50592_F01	0.833	1.0
3003843inst1_path_106	GCF_000314895.2_ASM31489v2	0.833	0.987
3003843inst1_path_106	GCF_009728735.1_ASM972873v1	0.667	0.995
3003843inst1_path_106	GCF_002290485.1_ASM229048v1	0.833	1.0
3003843inst1_path_106	GCF_902164725.1_25426_7_251	0.833	1.0
3003843inst1_path_106	GCF_003666245.1_ASM366624v1	0.667	1.0
3003843inst1_path_106	GCF_001277255.1_ASM127725v1	0.833	1.0
3003843inst1_path_106	GCF_019047465.1_ASM1904746v1	0.833	1.0
3003843inst1_path_106	GCF_041004125.1_W180	0.833	1.0
3003843inst1_path_106	GCF_016027855.1_ASM1602785v1	0.833	1.0
3003843inst1_path_106	GCF_011617105.1_ASM1161710v1	0.833	0.987
3003843inst1_path_106	GCF_019933175.1_ASM1993317v1	0.833	0.987
3003843inst1_path_106	GCF_019464615.1_ASM1946461v1	0.667	1.0
3003843inst1_path_106	GCF_004365405.1_ASM436540v1	0.5	0.995
3003843inst1_path_106	GCF_036289245.1_ASM3628924v1	0.833	1.0
3003843inst1_path_106	e_coli_with_INT	0.833	1.0
3003843inst1_path_106	GCF_001656035.1_ASM165603v1	0.833	0.989
3003843inst1_path_106	GCF_041002795.1_CXW225	0.833	1.0
3003843inst1_path_106	GCF_000321045.1_ASM32104v2	0.833	1.0
3003843inst1_path_106	GCF_011808225.1_ASM1180822v1	0.833	1.0
3003843inst1_path_106	GCF_000241955.1_ASM24195v1	0.833	0.987
3003843inst1_path_106	GCF_023195735.1_ASM2319573v1	0.833	1.0
3003843inst1_path_106	GCF_018919205.1_ASM1891920v1	0.5	1.0
3003843inst1_path_106	GCF_000262245.1_ASM26224v1	0.5	1.0
3003843inst1_path_106	GCF_024380015.1_ASM2438001v1	0.667	0.994
3003843inst1_path_106	GCF_006094455.1_ASM609445v1	0.833	0.988
3003843inst1_path_106	GCA_050154015.1_ASM5015401v1	0.667	0.994
3003843inst1_path_106	GCF_900086585.1_PRJEB13931	0.5	0.993
3003843inst1_path_106	GCF_039539325.1_ASM3953932v1	0.5	1.0
3003843inst1_path_106	GCF_900186025.1_BXF1	0.833	0.988
3003843inst1_path_106	GCF_015290725.1_with_NZ_CP037425.1	0.833	1.0
3003843inst1_path_106	GCF_002607735.1_ASM260773v1	0.5	1.0
3003843inst1_path_130	GCF_009363135.1_ASM936313v1	0.833	1.0
3003843inst1_path_130	kleb_with_INT	0.833	1.0
3003843inst1_path_130	GCF_000164865.1_ASM16486v1	0.833	1.0
3003843inst1_path_130	GCF_016026615.1_ASM1602661v1	0.5	0.999
3003843inst1_path_130	GCF_000803315.1_ASM80331v1	0.667	1.0
3003843inst1_path_130	GCF_028622335.1_ASM2862233v1	0.833	1.0
3003843inst1_path_130	GCF_004341595.1_ASM434159v1	0.5	0.997
3003843inst1_path_130	GCF_020097395.1_ASM2009739v1	0.833	1.0
3003843inst1_path_130	GCF_022647505.1_ASM2264750v1	0.667	0.992
3003843inst1_path_130	GCF_030517175.1_ASM3051717v1	0.833	1.0
3003843inst1_path_130	GCF_014334055.1_ASM1433405v1	0.5	1.0
3003843inst1_path_130	GCF_900446255.1_50592_F01	0.833	1.0
3003843inst1_path_130	GCF_000314895.2_ASM31489v2	0.833	0.987
3003843inst1_path_130	GCF_009728735.1_ASM972873v1	0.667	0.995
3003843inst1_path_130	GCF_002290485.1_ASM229048v1	0.833	1.0
3003843inst1_path_130	GCF_902164725.1_25426_7_251	0.833	1.0
3003843inst1_path_130	GCF_003666245.1_ASM366624v1	0.667	1.0
3003843inst1_path_130	GCF_001277255.1_ASM127725v1	0.833	1.0
3003843inst1_path_130	GCF_019047465.1_ASM1904746v1	0.833	1.0
3003843inst1_path_130	GCF_041004125.1_W180	0.833	1.0
3003843inst1_path_130	GCF_016027855.1_ASM1602785v1	0.833	1.0
3003843inst1_path_130	GCF_011617105.1_ASM1161710v1	0.833	0.987
3003843inst1_path_130	GCF_019933175.1_ASM1993317v1	0.833	0.987
3003843inst1_path_130	GCF_019464615.1_ASM1946461v1	0.667	1.0
3003843inst1_path_130	GCF_004365405.1_ASM436540v1	0.5	0.995
3003843inst1_path_130	GCF_036289245.1_ASM3628924v1	0.833	1.0
3003843inst1_path_130	e_coli_with_INT	0.833	1.0
3003843inst1_path_130	GCF_001656035.1_ASM165603v1	0.833	0.989
3003843inst1_path_130	GCF_041002795.1_CXW225	0.833	1.0
3003843inst1_path_130	GCF_000321045.1_ASM32104v2	0.833	1.0
3003843inst1_path_130	GCF_011808225.1_ASM1180822v1	0.833	1.0
3003843inst1_path_130	GCF_000241955.1_ASM24195v1	0.833	0.987
3003843inst1_path_130	GCF_023195735.1_ASM2319573v1	0.833	1.0
3003843inst1_path_130	GCF_018919205.1_ASM1891920v1	0.5	1.0
3003843inst1_path_130	GCF_000262245.1_ASM26224v1	0.5	1.0
3003843inst1_path_130	GCF_024380015.1_ASM2438001v1	0.667	0.994
3003843inst1_path_130	GCF_006094455.1_ASM609445v1	0.833	0.988
3003843inst1_path_130	GCA_050154015.1_ASM5015401v1	0.667	0.994
3003843inst1_path_130	GCF_900086585.1_PRJEB13931	0.5	0.993
3003843inst1_path_130	GCF_039539325.1_ASM3953932v1	0.5	1.0
3003843inst1_path_130	GCF_900186025.1_BXF1	0.833	0.988
3003843inst1_path_130	GCF_015290725.1_with_NZ_CP037425.1	0.833	1.0
3003843inst1_path_130	GCF_002607735.1_ASM260773v1	0.5	1.0
3003843inst1_path_1_trimmed	GCF_009363135.1_ASM936313v1	0.667	1.0
3003843inst1_path_1_trimmed	kleb_with_INT	0.667	1.0
3003843inst1_path_1_trimmed	GCF_000164865.1_ASM16486v1	0.667	1.0
3003843inst1_path_1_trimmed	GCF_000803315.1_ASM80331v1	0.556	0.997
3003843inst1_path_1_trimmed	GCF_028622335.1_ASM2862233v1	0.667	1.0
3003843inst1_path_1_trimmed	GCF_020097395.1_ASM2009739v1	0.667	1.0
3003843inst1_path_1_trimmed	GCF_022647505.1_ASM2264750v1	0.556	0.992
3003843inst1_path_1_trimmed	GCF_030517175.1_ASM3051717v1	0.667	1.0
3003843inst1_path_1_trimmed	GCF_900446255.1_50592_F01	0.667	1.0
3003843inst1_path_1_trimmed	GCF_000314895.2_ASM31489v2	0.667	0.988
3003843inst1_path_1_trimmed	GCF_009728735.1_ASM972873v1	0.556	0.995
3003843inst1_path_1_trimmed	GCF_002290485.1_ASM229048v1	0.667	1.0
3003843inst1_path_1_trimmed	GCF_902164725.1_25426_7_251	0.667	1.0
3003843inst1_path_1_trimmed	GCF_003666245.1_ASM366624v1	0.556	0.996
3003843inst1_path_1_trimmed	GCF_001277255.1_ASM127725v1	0.667	1.0
3003843inst1_path_1_trimmed	GCF_018777395.1_ASM1877739v1	0.556	1.0
3003843inst1_path_1_trimmed	GCF_019047465.1_ASM1904746v1	0.667	1.0
3003843inst1_path_1_trimmed	GCF_041004125.1_W180	0.667	1.0
3003843inst1_path_1_trimmed	GCF_016027855.1_ASM1602785v1	0.667	1.0
3003843inst1_path_1_trimmed	GCF_011617105.1_ASM1161710v1	0.667	0.992
3003843inst1_path_1_trimmed	GCF_019933175.1_ASM1993317v1	0.667	0.991
3003843inst1_path_1_trimmed	GCF_019464615.1_ASM1946461v1	0.556	0.996
3003843inst1_path_1_trimmed	GCF_036289245.1_ASM3628924v1	0.667	1.0
3003843inst1_path_1_trimmed	e_coli_with_INT	0.667	1.0
3003843inst1_path_1_trimmed	GCF_001656035.1_ASM165603v1	0.667	0.993
3003843inst1_path_1_trimmed	GCF_041002795.1_CXW225	0.667	1.0
3003843inst1_path_1_trimmed	GCF_000321045.1_ASM32104v2	0.667	1.0
3003843inst1_path_1_trimmed	GCF_011808225.1_ASM1180822v1	0.667	1.0
3003843inst1_path_1_trimmed	GCF_000241955.1_ASM24195v1	0.667	0.988
3003843inst1_path_1_trimmed	GCF_023195735.1_ASM2319573v1	0.667	1.0
3003843inst1_path_1_trimmed	GCF_006094455.1_ASM609445v1	0.667	0.989
3003843inst1_path_1_trimmed	GCF_900186025.1_BXF1	0.667	0.992
3003843inst1_path_1_trimmed	GCF_015290725.1_with_NZ_CP037425.1	0.667	1.0
3003923inst1_gene_seq	GCA_028608505.1_ASM2860850v1	1.0	1.0
3003923inst1_gene_seq	GCF_016745135.1_ASM1674513v1	1.0	1.0
3003950inst1_path_102	GCF_009363135.1_ASM936313v1	1.0	1.0
3003950inst1_path_102	kleb_with_INT	1.0	1.0
3003950inst1_path_102	GCF_000164865.1_ASM16486v1	1.0	1.0
3003950inst1_path_102	GCF_000803315.1_ASM80331v1	0.571	0.964
3003950inst1_path_102	GCF_028622335.1_ASM2862233v1	1.0	1.0
3003950inst1_path_102	GCF_020097395.1_ASM2009739v1	1.0	1.0
3003950inst1_path_102	GCF_022647505.1_ASM2264750v1	1.0	1.0
3003950inst1_path_102	GCF_030517175.1_ASM3051717v1	1.0	0.999
3003950inst1_path_102	GCF_900446255.1_50592_F01	1.0	0.999
3003950inst1_path_102	GCF_000314895.2_ASM31489v2	0.857	0.998
3003950inst1_path_102	GCF_009728735.1_ASM972873v1	1.0	1.0
3003950inst1_path_102	GCF_002290485.1_ASM229048v1	1.0	0.999
3003950inst1_path_102	GCF_902164725.1_25426_7_251	1.0	1.0
3003950inst1_path_102	GCF_003666245.1_ASM366624v1	0.5	0.992
3003950inst1_path_102	GCF_001277255.1_ASM127725v1	1.0	0.998
3003950inst1_path_102	GCF_018777395.1_ASM1877739v1	0.571	0.995
3003950inst1_path_102	GCF_019047465.1_ASM1904746v1	1.0	1.0
3003950inst1_path_102	GCF_041004125.1_W180	1.0	1.0
3003950inst1_path_102	GCF_016027855.1_ASM1602785v1	1.0	1.0
3003950inst1_path_102	GCF_011617105.1_ASM1161710v1	1.0	0.96
3003950inst1_path_102	GCF_019933175.1_ASM1993317v1	0.929	0.985
3003950inst1_path_102	GCF_019464615.1_ASM1946461v1	0.571	0.969
3003950inst1_path_102	GCF_036289245.1_ASM3628924v1	1.0	1.0
3003950inst1_path_102	e_coli_with_INT	1.0	0.999
3003950inst1_path_102	GCF_001656035.1_ASM165603v1	0.929	0.998
3003950inst1_path_102	GCF_041002795.1_CXW225	1.0	1.0
3003950inst1_path_102	GCF_000321045.1_ASM32104v2	1.0	0.999
3003950inst1_path_102	GCF_011808225.1_ASM1180822v1	1.0	1.0
3003950inst1_path_102	GCF_000241955.1_ASM24195v1	1.0	0.998
3003950inst1_path_102	GCF_023195735.1_ASM2319573v1	0.929	1.0
3003950inst1_path_102	GCF_024380015.1_ASM2438001v1	0.5	0.982
3003950inst1_path_102	GCF_006094455.1_ASM609445v1	0.857	0.997
3003950inst1_path_102	GCF_900186025.1_BXF1	1.0	0.993
3003950inst1_path_102	GCF_015290725.1_with_NZ_CP037425.1	1.0	0.999
3003950inst1_path_102	GCF_002607735.1_ASM260773v1	0.857	0.998
3003950inst1_path_29	GCF_009363135.1_ASM936313v1	0.933	0.999
3003950inst1_path_29	kleb_with_INT	0.933	0.999
3003950inst1_path_29	GCF_000164865.1_ASM16486v1	0.933	0.999
3003950inst1_path_29	GCF_000803315.1_ASM80331v1	0.533	0.964
3003950inst1_path_29	GCF_028622335.1_ASM2862233v1	0.933	0.999
3003950inst1_path_29	GCF_020097395.1_ASM2009739v1	0.933	0.999
3003950inst1_path_29	GCF_022647505.1_ASM2264750v1	0.933	0.999
3003950inst1_path_29	GCF_030517175.1_ASM3051717v1	1.0	1.0
3003950inst1_path_29	GCF_900446255.1_50592_F01	1.0	1.0
3003950inst1_path_29	GCF_000314895.2_ASM31489v2	0.8	0.998
3003950inst1_path_29	GCF_009728735.1_ASM972873v1	0.933	0.999
3003950inst1_path_29	GCF_002290485.1_ASM229048v1	1.0	1.0
3003950inst1_path_29	GCF_902164725.1_25426_7_251	0.933	0.999
3003950inst1_path_29	GCF_001277255.1_ASM127725v1	1.0	0.998
3003950inst1_path_29	GCF_018777395.1_ASM1877739v1	0.533	0.995
3003950inst1_path_29	GCF_019047465.1_ASM1904746v1	0.933	0.999
3003950inst1_path_29	GCF_041004125.1_W180	0.933	0.999
3003950inst1_path_29	GCF_016027855.1_ASM1602785v1	0.933	0.999
3003950inst1_path_29	GCF_011617105.1_ASM1161710v1	0.933	0.953
3003950inst1_path_29	GCF_019933175.1_ASM1993317v1	0.867	0.982
3003950inst1_path_29	GCF_019464615.1_ASM1946461v1	0.533	0.969
3003950inst1_path_29	GCF_036289245.1_ASM3628924v1	0.933	0.999
3003950inst1_path_29	e_coli_with_INT	1.0	1.0
3003950inst1_path_29	GCF_001656035.1_ASM165603v1	0.867	0.995
3003950inst1_path_29	GCF_041002795.1_CXW225	0.933	0.999
3003950inst1_path_29	GCF_000321045.1_ASM32104v2	1.0	0.999
3003950inst1_path_29	GCF_011808225.1_ASM1180822v1	0.933	0.999
3003950inst1_path_29	GCF_000241955.1_ASM24195v1	0.933	0.995
3003950inst1_path_29	GCF_023195735.1_ASM2319573v1	0.867	0.999
3003950inst1_path_29	GCF_006094455.1_ASM609445v1	0.8	0.997
3003950inst1_path_29	GCF_900186025.1_BXF1	0.933	0.989
3003950inst1_path_29	GCF_015290725.1_with_NZ_CP037425.1	1.0	1.0
3003950inst1_path_29	GCF_002607735.1_ASM260773v1	0.8	0.998
3003952inst1_path_12	kleb_with_INT	0.538	0.982
3003952inst1_path_12	GCF_000164865.1_ASM16486v1	0.538	0.992
3003952inst1_path_12	GCF_028622335.1_ASM2862233v1	0.692	0.999
3003952inst1_path_12	GCF_020097395.1_ASM2009739v1	0.538	0.982
3003952inst1_path_12	GCF_030517175.1_ASM3051717v1	0.692	0.988
3003952inst1_path_12	GCF_002290485.1_ASM229048v1	0.769	1.0
3003952inst1_path_12	GCF_019047465.1_ASM1904746v1	0.538	0.982
3003952inst1_path_12	GCF_041004125.1_W180	0.538	0.982
3003952inst1_path_12	GCF_036289245.1_ASM3628924v1	0.692	0.988
3003952inst1_path_12	e_coli_with_INT	0.769	0.999
3003952inst1_path_12	GCF_041002795.1_CXW225	0.538	0.982
3003952inst1_path_12	GCF_023195735.1_ASM2319573v1	0.538	0.982
3003952inst1_path_12	GCF_015290725.1_with_NZ_CP037425.1	0.769	1.0
3003952inst1_path_77	GCF_009363135.1_ASM936313v1	0.6	0.968
3003952inst1_path_77	kleb_with_INT	0.7	0.982
3003952inst1_path_77	GCF_000164865.1_ASM16486v1	0.7	0.992
3003952inst1_path_77	GCF_028622335.1_ASM2862233v1	0.9	0.999
3003952inst1_path_77	GCF_020097395.1_ASM2009739v1	0.7	0.982
3003952inst1_path_77	GCF_030517175.1_ASM3051717v1	0.8	0.987
3003952inst1_path_77	GCF_002290485.1_ASM229048v1	0.9	1.0
3003952inst1_path_77	GCF_902164725.1_25426_7_251	0.5	1.0
3003952inst1_path_77	GCF_001277255.1_ASM127725v1	0.5	1.0
3003952inst1_path_77	GCF_019047465.1_ASM1904746v1	0.7	0.982
3003952inst1_path_77	GCF_041004125.1_W180	0.7	0.982
3003952inst1_path_77	GCF_016027855.1_ASM1602785v1	0.5	1.0
3003952inst1_path_77	GCF_036289245.1_ASM3628924v1	0.9	0.988
3003952inst1_path_77	e_coli_with_INT	0.9	0.999
3003952inst1_path_77	GCF_041002795.1_CXW225	0.7	0.982
3003952inst1_path_77	GCF_000321045.1_ASM32104v2	0.6	0.969
3003952inst1_path_77	GCF_011808225.1_ASM1180822v1	0.5	1.0
3003952inst1_path_77	GCF_023195735.1_ASM2319573v1	0.7	0.982
3003952inst1_path_77	GCF_015290725.1_with_NZ_CP037425.1	0.9	1.0
3003955inst1_path_3	GCF_016919645.1_ASM1691964v1	0.785	1.0
3003961inst1_path_25_trimmed	GCF_022870845.1_ASM2287084v1	1.0	1.0
3003969inst1_path_141	GCF_019856435.1_ASM1985643v1	0.82	1.0
3003982inst1_gene_seq	GCF_018408575.1_ASM1840857v1	1.0	1.0
3004038inst1_path_3	GCA_028608505.1_ASM2860850v1	1.0	1.0
3004038inst1_path_3	GCF_033842905.1_ASM3384290v1	0.5	0.992
3004038inst1_path_3	GCF_016745135.1_ASM1674513v1	1.0	1.0
3004039inst1_gene_seq	e_coli_with_INT	0.909	1.0
3004041inst1_path_101	GCF_000420525.1_ASM42052v1	1.0	1.0
3004041inst1_path_101	GCF_001598055.1_ASM159805v1	1.0	0.995
3004041inst1_path_101	GCF_008274805.1_ASM827480v1	1.0	1.0
3004041inst1_path_101	GCF_003182375.1_ASM318237v1	1.0	1.0
3004041inst1_path_101	GCF_030317205.1_ASM3031720v1	1.0	1.0
3004041inst1_path_101	GCF_009363135.1_ASM936313v1	1.0	1.0
3004041inst1_path_101	GCF_042646135.1_ASM4264613v1	1.0	1.0
3004041inst1_path_101	kleb_with_INT	1.0	1.0
3004041inst1_path_101	GCF_002222655.1_ASM222265v1	1.0	0.999
3004041inst1_path_101	GCF_003051865.1_ASM305186v1	1.0	0.999
3004041inst1_path_101	GCF_000016285.1_ASM1628v1	1.0	1.0
3004041inst1_path_101	GCF_000164865.1_ASM16486v1	1.0	1.0
3004041inst1_path_101	GCF_020510565.1_ASM2051056v1	1.0	1.0
3004041inst1_path_101	GCF_900637305.1_50618_F02	1.0	1.0
3004041inst1_path_101	GCF_003570885.1_ASM357088v1	1.0	1.0
3004041inst1_path_101	GCF_000369945.1_Bruc_abor_544_V1	1.0	1.0
3004041inst1_path_101	GCF_053470345.1_ASM5347034v1	1.0	0.999
3004041inst1_path_101	GCF_009746125.1_ASM974612v1	1.0	0.999
3004041inst1_path_101	GCF_014109725.1_ASM1410972v1	1.0	1.0
3004041inst1_path_101	GCF_018905915.1_ASM1890591v1	1.0	1.0
3004041inst1_path_101	GCF_033842905.1_ASM3384290v1	1.0	1.0
3004041inst1_path_101	GCF_016026615.1_ASM1602661v1	1.0	1.0
3004041inst1_path_101	GCF_022870845.1_ASM2287084v1	1.0	1.0
3004041inst1_path_101	GCF_000803315.1_ASM80331v1	1.0	1.0
3004041inst1_path_101	GCF_028622335.1_ASM2862233v1	1.0	0.999
3004041inst1_path_101	GCF_002885975.1_ASM288597v1	1.0	1.0
3004041inst1_path_101	GCF_024158925.1_ASM2415892v1	1.0	0.996
3004041inst1_path_101	GCF_000519045.1_ASM51904v1	1.0	1.0
3004041inst1_path_101	GCF_004524855.1_ASM452485v1	1.0	0.998
3004041inst1_path_101	GCF_020097395.1_ASM2009739v1	1.0	0.999
3004041inst1_path_101	GCF_000204645.1_ASM20464v1	1.0	1.0
3004041inst1_path_101	GCF_900187105.1_50618_F01	1.0	1.0
3004041inst1_path_101	GCF_002872475.1_ASM287247v1	1.0	1.0
3004041inst1_path_101	GCF_021390325.1_ASM2139032v1	1.0	1.0
3004041inst1_path_101	GCF_022647505.1_ASM2264750v1	1.0	1.0
3004041inst1_path_101	GCF_900105005.1_IMG_taxon_2667527220_annotated_assembly	1.0	1.0
3004041inst1_path_101	GCF_030517175.1_ASM3051717v1	1.0	0.999
3004041inst1_path_101	GCF_013387465.1_ASM1338746v1	1.0	1.0
3004041inst1_path_101	GCF_900446255.1_50592_F01	1.0	1.0
3004041inst1_path_101	GCF_025532145.1_ASM2553214v1	1.0	1.0
3004041inst1_path_101	GCF_008929045.1_ASM892904v1	1.0	1.0
3004041inst1_path_101	GCF_014652475.1_ASM1465247v1	1.0	1.0
3004041inst1_path_101	GCF_000174355.1_ASM17435v1	1.0	0.999
3004041inst1_path_101	GCF_900230245.1_IMG_taxon_2711768653_annotated_assembly	1.0	0.998
3004041inst1_path_101	GCF_025263685.1_ASM2526368v1	1.0	1.0
3004041inst1_path_101	GCF_000696225.1_ASM69622v1	1.0	1.0
3004041inst1_path_101	GCF_000314895.2_ASM31489v2	1.0	1.0
3004041inst1_path_101	GCF_052978125.1_ASM5297812v1	1.0	1.0
3004041inst1_path_101	GCF_000018665.1_ASM1866v1	1.0	1.0
3004041inst1_path_101	GCF_037478035.1_ASM3747803v1	1.0	0.998
3004041inst1_path_101	GCF_031834615.1_ASM3183461v1	1.0	1.0
3004041inst1_path_101	GCF_000423285.1_ASM42328v1	1.0	0.999
3004041inst1_path_101	GCF_003013695.1_ASM301369v1	1.0	1.0
3004041inst1_path_101	GCF_009728735.1_ASM972873v1	1.0	1.0
3004041inst1_path_101	GCF_004011805.1_ASM401180v1	1.0	1.0
3004041inst1_path_101	GCF_000423225.1_ASM42322v1	1.0	1.0
3004041inst1_path_101	GCF_013003985.1_ASM1300398v1	1.0	1.0
3004041inst1_path_101	GCF_002290485.1_ASM229048v1	1.0	0.999
3004041inst1_path_101	GCF_964020785.1_ASM3NB6S	1.0	1.0
3004041inst1_path_101	GCF_039545115.1_ASM3954511v1	1.0	1.0
3004041inst1_path_101	GCF_034047095.1_ASM3404709v1	1.0	0.998
3004041inst1_path_101	GCF_902164725.1_25426_7_251	1.0	1.0
3004041inst1_path_101	GCF_003666245.1_ASM366624v1	1.0	1.0
3004041inst1_path_101	GCF_001277255.1_ASM127725v1	1.0	1.0
3004041inst1_path_101	GCF_014202905.1_ASM1420290v1	1.0	0.995
3004041inst1_path_101	GCF_019047465.1_ASM1904746v1	1.0	0.999
3004041inst1_path_101	GCF_041004125.1_W180	1.0	0.999
3004041inst1_path_101	GCF_003217575.1_ASM321757v1	1.0	1.0
3004041inst1_path_101	GCF_016027855.1_ASM1602785v1	1.0	0.999
3004041inst1_path_101	GCF_005871185.1_ASM587118v1	1.0	1.0
3004041inst1_path_101	GCF_000009365.1_ASM936v1	1.0	1.0
3004041inst1_path_101	GCF_003201595.1_ASM320159v1	1.0	1.0
3004041inst1_path_101	GCF_036621135.1_ASM3662113v1	1.0	1.0
3004041inst1_path_101	GCF_011617105.1_ASM1161710v1	1.0	0.998
3004041inst1_path_101	GCF_011764585.1_ASM1176458v1	1.0	1.0
3004041inst1_path_101	GCF_019933175.1_ASM1993317v1	1.0	1.0
3004041inst1_path_101	GCF_019464615.1_ASM1946461v1	1.0	1.0
3004041inst1_path_101	GCF_000374625.1_ASM37462v1	1.0	0.999
3004041inst1_path_101	GCF_036289245.1_ASM3628924v1	1.0	0.999
3004041inst1_path_101	e_coli_with_INT	1.0	0.999
3004041inst1_path_101	GCF_900116825.1_IMG_taxon_2634166357_annotated_assembly	1.0	1.0
3004041inst1_path_101	GCF_001656035.1_ASM165603v1	1.0	1.0
3004041inst1_path_101	GCF_007431345.1_ASM743134v1	1.0	1.0
3004041inst1_path_101	GCF_016937655.1_ASM1693765v1	1.0	1.0
3004041inst1_path_101	GCF_030419005.1_ASM3041900v1	1.0	0.999
3004041inst1_path_101	GCF_041002795.1_CXW225	1.0	1.0
3004041inst1_path_101	GCF_016894345.1_ASM1689434v1	1.0	0.998
3004041inst1_path_101	GCF_000321045.1_ASM32104v2	1.0	1.0
3004041inst1_path_101	GCF_026241335.1_ASM2624133v1	1.0	1.0
3004041inst1_path_101	GCF_902813185.1_Denitratisoma_oestradiolicum_DSM16959	1.0	1.0
3004041inst1_path_101	GCF_008806995.1_ASM880699v1	1.0	0.999
3004041inst1_path_101	GCF_011808225.1_ASM1180822v1	1.0	1.0
3004041inst1_path_101	GCF_000241955.1_ASM24195v1	1.0	1.0
3004041inst1_path_101	GCF_039630945.1_ASM3963094v1	1.0	1.0
3004041inst1_path_101	GCF_026013905.1_ASM2601390v1	1.0	0.999
3004041inst1_path_101	GCF_030177895.1_ASM3017789v1	1.0	1.0
3004041inst1_path_101	GCF_023195735.1_ASM2319573v1	1.0	1.0
3004041inst1_path_101	GCF_000633935.1_ASM63393v1	1.0	1.0
3004041inst1_path_101	GCF_017315725.1_ASM1731572v1	1.0	0.998
3004041inst1_path_101	GCF_025421555.1_ASM2542155v1	1.0	1.0
3004041inst1_path_101	GCF_012927085.1_ASM1292708v1	1.0	1.0
3004041inst1_path_101	GCF_042232855.1_ASM4223285v1	1.0	1.0
3004041inst1_path_101	GCF_018069845.1_ASM1806984v1	1.0	1.0
3004041inst1_path_101	GCF_042656905.1_ASM4265690v1	1.0	1.0
3004041inst1_path_101	GCF_001651805.1_ASM165180v1	1.0	1.0
3004041inst1_path_101	GCF_003206615.1_ASM320661v1	1.0	1.0
3004041inst1_path_101	GCF_006094455.1_ASM609445v1	1.0	1.0
3004041inst1_path_101	GCF_001597285.1_ASM159728v1	1.0	1.0
3004041inst1_path_101	GCF_002924445.1_ASM292444v1	1.0	1.0
3004041inst1_path_101	GCF_000019785.1_ASM1978v1	1.0	1.0
3004041inst1_path_101	GCF_900186025.1_BXF1	1.0	1.0
3004041inst1_path_101	GCF_001955735.1_ASM195573v1	1.0	1.0
3004041inst1_path_101	GCF_042643355.1_ASM4264335v1	1.0	1.0
3004041inst1_path_101	GCF_015290725.1_with_NZ_CP037425.1	1.0	0.999
3004041inst1_path_101	GCF_002607735.1_ASM260773v1	1.0	1.0
3004041inst1_path_101	GCF_027158565.1_ASM2715856v1	1.0	1.0
3004041inst1_path_101	GCF_002288875.1_ASM228887v1	1.0	0.999
3004041inst1_path_101	GCF_000022305.1_ASM2230v1	1.0	1.0
3004041inst1_path_101	GCF_048146105.1_ASM4814610v1	1.0	1.0
3004041inst1_path_101	GCF_017161445.1_ASM1716144v1	1.0	1.0
3004041inst1_path_101	GCF_002213425.1_ASM221342v1	1.0	0.996
3004041inst1_path_8	GCF_009363135.1_ASM936313v1	0.717	0.995
3004041inst1_path_8	kleb_with_INT	0.983	1.0
3004041inst1_path_8	GCF_000164865.1_ASM16486v1	0.8	0.993
3004041inst1_path_8	GCF_000803315.1_ASM80331v1	0.517	0.969
3004041inst1_path_8	GCF_028622335.1_ASM2862233v1	0.617	0.974
3004041inst1_path_8	GCF_020097395.1_ASM2009739v1	0.683	0.989
3004041inst1_path_8	GCF_022647505.1_ASM2264750v1	0.567	0.978
3004041inst1_path_8	GCF_030517175.1_ASM3051717v1	0.667	0.972
3004041inst1_path_8	GCF_900446255.1_50592_F01	0.667	0.998
3004041inst1_path_8	GCF_009728735.1_ASM972873v1	0.583	0.963
3004041inst1_path_8	GCF_002290485.1_ASM229048v1	0.633	0.971
3004041inst1_path_8	GCF_902164725.1_25426_7_251	0.617	0.993
3004041inst1_path_8	GCF_001277255.1_ASM127725v1	0.65	0.991
3004041inst1_path_8	GCF_041004125.1_W180	0.75	0.991
3004041inst1_path_8	GCF_019464615.1_ASM1946461v1	0.517	0.964
3004041inst1_path_8	GCF_036289245.1_ASM3628924v1	0.7	0.982
3004041inst1_path_8	e_coli_with_INT	0.617	0.974
3004041inst1_path_8	GCF_001656035.1_ASM165603v1	0.55	0.958
3004041inst1_path_8	GCF_041002795.1_CXW225	0.883	1.0
3004041inst1_path_8	GCF_000241955.1_ASM24195v1	0.6	0.983
3004041inst1_path_8	GCF_023195735.1_ASM2319573v1	0.933	0.998
3004041inst1_path_8	GCF_900186025.1_BXF1	0.583	0.987
3004041inst1_path_8	GCF_015290725.1_with_NZ_CP037425.1	0.617	0.973
3004043inst1_path_102	GCF_000420525.1_ASM42052v1	0.75	1.0
3004043inst1_path_102	GCF_001598055.1_ASM159805v1	0.75	0.995
3004043inst1_path_102	GCF_008274805.1_ASM827480v1	0.75	1.0
3004043inst1_path_102	GCF_003182375.1_ASM318237v1	0.75	1.0
3004043inst1_path_102	GCF_030317205.1_ASM3031720v1	0.75	1.0
3004043inst1_path_102	GCF_009363135.1_ASM936313v1	0.75	1.0
3004043inst1_path_102	GCF_042646135.1_ASM4264613v1	0.75	1.0
3004043inst1_path_102	kleb_with_INT	0.75	1.0
3004043inst1_path_102	GCF_002222655.1_ASM222265v1	0.75	0.999
3004043inst1_path_102	GCF_003051865.1_ASM305186v1	0.75	0.999
3004043inst1_path_102	GCF_000016285.1_ASM1628v1	0.75	1.0
3004043inst1_path_102	GCF_000164865.1_ASM16486v1	0.75	1.0
3004043inst1_path_102	GCF_020510565.1_ASM2051056v1	0.75	1.0
3004043inst1_path_102	GCF_900637305.1_50618_F02	0.75	1.0
3004043inst1_path_102	GCF_003570885.1_ASM357088v1	0.75	1.0
3004043inst1_path_102	GCF_000369945.1_Bruc_abor_544_V1	0.75	1.0
3004043inst1_path_102	GCF_053470345.1_ASM5347034v1	0.75	0.999
3004043inst1_path_102	GCF_009746125.1_ASM974612v1	0.75	0.999
3004043inst1_path_102	GCF_014109725.1_ASM1410972v1	0.75	1.0
3004043inst1_path_102	GCF_018905915.1_ASM1890591v1	0.75	1.0
3004043inst1_path_102	GCF_033842905.1_ASM3384290v1	0.75	1.0
3004043inst1_path_102	GCF_016026615.1_ASM1602661v1	0.75	1.0
3004043inst1_path_102	GCF_022870845.1_ASM2287084v1	0.75	1.0
3004043inst1_path_102	GCF_000803315.1_ASM80331v1	0.75	1.0
3004043inst1_path_102	GCF_028622335.1_ASM2862233v1	0.75	0.999
3004043inst1_path_102	GCF_002885975.1_ASM288597v1	0.75	1.0
3004043inst1_path_102	GCF_024158925.1_ASM2415892v1	0.75	0.996
3004043inst1_path_102	GCF_000519045.1_ASM51904v1	0.75	1.0
3004043inst1_path_102	GCF_004524855.1_ASM452485v1	0.75	0.998
3004043inst1_path_102	GCF_020097395.1_ASM2009739v1	0.75	0.999
3004043inst1_path_102	GCF_000204645.1_ASM20464v1	0.75	1.0
3004043inst1_path_102	GCF_900187105.1_50618_F01	0.75	1.0
3004043inst1_path_102	GCF_002872475.1_ASM287247v1	0.75	1.0
3004043inst1_path_102	GCF_021390325.1_ASM2139032v1	0.75	1.0
3004043inst1_path_102	GCF_022647505.1_ASM2264750v1	0.75	1.0
3004043inst1_path_102	GCF_011045195.1_ASM1104519v1	0.75	1.0
3004043inst1_path_102	GCF_900105005.1_IMG_taxon_2667527220_annotated_assembly	0.75	1.0
3004043inst1_path_102	GCF_030517175.1_ASM3051717v1	0.75	0.999
3004043inst1_path_102	GCF_013387465.1_ASM1338746v1	0.75	1.0
3004043inst1_path_102	GCF_900446255.1_50592_F01	0.75	1.0
3004043inst1_path_102	GCF_025532145.1_ASM2553214v1	0.75	1.0
3004043inst1_path_102	GCF_008929045.1_ASM892904v1	0.75	1.0
3004043inst1_path_102	GCF_014652475.1_ASM1465247v1	0.75	1.0
3004043inst1_path_102	GCF_000174355.1_ASM17435v1	0.75	0.999
3004043inst1_path_102	GCF_900230245.1_IMG_taxon_2711768653_annotated_assembly	0.75	0.998
3004043inst1_path_102	GCF_025263685.1_ASM2526368v1	0.75	1.0
3004043inst1_path_102	GCF_000696225.1_ASM69622v1	0.75	1.0
3004043inst1_path_102	GCF_000314895.2_ASM31489v2	0.75	1.0
3004043inst1_path_102	GCF_052978125.1_ASM5297812v1	0.75	1.0
3004043inst1_path_102	GCF_000018665.1_ASM1866v1	0.75	1.0
3004043inst1_path_102	GCF_037478035.1_ASM3747803v1	0.75	0.998
3004043inst1_path_102	GCF_031834615.1_ASM3183461v1	0.75	1.0
3004043inst1_path_102	GCF_000423285.1_ASM42328v1	0.75	0.999
3004043inst1_path_102	GCF_003013695.1_ASM301369v1	0.75	1.0
3004043inst1_path_102	GCF_009728735.1_ASM972873v1	0.75	1.0
3004043inst1_path_102	GCF_004011805.1_ASM401180v1	0.75	1.0
3004043inst1_path_102	GCF_000423225.1_ASM42322v1	0.75	1.0
3004043inst1_path_102	GCF_013003985.1_ASM1300398v1	0.75	1.0
3004043inst1_path_102	GCF_002290485.1_ASM229048v1	0.75	0.999
3004043inst1_path_102	GCF_964020785.1_ASM3NB6S	0.75	1.0
3004043inst1_path_102	GCF_039545115.1_ASM3954511v1	0.75	1.0
3004043inst1_path_102	GCF_034047095.1_ASM3404709v1	0.75	0.998
3004043inst1_path_102	GCF_902164725.1_25426_7_251	0.75	1.0
3004043inst1_path_102	GCF_003666245.1_ASM366624v1	0.75	1.0
3004043inst1_path_102	GCF_001277255.1_ASM127725v1	0.75	1.0
3004043inst1_path_102	GCF_014202905.1_ASM1420290v1	0.75	0.995
3004043inst1_path_102	GCF_019047465.1_ASM1904746v1	0.75	0.999
3004043inst1_path_102	GCF_041004125.1_W180	0.75	0.999
3004043inst1_path_102	GCF_003217575.1_ASM321757v1	0.75	1.0
3004043inst1_path_102	GCF_016027855.1_ASM1602785v1	0.75	0.999
3004043inst1_path_102	GCF_005871185.1_ASM587118v1	0.75	1.0
3004043inst1_path_102	GCF_000009365.1_ASM936v1	0.75	1.0
3004043inst1_path_102	GCF_003201595.1_ASM320159v1	0.75	1.0
3004043inst1_path_102	GCF_036621135.1_ASM3662113v1	0.75	1.0
3004043inst1_path_102	GCF_011617105.1_ASM1161710v1	0.75	0.998
3004043inst1_path_102	GCF_011764585.1_ASM1176458v1	0.75	1.0
3004043inst1_path_102	GCF_019933175.1_ASM1993317v1	0.75	1.0
3004043inst1_path_102	GCF_019464615.1_ASM1946461v1	0.75	1.0
3004043inst1_path_102	GCF_000374625.1_ASM37462v1	0.75	0.999
3004043inst1_path_102	GCF_004337595.1_with_NZ_CP037425.1	0.75	1.0
3004043inst1_path_102	GCF_036289245.1_ASM3628924v1	0.75	0.999
3004043inst1_path_102	e_coli_with_INT	0.75	0.999
3004043inst1_path_102	GCF_900116825.1_IMG_taxon_2634166357_annotated_assembly	0.75	1.0
3004043inst1_path_102	GCF_001656035.1_ASM165603v1	0.75	1.0
3004043inst1_path_102	GCF_007431345.1_ASM743134v1	0.75	1.0
3004043inst1_path_102	GCF_016937655.1_ASM1693765v1	0.75	1.0
3004043inst1_path_102	GCF_030419005.1_ASM3041900v1	0.75	0.999
3004043inst1_path_102	GCF_041002795.1_CXW225	0.75	1.0
3004043inst1_path_102	GCF_016894345.1_ASM1689434v1	0.75	0.998
3004043inst1_path_102	GCF_000321045.1_ASM32104v2	0.75	1.0
3004043inst1_path_102	GCF_026241335.1_ASM2624133v1	0.75	1.0
3004043inst1_path_102	GCF_902813185.1_Denitratisoma_oestradiolicum_DSM16959	0.75	1.0
3004043inst1_path_102	GCF_008806995.1_ASM880699v1	0.75	0.999
3004043inst1_path_102	GCF_011808225.1_ASM1180822v1	0.75	1.0
3004043inst1_path_102	GCF_000241955.1_ASM24195v1	0.75	1.0
3004043inst1_path_102	GCF_039630945.1_ASM3963094v1	0.75	0.999
3004043inst1_path_102	GCF_026013905.1_ASM2601390v1	0.75	0.999
3004043inst1_path_102	GCF_030177895.1_ASM3017789v1	0.75	1.0
3004043inst1_path_102	GCF_023195735.1_ASM2319573v1	0.75	1.0
3004043inst1_path_102	GCF_000633935.1_ASM63393v1	0.75	1.0
3004043inst1_path_102	GCF_017315725.1_ASM1731572v1	0.75	0.998
3004043inst1_path_102	GCF_025421555.1_ASM2542155v1	0.75	1.0
3004043inst1_path_102	GCF_012927085.1_ASM1292708v1	0.75	1.0
3004043inst1_path_102	GCF_042232855.1_ASM4223285v1	0.75	1.0
3004043inst1_path_102	GCF_018069845.1_ASM1806984v1	0.75	1.0
3004043inst1_path_102	GCF_042656905.1_ASM4265690v1	0.75	1.0
3004043inst1_path_102	GCF_001651805.1_ASM165180v1	0.75	1.0
3004043inst1_path_102	GCF_003206615.1_ASM320661v1	0.75	1.0
3004043inst1_path_102	GCF_006094455.1_ASM609445v1	0.75	1.0
3004043inst1_path_102	GCF_001597285.1_ASM159728v1	0.75	1.0
3004043inst1_path_102	GCF_002924445.1_ASM292444v1	0.75	1.0
3004043inst1_path_102	GCF_000019785.1_ASM1978v1	0.75	1.0
3004043inst1_path_102	GCF_900186025.1_BXF1	0.75	1.0
3004043inst1_path_102	GCF_001955735.1_ASM195573v1	0.75	1.0
3004043inst1_path_102	GCF_042643355.1_ASM4264335v1	0.75	1.0
3004043inst1_path_102	GCF_015290725.1_with_NZ_CP037425.1	0.75	0.999
3004043inst1_path_102	GCF_002607735.1_ASM260773v1	0.75	1.0
3004043inst1_path_102	GCF_027158565.1_ASM2715856v1	0.75	1.0
3004043inst1_path_102	GCF_002288875.1_ASM228887v1	0.75	0.999
3004043inst1_path_102	GCF_000022305.1_ASM2230v1	0.75	1.0
3004043inst1_path_102	GCF_048146105.1_ASM4814610v1	0.75	1.0
3004043inst1_path_102	GCF_017161445.1_ASM1716144v1	0.75	1.0
3004043inst1_path_102	GCF_002213425.1_ASM221342v1	0.75	0.996
3004043inst1_path_130_trimmed	GCF_000420525.1_ASM42052v1	0.75	1.0
3004043inst1_path_130_trimmed	GCF_001598055.1_ASM159805v1	0.75	0.995
3004043inst1_path_130_trimmed	GCF_008274805.1_ASM827480v1	0.75	1.0
3004043inst1_path_130_trimmed	GCF_003182375.1_ASM318237v1	0.75	1.0
3004043inst1_path_130_trimmed	GCF_030317205.1_ASM3031720v1	0.75	1.0
3004043inst1_path_130_trimmed	GCF_009363135.1_ASM936313v1	0.75	1.0
3004043inst1_path_130_trimmed	GCF_042646135.1_ASM4264613v1	0.75	1.0
3004043inst1_path_130_trimmed	kleb_with_INT	0.75	1.0
3004043inst1_path_130_trimmed	GCF_002222655.1_ASM222265v1	0.75	0.999
3004043inst1_path_130_trimmed	GCF_003051865.1_ASM305186v1	0.75	0.999
3004043inst1_path_130_trimmed	GCF_000016285.1_ASM1628v1	0.75	1.0
3004043inst1_path_130_trimmed	GCF_000164865.1_ASM16486v1	0.75	1.0
3004043inst1_path_130_trimmed	GCF_020510565.1_ASM2051056v1	0.75	1.0
3004043inst1_path_130_trimmed	GCF_900637305.1_50618_F02	0.75	1.0
3004043inst1_path_130_trimmed	GCF_003570885.1_ASM357088v1	0.75	1.0
3004043inst1_path_130_trimmed	GCF_000369945.1_Bruc_abor_544_V1	0.75	1.0
3004043inst1_path_130_trimmed	GCF_053470345.1_ASM5347034v1	0.75	0.999
3004043inst1_path_130_trimmed	GCF_009746125.1_ASM974612v1	0.75	0.999
3004043inst1_path_130_trimmed	GCF_014109725.1_ASM1410972v1	0.75	1.0
3004043inst1_path_130_trimmed	GCF_018905915.1_ASM1890591v1	0.75	1.0
3004043inst1_path_130_trimmed	GCF_033842905.1_ASM3384290v1	0.75	1.0
3004043inst1_path_130_trimmed	GCF_016026615.1_ASM1602661v1	0.75	1.0
3004043inst1_path_130_trimmed	GCF_022870845.1_ASM2287084v1	0.75	1.0
3004043inst1_path_130_trimmed	GCF_000803315.1_ASM80331v1	0.75	1.0
3004043inst1_path_130_trimmed	GCF_028622335.1_ASM2862233v1	0.75	0.999
3004043inst1_path_130_trimmed	GCF_002885975.1_ASM288597v1	0.75	1.0
3004043inst1_path_130_trimmed	GCF_024158925.1_ASM2415892v1	0.75	0.996
3004043inst1_path_130_trimmed	GCF_000519045.1_ASM51904v1	0.75	1.0
3004043inst1_path_130_trimmed	GCF_004524855.1_ASM452485v1	0.75	0.998
3004043inst1_path_130_trimmed	GCF_020097395.1_ASM2009739v1	0.75	0.999
3004043inst1_path_130_trimmed	GCF_000204645.1_ASM20464v1	0.75	1.0
3004043inst1_path_130_trimmed	GCF_900187105.1_50618_F01	0.75	1.0
3004043inst1_path_130_trimmed	GCF_002872475.1_ASM287247v1	0.75	1.0
3004043inst1_path_130_trimmed	GCF_021390325.1_ASM2139032v1	0.75	1.0
3004043inst1_path_130_trimmed	GCF_022647505.1_ASM2264750v1	0.75	1.0
3004043inst1_path_130_trimmed	GCF_011045195.1_ASM1104519v1	0.75	1.0
3004043inst1_path_130_trimmed	GCF_900105005.1_IMG_taxon_2667527220_annotated_assembly	0.75	1.0
3004043inst1_path_130_trimmed	GCF_030517175.1_ASM3051717v1	0.75	0.999
3004043inst1_path_130_trimmed	GCF_013387465.1_ASM1338746v1	0.75	1.0
3004043inst1_path_130_trimmed	GCF_900446255.1_50592_F01	0.75	1.0
3004043inst1_path_130_trimmed	GCF_025532145.1_ASM2553214v1	0.75	1.0
3004043inst1_path_130_trimmed	GCF_008929045.1_ASM892904v1	0.75	1.0
3004043inst1_path_130_trimmed	GCF_014652475.1_ASM1465247v1	0.75	1.0
3004043inst1_path_130_trimmed	GCF_000174355.1_ASM17435v1	0.75	0.999
3004043inst1_path_130_trimmed	GCF_900230245.1_IMG_taxon_2711768653_annotated_assembly	0.75	0.998
3004043inst1_path_130_trimmed	GCF_025263685.1_ASM2526368v1	0.75	1.0
3004043inst1_path_130_trimmed	GCF_000696225.1_ASM69622v1	0.75	1.0
3004043inst1_path_130_trimmed	GCF_000314895.2_ASM31489v2	0.75	1.0
3004043inst1_path_130_trimmed	GCF_052978125.1_ASM5297812v1	0.75	1.0
3004043inst1_path_130_trimmed	GCF_000018665.1_ASM1866v1	0.75	1.0
3004043inst1_path_130_trimmed	GCF_037478035.1_ASM3747803v1	0.75	0.998
3004043inst1_path_130_trimmed	GCF_031834615.1_ASM3183461v1	0.75	1.0
3004043inst1_path_130_trimmed	GCF_000423285.1_ASM42328v1	0.75	0.999
3004043inst1_path_130_trimmed	GCF_003013695.1_ASM301369v1	0.75	1.0
3004043inst1_path_130_trimmed	GCF_009728735.1_ASM972873v1	0.75	1.0
3004043inst1_path_130_trimmed	GCF_004011805.1_ASM401180v1	0.75	1.0
3004043inst1_path_130_trimmed	GCF_000423225.1_ASM42322v1	0.75	1.0
3004043inst1_path_130_trimmed	GCF_013003985.1_ASM1300398v1	0.75	1.0
3004043inst1_path_130_trimmed	GCF_002290485.1_ASM229048v1	0.75	0.999
3004043inst1_path_130_trimmed	GCF_964020785.1_ASM3NB6S	0.75	1.0
3004043inst1_path_130_trimmed	GCF_039545115.1_ASM3954511v1	0.75	1.0
3004043inst1_path_130_trimmed	GCF_034047095.1_ASM3404709v1	0.75	0.998
3004043inst1_path_130_trimmed	GCF_902164725.1_25426_7_251	0.75	1.0
3004043inst1_path_130_trimmed	GCF_003666245.1_ASM366624v1	0.75	1.0
3004043inst1_path_130_trimmed	GCF_001277255.1_ASM127725v1	0.75	1.0
3004043inst1_path_130_trimmed	GCF_014202905.1_ASM1420290v1	0.75	0.995
3004043inst1_path_130_trimmed	GCF_019047465.1_ASM1904746v1	0.75	0.999
3004043inst1_path_130_trimmed	GCF_041004125.1_W180	0.75	0.999
3004043inst1_path_130_trimmed	GCF_003217575.1_ASM321757v1	0.75	1.0
3004043inst1_path_130_trimmed	GCF_016027855.1_ASM1602785v1	0.75	0.999
3004043inst1_path_130_trimmed	GCF_005871185.1_ASM587118v1	0.75	1.0
3004043inst1_path_130_trimmed	GCF_000009365.1_ASM936v1	0.75	1.0
3004043inst1_path_130_trimmed	GCF_003201595.1_ASM320159v1	0.75	1.0
3004043inst1_path_130_trimmed	GCF_036621135.1_ASM3662113v1	0.75	1.0
3004043inst1_path_130_trimmed	GCF_011617105.1_ASM1161710v1	0.75	0.998
3004043inst1_path_130_trimmed	GCF_011764585.1_ASM1176458v1	0.75	1.0
3004043inst1_path_130_trimmed	GCF_019933175.1_ASM1993317v1	0.75	1.0
3004043inst1_path_130_trimmed	GCF_019464615.1_ASM1946461v1	0.75	1.0
3004043inst1_path_130_trimmed	GCF_000374625.1_ASM37462v1	0.75	0.999
3004043inst1_path_130_trimmed	GCF_004337595.1_with_NZ_CP037425.1	0.75	1.0
3004043inst1_path_130_trimmed	GCF_036289245.1_ASM3628924v1	0.75	0.999
3004043inst1_path_130_trimmed	e_coli_with_INT	0.75	0.999
3004043inst1_path_130_trimmed	GCF_900116825.1_IMG_taxon_2634166357_annotated_assembly	0.75	1.0
3004043inst1_path_130_trimmed	GCF_001656035.1_ASM165603v1	0.75	1.0
3004043inst1_path_130_trimmed	GCF_007431345.1_ASM743134v1	0.75	1.0
3004043inst1_path_130_trimmed	GCF_016937655.1_ASM1693765v1	0.75	1.0
3004043inst1_path_130_trimmed	GCF_030419005.1_ASM3041900v1	0.75	0.999
3004043inst1_path_130_trimmed	GCF_041002795.1_CXW225	0.75	1.0
3004043inst1_path_130_trimmed	GCF_016894345.1_ASM1689434v1	0.75	0.998
3004043inst1_path_130_trimmed	GCF_000321045.1_ASM32104v2	0.75	1.0
3004043inst1_path_130_trimmed	GCF_026241335.1_ASM2624133v1	0.75	1.0
3004043inst1_path_130_trimmed	GCF_902813185.1_Denitratisoma_oestradiolicum_DSM16959	0.75	1.0
3004043inst1_path_130_trimmed	GCF_008806995.1_ASM880699v1	0.75	0.999
3004043inst1_path_130_trimmed	GCF_011808225.1_ASM1180822v1	0.75	1.0
3004043inst1_path_130_trimmed	GCF_000241955.1_ASM24195v1	0.75	1.0
3004043inst1_path_130_trimmed	GCF_039630945.1_ASM3963094v1	0.75	0.999
3004043inst1_path_130_trimmed	GCF_026013905.1_ASM2601390v1	0.75	0.999
3004043inst1_path_130_trimmed	GCF_030177895.1_ASM3017789v1	0.75	1.0
3004043inst1_path_130_trimmed	GCF_023195735.1_ASM2319573v1	0.75	1.0
3004043inst1_path_130_trimmed	GCF_000633935.1_ASM63393v1	0.75	1.0
3004043inst1_path_130_trimmed	GCF_017315725.1_ASM1731572v1	0.75	0.998
3004043inst1_path_130_trimmed	GCF_025421555.1_ASM2542155v1	0.75	1.0
3004043inst1_path_130_trimmed	GCF_012927085.1_ASM1292708v1	0.75	1.0
3004043inst1_path_130_trimmed	GCF_042232855.1_ASM4223285v1	0.75	1.0
3004043inst1_path_130_trimmed	GCF_018069845.1_ASM1806984v1	0.75	1.0
3004043inst1_path_130_trimmed	GCF_042656905.1_ASM4265690v1	0.75	1.0
3004043inst1_path_130_trimmed	GCF_001651805.1_ASM165180v1	0.75	1.0
3004043inst1_path_130_trimmed	GCF_003206615.1_ASM320661v1	0.75	1.0
3004043inst1_path_130_trimmed	GCF_006094455.1_ASM609445v1	0.75	1.0
3004043inst1_path_130_trimmed	GCF_001597285.1_ASM159728v1	0.75	1.0
3004043inst1_path_130_trimmed	GCF_002924445.1_ASM292444v1	0.75	1.0
3004043inst1_path_130_trimmed	GCF_000019785.1_ASM1978v1	0.75	1.0
3004043inst1_path_130_trimmed	GCF_900186025.1_BXF1	0.75	1.0
3004043inst1_path_130_trimmed	GCF_001955735.1_ASM195573v1	0.75	1.0
3004043inst1_path_130_trimmed	GCF_042643355.1_ASM4264335v1	0.75	1.0
3004043inst1_path_130_trimmed	GCF_015290725.1_with_NZ_CP037425.1	0.75	0.999
3004043inst1_path_130_trimmed	GCF_002607735.1_ASM260773v1	0.75	1.0
3004043inst1_path_130_trimmed	GCF_027158565.1_ASM2715856v1	0.75	1.0
3004043inst1_path_130_trimmed	GCF_002288875.1_ASM228887v1	0.75	0.999
3004043inst1_path_130_trimmed	GCF_000022305.1_ASM2230v1	0.75	1.0
3004043inst1_path_130_trimmed	GCF_048146105.1_ASM4814610v1	0.75	1.0
3004043inst1_path_130_trimmed	GCF_017161445.1_ASM1716144v1	0.75	1.0
3004043inst1_path_130_trimmed	GCF_002213425.1_ASM221342v1	0.75	0.996
3004054inst1_gene_seq	GCA_028608505.1_ASM2860850v1	0.959	1.0
3004054inst1_gene_seq	GCF_016745135.1_ASM1674513v1	0.959	1.0
3004056inst1_gene_seq	GCA_028608505.1_ASM2860850v1	0.984	1.0
3004056inst1_gene_seq	GCF_033842905.1_ASM3384290v1	0.597	0.73
3004056inst1_gene_seq	GCF_016745135.1_ASM1674513v1	0.984	1.0
3004072inst1_gene_seq	GCA_028608505.1_ASM2860850v1	0.971	1.0
3004072inst1_gene_seq	GCF_016745135.1_ASM1674513v1	0.971	1.0
3004073inst1_path_11	GCA_028608505.1_ASM2860850v1	0.564	1.0
3004073inst1_path_11	GCF_016745135.1_ASM1674513v1	0.564	1.0
3004074inst1_path_4	GCA_028608505.1_ASM2860850v1	0.631	0.997
3004074inst1_path_4	GCF_016745135.1_ASM1674513v1	0.631	0.997
3004075inst1_gene_seq	GCA_028608505.1_ASM2860850v1	0.825	1.0
3004075inst1_gene_seq	GCF_016745135.1_ASM1674513v1	0.825	1.0
3004077inst1_gene_seq	GCA_028608505.1_ASM2860850v1	0.9	1.0
3004077inst1_gene_seq	GCF_016745135.1_ASM1674513v1	0.9	1.0
3004103inst1_path_3	GCF_013387465.1_ASM1338746v1	0.976	1.0
3004111inst1_gene_seq	kleb_with_INT	1.0	1.0
3004111inst1_gene_seq	GCF_002115725.1_ASM211572v1	0.417	1.0
3004122inst1_path_1	kleb_with_INT	0.991	1.0
3004191inst1_path_9	GCF_019856415.1_ASM1985641v1	0.859	1.0
3004191inst1_path_9	GCF_019856435.1_ASM1985643v1	0.679	1.0
3004290inst1_path_1	GCF_009363135.1_ASM936313v1	0.722	0.986
3004290inst1_path_1	kleb_with_INT	0.833	0.997
3004290inst1_path_1	GCF_000164865.1_ASM16486v1	0.722	0.994
3004290inst1_path_1	GCF_000803315.1_ASM80331v1	0.667	0.996
3004290inst1_path_1	GCF_028622335.1_ASM2862233v1	1.0	1.0
3004290inst1_path_1	GCF_020097395.1_ASM2009739v1	0.889	0.998
3004290inst1_path_1	GCF_022647505.1_ASM2264750v1	0.667	0.989
3004290inst1_path_1	GCF_030517175.1_ASM3051717v1	0.778	0.998
3004290inst1_path_1	GCF_900446255.1_50592_F01	0.833	0.992
3004290inst1_path_1	GCF_002290485.1_ASM229048v1	0.889	1.0
3004290inst1_path_1	GCF_902164725.1_25426_7_251	0.722	0.998
3004290inst1_path_1	GCF_003666245.1_ASM366624v1	0.611	0.99
3004290inst1_path_1	GCF_001277255.1_ASM127725v1	0.778	0.995
3004290inst1_path_1	GCF_019047465.1_ASM1904746v1	0.833	0.994
3004290inst1_path_1	GCF_041004125.1_W180	0.889	0.994
3004290inst1_path_1	GCF_011617105.1_ASM1161710v1	0.778	0.997
3004290inst1_path_1	GCF_019933175.1_ASM1993317v1	0.611	0.991
3004290inst1_path_1	GCF_019464615.1_ASM1946461v1	0.611	0.996
3004290inst1_path_1	GCF_036289245.1_ASM3628924v1	0.889	0.995
3004290inst1_path_1	e_coli_with_INT	1.0	1.0
3004290inst1_path_1	GCF_041002795.1_CXW225	0.778	0.997
3004290inst1_path_1	GCF_011808225.1_ASM1180822v1	0.778	0.995
3004290inst1_path_1	GCF_000241955.1_ASM24195v1	0.722	0.995
3004290inst1_path_1	GCF_023195735.1_ASM2319573v1	0.722	0.992
3004290inst1_path_1	GCF_024380015.1_ASM2438001v1	0.5	0.982
3004290inst1_path_1	GCF_900186025.1_BXF1	0.778	0.997
3004290inst1_path_1	GCF_015290725.1_with_NZ_CP037425.1	0.889	1.0
3004290inst1_path_433	GCF_009363135.1_ASM936313v1	0.688	0.99
3004290inst1_path_433	kleb_with_INT	0.812	0.989
3004290inst1_path_433	GCF_000164865.1_ASM16486v1	0.688	0.997
3004290inst1_path_433	GCF_000803315.1_ASM80331v1	0.625	0.994
3004290inst1_path_433	GCF_028622335.1_ASM2862233v1	1.0	0.997
3004290inst1_path_433	GCF_020097395.1_ASM2009739v1	0.875	0.991
3004290inst1_path_433	GCF_022647505.1_ASM2264750v1	0.625	0.972
3004290inst1_path_433	GCF_030517175.1_ASM3051717v1	0.75	0.991
3004290inst1_path_433	GCF_900446255.1_50592_F01	0.812	0.995
3004290inst1_path_433	GCF_000314895.2_ASM31489v2	0.5	0.989
3004290inst1_path_433	GCF_002290485.1_ASM229048v1	0.875	0.998
3004290inst1_path_433	GCF_902164725.1_25426_7_251	0.688	0.992
3004290inst1_path_433	GCF_003666245.1_ASM366624v1	0.562	0.973
3004290inst1_path_433	GCF_001277255.1_ASM127725v1	0.75	0.994
3004290inst1_path_433	GCF_019047465.1_ASM1904746v1	0.812	0.996
3004290inst1_path_433	GCF_041004125.1_W180	0.875	0.996
3004290inst1_path_433	GCF_011617105.1_ASM1161710v1	0.75	0.993
3004290inst1_path_433	GCF_019933175.1_ASM1993317v1	0.562	0.978
3004290inst1_path_433	GCF_019464615.1_ASM1946461v1	0.562	0.992
3004290inst1_path_433	GCF_036289245.1_ASM3628924v1	0.875	0.997
3004290inst1_path_433	e_coli_with_INT	1.0	0.996
3004290inst1_path_433	GCF_041002795.1_CXW225	0.75	0.994
3004290inst1_path_433	GCF_011808225.1_ASM1180822v1	0.75	0.994
3004290inst1_path_433	GCF_000241955.1_ASM24195v1	0.688	0.99
3004290inst1_path_433	GCF_023195735.1_ASM2319573v1	0.688	0.976
3004290inst1_path_433	GCF_900186025.1_BXF1	0.75	0.994
3004290inst1_path_433	GCF_015290725.1_with_NZ_CP037425.1	0.875	0.998
3004290inst1_path_577	GCF_009363135.1_ASM936313v1	0.786	0.994
3004290inst1_path_577	kleb_with_INT	0.929	0.985
3004290inst1_path_577	GCF_000164865.1_ASM16486v1	0.786	0.999
3004290inst1_path_577	GCF_000803315.1_ASM80331v1	0.714	0.993
3004290inst1_path_577	GCF_028622335.1_ASM2862233v1	1.0	0.993
3004290inst1_path_577	GCF_020097395.1_ASM2009739v1	0.929	0.985
3004290inst1_path_577	GCF_022647505.1_ASM2264750v1	0.714	0.967
3004290inst1_path_577	GCF_030517175.1_ASM3051717v1	0.786	0.985
3004290inst1_path_577	GCF_900446255.1_50592_F01	0.929	0.997
3004290inst1_path_577	GCF_000314895.2_ASM31489v2	0.571	0.989
3004290inst1_path_577	GCF_002290485.1_ASM229048v1	1.0	0.995
3004290inst1_path_577	GCF_902164725.1_25426_7_251	0.786	0.987
3004290inst1_path_577	GCF_003666245.1_ASM366624v1	0.643	0.969
3004290inst1_path_577	GCF_001277255.1_ASM127725v1	0.857	0.994
3004290inst1_path_577	GCF_019047465.1_ASM1904746v1	0.929	0.998
3004290inst1_path_577	GCF_041004125.1_W180	1.0	0.996
3004290inst1_path_577	GCF_011617105.1_ASM1161710v1	0.857	0.991
3004290inst1_path_577	GCF_019933175.1_ASM1993317v1	0.643	0.974
3004290inst1_path_577	GCF_019464615.1_ASM1946461v1	0.643	0.99
3004290inst1_path_577	GCF_036289245.1_ASM3628924v1	1.0	0.996
3004290inst1_path_577	e_coli_with_INT	1.0	0.992
3004290inst1_path_577	GCF_001656035.1_ASM165603v1	0.5	0.978
3004290inst1_path_577	GCF_041002795.1_CXW225	0.857	0.993
3004290inst1_path_577	GCF_011808225.1_ASM1180822v1	0.857	0.995
3004290inst1_path_577	GCF_000241955.1_ASM24195v1	0.786	0.988
3004290inst1_path_577	GCF_023195735.1_ASM2319573v1	0.786	0.97
3004290inst1_path_577	GCF_024380015.1_ASM2438001v1	0.5	0.929
3004290inst1_path_577	GCA_050154015.1_ASM5015401v1	0.5	0.938
3004290inst1_path_577	GCF_900186025.1_BXF1	0.857	0.992
3004290inst1_path_577	GCF_015290725.1_with_NZ_CP037425.1	1.0	0.995
3004379inst1_gene_seq	GCF_052978125.1_ASM5297812v1	0.923	1.0
3004379inst1_gene_seq	GCF_021233355.1_ASM2123335v1	0.769	0.98
3004379inst1_gene_seq	GCF_042657165.1_ASM4265716v1	0.692	0.959
3004451inst1_gene_seq	GCF_002082135.1_ASM208213v1	1.0	0.999
3004480inst1_path_12	GCF_047836735.1_ASM4783673v1	0.986	1.0
3004580inst1_gene_seq	kleb_with_INT	0.895	1.0
3004580inst1_gene_seq	GCF_041002795.1_CXW225	0.789	0.996
3004583inst1_gene_seq	kleb_with_INT	0.895	1.0
3004583inst1_gene_seq	GCF_041002795.1_CXW225	0.789	0.996
3004588inst1_path_36_trimmed	GCF_009363135.1_ASM936313v1	0.571	0.996
3004588inst1_path_36_trimmed	kleb_with_INT	0.881	1.0
3004588inst1_path_36_trimmed	GCF_028622335.1_ASM2862233v1	0.595	0.996
3004588inst1_path_36_trimmed	GCF_030517175.1_ASM3051717v1	0.548	0.999
3004588inst1_path_36_trimmed	GCF_900446255.1_50592_F01	0.571	0.804
3004588inst1_path_36_trimmed	GCF_002290485.1_ASM229048v1	0.548	0.991
3004588inst1_path_36_trimmed	GCF_902164725.1_25426_7_251	0.5	1.0
3004588inst1_path_36_trimmed	GCF_019047465.1_ASM1904746v1	0.5	0.994
3004588inst1_path_36_trimmed	GCF_041004125.1_W180	0.5	0.995
3004588inst1_path_36_trimmed	GCF_036289245.1_ASM3628924v1	0.571	0.997
3004588inst1_path_36_trimmed	e_coli_with_INT	0.548	0.991
3004588inst1_path_36_trimmed	GCF_041002795.1_CXW225	0.69	0.999
3004588inst1_path_36_trimmed	GCF_000321045.1_ASM32104v2	0.5	0.987
3004588inst1_path_36_trimmed	GCF_011808225.1_ASM1180822v1	0.548	0.995
3004588inst1_path_36_trimmed	GCF_015290725.1_with_NZ_CP037425.1	0.714	0.997
3004651inst1_path_16	GCF_008270765.1_ASM827076v1	0.548	0.995
3004651inst1_path_16	GCA_014223565.1_ASM1422356v1	0.986	0.998
3004658inst1_path_5	GCF_019856435.1_ASM1985643v1	0.919	1.0
3004766inst1_gene_seq	GCF_003971235.1_ASM397123v1	0.857	1.0
3004826inst1_gene_seq	GCF_041004125.1_W180	1.0	1.0
3005010inst1_path_148	GCF_041002795.1_CXW225	0.5	1.0
3005010inst1_path_173_trimmed	GCF_003892345.1_ASM389234v1	0.5	0.996
3005010inst1_path_173_trimmed	GCF_025567315.1_ASM2556731v1	0.5	0.998
3005010inst1_path_173_trimmed	GCF_000420525.1_ASM42052v1	0.5	1.0
3005010inst1_path_173_trimmed	GCF_004355005.1_ASM435500v1	0.5	0.999
3005010inst1_path_173_trimmed	GCF_036881715.1_ASM3688171v1	0.5	0.999
3005010inst1_path_173_trimmed	GCF_001598055.1_ASM159805v1	0.5	0.999
3005010inst1_path_173_trimmed	GCF_008274805.1_ASM827480v1	0.5	0.999
3005010inst1_path_173_trimmed	GCF_017795125.1_ASM1779512v1	0.5	0.986
3005010inst1_path_173_trimmed	GCF_030067675.1_ASM3006767v1	0.5	0.998
3005010inst1_path_173_trimmed	GCF_002504165.1_ASM250416v1	0.5	1.0
3005010inst1_path_173_trimmed	GCF_900129885.1_IMG_taxon_2617270875_annotated_assembly	0.5	0.998
3005010inst1_path_173_trimmed	GCF_028649475.1_ASM2864947v1	0.5	0.998
3005010inst1_path_173_trimmed	GCF_018279705.1_ASM1827970v1	0.5	0.996
3005010inst1_path_173_trimmed	GCF_011683915.1_ASM1168391v1	0.5	0.999
3005010inst1_path_173_trimmed	GCF_000177215.2_ASM17721v2	0.5	0.992
3005010inst1_path_173_trimmed	GCF_013911085.1_ASM1391108v1	0.5	1.0
3005010inst1_path_173_trimmed	GCF_928722185.1_min17_bin71	0.5	0.997
3005010inst1_path_173_trimmed	GCF_014196795.1_ASM1419679v1	0.5	0.998
3005010inst1_path_173_trimmed	GCF_039649665.1_ASM3964966v1	0.5	0.996
3005010inst1_path_173_trimmed	GCF_003182375.1_ASM318237v1	0.5	0.998
3005010inst1_path_173_trimmed	GCA_028608505.1_ASM2860850v1	0.5	1.0
3005010inst1_path_173_trimmed	GCF_030317205.1_ASM3031720v1	0.5	0.997
3005010inst1_path_173_trimmed	GCF_009363135.1_ASM936313v1	0.5	1.0
3005010inst1_path_173_trimmed	GCF_014652915.1_ASM1465291v1	0.5	0.992
3005010inst1_path_173_trimmed	GCF_039539485.1_ASM3953948v1	0.5	0.998
3005010inst1_path_173_trimmed	GCF_040955415.1_ASM4095541v1	0.5	0.998
3005010inst1_path_173_trimmed	GCF_000022265.1_ASM2226v1	0.5	0.998
3005010inst1_path_173_trimmed	GCF_040892615.1_ASM4089261v1	0.5	0.998
3005010inst1_path_173_trimmed	GCF_032923285.1_ASM3292328v1	0.5	1.0
3005010inst1_path_173_trimmed	kleb_with_INT	1.0	1.0
3005010inst1_path_173_trimmed	GCF_002222655.1_ASM222265v1	0.5	1.0
3005010inst1_path_173_trimmed	GCF_900109145.1_IMG_taxon_2615840718_annotated_assembly	0.5	0.999
3005010inst1_path_173_trimmed	GCF_003208215.1_ASM320821v1	0.5	1.0
3005010inst1_path_173_trimmed	GCF_004345735.1_ASM434573v1	0.5	0.999
3005010inst1_path_173_trimmed	GCF_014050225.1_ASM1405022v1	0.6	0.999
3005010inst1_path_173_trimmed	GCF_000577275.2_LPU83	0.5	1.0
3005010inst1_path_173_trimmed	GCF_000014965.1_ASM1496v1	0.5	0.998
3005010inst1_path_173_trimmed	GCF_000016285.1_ASM1628v1	0.5	1.0
3005010inst1_path_173_trimmed	GCF_008630065.1_ASM863006v1	0.5	1.0
3005010inst1_path_173_trimmed	GCF_006738645.1_ASM673864v1	0.5	0.995
3005010inst1_path_173_trimmed	GCF_003014475.1_ASM301447v1	0.5	0.999
3005010inst1_path_173_trimmed	GCF_014764365.1_ASM1476436v1	0.5	0.999
3005010inst1_path_173_trimmed	GCF_020510565.1_ASM2051056v1	0.5	0.979
3005010inst1_path_173_trimmed	GCF_000021745.1_ASM2174v1	0.5	0.999
3005010inst1_path_173_trimmed	GCF_003570885.1_ASM357088v1	0.5	0.997
3005010inst1_path_173_trimmed	GCF_000369945.1_Bruc_abor_544_V1	0.5	0.999
3005010inst1_path_173_trimmed	GCF_053470345.1_ASM5347034v1	0.5	1.0
3005010inst1_path_173_trimmed	GCF_019448085.1_ASM1944808v1	0.5	1.0
3005010inst1_path_173_trimmed	GCF_014201835.1_ASM1420183v1	0.5	0.998
3005010inst1_path_173_trimmed	GCF_000184705.1_ASM18470v1	0.5	0.998
3005010inst1_path_173_trimmed	GCF_009746125.1_ASM974612v1	0.5	1.0
3005010inst1_path_173_trimmed	GCF_002797755.1_ASM279775v1	0.5	0.998
3005010inst1_path_173_trimmed	GCF_000158095.2_ASM15809v2	0.5	1.0
3005010inst1_path_173_trimmed	GCF_003008555.2_ASM300855v2	0.5	0.999
3005010inst1_path_173_trimmed	GCF_900114115.1_IMG_taxon_2622736590_annotated_assembly	0.5	0.997
3005010inst1_path_173_trimmed	GCF_046640325.1_ASM4664032v1	0.5	0.998
3005010inst1_path_173_trimmed	GCF_000816575.1_ASM81657v1	0.5	0.997
3005010inst1_path_173_trimmed	GCF_042679525.1_ASM4267952v1	0.5	0.998
3005010inst1_path_173_trimmed	GCF_014109725.1_ASM1410972v1	0.5	0.997
3005010inst1_path_173_trimmed	GCF_008932245.1_ASM893224v1	0.5	0.998
3005010inst1_path_173_trimmed	GCF_008728835.1_ASM872883v1	0.5	0.999
3005010inst1_path_173_trimmed	GCF_004799325.1_ASM479932v1	0.5	0.998
3005010inst1_path_173_trimmed	GCF_018905915.1_ASM1890591v1	0.5	1.0
3005010inst1_path_173_trimmed	GCF_044769875.1_ASM4476987v1	0.5	0.996
3005010inst1_path_173_trimmed	GCF_042659145.1_ASM4265914v1	0.5	0.991
3005010inst1_path_173_trimmed	GCF_019966575.1_O_cellulosilytica_JCM19534	0.5	0.999
3005010inst1_path_173_trimmed	GCF_022811525.1_ASM2281152v1	0.5	0.997
3005010inst1_path_173_trimmed	GCF_016919645.1_ASM1691964v1	0.5	0.996
3005010inst1_path_173_trimmed	GCF_900107815.1_IMG_taxon_2642422588_annotated_assembly	0.6	0.991
3005010inst1_path_173_trimmed	GCF_033842905.1_ASM3384290v1	0.5	0.998
3005010inst1_path_173_trimmed	GCF_009735625.1_ASM973562v1	0.5	0.998
3005010inst1_path_173_trimmed	GCF_039542305.1_ASM3954230v1	0.5	0.998
3005010inst1_path_173_trimmed	GCF_022870845.1_ASM2287084v1	0.5	0.999
3005010inst1_path_173_trimmed	GCF_000331025.1_ASM33102v1	0.5	0.997
3005010inst1_path_173_trimmed	GCF_026625565.1_ASM2662556v1	0.5	1.0
3005010inst1_path_173_trimmed	GCF_009848505.1_ASM984850v1	0.5	0.999
3005010inst1_path_173_trimmed	GCF_000803315.1_ASM80331v1	0.5	1.0
3005010inst1_path_173_trimmed	GCF_004341595.1_ASM434159v1	0.5	0.999
3005010inst1_path_173_trimmed	GCF_900231165.1_HDIA1	0.5	0.998
3005010inst1_path_173_trimmed	GCF_000936425.1_ASM93642v1	0.5	0.983
3005010inst1_path_173_trimmed	GCF_001517585.1_IMG_taxon_2603880215_annotated_assembly	0.5	0.999
3005010inst1_path_173_trimmed	GCF_019132845.1_ASM1913284v1	0.5	0.998
3005010inst1_path_173_trimmed	GCF_002885975.1_ASM288597v1	0.5	0.999
3005010inst1_path_173_trimmed	GCF_014640395.1_ASM1464039v1	0.5	1.0
3005010inst1_path_173_trimmed	GCF_007859075.1_ASM785907v1	0.5	0.999
3005010inst1_path_173_trimmed	GCF_003367395.1_ASM336739v1	0.6	0.995
3005010inst1_path_173_trimmed	GCF_028736055.1_ASM2873605v1	0.5	0.998
3005010inst1_path_173_trimmed	GCF_005887635.2_ASM588763v2	0.5	0.999
3005010inst1_path_173_trimmed	GCF_024158925.1_ASM2415892v1	0.5	0.999
3005010inst1_path_173_trimmed	GCF_035117775.1_ASM3511777v1	0.5	0.998
3005010inst1_path_173_trimmed	GCF_007991755.1_ASM799175v1	0.5	0.995
3005010inst1_path_173_trimmed	GCF_004524855.1_ASM452485v1	0.5	0.999
3005010inst1_path_173_trimmed	GCF_041514305.1_ASM4151430v1	0.5	0.99
3005010inst1_path_173_trimmed	GCF_007713735.2_ASM771373v2	0.5	0.998
3005010inst1_path_173_trimmed	GCF_004346225.1_ASM434622v1	0.5	0.997
3005010inst1_path_173_trimmed	GCF_020097395.1_ASM2009739v1	0.6	1.0
3005010inst1_path_173_trimmed	GCF_000204645.1_ASM20464v1	0.5	0.997
3005010inst1_path_173_trimmed	GCF_900089955.1_A_S1_v1	0.5	1.0
3005010inst1_path_173_trimmed	GCF_003952725.1_ASM395272v1	0.5	0.998
3005010inst1_path_173_trimmed	GCF_002872475.1_ASM287247v1	0.5	1.0
3005010inst1_path_173_trimmed	GCF_021390325.1_ASM2139032v1	0.5	0.999
3005010inst1_path_173_trimmed	GCF_000341895.1_ASM34189v1	0.5	0.996
3005010inst1_path_173_trimmed	GCF_000585335.1_ASM58533v1	0.5	0.987
3005010inst1_path_173_trimmed	GCF_033547095.1_ASM3354709v1	0.5	0.999
3005010inst1_path_173_trimmed	GCF_022647505.1_ASM2264750v1	0.5	1.0
3005010inst1_path_173_trimmed	GCF_001027285.1_ASM102728v1	0.5	0.996
3005010inst1_path_173_trimmed	GCF_025264705.1_ASM2526470v1	0.5	0.998
3005010inst1_path_173_trimmed	GCF_000473205.1_ASM47320v1	0.5	0.993
3005010inst1_path_173_trimmed	GCF_014681765.1_ASM1468176v1	0.5	0.999
3005010inst1_path_173_trimmed	GCF_040269895.1_ASM4026989v1	0.5	0.998
3005010inst1_path_173_trimmed	GCF_029961185.1_ASM2996118v1	0.5	0.998
3005010inst1_path_173_trimmed	GCF_001078595.1_ASM107859v1	0.5	0.998
3005010inst1_path_173_trimmed	GCF_900142295.1_IMG_taxon_2698536701_annotated_assembly	0.5	0.998
3005010inst1_path_173_trimmed	GCF_000316515.1_ASM31651v1	0.5	0.999
3005010inst1_path_173_trimmed	GCF_013387465.1_ASM1338746v1	0.5	1.0
3005010inst1_path_173_trimmed	GCF_900446255.1_50592_F01	0.5	1.0
3005010inst1_path_173_trimmed	GCF_025532145.1_ASM2553214v1	0.5	0.998
3005010inst1_path_173_trimmed	GCF_021532625.1_ASM2153262v1	0.5	0.999
3005010inst1_path_173_trimmed	GCF_006516955.1_ASM651695v1	0.5	0.998
3005010inst1_path_173_trimmed	GCF_008929045.1_ASM892904v1	0.5	0.998
3005010inst1_path_173_trimmed	GCF_900302495.1_P.insulaeCECT8812_Spades_Prokka	0.5	0.997
3005010inst1_path_173_trimmed	GCF_900230245.1_IMG_taxon_2711768653_annotated_assembly	0.5	1.0
3005010inst1_path_173_trimmed	GCF_002300555.2_ASM230055v2	0.5	1.0
3005010inst1_path_173_trimmed	GCF_053646815.1_ASM5364681v1	0.5	0.999
3005010inst1_path_173_trimmed	GCF_050896395.1_ASM5089639v1	0.5	0.986
3005010inst1_path_173_trimmed	GCF_018398915.1_ASM1839891v1	0.5	0.998
3005010inst1_path_173_trimmed	GCF_003572205.1_ASM357220v1	0.5	0.998
3005010inst1_path_173_trimmed	GCF_002211225.1_ASM221122v1	0.5	0.999
3005010inst1_path_173_trimmed	GCF_000696225.1_ASM69622v1	0.5	1.0
3005010inst1_path_173_trimmed	GCF_009739515.1_ASM973951v1	0.5	0.998
3005010inst1_path_173_trimmed	GCF_000015725.1_ASM1572v1	0.5	0.999
3005010inst1_path_173_trimmed	GCF_010993735.1_ASM1099373v1	0.5	0.999
3005010inst1_path_173_trimmed	GCF_021556395.1_ASM2155639v1	0.5	0.999
3005010inst1_path_173_trimmed	GCF_022760855.1_ASM2276085v1	0.5	0.998
3005010inst1_path_173_trimmed	GCF_000018665.1_ASM1866v1	0.5	0.998
3005010inst1_path_173_trimmed	GCF_021228795.1_ASM2122879v1	0.5	0.995
3005010inst1_path_173_trimmed	GCF_005160265.1_ASM516026v1	0.5	0.997
3005010inst1_path_173_trimmed	GCF_000597725.1_ASM59772v1	0.5	1.0
3005010inst1_path_173_trimmed	GCF_900302445.1_P.abyssalisCECT8504_Spades_Prokka	0.5	0.998
3005010inst1_path_173_trimmed	GCF_002257695.2_SPACI	0.5	0.998
3005010inst1_path_173_trimmed	GCF_000165795.1_ASM16579v1	0.5	0.997
3005010inst1_path_173_trimmed	GCF_037478035.1_ASM3747803v1	0.5	0.998
3005010inst1_path_173_trimmed	GCF_019623905.1_ASM1962390v1	0.5	0.999
3005010inst1_path_173_trimmed	GCF_003253705.1_ASM325370v1	0.6	0.999
3005010inst1_path_173_trimmed	GCF_008727715.1_ASM872771v1	0.5	0.998
3005010inst1_path_173_trimmed	GCF_009728735.1_ASM972873v1	0.5	0.998
3005010inst1_path_173_trimmed	GCF_004011805.1_ASM401180v1	0.6	0.998
3005010inst1_path_173_trimmed	GCF_042654245.1_ASM4265424v1	0.5	0.989
3005010inst1_path_173_trimmed	GCF_018304965.1_ASM1830496v1	0.5	0.999
3005010inst1_path_173_trimmed	GCF_000192745.1_ASM19274v1	0.5	0.999
3005010inst1_path_173_trimmed	GCF_002082135.1_ASM208213v1	0.5	0.998
3005010inst1_path_173_trimmed	GCF_000167355.1_ASM16735v1	0.5	0.978
3005010inst1_path_173_trimmed	GCF_000423225.1_ASM42322v1	0.5	0.999
3005010inst1_path_173_trimmed	GCF_013003985.1_ASM1300398v1	0.5	0.999
3005010inst1_path_173_trimmed	GCF_011044155.1_ASM1104415v1	0.5	0.999
3005010inst1_path_173_trimmed	GCF_017309585.1_ASM1730958v1	0.5	0.999
3005010inst1_path_173_trimmed	GCF_042648545.1_ASM4264854v1	0.5	0.998
3005010inst1_path_173_trimmed	GCF_001886615.1_ASM188661v1	0.5	0.998
3005010inst1_path_173_trimmed	GCF_048159625.1_ASM4815962v1	0.5	0.998
3005010inst1_path_173_trimmed	GCF_030758975.1_ASM3075897v1	0.5	0.999
3005010inst1_path_173_trimmed	GCF_014652315.1_ASM1465231v1	0.5	0.998
3005010inst1_path_173_trimmed	GCF_964020785.1_ASM3NB6S	0.5	0.997
3005010inst1_path_173_trimmed	GCF_900141975.1_IMG_taxon_2585427611_annotated_assembly	0.5	0.999
3005010inst1_path_173_trimmed	GCF_003119195.2_ASM311919v2	0.5	0.999
3005010inst1_path_173_trimmed	GCF_002115745.1_ASM211574v1	0.5	0.999
3005010inst1_path_173_trimmed	GCF_003667315.2_ASM366731v2	0.5	0.998
3005010inst1_path_173_trimmed	GCF_900167455.1_IMG_taxon_2582581318_annotated_assembly	0.5	0.998
3005010inst1_path_173_trimmed	GCF_018972165.1_ASM1897216v1	0.5	0.997
3005010inst1_path_173_trimmed	GCF_034047095.1_ASM3404709v1	0.5	0.998
3005010inst1_path_173_trimmed	GCF_000196675.2_ASM19667v2	0.5	0.997
3005010inst1_path_173_trimmed	GCF_902164725.1_25426_7_251	0.5	1.0
3005010inst1_path_173_trimmed	GCF_003666245.1_ASM366624v1	0.5	0.998
3005010inst1_path_173_trimmed	GCF_015690345.1_ASM1569034v1	0.5	0.998
3005010inst1_path_173_trimmed	GCF_003966975.1_ASM396697v1	0.5	0.998
3005010inst1_path_173_trimmed	GCF_038404985.1_ASM3840498v1	0.6	0.992
3005010inst1_path_173_trimmed	GCF_002115725.1_ASM211572v1	0.5	0.999
3005010inst1_path_173_trimmed	GCF_001579845.1_ASM157984v1	0.6	0.998
3005010inst1_path_173_trimmed	GCF_000153305.1_ASM15330v1	0.5	0.998
3005010inst1_path_173_trimmed	GCF_000300855.1_ASM30085v1	0.5	1.0
3005010inst1_path_173_trimmed	GCF_014303955.1_ASM1430395v1	0.5	1.0
3005010inst1_path_173_trimmed	GCF_000253115.1_ASM25311v1	0.5	0.998
3005010inst1_path_173_trimmed	GCF_004361735.1_ASM436173v1	0.5	0.999
3005010inst1_path_173_trimmed	GCF_977887775.1_IWN039	0.5	0.998
3005010inst1_path_173_trimmed	GCF_027923225.1_ASM2792322v1	0.5	0.998
3005010inst1_path_173_trimmed	GCF_900157305.1_MESINF_chromosome	0.5	0.997
3005010inst1_path_173_trimmed	GCF_003688285.1_ASM368828v1	0.5	0.998
3005010inst1_path_173_trimmed	GCF_003711085.1_ASM371108v1	0.5	1.0
3005010inst1_path_173_trimmed	GCF_004016515.1_ASM401651v1	0.5	0.998
3005010inst1_path_173_trimmed	GCF_003351765.1_ASM335176v1	0.5	0.996
3005010inst1_path_173_trimmed	GCF_000019965.1_ASM1996v1	0.5	0.994
3005010inst1_path_173_trimmed	GCF_001277255.1_ASM127725v1	0.6	0.908
3005010inst1_path_173_trimmed	GCF_006740765.1_ASM674076v1	0.5	0.998
3005010inst1_path_173_trimmed	GCF_000967425.1_ASM96742v1	0.5	0.998
3005010inst1_path_173_trimmed	GCF_042685005.1_ASM4268500v1	0.5	0.999
3005010inst1_path_173_trimmed	GCF_003970795.1_ASM397079v1	0.5	0.955
3005010inst1_path_173_trimmed	GCF_004328555.1_ASM432855v1	0.5	0.958
3005010inst1_path_173_trimmed	GCF_047549485.1_ASM4754948v1	0.5	1.0
3005010inst1_path_173_trimmed	GCF_017813395.1_ASM1781339v1	0.5	1.0
3005010inst1_path_173_trimmed	GCF_900155925.1_IMG_taxon_2681812868_annotated_assembly	0.5	0.997
3005010inst1_path_173_trimmed	GCF_025722975.1_ASM2572297v1	0.5	0.997
3005010inst1_path_173_trimmed	GCF_039541035.1_ASM3954103v1	0.5	0.998
3005010inst1_path_173_trimmed	GCF_025854335.1_ASM2585433v1	0.5	0.999
3005010inst1_path_173_trimmed	GCF_042683045.1_ASM4268304v1	0.5	0.999
3005010inst1_path_173_trimmed	GCF_039530285.1_ASM3953028v1	0.5	0.997
3005010inst1_path_173_trimmed	GCF_011388195.1_ASM1138819v1	0.5	0.998
3005010inst1_path_173_trimmed	GCF_004004565.1_ASM400456v1	0.5	1.0
3005010inst1_path_173_trimmed	GCF_003993795.1_ASM399379v1	0.5	0.999
3005010inst1_path_173_trimmed	GCF_019047465.1_ASM1904746v1	0.6	1.0
3005010inst1_path_173_trimmed	GCF_011813015.1_ASM1181301v1	0.5	0.999
3005010inst1_path_173_trimmed	GCF_024733015.1_ASM2473301v1	0.5	1.0
3005010inst1_path_173_trimmed	GCF_020880995.1_ASM2088099v1	0.5	0.999
3005010inst1_path_173_trimmed	GCF_041004125.1_W180	0.6	1.0
3005010inst1_path_173_trimmed	GCF_003217575.1_ASM321757v1	0.5	0.997
3005010inst1_path_173_trimmed	GCF_014642735.1_ASM1464273v1	0.5	0.998
3005010inst1_path_173_trimmed	GCF_030323265.1_ASM3032326v1	0.5	0.998
3005010inst1_path_173_trimmed	GCF_003234965.1_ASM323496v1	0.5	1.0
3005010inst1_path_173_trimmed	GCF_000336615.1_ASM33661v1	0.5	0.997
3005010inst1_path_173_trimmed	GCF_003063475.1_ASM306347v1	0.5	0.998
3005010inst1_path_173_trimmed	GCF_045797845.1_ASM4579784v1	0.5	1.0
3005010inst1_path_173_trimmed	GCF_011682075.1_ASM1168207v1	0.5	0.995
3005010inst1_path_173_trimmed	GCF_000009365.1_ASM936v1	0.5	0.999
3005010inst1_path_173_trimmed	GCF_021184025.1_ASM2118402v1	0.5	0.997
3005010inst1_path_173_trimmed	GCF_000010525.1_ASM1052v1	0.5	0.999
3005010inst1_path_173_trimmed	GCF_042055075.2_ASM4205507v2	0.5	0.999
3005010inst1_path_173_trimmed	GCF_009617595.1_ASM961759v1	0.5	1.0
3005010inst1_path_173_trimmed	GCF_937425535.1_Rhodovastum_atsumiense_G2_11	0.5	1.0
3005010inst1_path_173_trimmed	GCF_021404405.1_ASM2140440v1	0.5	0.999
3005010inst1_path_173_trimmed	GCF_001975705.1_ASM197570v1	0.5	0.999
3005010inst1_path_173_trimmed	GCF_030345095.1_ASM3034509v1	0.5	0.997
3005010inst1_path_173_trimmed	GCF_900108535.1_IMG_taxon_2675902960_annotated_assembly	0.5	0.999
3005010inst1_path_173_trimmed	GCF_003201595.1_ASM320159v1	0.5	1.0
3005010inst1_path_173_trimmed	GCF_000154705.2_ASM15470v2	0.6	0.994
3005010inst1_path_173_trimmed	GCF_003226565.1_ASM322656v1	0.5	0.999
3005010inst1_path_173_trimmed	GCF_000018145.1_ASM1814v1	0.5	0.999
3005010inst1_path_173_trimmed	GCF_011758645.1_ASM1175864v1	0.5	0.997
3005010inst1_path_173_trimmed	GCF_016806125.1_ASM1680612v1	0.5	0.998
3005010inst1_path_173_trimmed	GCF_000164635.1_ASM16463v1	0.5	0.999
3005010inst1_path_173_trimmed	GCF_036621135.1_ASM3662113v1	0.5	0.988
3005010inst1_path_173_trimmed	GCF_900188425.1_IMG_taxon_2619619037_annotated_assembly	0.5	0.999
3005010inst1_path_173_trimmed	GCF_002770725.1_ASM277072v1	0.5	1.0
3005010inst1_path_173_trimmed	GCF_050780155.1_QI0013	0.5	0.998
3005010inst1_path_173_trimmed	GCF_001296145.1_ASM129614v1	0.5	0.998
3005010inst1_path_173_trimmed	GCF_026127385.1_ASM2612738v1	0.5	0.998
3005010inst1_path_173_trimmed	GCF_008369105.1_ASM836910v1	0.5	0.998
3005010inst1_path_173_trimmed	GCF_000012665.1_ASM1266v1	0.5	0.997
3005010inst1_path_173_trimmed	GCF_002019595.1_ASM201959v1	0.5	0.999
3005010inst1_path_173_trimmed	GCF_900129825.1_IMG_taxon_2619618894_annotated_assembly	0.5	0.997
3005010inst1_path_173_trimmed	GCF_000211835.1_ASM21183v1	0.5	0.998
3005010inst1_path_173_trimmed	GCF_005844085.1_ASM584408v1	0.5	0.998
3005010inst1_path_173_trimmed	GCF_004337595.1_with_NZ_CP037425.1	0.5	1.0
3005010inst1_path_173_trimmed	GCF_022870505.1_ASM2287050v1	0.6	0.998
3005010inst1_path_173_trimmed	GCF_016745135.1_ASM1674513v1	0.5	1.0
3005010inst1_path_173_trimmed	GCF_000025305.1_ASM2530v1	0.5	0.998
3005010inst1_path_173_trimmed	GCF_003075075.1_ASM307507v1	0.5	0.999
3005010inst1_path_173_trimmed	GCF_000022145.1_ASM2214v1	0.5	0.949
3005010inst1_path_173_trimmed	GCF_029953595.1_ASM2995359v1	0.5	0.956
3005010inst1_path_173_trimmed	GCF_026723785.1_ASM2672378v1	0.5	0.997
3005010inst1_path_173_trimmed	GCF_036289245.1_ASM3628924v1	0.5	1.0
3005010inst1_path_173_trimmed	GCF_020179605.1_ASM2017960v1	0.5	0.993
3005010inst1_path_173_trimmed	GCF_002868735.1_ASM286873v1	0.5	1.0
3005010inst1_path_173_trimmed	GCF_900116825.1_IMG_taxon_2634166357_annotated_assembly	0.6	0.964
3005010inst1_path_173_trimmed	GCF_900104725.1_IMG_taxon_2634166338_annotated_assembly	0.5	0.998
3005010inst1_path_173_trimmed	GCF_965223445.1_pyGerJepo1.Oceaniradius_stylonematis_1.1	0.5	0.999
3005010inst1_path_173_trimmed	GCF_000671395.1_SOAPdenovo_v1.05	0.5	0.999
3005010inst1_path_173_trimmed	GCF_900235925.1_ABAKI	0.5	0.998
3005010inst1_path_173_trimmed	GCF_014641695.1_ASM1464169v1	0.5	0.999
3005010inst1_path_173_trimmed	GCF_009688945.1_ASM968894v1	0.5	0.968
3005010inst1_path_173_trimmed	GCF_030814815.1_ASM3081481v1	0.5	0.999
3005010inst1_path_173_trimmed	GCF_022321465.1_ASM2232146v1	0.5	0.999
3005010inst1_path_173_trimmed	GCF_001656035.1_ASM165603v1	0.5	1.0
3005010inst1_path_173_trimmed	GCF_900111015.1_IMG_taxon_2616644811_annotated_assembly	0.5	0.996
3005010inst1_path_173_trimmed	GCF_001458235.1_Thalassobius_sp._CECT5114_Seqman_Prokka	0.5	0.999
3005010inst1_path_173_trimmed	GCF_004209755.1_ASM420975v1	0.5	0.998
3005010inst1_path_173_trimmed	GCF_048595715.1_ASM4859571v1	0.5	0.998
3005010inst1_path_173_trimmed	GCF_014202705.1_ASM1420270v1	0.5	0.997
3005010inst1_path_173_trimmed	GCF_016743775.1_ASM1674377v1	0.5	0.999
3005010inst1_path_173_trimmed	GCF_000015045.1_ASM1504v1	0.5	0.998
3005010inst1_path_173_trimmed	GCF_015220045.1_ASM1522004v1	0.5	0.999
3005010inst1_path_173_trimmed	GCF_003217255.1_ASM321725v1	0.5	1.0
3005010inst1_path_173_trimmed	GCF_000178115.2_ASM17811v2	0.5	0.997
3005010inst1_path_173_trimmed	GCF_047631075.1_ASM4763107v1	0.5	0.999
3005010inst1_path_173_trimmed	GCF_017312725.1_ASM1731272v1	0.5	0.995
3005010inst1_path_173_trimmed	GCF_002968635.1_ASM296863v1	0.5	0.988
3005010inst1_path_173_trimmed	GCF_037861105.1_ASM3786110v1	0.5	0.999
3005010inst1_path_173_trimmed	GCF_000697965.2_ASM69796v2	0.5	0.999
3005010inst1_path_173_trimmed	GCF_017316185.1_ASM1731618v1	0.5	0.998
3005010inst1_path_173_trimmed	GCF_000750005.2_ASM75000v2	0.5	0.998
3005010inst1_path_173_trimmed	GCF_041002795.1_CXW225	0.6	1.0
3005010inst1_path_173_trimmed	GCF_900104685.1_IMG_taxon_2634166342_annotated_assembly	0.5	0.995
3005010inst1_path_173_trimmed	GCF_000023245.1_ASM2324v1	0.5	1.0
3005010inst1_path_173_trimmed	GCF_014850955.1_ASM1485095v1	0.5	0.992
3005010inst1_path_173_trimmed	GCF_020715685.1_ASM2071568v1	0.5	0.998
3005010inst1_path_173_trimmed	GCF_900104895.1_IMG_taxon_2634166341_annotated_assembly	0.5	0.997
3005010inst1_path_173_trimmed	GCF_019104745.1_ASM1910474v1	0.5	0.999
3005010inst1_path_173_trimmed	GCF_036885605.1_ASM3688560v1	0.5	0.999
3005010inst1_path_173_trimmed	GCF_007556595.1_ASM755659v1	0.5	1.0
3005010inst1_path_173_trimmed	GCF_011808225.1_ASM1180822v1	0.5	1.0
3005010inst1_path_173_trimmed	GCF_000241955.1_ASM24195v1	0.5	1.0
3005010inst1_path_173_trimmed	GCF_039630945.1_ASM3963094v1	0.5	0.998
3005010inst1_path_173_trimmed	GCF_002119765.1_ASM211976v1	0.6	0.994
3005010inst1_path_173_trimmed	GCF_013376455.1_ASM1337645v1	0.5	0.996
3005010inst1_path_173_trimmed	GCF_004758605.1_ASM475860v1	0.6	0.999
3005010inst1_path_173_trimmed	GCF_001885585.1_ASM188558v1	0.5	0.999
3005010inst1_path_173_trimmed	GCF_002900975.1_ASM290097v1	0.5	0.999
3005010inst1_path_173_trimmed	GCF_026013905.1_ASM2601390v1	0.5	0.998
3005010inst1_path_173_trimmed	GCF_900188045.1_IMG_taxon_2681813552_annotated_assembly	0.5	0.998
3005010inst1_path_173_trimmed	GCF_033842475.1_ASM3384247v1	0.5	0.998
3005010inst1_path_173_trimmed	GCF_020510525.1_ASM2051052v1	0.5	0.992
3005010inst1_path_173_trimmed	GCF_001887355.1_ASM188735v1	0.5	0.997
3005010inst1_path_173_trimmed	GCF_014206975.1_ASM1420697v1	0.5	0.998
3005010inst1_path_173_trimmed	GCF_003626895.1_ASM362689v1	0.5	0.999
3005010inst1_path_173_trimmed	GCF_023195735.1_ASM2319573v1	0.5	0.953
3005010inst1_path_173_trimmed	GCF_000527135.1_ASM52713v1	0.5	0.998
3005010inst1_path_173_trimmed	GCF_902703545.1_STARVERO_assembly	0.5	0.998
3005010inst1_path_173_trimmed	GCF_018436245.1_ASM1843624v1	0.5	0.998
3005010inst1_path_173_trimmed	GCF_003627075.1_ASM362707v1	0.5	0.998
3005010inst1_path_173_trimmed	GCF_002564005.1_ASM256400v1	0.5	0.996
3005010inst1_path_173_trimmed	GCF_900078705.1_H050680373	0.5	0.998
3005010inst1_path_173_trimmed	GCF_028331445.1_ASM2833144v1	0.5	0.998
3005010inst1_path_173_trimmed	GCF_017315725.1_ASM1731572v1	0.5	0.998
3005010inst1_path_173_trimmed	GCF_003851125.1_ASM385112v1	0.5	1.0
3005010inst1_path_173_trimmed	GCF_019343455.1_ASM1934345v1	0.5	0.998
3005010inst1_path_173_trimmed	GCF_008119665.1_ASM811966v1	0.5	0.998
3005010inst1_path_173_trimmed	GCF_009908265.2_ASM990826v2	0.5	0.999
3005010inst1_path_173_trimmed	GCF_025421555.1_ASM2542155v1	0.5	0.998
3005010inst1_path_173_trimmed	GCF_004362855.1_ASM436285v1	0.5	0.999
3005010inst1_path_173_trimmed	GCF_030160835.1_ASM3016083v1	0.5	0.999
3005010inst1_path_173_trimmed	GCF_012927085.1_ASM1292708v1	0.6	0.998
3005010inst1_path_173_trimmed	GCF_013410755.1_ASM1341075v1	0.5	0.998
3005010inst1_path_173_trimmed	GCF_042232855.1_ASM4223285v1	0.5	0.997
3005010inst1_path_173_trimmed	GCF_018069845.1_ASM1806984v1	0.5	0.998
3005010inst1_path_173_trimmed	GCF_004006375.1_ASM400637v1	0.5	1.0
3005010inst1_path_173_trimmed	GCF_020447305.1_ASM2044730v2	0.5	0.998
3005010inst1_path_173_trimmed	GCF_001651805.1_ASM165180v1	0.5	0.999
3005010inst1_path_173_trimmed	GCF_000013405.1_ASM1340v1	0.5	0.996
3005010inst1_path_173_trimmed	GCF_003206615.1_ASM320661v1	0.5	0.999
3005010inst1_path_173_trimmed	GCF_001597285.1_ASM159728v1	0.5	0.999
3005010inst1_path_173_trimmed	GCF_014203795.1_ASM1420379v1	0.5	0.997
3005010inst1_path_173_trimmed	GCF_000974445.1_ASM97444v1	0.5	0.998
3005010inst1_path_173_trimmed	GCF_002142475.1_ASM214247v1	0.5	1.0
3005010inst1_path_173_trimmed	GCF_002813775.1_ASM281377v1	0.5	0.917
3005010inst1_path_173_trimmed	GCF_003058325.1_ASM305832v1	0.5	0.997
3005010inst1_path_173_trimmed	GCF_011090165.1_ASM1109016v1	0.5	1.0
3005010inst1_path_173_trimmed	GCF_004011865.1_ASM401186v1	0.5	0.997
3005010inst1_path_173_trimmed	GCF_047302305.1_ASM4730230v1	0.5	0.999
3005010inst1_path_173_trimmed	GCF_036287335.1_ASM3628733v1	0.5	0.996
3005010inst1_path_173_trimmed	GCF_003970735.1_ASM397073v1	0.5	0.999
3005010inst1_path_173_trimmed	GCF_002924445.1_ASM292444v1	0.5	0.992
3005010inst1_path_173_trimmed	GCF_011022235.1_ASM1102223v1	0.5	0.998
3005010inst1_path_173_trimmed	GCF_000019785.1_ASM1978v1	0.6	0.998
3005010inst1_path_173_trimmed	GCF_001753165.1_ASM175316v1	0.5	0.998
3005010inst1_path_173_trimmed	GCF_014636935.1_ASM1463693v1	0.5	0.999
3005010inst1_path_173_trimmed	GCF_900186025.1_BXF1	0.5	0.999
3005010inst1_path_173_trimmed	GCF_002210095.1_ASM221009v1	0.5	0.998
3005010inst1_path_173_trimmed	GCF_000023065.1_ASM2306v1	0.5	1.0
3005010inst1_path_173_trimmed	GCF_002096055.1_ASM209605v1	0.5	0.996
3005010inst1_path_173_trimmed	GCF_021391315.1_ASM2139131v1	0.5	0.997
3005010inst1_path_173_trimmed	GCF_000014025.1_ASM1402v1	0.5	1.0
3005010inst1_path_173_trimmed	GCF_022899935.1_ASM2289993v1	0.5	0.998
3005010inst1_path_173_trimmed	GCF_022059845.1_ASM2205984v1	0.5	0.998
3005010inst1_path_173_trimmed	GCF_014201905.1_ASM1420190v1	0.5	0.999
3005010inst1_path_173_trimmed	GCF_042643355.1_ASM4264335v1	0.5	0.999
3005010inst1_path_173_trimmed	GCF_028368935.1_ASM2836893v1	0.5	0.998
3005010inst1_path_173_trimmed	GCF_038443675.1_ASM3844367v1	0.5	0.999
3005010inst1_path_173_trimmed	GCF_003053845.1_ASM305384v1	0.5	0.999
3005010inst1_path_173_trimmed	GCF_003323745.1_ASM332374v1	0.5	0.999
3005010inst1_path_173_trimmed	GCF_020889785.1_ASM2088978v1	0.5	0.985
3005010inst1_path_173_trimmed	GCF_037911135.1_ASM3791113v1	0.5	0.998
3005010inst1_path_173_trimmed	GCF_016801025.1_ASM1680102v1	0.5	0.998
3005010inst1_path_173_trimmed	GCF_027158565.1_ASM2715856v1	0.5	0.998
3005010inst1_path_173_trimmed	GCF_000308295.2_Ab_34632	0.5	0.996
3005010inst1_path_173_trimmed	GCF_018343665.1_ASM1834366v1	0.5	0.998
3005010inst1_path_173_trimmed	GCF_003269065.1_ASM326906v1	0.5	0.993
3005010inst1_path_173_trimmed	GCF_002288875.1_ASM228887v1	0.5	0.997
3005010inst1_path_173_trimmed	GCF_029594735.1_ASM2959473v1	0.5	0.998
3005010inst1_path_173_trimmed	GCF_049887195.1_ASM4988719v1	0.5	1.0
3005010inst1_path_173_trimmed	GCF_964332355.1_LMG_32992	0.5	0.997
3005010inst1_path_173_trimmed	GCF_005938225.1_ASM593822v1	0.5	0.999
3005010inst1_path_173_trimmed	GCF_933509905.1_Trichlorobacter_G1	0.5	0.997
3005010inst1_path_173_trimmed	GCF_000521785.1_SOAPdenovo_v1.05	0.5	0.998
3005010inst1_path_173_trimmed	GCF_002057455.1_ASM205745v1	0.5	0.996
3005010inst1_path_173_trimmed	GCF_018279165.1_ASM1827916v1	0.5	0.999
3005010inst1_path_173_trimmed	GCF_048146105.1_ASM4814610v1	0.5	0.991
3005010inst1_path_173_trimmed	GCF_030814935.1_ASM3081493v1	0.5	0.998
3005010inst1_path_173_trimmed	GCF_017161445.1_ASM1716144v1	0.5	0.997
3005010inst1_path_173_trimmed	GCF_001570365.1_ASM157036v1	0.5	0.997
3005010inst1_path_173_trimmed	GCF_001050195.2_ASM105019v2	0.5	0.999
3005010inst1_path_173_trimmed	GCF_013201075.1_ASM1320107v1	0.5	0.999
3005010inst1_path_173_trimmed	GCF_002213425.1_ASM221342v1	0.5	0.998
3005010inst1_path_173_trimmed	GCF_000021765.1_ASM2176v1	0.5	0.998
3005040inst1_gene_seq	GCA_028608505.1_ASM2860850v1	1.0	1.0
3005040inst1_gene_seq	GCF_033842905.1_ASM3384290v1	0.607	0.981
3005040inst1_gene_seq	GCF_900108535.1_IMG_taxon_2675902960_annotated_assembly	0.5	1.0
3005040inst1_gene_seq	GCF_016745135.1_ASM1674513v1	1.0	1.0
3005040inst1_gene_seq	GCF_042232855.1_ASM4223285v1	0.571	0.959
3005040inst1_gene_seq	GCF_001597285.1_ASM159728v1	0.571	0.957
3005040inst1_gene_seq	GCF_900110885.1_IMG_taxon_2597490340_annotated_assembly	0.518	0.999
3005043inst1_gene_seq	GCA_028608505.1_ASM2860850v1	0.833	0.912
3005043inst1_gene_seq	GCF_002082135.1_ASM208213v1	0.5	0.999
3005043inst1_gene_seq	GCF_000423225.1_ASM42322v1	0.833	0.817
3005043inst1_gene_seq	GCF_016745135.1_ASM1674513v1	0.833	0.912
3005043inst1_gene_seq	GCF_048595715.1_ASM4859571v1	0.5	0.995
3005043inst1_gene_seq	GCA_050154015.1_ASM5015401v1	0.5	1.0
3005043inst1_gene_seq	GCF_001570365.1_ASM157036v1	0.5	0.991
3005044inst1_gene_seq	GCF_009363135.1_ASM936313v1	1.0	1.0
3005044inst1_gene_seq	kleb_with_INT	1.0	1.0
3005044inst1_gene_seq	GCF_000164865.1_ASM16486v1	1.0	0.997
3005044inst1_gene_seq	GCF_000803315.1_ASM80331v1	1.0	0.997
3005044inst1_gene_seq	GCF_028622335.1_ASM2862233v1	1.0	0.997
3005044inst1_gene_seq	GCF_020097395.1_ASM2009739v1	1.0	0.997
3005044inst1_gene_seq	GCF_022647505.1_ASM2264750v1	1.0	0.996
3005044inst1_gene_seq	GCF_030517175.1_ASM3051717v1	1.0	0.997
3005044inst1_gene_seq	GCF_900446255.1_50592_F01	1.0	0.997
3005044inst1_gene_seq	GCF_000314895.2_ASM31489v2	0.9	0.999
3005044inst1_gene_seq	GCF_009728735.1_ASM972873v1	1.0	0.997
3005044inst1_gene_seq	GCF_002290485.1_ASM229048v1	1.0	0.997
3005044inst1_gene_seq	GCF_902164725.1_25426_7_251	1.0	0.996
3005044inst1_gene_seq	GCF_003666245.1_ASM366624v1	1.0	1.0
3005044inst1_gene_seq	GCF_001277255.1_ASM127725v1	1.0	1.0
3005044inst1_gene_seq	GCF_018777395.1_ASM1877739v1	0.9	0.995
3005044inst1_gene_seq	GCF_019047465.1_ASM1904746v1	1.0	0.997
3005044inst1_gene_seq	GCF_041004125.1_W180	1.0	0.997
3005044inst1_gene_seq	GCF_016027855.1_ASM1602785v1	1.0	0.997
3005044inst1_gene_seq	GCF_011617105.1_ASM1161710v1	1.0	0.998
3005044inst1_gene_seq	GCF_019933175.1_ASM1993317v1	1.0	0.998
3005044inst1_gene_seq	GCF_019464615.1_ASM1946461v1	0.9	0.995
3005044inst1_gene_seq	GCF_036289245.1_ASM3628924v1	1.0	0.997
3005044inst1_gene_seq	e_coli_with_INT	1.0	0.997
3005044inst1_gene_seq	GCF_001656035.1_ASM165603v1	1.0	0.996
3005044inst1_gene_seq	GCF_041002795.1_CXW225	1.0	1.0
3005044inst1_gene_seq	GCF_000321045.1_ASM32104v2	1.0	0.997
3005044inst1_gene_seq	GCF_011808225.1_ASM1180822v1	1.0	0.997
3005044inst1_gene_seq	GCF_000241955.1_ASM24195v1	1.0	0.997
3005044inst1_gene_seq	GCF_023195735.1_ASM2319573v1	1.0	1.0
3005044inst1_gene_seq	GCF_006094455.1_ASM609445v1	0.9	1.0
3005044inst1_gene_seq	GCF_900186025.1_BXF1	1.0	0.996
3005044inst1_gene_seq	GCF_015290725.1_with_NZ_CP037425.1	1.0	0.997
3005044inst1_gene_seq	GCF_002607735.1_ASM260773v1	0.9	0.999
3005047inst1_path_44_trimmed	GCF_009363135.1_ASM936313v1	0.65	0.992
3005047inst1_path_44_trimmed	kleb_with_INT	1.0	0.998
3005047inst1_path_44_trimmed	GCF_000164865.1_ASM16486v1	0.7	0.999
3005047inst1_path_44_trimmed	GCF_028622335.1_ASM2862233v1	0.6	0.915
3005047inst1_path_44_trimmed	GCF_020097395.1_ASM2009739v1	0.75	0.999
3005047inst1_path_44_trimmed	GCF_030517175.1_ASM3051717v1	0.5	0.912
3005047inst1_path_44_trimmed	GCF_002290485.1_ASM229048v1	0.6	0.979
3005047inst1_path_44_trimmed	GCF_902164725.1_25426_7_251	0.75	0.992
3005047inst1_path_44_trimmed	GCF_001277255.1_ASM127725v1	0.65	0.999
3005047inst1_path_44_trimmed	GCF_019047465.1_ASM1904746v1	0.75	0.997
3005047inst1_path_44_trimmed	GCF_041004125.1_W180	0.7	1.0
3005047inst1_path_44_trimmed	GCF_016027855.1_ASM1602785v1	0.65	0.969
3005047inst1_path_44_trimmed	GCF_036289245.1_ASM3628924v1	0.75	0.997
3005047inst1_path_44_trimmed	e_coli_with_INT	0.65	0.976
3005047inst1_path_44_trimmed	GCF_041002795.1_CXW225	0.8	0.997
3005047inst1_path_44_trimmed	GCF_000321045.1_ASM32104v2	0.75	0.995
3005047inst1_path_44_trimmed	GCF_011808225.1_ASM1180822v1	0.6	0.986
3005047inst1_path_44_trimmed	GCF_023195735.1_ASM2319573v1	0.65	0.978
3005047inst1_path_44_trimmed	GCF_015290725.1_with_NZ_CP037425.1	0.6	0.979
3005053inst1_gene_seq	GCF_009363135.1_ASM936313v1	0.882	1.0
3005053inst1_gene_seq	kleb_with_INT	1.0	1.0
3005053inst1_gene_seq	GCF_000164865.1_ASM16486v1	0.529	0.936
3005053inst1_gene_seq	GCF_041002795.1_CXW225	0.941	1.0
3005053inst1_gene_seq	GCF_023195735.1_ASM2319573v1	0.588	0.926
3005059inst1_path_10	GCF_009363135.1_ASM936313v1	0.692	0.98
3005059inst1_path_10	kleb_with_INT	1.0	1.0
3005059inst1_path_10	GCF_000164865.1_ASM16486v1	0.692	0.981
3005059inst1_path_10	GCF_000803315.1_ASM80331v1	0.615	0.975
3005059inst1_path_10	GCF_028622335.1_ASM2862233v1	0.692	0.981
3005059inst1_path_10	GCF_020097395.1_ASM2009739v1	0.692	0.98
3005059inst1_path_10	GCF_022647505.1_ASM2264750v1	0.615	1.0
3005059inst1_path_10	GCF_030517175.1_ASM3051717v1	0.692	0.971
3005059inst1_path_10	GCF_900446255.1_50592_F01	0.692	0.979
3005059inst1_path_10	GCF_000314895.2_ASM31489v2	0.615	0.973
3005059inst1_path_10	GCF_009728735.1_ASM972873v1	0.615	0.974
3005059inst1_path_10	GCF_002290485.1_ASM229048v1	0.692	0.981
3005059inst1_path_10	GCF_003666245.1_ASM366624v1	0.615	0.973
3005059inst1_path_10	GCF_001277255.1_ASM127725v1	0.692	0.98
3005059inst1_path_10	GCF_018777395.1_ASM1877739v1	0.538	1.0
3005059inst1_path_10	GCF_019047465.1_ASM1904746v1	0.692	0.98
3005059inst1_path_10	GCF_041004125.1_W180	0.692	0.98
3005059inst1_path_10	GCF_016027855.1_ASM1602785v1	0.692	0.958
3005059inst1_path_10	GCF_039523055.1_ASM3952305v1	0.538	0.996
3005059inst1_path_10	GCF_011617105.1_ASM1161710v1	0.615	0.996
3005059inst1_path_10	GCF_019933175.1_ASM1993317v1	0.615	0.974
3005059inst1_path_10	GCF_019464615.1_ASM1946461v1	0.615	0.975
3005059inst1_path_10	GCF_004365405.1_ASM436540v1	0.538	0.99
3005059inst1_path_10	GCF_036289245.1_ASM3628924v1	0.692	0.981
3005059inst1_path_10	e_coli_with_INT	0.692	0.993
3005059inst1_path_10	GCF_001656035.1_ASM165603v1	0.615	0.974
3005059inst1_path_10	GCF_041002795.1_CXW225	1.0	1.0
3005059inst1_path_10	GCF_000321045.1_ASM32104v2	0.692	0.977
3005059inst1_path_10	GCF_000241955.1_ASM24195v1	0.615	0.984
3005059inst1_path_10	GCF_023195735.1_ASM2319573v1	0.692	0.98
3005059inst1_path_10	GCF_024380015.1_ASM2438001v1	0.538	0.982
3005059inst1_path_10	GCF_006094455.1_ASM609445v1	0.615	0.976
3005059inst1_path_10	GCF_039539325.1_ASM3953932v1	0.538	0.979
3005059inst1_path_10	GCF_900239935.1_PCAR91_V1	0.538	0.98
3005059inst1_path_10	GCF_900186025.1_BXF1	0.615	0.979
3005059inst1_path_10	GCF_000023065.1_ASM2306v1	0.538	0.958
3005059inst1_path_10	GCF_015290725.1_with_NZ_CP037425.1	0.692	0.981
3005059inst1_path_10	GCF_002607735.1_ASM260773v1	0.615	0.977
3005063inst1_gene_seq	GCA_028608505.1_ASM2860850v1	0.98	1.0
3005063inst1_gene_seq	GCF_016745135.1_ASM1674513v1	0.98	1.0
3005064inst1_gene_seq	GCA_028608505.1_ASM2860850v1	0.98	1.0
3005064inst1_gene_seq	GCF_016745135.1_ASM1674513v1	0.98	1.0
3005067inst1_gene_seq	GCA_028608505.1_ASM2860850v1	0.889	1.0
3005067inst1_gene_seq	GCF_016745135.1_ASM1674513v1	0.889	1.0
3005068inst1_path_20	GCA_028608505.1_ASM2860850v1	0.903	1.0
3005068inst1_path_20	GCF_016745135.1_ASM1674513v1	0.903	1.0
3005069inst1_path_12	GCA_028608505.1_ASM2860850v1	0.961	1.0
3005069inst1_path_12	GCF_016745135.1_ASM1674513v1	0.951	1.0
3005090inst1_gene_seq	GCF_020084865.1_ASM2008486v1	0.647	1.0
3005090inst1_gene_seq	GCF_051175565.1_ASM5117556v1	0.824	0.992
3005090inst1_gene_seq	GCF_907163105.1_CB_03_assembly	1.0	1.0
3005090inst1_gene_seq	GCF_003610695.1_ASM361069v1	0.529	0.993
3005090inst1_gene_seq	GCF_003971235.1_ASM397123v1	0.647	0.997
3005090inst1_gene_seq	GCF_002023665.2_ASM202366v2	0.647	0.955
3005090inst1_gene_seq	GCF_036016955.1_ASM3601695v1	0.647	1.0
3005091inst1_gene_seq	GCF_020084865.1_ASM2008486v1	0.647	1.0
3005091inst1_gene_seq	GCF_051175565.1_ASM5117556v1	0.824	0.992
3005091inst1_gene_seq	GCF_907163105.1_CB_03_assembly	1.0	1.0
3005091inst1_gene_seq	GCF_003610695.1_ASM361069v1	0.529	0.993
3005091inst1_gene_seq	GCF_003971235.1_ASM397123v1	0.647	0.997
3005091inst1_gene_seq	GCF_002023665.2_ASM202366v2	0.647	0.955
3005091inst1_gene_seq	GCF_036016955.1_ASM3601695v1	0.647	1.0
3005098inst1_path_8	GCF_019551435.1_ASM1955143v1	0.556	1.0
3005323inst1_path_1	GCF_014109725.1_ASM1410972v1	0.742	0.996
3005863inst1_path_74_trimmed	GCF_004337595.1_with_NZ_CP037425.1	0.733	1.0
3006225inst1_path_1	GCF_024623065.1_ASM2462306v1	0.944	1.0
3006719inst1_path_23_trimmed	GCA_028608505.1_ASM2860850v1	0.991	1.0
3006719inst1_path_23_trimmed	GCF_016745135.1_ASM1674513v1	0.983	1.0
3006899inst1_gene_seq	GCF_002082135.1_ASM208213v1	1.0	0.992
3006987inst1_gene_seq	GCF_001598335.1_ASM159833v1	0.915	1.0
3007208inst1_gene_seq	GCF_001434355.1_ASM143435v1	0.935	1.0
3007438inst1_path_1	GCF_009363135.1_ASM936313v1	0.722	0.986
3007438inst1_path_1	kleb_with_INT	0.833	0.997
3007438inst1_path_1	GCF_000164865.1_ASM16486v1	0.722	0.994
3007438inst1_path_1	GCF_000803315.1_ASM80331v1	0.667	0.996
3007438inst1_path_1	GCF_028622335.1_ASM2862233v1	1.0	1.0
3007438inst1_path_1	GCF_020097395.1_ASM2009739v1	0.889	0.998
3007438inst1_path_1	GCF_022647505.1_ASM2264750v1	0.667	0.989
3007438inst1_path_1	GCF_030517175.1_ASM3051717v1	0.778	0.998
3007438inst1_path_1	GCF_900446255.1_50592_F01	0.833	0.992
3007438inst1_path_1	GCF_002290485.1_ASM229048v1	0.889	1.0
3007438inst1_path_1	GCF_902164725.1_25426_7_251	0.722	0.998
3007438inst1_path_1	GCF_003666245.1_ASM366624v1	0.611	0.99
3007438inst1_path_1	GCF_001277255.1_ASM127725v1	0.778	0.995
3007438inst1_path_1	GCF_019047465.1_ASM1904746v1	0.833	0.994
3007438inst1_path_1	GCF_041004125.1_W180	0.889	0.994
3007438inst1_path_1	GCF_011617105.1_ASM1161710v1	0.778	0.997
3007438inst1_path_1	GCF_019933175.1_ASM1993317v1	0.611	0.991
3007438inst1_path_1	GCF_019464615.1_ASM1946461v1	0.611	0.996
3007438inst1_path_1	GCF_036289245.1_ASM3628924v1	0.889	0.995
3007438inst1_path_1	e_coli_with_INT	1.0	1.0
3007438inst1_path_1	GCF_041002795.1_CXW225	0.778	0.997
3007438inst1_path_1	GCF_011808225.1_ASM1180822v1	0.778	0.995
3007438inst1_path_1	GCF_000241955.1_ASM24195v1	0.722	0.995
3007438inst1_path_1	GCF_023195735.1_ASM2319573v1	0.722	0.992
3007438inst1_path_1	GCF_024380015.1_ASM2438001v1	0.5	0.982
3007438inst1_path_1	GCF_900186025.1_BXF1	0.778	0.997
3007438inst1_path_1	GCF_015290725.1_with_NZ_CP037425.1	0.889	1.0
3007438inst1_path_433	GCF_009363135.1_ASM936313v1	0.688	0.99
3007438inst1_path_433	kleb_with_INT	0.812	0.989
3007438inst1_path_433	GCF_000164865.1_ASM16486v1	0.688	0.997
3007438inst1_path_433	GCF_000803315.1_ASM80331v1	0.625	0.994
3007438inst1_path_433	GCF_028622335.1_ASM2862233v1	1.0	0.997
3007438inst1_path_433	GCF_020097395.1_ASM2009739v1	0.875	0.991
3007438inst1_path_433	GCF_022647505.1_ASM2264750v1	0.625	0.972
3007438inst1_path_433	GCF_030517175.1_ASM3051717v1	0.75	0.991
3007438inst1_path_433	GCF_900446255.1_50592_F01	0.812	0.995
3007438inst1_path_433	GCF_000314895.2_ASM31489v2	0.5	0.989
3007438inst1_path_433	GCF_002290485.1_ASM229048v1	0.875	0.998
3007438inst1_path_433	GCF_902164725.1_25426_7_251	0.688	0.992
3007438inst1_path_433	GCF_003666245.1_ASM366624v1	0.562	0.973
3007438inst1_path_433	GCF_001277255.1_ASM127725v1	0.75	0.994
3007438inst1_path_433	GCF_019047465.1_ASM1904746v1	0.812	0.996
3007438inst1_path_433	GCF_041004125.1_W180	0.875	0.996
3007438inst1_path_433	GCF_011617105.1_ASM1161710v1	0.75	0.993
3007438inst1_path_433	GCF_019933175.1_ASM1993317v1	0.562	0.978
3007438inst1_path_433	GCF_019464615.1_ASM1946461v1	0.562	0.992
3007438inst1_path_433	GCF_036289245.1_ASM3628924v1	0.875	0.997
3007438inst1_path_433	e_coli_with_INT	1.0	0.996
3007438inst1_path_433	GCF_041002795.1_CXW225	0.75	0.994
3007438inst1_path_433	GCF_011808225.1_ASM1180822v1	0.75	0.994
3007438inst1_path_433	GCF_000241955.1_ASM24195v1	0.688	0.99
3007438inst1_path_433	GCF_023195735.1_ASM2319573v1	0.688	0.976
3007438inst1_path_433	GCF_900186025.1_BXF1	0.75	0.994
3007438inst1_path_433	GCF_015290725.1_with_NZ_CP037425.1	0.875	0.998
3007438inst1_path_577	GCF_009363135.1_ASM936313v1	0.786	0.994
3007438inst1_path_577	kleb_with_INT	0.929	0.985
3007438inst1_path_577	GCF_000164865.1_ASM16486v1	0.786	0.999
3007438inst1_path_577	GCF_000803315.1_ASM80331v1	0.714	0.993
3007438inst1_path_577	GCF_028622335.1_ASM2862233v1	1.0	0.993
3007438inst1_path_577	GCF_020097395.1_ASM2009739v1	0.929	0.985
3007438inst1_path_577	GCF_022647505.1_ASM2264750v1	0.714	0.967
3007438inst1_path_577	GCF_030517175.1_ASM3051717v1	0.786	0.985
3007438inst1_path_577	GCF_900446255.1_50592_F01	0.929	0.997
3007438inst1_path_577	GCF_000314895.2_ASM31489v2	0.571	0.989
3007438inst1_path_577	GCF_002290485.1_ASM229048v1	1.0	0.995
3007438inst1_path_577	GCF_902164725.1_25426_7_251	0.786	0.987
3007438inst1_path_577	GCF_003666245.1_ASM366624v1	0.643	0.969
3007438inst1_path_577	GCF_001277255.1_ASM127725v1	0.857	0.994
3007438inst1_path_577	GCF_019047465.1_ASM1904746v1	0.929	0.998
3007438inst1_path_577	GCF_041004125.1_W180	1.0	0.996
3007438inst1_path_577	GCF_011617105.1_ASM1161710v1	0.857	0.991
3007438inst1_path_577	GCF_019933175.1_ASM1993317v1	0.643	0.974
3007438inst1_path_577	GCF_019464615.1_ASM1946461v1	0.643	0.99
3007438inst1_path_577	GCF_036289245.1_ASM3628924v1	1.0	0.996
3007438inst1_path_577	e_coli_with_INT	1.0	0.992
3007438inst1_path_577	GCF_001656035.1_ASM165603v1	0.5	0.978
3007438inst1_path_577	GCF_041002795.1_CXW225	0.857	0.993
3007438inst1_path_577	GCF_011808225.1_ASM1180822v1	0.857	0.995
3007438inst1_path_577	GCF_000241955.1_ASM24195v1	0.786	0.988
3007438inst1_path_577	GCF_023195735.1_ASM2319573v1	0.786	0.97
3007438inst1_path_577	GCF_024380015.1_ASM2438001v1	0.5	0.929
3007438inst1_path_577	GCA_050154015.1_ASM5015401v1	0.5	0.938
3007438inst1_path_577	GCF_900186025.1_BXF1	0.857	0.992
3007438inst1_path_577	GCF_015290725.1_with_NZ_CP037425.1	1.0	0.995
3007682inst1_gene_seq	GCF_009363135.1_ASM936313v1	0.897	0.999
3007682inst1_gene_seq	kleb_with_INT	0.966	1.0
3007682inst1_gene_seq	GCF_000164865.1_ASM16486v1	0.828	0.985
3007682inst1_gene_seq	GCF_028622335.1_ASM2862233v1	0.517	0.972
3007682inst1_gene_seq	GCF_020097395.1_ASM2009739v1	0.931	0.999
3007682inst1_gene_seq	GCF_030517175.1_ASM3051717v1	0.552	0.976
3007682inst1_gene_seq	GCF_900446255.1_50592_F01	0.517	0.991
3007682inst1_gene_seq	GCF_002290485.1_ASM229048v1	0.517	0.98
3007682inst1_gene_seq	GCF_902164725.1_25426_7_251	0.793	0.985
3007682inst1_gene_seq	GCF_001277255.1_ASM127725v1	0.724	0.973
3007682inst1_gene_seq	GCF_019047465.1_ASM1904746v1	0.931	0.998
3007682inst1_gene_seq	GCF_041004125.1_W180	0.828	0.986
3007682inst1_gene_seq	GCF_016027855.1_ASM1602785v1	0.759	0.953
3007682inst1_gene_seq	GCF_036289245.1_ASM3628924v1	0.552	0.979
3007682inst1_gene_seq	e_coli_with_INT	0.759	0.986
3007682inst1_gene_seq	GCF_041002795.1_CXW225	0.966	0.996
3007682inst1_gene_seq	GCF_000321045.1_ASM32104v2	0.655	0.988
3007682inst1_gene_seq	GCF_023195735.1_ASM2319573v1	0.69	0.992
3007682inst1_gene_seq	GCF_015290725.1_with_NZ_CP037425.1	0.759	0.986
3007903inst1_path_1	GCF_009363135.1_ASM936313v1	0.818	0.998
3007903inst1_path_1	kleb_with_INT	0.909	0.986
3007903inst1_path_1	GCF_000164865.1_ASM16486v1	0.818	0.998
3007903inst1_path_1	GCF_000803315.1_ASM80331v1	0.727	0.989
3007903inst1_path_1	GCF_028622335.1_ASM2862233v1	1.0	1.0
3007903inst1_path_1	GCF_020097395.1_ASM2009739v1	0.909	0.982
3007903inst1_path_1	GCF_022647505.1_ASM2264750v1	0.727	0.935
3007903inst1_path_1	GCF_030517175.1_ASM3051717v1	0.727	0.981
3007903inst1_path_1	GCF_900446255.1_50592_F01	1.0	0.998
3007903inst1_path_1	GCF_000314895.2_ASM31489v2	0.636	0.992
3007903inst1_path_1	GCF_002290485.1_ASM229048v1	1.0	0.999
3007903inst1_path_1	GCF_902164725.1_25426_7_251	0.727	0.982
3007903inst1_path_1	GCF_003666245.1_ASM366624v1	0.636	0.949
3007903inst1_path_1	GCF_001277255.1_ASM127725v1	0.909	0.983
3007903inst1_path_1	GCF_019047465.1_ASM1904746v1	1.0	0.997
3007903inst1_path_1	GCF_041004125.1_W180	1.0	0.997
3007903inst1_path_1	GCF_016027855.1_ASM1602785v1	0.545	0.989
3007903inst1_path_1	GCF_011617105.1_ASM1161710v1	0.909	0.986
3007903inst1_path_1	GCF_019933175.1_ASM1993317v1	0.636	0.958
3007903inst1_path_1	GCF_019464615.1_ASM1946461v1	0.636	0.985
3007903inst1_path_1	GCF_036289245.1_ASM3628924v1	1.0	0.996
3007903inst1_path_1	e_coli_with_INT	1.0	0.999
3007903inst1_path_1	GCF_001656035.1_ASM165603v1	0.545	0.968
3007903inst1_path_1	GCF_041002795.1_CXW225	0.909	0.985
3007903inst1_path_1	GCF_011808225.1_ASM1180822v1	0.909	0.986
3007903inst1_path_1	GCF_000241955.1_ASM24195v1	0.818	0.979
3007903inst1_path_1	GCF_023195735.1_ASM2319573v1	0.727	0.966
3007903inst1_path_1	GCF_024380015.1_ASM2438001v1	0.545	0.923
3007903inst1_path_1	GCA_050154015.1_ASM5015401v1	0.545	0.927
3007903inst1_path_1	GCF_900186025.1_BXF1	0.909	0.985
3007903inst1_path_1	GCF_015290725.1_with_NZ_CP037425.1	1.0	0.999
3007903inst1_path_37	GCF_009363135.1_ASM936313v1	0.818	0.998
3007903inst1_path_37	kleb_with_INT	0.909	0.986
3007903inst1_path_37	GCF_000164865.1_ASM16486v1	0.818	0.998
3007903inst1_path_37	GCF_000803315.1_ASM80331v1	0.727	0.989
3007903inst1_path_37	GCF_028622335.1_ASM2862233v1	1.0	1.0
3007903inst1_path_37	GCF_020097395.1_ASM2009739v1	0.909	0.982
3007903inst1_path_37	GCF_022647505.1_ASM2264750v1	0.727	0.935
3007903inst1_path_37	GCF_030517175.1_ASM3051717v1	0.727	0.98
3007903inst1_path_37	GCF_900446255.1_50592_F01	1.0	0.998
3007903inst1_path_37	GCF_000314895.2_ASM31489v2	0.636	0.992
3007903inst1_path_37	GCF_002290485.1_ASM229048v1	1.0	0.999
3007903inst1_path_37	GCF_902164725.1_25426_7_251	0.727	0.982
3007903inst1_path_37	GCF_003666245.1_ASM366624v1	0.636	0.949
3007903inst1_path_37	GCF_001277255.1_ASM127725v1	0.909	0.983
3007903inst1_path_37	GCF_019047465.1_ASM1904746v1	1.0	0.997
3007903inst1_path_37	GCF_041004125.1_W180	1.0	0.997
3007903inst1_path_37	GCF_016027855.1_ASM1602785v1	0.545	0.989
3007903inst1_path_37	GCF_011617105.1_ASM1161710v1	0.909	0.986
3007903inst1_path_37	GCF_019933175.1_ASM1993317v1	0.636	0.958
3007903inst1_path_37	GCF_019464615.1_ASM1946461v1	0.636	0.985
3007903inst1_path_37	GCF_036289245.1_ASM3628924v1	1.0	0.996
3007903inst1_path_37	e_coli_with_INT	1.0	0.999
3007903inst1_path_37	GCF_001656035.1_ASM165603v1	0.545	0.968
3007903inst1_path_37	GCF_041002795.1_CXW225	0.909	0.985
3007903inst1_path_37	GCF_011808225.1_ASM1180822v1	0.909	0.986
3007903inst1_path_37	GCF_000241955.1_ASM24195v1	0.818	0.978
3007903inst1_path_37	GCF_023195735.1_ASM2319573v1	0.727	0.966
3007903inst1_path_37	GCF_024380015.1_ASM2438001v1	0.545	0.923
3007903inst1_path_37	GCA_050154015.1_ASM5015401v1	0.545	0.927
3007903inst1_path_37	GCF_900186025.1_BXF1	0.909	0.985
3007903inst1_path_37	GCF_015290725.1_with_NZ_CP037425.1	1.0	0.999
3008199inst1_gene_seq	GCF_000022305.1_ASM2230v1	0.8	1.0
3008226inst1_gene_seq	GCF_003971235.1_ASM397123v1	0.8	0.997
3008509inst1_gene_seq	GCF_020889785.1_ASM2088978v1	1.0	1.0
3008735inst1_gene_seq	GCF_016026615.1_ASM1602661v1	1.0	0.997
